CMD: make -C /home/jc/tmp/riscv-iommu-demo/dpr dpr-partial RM=accel_default WORK_DPR=/home/jc/tmp/riscv-iommu-demo/cva6/corev_apu/fpga/work-dpr/3_build_B_dpr
DATE: lun. 20 avril 2026 16:15:34 CEST
---
make : on entre dans le répertoire « /home/jc/tmp/riscv-iommu-demo/dpr »
==> Désactivation synthèse incrémentale dans ariane.xpr...
  -> ariane.xpr patché
==> Implémentation du module PARTIEL : accel_default
cp /home/jc/tmp/riscv-iommu-demo/dpr/rm/accel_default/accel_*.sv /home/jc/tmp/riscv-iommu-demo/cva6/corev_apu/fpga/src/accel_wrap.sv
vivado -mode batch -nojournal -nolog -source /home/jc/tmp/riscv-iommu-demo/dpr/scripts/run_partial.tcl \
	-tclargs /home/jc/tmp/riscv-iommu-demo/cva6/corev_apu/fpga/work-dpr/3_build_B_dpr /home/jc/tmp/riscv-iommu-demo/dpr/rm/accel_default accel_default /home/jc/tmp/riscv-iommu-demo/dpr

****** Vivado v2022.2 (64-bit)
  **** SW Build 3671981 on Fri Oct 14 04:59:54 MDT 2022
  **** IP Build 3669848 on Fri Oct 14 08:30:02 MDT 2022
    ** Copyright 1986-2022 Xilinx, Inc. All Rights Reserved.

source /home/jc/tmp/riscv-iommu-demo/dpr/scripts/run_partial.tcl
# set work_dpr [lindex $argv 0]
# set rm_dir   [lindex $argv 1]
# set rm_name  [lindex $argv 2]
# set dpr_dir   [lindex $argv 3]
# set project_root [file normalize [file join $dpr_dir ".."]]
# set cva6_fpga [file join $project_root "cva6" "corev_apu" "fpga"]
# set cva6_root [file join $project_root "cva6"]
# set rm_synth1 $work_dpr/${rm_name}_accel1_synth.dcp
# set rm_synth2 $work_dpr/${rm_name}_accel2_synth.dcp
# if {![file exists $rm_synth1] || ![file exists $rm_synth2]} {
#     puts "==> Synthèse du RM $rm_name dans le projet ariane..."
# 
#     # Copie du RM dans le projet CVA6
#     set rm_sv [lindex [glob $rm_dir/*.sv] 0]
#     file copy -force $rm_sv $cva6_fpga/src/accel_wrap.sv
#     puts "  -> RM copié : [file tail $rm_sv] -> accel_wrap.sv"
# 
#     open_project $cva6_fpga/ariane.xpr
# 
#     set_property -name {STEPS.SYNTH_DESIGN.ARGS.FLATTEN_HIERARCHY} \
#         -value {none} -objects [get_runs synth_1]
# 
#     puts "==> Lancement synthèse..."
#     reset_run synth_1
#     launch_runs synth_1 -jobs 8
#     wait_on_run synth_1
#     if {[get_property PROGRESS [get_runs synth_1]] != "100%"} {
#         puts "ERROR: Synthèse échouée."
#         exit 1
#     }
# 
#     open_run synth_1 -name synth_1
# 
#     # Extraire le checkpoint de i_accel1 (STREAM_ID=1)
#     puts "==> Extraction checkpoint accel1 (STREAM_ID=1)..."
#     set cell1_synth [get_cells -quiet i_ariane_peripherals/gen_dma.i_accel1]
#     if {[llength $cell1_synth] == 0} {
#         puts "ERROR: i_accel1 non trouvé dans le netlist"
#         exit 1
#     }
#     write_checkpoint -force -cell $cell1_synth $rm_synth1
#     puts "  -> checkpoint accel1 : $rm_synth1"
# 
#     # Extraire le checkpoint de i_accel2 (STREAM_ID=2)
#     puts "==> Extraction checkpoint accel2 (STREAM_ID=2)..."
#     set cell2_synth [get_cells -quiet i_ariane_peripherals/gen_dma.gen_accel2.i_accel2]
#     if {[llength $cell2_synth] == 0} {
#         puts "ERROR: i_accel2 non trouvé dans le netlist"
#         exit 1
#     }
#     write_checkpoint -force -cell $cell2_synth $rm_synth2
#     puts "  -> checkpoint accel2 : $rm_synth2"
# 
#     close_project
# } else {
#     puts "==> RMs en cache :"
#     puts "    $rm_synth1"
#     puts "    $rm_synth2"
# }
==> RMs en cache :
    /home/jc/tmp/riscv-iommu-demo/cva6/corev_apu/fpga/work-dpr/3_build_B_dpr/accel_default_accel1_synth.dcp
    /home/jc/tmp/riscv-iommu-demo/cva6/corev_apu/fpga/work-dpr/3_build_B_dpr/accel_default_accel2_synth.dcp
# puts "==> Ouverture du checkpoint statique..."
==> Ouverture du checkpoint statique...
# open_checkpoint $work_dpr/static_routed.dcp
Command: open_checkpoint /home/jc/tmp/riscv-iommu-demo/cva6/corev_apu/fpga/work-dpr/3_build_B_dpr/static_routed.dcp

Starting open_checkpoint Task

Time (s): cpu = 00:00:00.02 ; elapsed = 00:00:00.02 . Memory (MB): peak = 1398.688 ; gain = 0.000 ; free physical = 13191 ; free virtual = 19463
INFO: [Device 21-403] Loading part xc7k325tffg900-2
Netlist sorting complete. Time (s): cpu = 00:00:00.64 ; elapsed = 00:00:00.66 . Memory (MB): peak = 2011.672 ; gain = 0.000 ; free physical = 12485 ; free virtual = 18758
INFO: [Netlist 29-17] Analyzing 9860 Unisim elements for replacement
INFO: [Netlist 29-28] Unisim Transformation completed in 0 CPU seconds
INFO: [Project 1-479] Netlist was created with Vivado 2022.2
INFO: [Project 1-570] Preparing netlist for logic optimization
WARNING: [Constraints 18-550] Could not create 'IBUF_LOW_PWR' constraint because net 'i_xlnx_clk_gen/clk_in1' is not directly connected to top level port. Synthesis is ignored for IBUF_LOW_PWR but preserved for implementation.
INFO: [Timing 38-478] Restoring timing data from binary archive.
INFO: [Timing 38-479] Binary timing data restore complete.
INFO: [Project 1-856] Restoring constraints from binary archive.
INFO: [Project 1-853] Binary constraint restore complete.
Reading XDEF placement.
Reading placer database...
Reading XDEF routing.
Read XDEF Files: Time (s): cpu = 00:00:07 ; elapsed = 00:00:07 . Memory (MB): peak = 3317.430 ; gain = 200.867 ; free physical = 11291 ; free virtual = 17564
Restored from archive | CPU: 6.860000 secs | Memory: 178.461914 MB |
Finished XDEF File Restore: Time (s): cpu = 00:00:07 ; elapsed = 00:00:07 . Memory (MB): peak = 3317.430 ; gain = 200.867 ; free physical = 11291 ; free virtual = 17564
INFO: [Project 1-486] Could not resolve non-primitive black box cell 'accel_wrap__parameterized0_bb' instantiated as 'i_ariane_peripherals/gen_dma.i_accel1' [/home/jc/tmp/riscv-iommu-demo/cva6/corev_apu/fpga/src/ariane_peripherals_xilinx.sv:747]
INFO: [Project 1-486] Could not resolve non-primitive black box cell 'accel_wrap_bb' instantiated as 'i_ariane_peripherals/gen_dma.gen_accel2.i_accel2' [/home/jc/tmp/riscv-iommu-demo/cva6/corev_apu/fpga/src/ariane_peripherals_xilinx.sv:992]
Netlist sorting complete. Time (s): cpu = 00:00:00.01 ; elapsed = 00:00:00.01 . Memory (MB): peak = 3317.430 ; gain = 0.000 ; free physical = 11295 ; free virtual = 17568
INFO: [Project 1-111] Unisim Transformation Summary:
  A total of 355 instances were transformed.
  IOBUF => IOBUF (IBUF, OBUFT): 1 instance 
  IOBUFDS_DIFF_OUT_DCIEN => IOBUFDS_DIFF_OUT_DCIEN (IBUFDS_IBUFDISABLE_INT(x2), INV, OBUFTDS_DCIEN(x2)): 4 instances
  IOBUF_DCIEN => IOBUF_DCIEN (IBUF_IBUFDISABLE, OBUFT_DCIEN): 32 instances
  LUT6_2 => LUT6_2 (LUT5, LUT6): 17 instances
  OBUFDS => OBUFDS_DUAL_BUF (INV, OBUFDS(x2)): 1 instance 
  RAM32M => RAM32M (RAMD32(x6), RAMS32(x2)): 282 instances
  RAM32X1D => RAM32X1D (RAMD32(x2)): 18 instances

INFO: [Project 1-604] Checkpoint was created with Vivado v2022.2 (64-bit) build 3671981
OpenCheckpoint Checksum | Checksum: 1d17f45b7
----- Checksum: PlaceDB: a352ae5e ShapeSum: bb60dae4 RouteDB: 72cbbc75 
open_checkpoint: Time (s): cpu = 00:00:30 ; elapsed = 00:00:31 . Memory (MB): peak = 3317.430 ; gain = 1918.742 ; free physical = 11297 ; free virtual = 17570
# puts "==> Rechargement du XDC des pblocks DFX..."
==> Rechargement du XDC des pblocks DFX...
# set pblock_xdc $dpr_dir/constraints/pblock_accels_impl.xdc
# if {![file exists $pblock_xdc]} {
#     puts "ERROR: XDC pblock introuvable : $pblock_xdc"
#     exit 1
# }
# foreach pb [get_pblocks -quiet] {
#     delete_pblocks $pb
# }
# read_xdc $pblock_xdc
Parsing XDC File [/home/jc/tmp/riscv-iommu-demo/dpr/constraints/pblock_accels_impl.xdc]
WARNING: [Vivado 12-4775] These ranges will be aligned to a tile boundary: DSP48_X0Y60:DSP48_X1Y64 [/home/jc/tmp/riscv-iommu-demo/dpr/constraints/pblock_accels_impl.xdc:5]
WARNING: [Vivado 12-4775] These ranges will be aligned to a tile boundary: DSP48_X2Y60:DSP48_X5Y64 [/home/jc/tmp/riscv-iommu-demo/dpr/constraints/pblock_accels_impl.xdc:15]
Finished Parsing XDC File [/home/jc/tmp/riscv-iommu-demo/dpr/constraints/pblock_accels_impl.xdc]
# set_property used_in_synthesis false [get_files $pblock_xdc]
# puts "  -> XDC chargé : $pblock_xdc"
  -> XDC chargé : /home/jc/tmp/riscv-iommu-demo/dpr/constraints/pblock_accels_impl.xdc
# foreach pb [get_pblocks] {
#     puts "  PBLOCK: $pb -> [get_property GRID_RANGES $pb]"
# }
  PBLOCK: pblock_accel1 -> RAMB36_X0Y25:RAMB36_X1Y29 RAMB18_X0Y50:RAMB18_X1Y59 DSP48_X0Y60:DSP48_X1Y65 SLICE_X0Y250:SLICE_X71Y299
  PBLOCK: pblock_accel2 -> RAMB36_X2Y25:RAMB36_X4Y29 RAMB18_X2Y50:RAMB18_X4Y59 DSP48_X2Y60:DSP48_X5Y65 SLICE_X72Y250:SLICE_X145Y299
# set cell1 [get_cells -quiet i_ariane_peripherals/gen_dma.i_accel1]
# set cell2 [get_cells -quiet i_ariane_peripherals/gen_dma.gen_accel2.i_accel2]
# if {[llength $cell1] == 0} { puts "ERROR: i_accel1 non trouvé"; exit 1 }
# if {[llength $cell2] == 0} { puts "ERROR: i_accel2 non trouvé"; exit 1 }
# read_checkpoint -cell $cell1 $rm_synth1
Command: read_checkpoint -cell [get_cells -quiet i_ariane_peripherals/gen_dma.i_accel1] /home/jc/tmp/riscv-iommu-demo/cva6/corev_apu/fpga/work-dpr/3_build_B_dpr/accel_default_accel1_synth.dcp
WARNING: [Vivado 12-12435] Any Tcl variable pointing to design objects become invalid when read_checkpoint is executed subsequently after open_checkpoint. The content of those variables need to be rebuilt after read_checkpoint. Otherwise this could result in unwanted behavior due to referencing objects that do not exist anymore.
INFO: [Timing 38-480] Writing timing data to binary archive.
Writing XDEF routing.
Writing XDEF routing logical nets.
Writing XDEF routing special nets.
Write XDEF Complete: Time (s): cpu = 00:00:17 ; elapsed = 00:00:08 . Memory (MB): peak = 3586.891 ; gain = 196.445 ; free physical = 10894 ; free virtual = 17431
report_design_analysis: Time (s): cpu = 00:00:13 ; elapsed = 00:00:07 . Memory (MB): peak = 3664.906 ; gain = 78.016 ; free physical = 10774 ; free virtual = 17312
INFO: [Project 1-454] Reading design checkpoint '/home/jc/tmp/riscv-iommu-demo/cva6/corev_apu/fpga/work-dpr/3_build_B_dpr/accel_default_accel1_synth.dcp' for cell 'i_ariane_peripherals/gen_dma.i_accel1'
Netlist sorting complete. Time (s): cpu = 00:00:00.65 ; elapsed = 00:00:00.71 . Memory (MB): peak = 3664.906 ; gain = 0.000 ; free physical = 11760 ; free virtual = 18102
INFO: [Netlist 29-17] Analyzing 9860 Unisim elements for replacement
INFO: [Netlist 29-28] Unisim Transformation completed in 0 CPU seconds
INFO: [Project 1-479] Netlist was created with Vivado 2022.2
INFO: [Project 1-570] Preparing netlist for logic optimization
WARNING: [Constraints 18-550] Could not create 'IBUF_LOW_PWR' constraint because net 'i_xlnx_clk_gen/clk_in1' is not directly connected to top level port. Synthesis is ignored for IBUF_LOW_PWR but preserved for implementation.
Parsing XDC File [/home/jc/tmp/riscv-iommu-demo/dpr/.Xil/Vivado-121607-jc-VirtualBox/readCheckpointCellTempDcp/temp/ariane_xilinx_board.xdc]
Finished Parsing XDC File [/home/jc/tmp/riscv-iommu-demo/dpr/.Xil/Vivado-121607-jc-VirtualBox/readCheckpointCellTempDcp/temp/ariane_xilinx_board.xdc]
Parsing XDC File [/home/jc/tmp/riscv-iommu-demo/dpr/.Xil/Vivado-121607-jc-VirtualBox/readCheckpointCellTempDcp/temp/ariane_xilinx_early.xdc]
INFO: [Timing 38-35] Done setting XDC timing constraints. [/home/jc/tmp/riscv-iommu-demo/cva6/corev_apu/fpga/xilinx/xlnx_clk_gen/xlnx_clk_gen.gen/sources_1/ip/xlnx_clk_gen/xlnx_clk_gen.xdc:57]
INFO: [Timing 38-2] Deriving generated clocks [/home/jc/tmp/riscv-iommu-demo/cva6/corev_apu/fpga/xilinx/xlnx_clk_gen/xlnx_clk_gen.gen/sources_1/ip/xlnx_clk_gen/xlnx_clk_gen.xdc:57]
Finished Parsing XDC File [/home/jc/tmp/riscv-iommu-demo/dpr/.Xil/Vivado-121607-jc-VirtualBox/readCheckpointCellTempDcp/temp/ariane_xilinx_early.xdc]
Parsing XDC File [/home/jc/tmp/riscv-iommu-demo/dpr/.Xil/Vivado-121607-jc-VirtualBox/readCheckpointCellTempDcp/temp/ariane_xilinx.xdc]
Finished Parsing XDC File [/home/jc/tmp/riscv-iommu-demo/dpr/.Xil/Vivado-121607-jc-VirtualBox/readCheckpointCellTempDcp/temp/ariane_xilinx.xdc]
Parsing XDC File [/home/jc/tmp/riscv-iommu-demo/dpr/.Xil/Vivado-121607-jc-VirtualBox/readCheckpointCellTempDcp/temp/ariane_xilinx_late.xdc]
Finished Parsing XDC File [/home/jc/tmp/riscv-iommu-demo/dpr/.Xil/Vivado-121607-jc-VirtualBox/readCheckpointCellTempDcp/temp/ariane_xilinx_late.xdc]
Reading XDEF placement.
Reading placer database...
Reading XDEF routing.
Read XDEF Files: Time (s): cpu = 00:00:07 ; elapsed = 00:00:07 . Memory (MB): peak = 3664.906 ; gain = 0.000 ; free physical = 11307 ; free virtual = 17648
Restored from archive | CPU: 7.270000 secs | Memory: 177.697662 MB |
Finished XDEF File Restore: Time (s): cpu = 00:00:07 ; elapsed = 00:00:07 . Memory (MB): peak = 3664.906 ; gain = 0.000 ; free physical = 11307 ; free virtual = 17648
Reading XDEF placement.
Reading placer database...
Reading XDEF routing.
Read XDEF Files: Time (s): cpu = 00:00:00.02 ; elapsed = 00:00:00.01 . Memory (MB): peak = 3664.906 ; gain = 0.000 ; free physical = 11268 ; free virtual = 17610
Restored from archive | CPU: 0.020000 secs | Memory: 0.000000 MB |
Finished XDEF File Restore: Time (s): cpu = 00:00:00.02 ; elapsed = 00:00:00.02 . Memory (MB): peak = 3664.906 ; gain = 0.000 ; free physical = 11268 ; free virtual = 17610
INFO: [Project 1-486] Could not resolve non-primitive black box cell 'accel_wrap_bb' instantiated as 'i_ariane_peripherals/gen_dma.gen_accel2.i_accel2' [/home/jc/tmp/riscv-iommu-demo/cva6/corev_apu/fpga/src/ariane_peripherals_xilinx.sv:992]
Netlist sorting complete. Time (s): cpu = 00:00:00.01 ; elapsed = 00:00:00.01 . Memory (MB): peak = 3664.906 ; gain = 0.000 ; free physical = 11254 ; free virtual = 17596
INFO: [Project 1-111] Unisim Transformation Summary:
  A total of 355 instances were transformed.
  IOBUF => IOBUF (IBUF, OBUFT): 1 instance 
  IOBUFDS_DIFF_OUT_DCIEN => IOBUFDS_DIFF_OUT_DCIEN (IBUFDS_IBUFDISABLE_INT(x2), INV, OBUFTDS_DCIEN(x2)): 4 instances
  IOBUF_DCIEN => IOBUF_DCIEN (IBUF_IBUFDISABLE, OBUFT_DCIEN): 32 instances
  LUT6_2 => LUT6_2 (LUT5, LUT6): 17 instances
  OBUFDS => OBUFDS_DUAL_BUF (INV, OBUFDS(x2)): 1 instance 
  RAM32M => RAM32M (RAMD32(x6), RAMS32(x2)): 282 instances
  RAM32X1D => RAM32X1D (RAMD32(x2)): 18 instances

read_checkpoint: Time (s): cpu = 00:01:08 ; elapsed = 00:00:48 . Memory (MB): peak = 3664.906 ; gain = 347.477 ; free physical = 11293 ; free virtual = 17566
# puts "  -> RM accel1 chargé (STREAM_ID=1) : $rm_synth1"
  -> RM accel1 chargé (STREAM_ID=1) : /home/jc/tmp/riscv-iommu-demo/cva6/corev_apu/fpga/work-dpr/3_build_B_dpr/accel_default_accel1_synth.dcp
# set cell2 [get_cells -quiet i_ariane_peripherals/gen_dma.gen_accel2.i_accel2]
# if {[llength $cell2] == 0} {
#     puts "ERROR: i_accel2 non trouvé après chargement accel1"
#     exit 1
# }
# read_checkpoint -cell $cell2 $rm_synth2
Command: read_checkpoint -cell [get_cells -quiet i_ariane_peripherals/gen_dma.gen_accel2.i_accel2] /home/jc/tmp/riscv-iommu-demo/cva6/corev_apu/fpga/work-dpr/3_build_B_dpr/accel_default_accel2_synth.dcp
WARNING: [Vivado 12-12435] Any Tcl variable pointing to design objects become invalid when read_checkpoint is executed subsequently after open_checkpoint. The content of those variables need to be rebuilt after read_checkpoint. Otherwise this could result in unwanted behavior due to referencing objects that do not exist anymore.
INFO: [Timing 38-480] Writing timing data to binary archive.
Writing XDEF routing.
Writing XDEF routing logical nets.
Writing XDEF routing special nets.
Write XDEF Complete: Time (s): cpu = 00:00:16 ; elapsed = 00:00:07 . Memory (MB): peak = 3702.465 ; gain = 37.559 ; free physical = 10919 ; free virtual = 17430
report_design_analysis: Time (s): cpu = 00:00:15 ; elapsed = 00:00:09 . Memory (MB): peak = 3716.449 ; gain = 13.984 ; free physical = 10854 ; free virtual = 17365
INFO: [Project 1-454] Reading design checkpoint '/home/jc/tmp/riscv-iommu-demo/cva6/corev_apu/fpga/work-dpr/3_build_B_dpr/accel_default_accel2_synth.dcp' for cell 'i_ariane_peripherals/gen_dma.gen_accel2.i_accel2'
Netlist sorting complete. Time (s): cpu = 00:00:00.64 ; elapsed = 00:00:00.68 . Memory (MB): peak = 3716.449 ; gain = 0.000 ; free physical = 11617 ; free virtual = 17958
INFO: [Netlist 29-17] Analyzing 9860 Unisim elements for replacement
INFO: [Netlist 29-28] Unisim Transformation completed in 0 CPU seconds
INFO: [Project 1-479] Netlist was created with Vivado 2022.2
INFO: [Project 1-570] Preparing netlist for logic optimization
WARNING: [Constraints 18-550] Could not create 'IBUF_LOW_PWR' constraint because net 'i_xlnx_clk_gen/clk_in1' is not directly connected to top level port. Synthesis is ignored for IBUF_LOW_PWR but preserved for implementation.
Parsing XDC File [/home/jc/tmp/riscv-iommu-demo/dpr/.Xil/Vivado-121607-jc-VirtualBox/readCheckpointCellTempDcp/temp/ariane_xilinx_board.xdc]
Finished Parsing XDC File [/home/jc/tmp/riscv-iommu-demo/dpr/.Xil/Vivado-121607-jc-VirtualBox/readCheckpointCellTempDcp/temp/ariane_xilinx_board.xdc]
Parsing XDC File [/home/jc/tmp/riscv-iommu-demo/dpr/.Xil/Vivado-121607-jc-VirtualBox/readCheckpointCellTempDcp/temp/ariane_xilinx_early.xdc]
INFO: [Timing 38-35] Done setting XDC timing constraints. [/home/jc/tmp/riscv-iommu-demo/cva6/corev_apu/fpga/xilinx/xlnx_clk_gen/xlnx_clk_gen.gen/sources_1/ip/xlnx_clk_gen/xlnx_clk_gen.xdc:57]
INFO: [Timing 38-2] Deriving generated clocks [/home/jc/tmp/riscv-iommu-demo/cva6/corev_apu/fpga/xilinx/xlnx_clk_gen/xlnx_clk_gen.gen/sources_1/ip/xlnx_clk_gen/xlnx_clk_gen.xdc:57]
Finished Parsing XDC File [/home/jc/tmp/riscv-iommu-demo/dpr/.Xil/Vivado-121607-jc-VirtualBox/readCheckpointCellTempDcp/temp/ariane_xilinx_early.xdc]
Parsing XDC File [/home/jc/tmp/riscv-iommu-demo/dpr/.Xil/Vivado-121607-jc-VirtualBox/readCheckpointCellTempDcp/temp/ariane_xilinx.xdc]
Finished Parsing XDC File [/home/jc/tmp/riscv-iommu-demo/dpr/.Xil/Vivado-121607-jc-VirtualBox/readCheckpointCellTempDcp/temp/ariane_xilinx.xdc]
Parsing XDC File [/home/jc/tmp/riscv-iommu-demo/dpr/.Xil/Vivado-121607-jc-VirtualBox/readCheckpointCellTempDcp/temp/ariane_xilinx_late.xdc]
Finished Parsing XDC File [/home/jc/tmp/riscv-iommu-demo/dpr/.Xil/Vivado-121607-jc-VirtualBox/readCheckpointCellTempDcp/temp/ariane_xilinx_late.xdc]
Reading XDEF placement.
Reading placer database...
Reading XDEF routing.
Read XDEF Files: Time (s): cpu = 00:00:08 ; elapsed = 00:00:08 . Memory (MB): peak = 3716.449 ; gain = 0.000 ; free physical = 11216 ; free virtual = 17557
Restored from archive | CPU: 7.820000 secs | Memory: 177.697426 MB |
Finished XDEF File Restore: Time (s): cpu = 00:00:08 ; elapsed = 00:00:08 . Memory (MB): peak = 3716.449 ; gain = 0.000 ; free physical = 11216 ; free virtual = 17557
Reading XDEF placement.
Reading placer database...
Reading XDEF routing.
Read XDEF Files: Time (s): cpu = 00:00:00.02 ; elapsed = 00:00:00.03 . Memory (MB): peak = 3716.449 ; gain = 0.000 ; free physical = 11182 ; free virtual = 17523
Restored from archive | CPU: 0.020000 secs | Memory: 0.000000 MB |
Finished XDEF File Restore: Time (s): cpu = 00:00:00.02 ; elapsed = 00:00:00.03 . Memory (MB): peak = 3716.449 ; gain = 0.000 ; free physical = 11182 ; free virtual = 17523
Netlist sorting complete. Time (s): cpu = 00:00:00.01 ; elapsed = 00:00:00.01 . Memory (MB): peak = 3716.449 ; gain = 0.000 ; free physical = 11167 ; free virtual = 17508
INFO: [Project 1-111] Unisim Transformation Summary:
  A total of 355 instances were transformed.
  IOBUF => IOBUF (IBUF, OBUFT): 1 instance 
  IOBUFDS_DIFF_OUT_DCIEN => IOBUFDS_DIFF_OUT_DCIEN (IBUFDS_IBUFDISABLE_INT(x2), INV, OBUFTDS_DCIEN(x2)): 4 instances
  IOBUF_DCIEN => IOBUF_DCIEN (IBUF_IBUFDISABLE, OBUFT_DCIEN): 32 instances
  LUT6_2 => LUT6_2 (LUT5, LUT6): 17 instances
  OBUFDS => OBUFDS_DUAL_BUF (INV, OBUFDS(x2)): 1 instance 
  RAM32M => RAM32M (RAMD32(x6), RAMS32(x2)): 282 instances
  RAM32X1D => RAM32X1D (RAMD32(x2)): 18 instances

read_checkpoint: Time (s): cpu = 00:01:12 ; elapsed = 00:00:51 . Memory (MB): peak = 3716.449 ; gain = 51.543 ; free physical = 11198 ; free virtual = 17471
# puts "  -> RM accel2 chargé (STREAM_ID=2) : $rm_synth2"
  -> RM accel2 chargé (STREAM_ID=2) : /home/jc/tmp/riscv-iommu-demo/cva6/corev_apu/fpga/work-dpr/3_build_B_dpr/accel_default_accel2_synth.dcp
# puts "==> opt_design..."
==> opt_design...
# opt_design
Command: opt_design
Attempting to get a license for feature 'Implementation' and/or device 'xc7k325t'
INFO: [Common 17-349] Got license for feature 'Implementation' and/or device 'xc7k325t'
INFO: [Common 17-1540] The version limit for your license is '2025.10' and has expired for new software. A version limit expiration means that, although you may be able to continue to use the current version of tools or IP with this license, you will not be eligible for new releases.
Running DRC as a precondition to command opt_design

Starting DRC Task
INFO: [DRC 23-27] Running DRC with 8 threads
INFO: [Project 1-461] DRC finished with 0 Errors
INFO: [Project 1-462] Please refer to the DRC report (report_drc) for more information.

Time (s): cpu = 00:00:06 ; elapsed = 00:00:04 . Memory (MB): peak = 3740.461 ; gain = 24.012 ; free physical = 11157 ; free virtual = 17429

Starting Cache Timing Information Task
Ending Cache Timing Information Task | Checksum: 2f382d635

Time (s): cpu = 00:00:03 ; elapsed = 00:00:03 . Memory (MB): peak = 3740.461 ; gain = 0.000 ; free physical = 11166 ; free virtual = 17439

Starting Logic Optimization Task

Phase 1 Retarget
INFO: [Opt 31-138] Pushed 0 inverter(s) to 0 load pin(s).
INFO: [Opt 31-49] Retargeted 0 cell(s).
Phase 1 Retarget | Checksum: 2e613964d

Time (s): cpu = 00:00:29 ; elapsed = 00:00:18 . Memory (MB): peak = 4063.969 ; gain = 156.570 ; free physical = 11060 ; free virtual = 17333
INFO: [Opt 31-389] Phase Retarget created 0 cells and removed 0 cells
INFO: [Opt 31-1021] In phase Retarget, 10824 netlist objects are constrained preventing optimization. Please run opt_design with -debug_log to get more detail. 

Phase 2 Constant propagation
INFO: [Opt 31-138] Pushed 0 inverter(s) to 0 load pin(s).
Phase 2 Constant propagation | Checksum: 2e613964d

Time (s): cpu = 00:00:31 ; elapsed = 00:00:21 . Memory (MB): peak = 4063.969 ; gain = 156.570 ; free physical = 11070 ; free virtual = 17342
INFO: [Opt 31-389] Phase Constant propagation created 0 cells and removed 0 cells
INFO: [Opt 31-1021] In phase Constant propagation, 288 netlist objects are constrained preventing optimization. Please run opt_design with -debug_log to get more detail. 

Phase 3 Sweep
Phase 3 Sweep | Checksum: 2e613964d

Time (s): cpu = 00:00:36 ; elapsed = 00:00:25 . Memory (MB): peak = 4063.969 ; gain = 156.570 ; free physical = 10944 ; free virtual = 17216
INFO: [Opt 31-389] Phase Sweep created 0 cells and removed 0 cells
INFO: [Opt 31-1021] In phase Sweep, 612097 netlist objects are constrained preventing optimization. Please run opt_design with -debug_log to get more detail. 

Phase 4 BUFG optimization
Phase 4 BUFG optimization | Checksum: 2e613964d

Time (s): cpu = 00:00:39 ; elapsed = 00:00:28 . Memory (MB): peak = 4063.969 ; gain = 156.570 ; free physical = 11028 ; free virtual = 17301
INFO: [Opt 31-662] Phase BUFG optimization created 0 cells of which 0 are BUFGs and removed 0 cells.

Phase 5 Shift Register Optimization
INFO: [Opt 31-1064] SRL Remap converted 0 SRLs to 0 registers and converted 0 registers of register chains to 0 SRLs
Phase 5 Shift Register Optimization | Checksum: 2e613964d

Time (s): cpu = 00:00:41 ; elapsed = 00:00:30 . Memory (MB): peak = 4063.969 ; gain = 156.570 ; free physical = 11039 ; free virtual = 17312
INFO: [Opt 31-389] Phase Shift Register Optimization created 0 cells and removed 0 cells

Phase 6 Post Processing Netlist
Phase 6 Post Processing Netlist | Checksum: 2e613964d

Time (s): cpu = 00:00:44 ; elapsed = 00:00:33 . Memory (MB): peak = 4063.969 ; gain = 156.570 ; free physical = 11054 ; free virtual = 17327
INFO: [Opt 31-389] Phase Post Processing Netlist created 0 cells and removed 0 cells
INFO: [Opt 31-1021] In phase Post Processing Netlist, 377 netlist objects are constrained preventing optimization. Please run opt_design with -debug_log to get more detail. 
Opt_design Change Summary
=========================


-------------------------------------------------------------------------------------------------------------------------
|  Phase                        |  #Cells created  |  #Cells Removed  |  #Constrained objects preventing optimizations  |
-------------------------------------------------------------------------------------------------------------------------
|  Retarget                     |               0  |               0  |                                          10824  |
|  Constant propagation         |               0  |               0  |                                            288  |
|  Sweep                        |               0  |               0  |                                         612097  |
|  BUFG optimization            |               0  |               0  |                                              0  |
|  Shift Register Optimization  |               0  |               0  |                                              0  |
|  Post Processing Netlist      |               0  |               0  |                                            377  |
-------------------------------------------------------------------------------------------------------------------------



Starting Connectivity Check Task

Time (s): cpu = 00:00:00.28 ; elapsed = 00:00:00.23 . Memory (MB): peak = 4063.969 ; gain = 0.000 ; free physical = 11054 ; free virtual = 17327
Ending Logic Optimization Task | Checksum: 2908fa17e

Time (s): cpu = 00:00:46 ; elapsed = 00:00:35 . Memory (MB): peak = 4063.969 ; gain = 156.570 ; free physical = 11058 ; free virtual = 17331

Starting Power Optimization Task
INFO: [Pwropt 34-132] Skipping clock gating for clocks with a period < 2.00 ns.
INFO: [Pwropt 34-232] Skipping BRAM gating because all BRAMs are in high frequency (i.e. period < 3.12 ns) clock domains.
INFO: [Pwropt 34-162] WRITE_MODE attribute of 0 BRAM(s) out of a total of 53 has been updated to save power. Run report_power_opt to get a complete listing of the BRAMs updated.
Ending Power Optimization Task | Checksum: 2908fa17e

Time (s): cpu = 00:00:03 ; elapsed = 00:00:03 . Memory (MB): peak = 4255.969 ; gain = 192.000 ; free physical = 11003 ; free virtual = 17275

Starting Final Cleanup Task
Ending Final Cleanup Task | Checksum: 2908fa17e

Time (s): cpu = 00:00:02 ; elapsed = 00:00:02 . Memory (MB): peak = 4255.969 ; gain = 0.000 ; free physical = 11018 ; free virtual = 17291

Starting Netlist Obfuscation Task
Netlist sorting complete. Time (s): cpu = 00:00:00.01 ; elapsed = 00:00:00.02 . Memory (MB): peak = 4255.969 ; gain = 0.000 ; free physical = 11018 ; free virtual = 17291
Ending Netlist Obfuscation Task | Checksum: 2908fa17e

Time (s): cpu = 00:00:02 ; elapsed = 00:00:02 . Memory (MB): peak = 4255.969 ; gain = 0.000 ; free physical = 11033 ; free virtual = 17306
INFO: [Common 17-83] Releasing license: Implementation
23 Infos, 0 Warnings, 0 Critical Warnings and 0 Errors encountered.
opt_design completed successfully
opt_design: Time (s): cpu = 00:01:03 ; elapsed = 00:00:50 . Memory (MB): peak = 4255.969 ; gain = 539.520 ; free physical = 11033 ; free virtual = 17306
# puts "==> place_design..."
==> place_design...
# place_design
Command: place_design
Attempting to get a license for feature 'Implementation' and/or device 'xc7k325t'
INFO: [Common 17-349] Got license for feature 'Implementation' and/or device 'xc7k325t'
INFO: [Common 17-1540] The version limit for your license is '2025.10' and has expired for new software. A version limit expiration means that, although you may be able to continue to use the current version of tools or IP with this license, you will not be eligible for new releases.
INFO: [DRC 23-27] Running DRC with 8 threads
INFO: [Vivado_Tcl 4-198] DRC finished with 0 Errors
INFO: [Vivado_Tcl 4-199] Please refer to the DRC report (report_drc) for more information.
Running DRC as a precondition to command place_design
INFO: [DRC 23-27] Running DRC with 8 threads
GCIO site IOB_X0Y22
GCIO site IOB_X0Y24
GCIO site IOB_X0Y26
GCIO site IOB_X0Y28
GCIO site IOB_X1Y22
GCIO site IOB_X1Y24
GCIO site IOB_X1Y26
GCIO site IOB_X1Y28
GCIO site IOB_X0Y72
GCIO site IOB_X0Y74
GCIO site IOB_X0Y76
GCIO site IOB_X0Y78
GCIO site IOB_X1Y72
GCIO site IOB_X1Y74
GCIO site IOB_X1Y76
GCIO site IOB_X1Y78
GCIO site IOB_X0Y122
GCIO site IOB_X0Y124
GCIO site IOB_X0Y126
GCIO site IOB_X0Y128
GCIO site IOB_X1Y122
GCIO site IOB_X1Y124
GCIO site IOB_X1Y126
GCIO site IOB_X1Y128
GCIO site IOB_X0Y172
GCIO site IOB_X0Y174
GCIO site IOB_X0Y176
GCIO site IOB_X0Y178
GCIO site IOB_X0Y222
GCIO site IOB_X0Y224
GCIO site IOB_X0Y226
GCIO site IOB_X0Y228
GCIO site IOB_X0Y272
GCIO site IOB_X0Y274
GCIO site IOB_X0Y276
GCIO site IOB_X0Y278
GCIO site IOB_X0Y322
GCIO site IOB_X0Y324
GCIO site IOB_X0Y326
GCIO site IOB_X0Y328
WARNING: [DRC 23-804] Only the first 20 REQP-1839 messages were issued by report_drc. An additional 1 messages have not been issued. Use 'set_property MAX_MESSAGES <number> [get_drc_check REQP-1839]' to change the number of messages that should be reported.
INFO: [Vivado_Tcl 4-198] DRC finished with 0 Errors, 34 Warnings
INFO: [Vivado_Tcl 4-199] Please refer to the DRC report (report_drc) for more information.

Starting Placer Task
INFO: [Place 30-611] Multithreading enabled for place_design using a maximum of 8 CPUs

Phase 1 Placer Initialization

Phase 1.1 Placer Initialization Netlist Sorting
Netlist sorting complete. Time (s): cpu = 00:00:00.02 ; elapsed = 00:00:00.01 . Memory (MB): peak = 4287.984 ; gain = 0.000 ; free physical = 10747 ; free virtual = 17020
Phase 1.1 Placer Initialization Netlist Sorting | Checksum: 14ea147ec

Time (s): cpu = 00:00:00.9 ; elapsed = 00:00:00.94 . Memory (MB): peak = 4287.984 ; gain = 0.000 ; free physical = 10755 ; free virtual = 17028
Netlist sorting complete. Time (s): cpu = 00:00:00.01 ; elapsed = 00:00:00.01 . Memory (MB): peak = 4287.984 ; gain = 0.000 ; free physical = 10755 ; free virtual = 17028

Phase 1.2 IO Placement/ Clock Placement/ Build Placer Device
INFO: [Timing 38-35] Done setting XDC timing constraints.
GCIO site IOB_X0Y22
GCIO site IOB_X0Y24
GCIO site IOB_X0Y26
GCIO site IOB_X0Y28
GCIO site IOB_X1Y22
GCIO site IOB_X1Y24
GCIO site IOB_X1Y26
GCIO site IOB_X1Y28
GCIO site IOB_X0Y72
GCIO site IOB_X0Y74
GCIO site IOB_X0Y76
GCIO site IOB_X0Y78
GCIO site IOB_X1Y72
GCIO site IOB_X1Y74
GCIO site IOB_X1Y76
GCIO site IOB_X1Y78
GCIO site IOB_X0Y122
GCIO site IOB_X0Y124
GCIO site IOB_X0Y126
GCIO site IOB_X0Y128
GCIO site IOB_X1Y122
GCIO site IOB_X1Y124
GCIO site IOB_X1Y126
GCIO site IOB_X1Y128
GCIO site IOB_X0Y172
GCIO site IOB_X0Y174
GCIO site IOB_X0Y176
GCIO site IOB_X0Y178
GCIO site IOB_X0Y222
GCIO site IOB_X0Y224
GCIO site IOB_X0Y226
GCIO site IOB_X0Y228
GCIO site IOB_X0Y272
GCIO site IOB_X0Y274
GCIO site IOB_X0Y276
GCIO site IOB_X0Y278
GCIO site IOB_X0Y322
GCIO site IOB_X0Y324
GCIO site IOB_X0Y326
GCIO site IOB_X0Y328
WARNING: [Place 30-575] Sub-optimal placement for a clock-capable IO pin and MMCM pair. This is normally an ERROR but the CLOCK_DEDICATED_ROUTE constraint is set to FALSE allowing your design to continue. The use of this override is highly discouraged as it may lead to very poor timing results. It is recommended that this error condition be corrected in the design.

	i_ddr/u_xlnx_mig_7_ddr3_mig/u_ddr3_clk_ibuf/diff_input_clk.u_ibufg_sys_clk (IBUFDS.O) is locked to IOB_X1Y76
	i_ddr/u_xlnx_mig_7_ddr3_mig/u_iodelay_ctrl/clk_ref_mmcm_gen.mmcm_i (MMCME2_ADV.CLKIN1) is locked to MMCME2_ADV_X1Y2
Resolution: A dedicated routing path between the two can be used if: (a) The clock-capable IO (CCIO) is placed on a CCIO capable site (b) The MMCM is placed in the same clock region as the CCIO pin. If the IOB is driving multiple MMCMs, all MMCMs must be placed in the same clock region, one clock region above or one clock region below the IOB. Both the above conditions must be met at the same time, else it may lead to longer and less predictable clock insertion delays.
Phase 1.2 IO Placement/ Clock Placement/ Build Placer Device | Checksum: 137d0eb47

Time (s): cpu = 00:00:19 ; elapsed = 00:00:15 . Memory (MB): peak = 4470.727 ; gain = 182.742 ; free physical = 10435 ; free virtual = 16707

Phase 1.3 Build Placer Netlist Model
Phase 1.3 Build Placer Netlist Model | Checksum: ec533f3e

Time (s): cpu = 00:01:12 ; elapsed = 00:00:42 . Memory (MB): peak = 4803.199 ; gain = 515.215 ; free physical = 10201 ; free virtual = 16474

Phase 1.4 Constrain Clocks/Macros
Phase 1.4 Constrain Clocks/Macros | Checksum: ec533f3e

Time (s): cpu = 00:01:13 ; elapsed = 00:00:43 . Memory (MB): peak = 4803.199 ; gain = 515.215 ; free physical = 10210 ; free virtual = 16483
Phase 1 Placer Initialization | Checksum: ec533f3e

Time (s): cpu = 00:01:33 ; elapsed = 00:00:52 . Memory (MB): peak = 4827.211 ; gain = 539.227 ; free physical = 10261 ; free virtual = 16534

Phase 2 Global Placement

Phase 2.1 Floorplanning
Phase 2.1 Floorplanning | Checksum: 18042381c

Time (s): cpu = 00:02:15 ; elapsed = 00:01:05 . Memory (MB): peak = 4883.238 ; gain = 595.254 ; free physical = 10173 ; free virtual = 16446

Phase 2.2 Update Timing before SLR Path Opt
Phase 2.2 Update Timing before SLR Path Opt | Checksum: fdca5a79

Time (s): cpu = 00:02:40 ; elapsed = 00:01:12 . Memory (MB): peak = 4883.238 ; gain = 595.254 ; free physical = 10152 ; free virtual = 16425

Phase 2.3 Post-Processing in Floorplanning
Phase 2.3 Post-Processing in Floorplanning | Checksum: fdca5a79

Time (s): cpu = 00:02:40 ; elapsed = 00:01:13 . Memory (MB): peak = 4883.238 ; gain = 595.254 ; free physical = 10153 ; free virtual = 16426

Phase 2.4 Global Placement Core

Phase 2.4.1 UpdateTiming Before Physical Synthesis
Phase 2.4.1 UpdateTiming Before Physical Synthesis | Checksum: 159963570

Time (s): cpu = 00:03:21 ; elapsed = 00:01:28 . Memory (MB): peak = 4883.238 ; gain = 595.254 ; free physical = 10082 ; free virtual = 16355

Phase 2.4.2 Physical Synthesis In Placer
INFO: [Physopt 32-1044] Break lutnm for timing: one critical 0, two critical 0, total 0, new lutff created 0
INFO: [Physopt 32-1138] End 1 Pass. Optimized 0 net or LUT. Breaked 0 LUT, combined 0 existing LUT and moved 0 existing LUT
INFO: [Physopt 32-65] No nets found for high-fanout optimization.
INFO: [Physopt 32-232] Optimized 0 net. Created 0 new instance.
INFO: [Physopt 32-775] End 1 Pass. Optimized 0 net or cell. Created 0 new cell, deleted 0 existing cell and moved 0 existing cell
INFO: [Physopt 32-896] DSP i_ariane/i_cva6/ex_stage_i/fpu_gen.fpu_i/fpu_gen.i_fpnew_bulk/gen_operation_groups[0].i_opgroup_block/gen_parallel_slices[0].active_format.i_fmt_slice/gen_num_lanes[0].active_lane.lane_instance.i_fma/product is not considered for optimization due to don't touch constraint
INFO: [Physopt 32-896] DSP i_ariane/i_cva6/ex_stage_i/fpu_gen.fpu_i/fpu_gen.i_fpnew_bulk/gen_operation_groups[0].i_opgroup_block/gen_parallel_slices[0].active_format.i_fmt_slice/gen_num_lanes[0].active_lane.lane_instance.i_fma/product__0 is not considered for optimization due to don't touch constraint
INFO: [Physopt 32-896] DSP i_ariane/i_cva6/ex_stage_i/fpu_gen.fpu_i/fpu_gen.i_fpnew_bulk/gen_operation_groups[0].i_opgroup_block/gen_parallel_slices[1].active_format.i_fmt_slice/gen_num_lanes[0].active_lane.lane_instance.i_fma/product is not considered for optimization due to don't touch constraint
INFO: [Physopt 32-896] DSP i_ariane/i_cva6/ex_stage_i/fpu_gen.fpu_i/fpu_gen.i_fpnew_bulk/gen_operation_groups[0].i_opgroup_block/gen_parallel_slices[1].active_format.i_fmt_slice/gen_num_lanes[0].active_lane.lane_instance.i_fma/product__0 is not considered for optimization due to don't touch constraint
INFO: [Physopt 32-896] DSP i_ariane/i_cva6/ex_stage_i/fpu_gen.fpu_i/fpu_gen.i_fpnew_bulk/gen_operation_groups[0].i_opgroup_block/gen_parallel_slices[1].active_format.i_fmt_slice/gen_num_lanes[0].active_lane.lane_instance.i_fma/product__1 is not considered for optimization due to don't touch constraint
INFO: [Physopt 32-896] DSP i_ariane/i_cva6/ex_stage_i/fpu_gen.fpu_i/fpu_gen.i_fpnew_bulk/gen_operation_groups[0].i_opgroup_block/gen_parallel_slices[1].active_format.i_fmt_slice/gen_num_lanes[0].active_lane.lane_instance.i_fma/product__2 is not considered for optimization due to don't touch constraint
INFO: [Physopt 32-896] DSP i_ariane/i_cva6/ex_stage_i/fpu_gen.fpu_i/fpu_gen.i_fpnew_bulk/gen_operation_groups[0].i_opgroup_block/gen_parallel_slices[1].active_format.i_fmt_slice/gen_num_lanes[0].active_lane.lane_instance.i_fma/product__3 is not considered for optimization due to don't touch constraint
INFO: [Physopt 32-896] DSP i_ariane/i_cva6/ex_stage_i/fpu_gen.fpu_i/fpu_gen.i_fpnew_bulk/gen_operation_groups[0].i_opgroup_block/gen_parallel_slices[1].active_format.i_fmt_slice/gen_num_lanes[0].active_lane.lane_instance.i_fma/product__4 is not considered for optimization due to don't touch constraint
INFO: [Physopt 32-896] DSP i_ariane/i_cva6/ex_stage_i/fpu_gen.fpu_i/fpu_gen.i_fpnew_bulk/gen_operation_groups[0].i_opgroup_block/gen_parallel_slices[1].active_format.i_fmt_slice/gen_num_lanes[0].active_lane.lane_instance.i_fma/product__5 is not considered for optimization due to don't touch constraint
INFO: [Physopt 32-896] DSP i_ariane/i_cva6/ex_stage_i/fpu_gen.fpu_i/fpu_gen.i_fpnew_bulk/gen_operation_groups[0].i_opgroup_block/gen_parallel_slices[1].active_format.i_fmt_slice/gen_num_lanes[0].active_lane.lane_instance.i_fma/product__6 is not considered for optimization due to don't touch constraint
INFO: [Physopt 32-896] DSP i_ariane/i_cva6/ex_stage_i/fpu_gen.fpu_i/fpu_gen.i_fpnew_bulk/gen_operation_groups[0].i_opgroup_block/gen_parallel_slices[1].active_format.i_fmt_slice/gen_num_lanes[0].active_lane.lane_instance.i_fma/product__7 is not considered for optimization due to don't touch constraint
INFO: [Physopt 32-896] DSP i_ariane/i_cva6/ex_stage_i/i_mult/i_multiplier/mult_result_d is not considered for optimization due to don't touch constraint
INFO: [Physopt 32-896] DSP i_ariane/i_cva6/ex_stage_i/i_mult/i_multiplier/mult_result_d__0 is not considered for optimization due to don't touch constraint
INFO: [Physopt 32-896] DSP i_ariane/i_cva6/ex_stage_i/i_mult/i_multiplier/mult_result_d__1 is not considered for optimization due to don't touch constraint
INFO: [Physopt 32-896] DSP i_ariane/i_cva6/ex_stage_i/i_mult/i_multiplier/mult_result_d__10 is not considered for optimization due to don't touch constraint
INFO: [Physopt 32-896] DSP i_ariane/i_cva6/ex_stage_i/i_mult/i_multiplier/mult_result_d__11 is not considered for optimization due to don't touch constraint
INFO: [Physopt 32-896] DSP i_ariane/i_cva6/ex_stage_i/i_mult/i_multiplier/mult_result_d__12 is not considered for optimization due to don't touch constraint
INFO: [Physopt 32-896] DSP i_ariane/i_cva6/ex_stage_i/i_mult/i_multiplier/mult_result_d__13 is not considered for optimization due to don't touch constraint
INFO: [Physopt 32-896] DSP i_ariane/i_cva6/ex_stage_i/i_mult/i_multiplier/mult_result_d__14 is not considered for optimization due to don't touch constraint
INFO: [Physopt 32-896] DSP i_ariane/i_cva6/ex_stage_i/i_mult/i_multiplier/mult_result_d__2 is not considered for optimization due to don't touch constraint
INFO: [Physopt 32-896] DSP i_ariane/i_cva6/ex_stage_i/i_mult/i_multiplier/mult_result_d__3 is not considered for optimization due to don't touch constraint
INFO: [Physopt 32-896] DSP i_ariane/i_cva6/ex_stage_i/i_mult/i_multiplier/mult_result_d__4 is not considered for optimization due to don't touch constraint
INFO: [Physopt 32-896] DSP i_ariane/i_cva6/ex_stage_i/i_mult/i_multiplier/mult_result_d__5 is not considered for optimization due to don't touch constraint
INFO: [Physopt 32-896] DSP i_ariane/i_cva6/ex_stage_i/i_mult/i_multiplier/mult_result_d__6 is not considered for optimization due to don't touch constraint
INFO: [Physopt 32-896] DSP i_ariane/i_cva6/ex_stage_i/i_mult/i_multiplier/mult_result_d__7 is not considered for optimization due to don't touch constraint
INFO: [Physopt 32-896] DSP i_ariane/i_cva6/ex_stage_i/i_mult/i_multiplier/mult_result_d__8 is not considered for optimization due to don't touch constraint
INFO: [Physopt 32-896] DSP i_ariane/i_cva6/ex_stage_i/i_mult/i_multiplier/mult_result_d__9 is not considered for optimization due to don't touch constraint
INFO: [Physopt 32-456] No candidate cells for DSP register optimization found in the design.
INFO: [Physopt 32-775] End 2 Pass. Optimized 0 net or cell. Created 0 new cell, deleted 0 existing cell and moved 0 existing cell
INFO: [Physopt 32-1123] No candidate cells found for Shift Register to Pipeline optimization
INFO: [Physopt 32-775] End 2 Pass. Optimized 0 net or cell. Created 0 new cell, deleted 0 existing cell and moved 0 existing cell
INFO: [Physopt 32-677] No candidate cells for Shift Register optimization found in the design
INFO: [Physopt 32-775] End 1 Pass. Optimized 0 net or cell. Created 0 new cell, deleted 0 existing cell and moved 0 existing cell
INFO: [Physopt 32-526] No candidate cells for BRAM register optimization found in the design
INFO: [Physopt 32-775] End 1 Pass. Optimized 0 net or cell. Created 0 new cell, deleted 0 existing cell and moved 0 existing cell
INFO: [Physopt 32-846] No candidate cells for URAM register optimization found in the design
INFO: [Physopt 32-775] End 2 Pass. Optimized 0 net or cell. Created 0 new cell, deleted 0 existing cell and moved 0 existing cell
INFO: [Physopt 32-949] No candidate nets found for dynamic/static region interface net replication
INFO: [Physopt 32-775] End 1 Pass. Optimized 0 net or cell. Created 0 new cell, deleted 0 existing cell and moved 0 existing cell
Netlist sorting complete. Time (s): cpu = 00:00:00.01 ; elapsed = 00:00:00.01 . Memory (MB): peak = 4883.238 ; gain = 0.000 ; free physical = 10088 ; free virtual = 16361

Summary of Physical Synthesis Optimizations
============================================


-----------------------------------------------------------------------------------------------------------------------------------------------------------
|  Optimization                                     |  Added Cells  |  Removed Cells  |  Optimized Cells/Nets  |  Dont Touch  |  Iterations  |  Elapsed   |
-----------------------------------------------------------------------------------------------------------------------------------------------------------
|  LUT Combining                                    |            0  |              0  |                     0  |           0  |           1  |  00:00:00  |
|  Retime                                           |            0  |              0  |                     0  |           0  |           1  |  00:00:00  |
|  Very High Fanout                                 |            0  |              0  |                     0  |           0  |           1  |  00:00:00  |
|  DSP Register                                     |            0  |              0  |                     0  |          27  |           1  |  00:00:00  |
|  Shift Register to Pipeline                       |            0  |              0  |                     0  |           0  |           1  |  00:00:00  |
|  Shift Register                                   |            0  |              0  |                     0  |           0  |           1  |  00:00:00  |
|  BRAM Register                                    |            0  |              0  |                     0  |          53  |           1  |  00:00:00  |
|  URAM Register                                    |            0  |              0  |                     0  |           0  |           1  |  00:00:00  |
|  Dynamic/Static Region Interface Net Replication  |            0  |              0  |                     0  |           0  |           1  |  00:00:00  |
|  Total                                            |            0  |              0  |                     0  |          80  |           9  |  00:00:01  |
-----------------------------------------------------------------------------------------------------------------------------------------------------------


Phase 2.4.2 Physical Synthesis In Placer | Checksum: 159963570

Time (s): cpu = 00:03:25 ; elapsed = 00:01:32 . Memory (MB): peak = 4883.238 ; gain = 595.254 ; free physical = 10101 ; free virtual = 16374
Phase 2.4 Global Placement Core | Checksum: 1e19b1bae

Time (s): cpu = 00:03:28 ; elapsed = 00:01:33 . Memory (MB): peak = 4883.238 ; gain = 595.254 ; free physical = 10068 ; free virtual = 16341
Phase 2 Global Placement | Checksum: 1e19b1bae

Time (s): cpu = 00:03:28 ; elapsed = 00:01:34 . Memory (MB): peak = 4883.238 ; gain = 595.254 ; free physical = 10086 ; free virtual = 16359

Phase 3 Detail Placement

Phase 3.1 Commit Multi Column Macros
Phase 3.1 Commit Multi Column Macros | Checksum: 132a3fa86

Time (s): cpu = 00:03:33 ; elapsed = 00:01:39 . Memory (MB): peak = 4883.238 ; gain = 595.254 ; free physical = 10104 ; free virtual = 16377

Phase 3.2 Commit Most Macros & LUTRAMs
Phase 3.2 Commit Most Macros & LUTRAMs | Checksum: 156b5b784

Time (s): cpu = 00:03:35 ; elapsed = 00:01:40 . Memory (MB): peak = 4883.238 ; gain = 595.254 ; free physical = 10113 ; free virtual = 16386

Phase 3.3 Area Swap Optimization
Phase 3.3 Area Swap Optimization | Checksum: 12a6a83a1

Time (s): cpu = 00:03:36 ; elapsed = 00:01:41 . Memory (MB): peak = 4883.238 ; gain = 595.254 ; free physical = 10113 ; free virtual = 16386

Phase 3.4 Pipeline Register Optimization
Phase 3.4 Pipeline Register Optimization | Checksum: 12a6a83a1

Time (s): cpu = 00:03:36 ; elapsed = 00:01:42 . Memory (MB): peak = 4883.238 ; gain = 595.254 ; free physical = 10113 ; free virtual = 16386

Phase 3.5 Fast Optimization
Phase 3.5 Fast Optimization | Checksum: 13e04c97f

Time (s): cpu = 00:04:16 ; elapsed = 00:01:57 . Memory (MB): peak = 4883.238 ; gain = 595.254 ; free physical = 10111 ; free virtual = 16385

Phase 3.6 Small Shape Detail Placement
Phase 3.6 Small Shape Detail Placement | Checksum: 152973409

Time (s): cpu = 00:04:20 ; elapsed = 00:02:00 . Memory (MB): peak = 4883.238 ; gain = 595.254 ; free physical = 10103 ; free virtual = 16376

Phase 3.7 Re-assign LUT pins
Phase 3.7 Re-assign LUT pins | Checksum: 152973409

Time (s): cpu = 00:04:21 ; elapsed = 00:02:01 . Memory (MB): peak = 4883.238 ; gain = 595.254 ; free physical = 10111 ; free virtual = 16384

Phase 3.8 Pipeline Register Optimization
Phase 3.8 Pipeline Register Optimization | Checksum: 152973409

Time (s): cpu = 00:04:22 ; elapsed = 00:02:01 . Memory (MB): peak = 4883.238 ; gain = 595.254 ; free physical = 10112 ; free virtual = 16385

Phase 3.9 Fast Optimization
Phase 3.9 Fast Optimization | Checksum: 1ee3b7167

Time (s): cpu = 00:05:15 ; elapsed = 00:02:18 . Memory (MB): peak = 4883.238 ; gain = 595.254 ; free physical = 10123 ; free virtual = 16396
Phase 3 Detail Placement | Checksum: 1ee3b7167

Time (s): cpu = 00:05:15 ; elapsed = 00:02:18 . Memory (MB): peak = 4883.238 ; gain = 595.254 ; free physical = 10124 ; free virtual = 16397

Phase 4 Post Placement Optimization and Clean-Up

Phase 4.1 Post Commit Optimization
INFO: [Timing 38-35] Done setting XDC timing constraints.

Phase 4.1.1 Post Placement Optimization
Post Placement Optimization Initialization | Checksum: 213ebbd82

Phase 4.1.1.1 BUFG Insertion

Starting Physical Synthesis Task

Phase 1 Physical Synthesis Initialization
INFO: [Physopt 32-721] Multithreading enabled for phys_opt_design using a maximum of 8 CPUs
INFO: [Physopt 32-619] Estimated Timing Summary | WNS=-0.500 | TNS=-2.289 |
Phase 1 Physical Synthesis Initialization | Checksum: 20ac729cf

Time (s): cpu = 00:00:10 ; elapsed = 00:00:04 . Memory (MB): peak = 4892.480 ; gain = 0.000 ; free physical = 10200 ; free virtual = 16473
INFO: [Place 46-56] BUFG insertion identified 0 candidate nets. Inserted BUFG: 0, Replicated BUFG Driver: 0, Skipped due to Placement/Routing Conflicts: 0, Skipped due to Timing Degradation: 0, Skipped due to Illegal Netlist: 0.
Ending Physical Synthesis Task | Checksum: 2611804e3

Time (s): cpu = 00:00:13 ; elapsed = 00:00:06 . Memory (MB): peak = 4892.480 ; gain = 0.000 ; free physical = 10203 ; free virtual = 16476
Phase 4.1.1.1 BUFG Insertion | Checksum: 213ebbd82

Time (s): cpu = 00:06:24 ; elapsed = 00:02:45 . Memory (MB): peak = 4892.480 ; gain = 604.496 ; free physical = 10210 ; free virtual = 16483

Phase 4.1.1.2 Post Placement Timing Optimization
INFO: [Place 30-746] Post Placement Timing Summary WNS=-0.500. For the most accurate timing information please run report_timing.
Phase 4.1.1.2 Post Placement Timing Optimization | Checksum: 21b48d086

Time (s): cpu = 00:06:26 ; elapsed = 00:02:46 . Memory (MB): peak = 4892.480 ; gain = 604.496 ; free physical = 10210 ; free virtual = 16483

Time (s): cpu = 00:06:26 ; elapsed = 00:02:46 . Memory (MB): peak = 4892.480 ; gain = 604.496 ; free physical = 10211 ; free virtual = 16484
Phase 4.1 Post Commit Optimization | Checksum: 21b48d086

Time (s): cpu = 00:06:26 ; elapsed = 00:02:47 . Memory (MB): peak = 4892.480 ; gain = 604.496 ; free physical = 10212 ; free virtual = 16485

Phase 4.2 Post Placement Cleanup
Phase 4.2 Post Placement Cleanup | Checksum: 2b01b229b

Time (s): cpu = 00:06:28 ; elapsed = 00:02:49 . Memory (MB): peak = 4892.480 ; gain = 604.496 ; free physical = 10224 ; free virtual = 16497

Phase 4.3 Placer Reporting

Phase 4.3.1 Print Estimated Congestion
INFO: [Place 30-612] Post-Placement Estimated Congestion 
 ____________________________________________________
|           | Global Congestion | Short Congestion  |
| Direction | Region Size       | Region Size       |
|___________|___________________|___________________|
|      North|                8x8|                8x8|
|___________|___________________|___________________|
|      South|                4x4|                8x8|
|___________|___________________|___________________|
|       East|              16x16|                8x8|
|___________|___________________|___________________|
|       West|              16x16|                2x2|
|___________|___________________|___________________|

Phase 4.3.1 Print Estimated Congestion | Checksum: 2b01b229b

Time (s): cpu = 00:06:30 ; elapsed = 00:02:51 . Memory (MB): peak = 4892.480 ; gain = 604.496 ; free physical = 10227 ; free virtual = 16500
Phase 4.3 Placer Reporting | Checksum: 2b01b229b

Time (s): cpu = 00:06:32 ; elapsed = 00:02:53 . Memory (MB): peak = 4892.480 ; gain = 604.496 ; free physical = 10229 ; free virtual = 16502

Phase 4.4 Final Placement Cleanup
Netlist sorting complete. Time (s): cpu = 00:00:00.01 ; elapsed = 00:00:00.01 . Memory (MB): peak = 4892.480 ; gain = 0.000 ; free physical = 10242 ; free virtual = 16515

Time (s): cpu = 00:06:32 ; elapsed = 00:02:53 . Memory (MB): peak = 4892.480 ; gain = 604.496 ; free physical = 10242 ; free virtual = 16515
Phase 4 Post Placement Optimization and Clean-Up | Checksum: 295b615d6

Time (s): cpu = 00:06:33 ; elapsed = 00:02:55 . Memory (MB): peak = 4892.480 ; gain = 604.496 ; free physical = 10242 ; free virtual = 16515
Ending Placer Task | Checksum: 19996f0a1

Time (s): cpu = 00:06:35 ; elapsed = 00:02:57 . Memory (MB): peak = 4892.480 ; gain = 604.496 ; free physical = 10291 ; free virtual = 16564
INFO: [Common 17-83] Releasing license: Implementation
61 Infos, 2 Warnings, 0 Critical Warnings and 0 Errors encountered.
place_design completed successfully
place_design: Time (s): cpu = 00:06:49 ; elapsed = 00:03:03 . Memory (MB): peak = 4892.480 ; gain = 636.512 ; free physical = 10606 ; free virtual = 16879
# puts "==> phys_opt_design..."
==> phys_opt_design...
# phys_opt_design
Command: phys_opt_design
Attempting to get a license for feature 'Implementation' and/or device 'xc7k325t'
INFO: [Common 17-349] Got license for feature 'Implementation' and/or device 'xc7k325t'
INFO: [Common 17-1540] The version limit for your license is '2025.10' and has expired for new software. A version limit expiration means that, although you may be able to continue to use the current version of tools or IP with this license, you will not be eligible for new releases.

Starting Initial Update Timing Task

Time (s): cpu = 00:00:38 ; elapsed = 00:00:12 . Memory (MB): peak = 4916.492 ; gain = 0.000 ; free physical = 10522 ; free virtual = 16795
INFO: [Vivado_Tcl 4-1435] PhysOpt_Tcl_Interface Runtime Before Starting Physical Synthesis Task | CPU: 58.25s |  WALL: 14.97s
Netlist sorting complete. Time (s): cpu = 00:00:00.02 ; elapsed = 00:00:00.01 . Memory (MB): peak = 4916.492 ; gain = 0.000 ; free physical = 10522 ; free virtual = 16795

Starting Physical Synthesis Task

Phase 1 Physical Synthesis Initialization
INFO: [Physopt 32-245] Routed nets are present in the design. phys_opt_design will optimize unrouted part of the design.
INFO: [Physopt 32-721] Multithreading enabled for phys_opt_design using a maximum of 8 CPUs
INFO: [Physopt 32-619] Estimated Timing Summary | WNS=-0.500 | TNS=-2.135 |
Phase 1 Physical Synthesis Initialization | Checksum: 24a277273

Time (s): cpu = 00:00:32 ; elapsed = 00:00:16 . Memory (MB): peak = 4996.426 ; gain = 79.934 ; free physical = 10426 ; free virtual = 16700
INFO: [Physopt 32-245] Routed nets are present in the design. phys_opt_design will optimize unrouted part of the design.
INFO: [Physopt 32-619] Estimated Timing Summary | WNS=-0.500 | TNS=-2.135 |

Phase 2 DSP Register Optimization
INFO: [Physopt 32-896] DSP i_ariane/i_cva6/ex_stage_i/fpu_gen.fpu_i/fpu_gen.i_fpnew_bulk/gen_operation_groups[0].i_opgroup_block/gen_parallel_slices[0].active_format.i_fmt_slice/gen_num_lanes[0].active_lane.lane_instance.i_fma/product is not considered for optimization due to don't touch constraint
INFO: [Physopt 32-896] DSP i_ariane/i_cva6/ex_stage_i/fpu_gen.fpu_i/fpu_gen.i_fpnew_bulk/gen_operation_groups[0].i_opgroup_block/gen_parallel_slices[0].active_format.i_fmt_slice/gen_num_lanes[0].active_lane.lane_instance.i_fma/product__0 is not considered for optimization due to don't touch constraint
INFO: [Physopt 32-896] DSP i_ariane/i_cva6/ex_stage_i/fpu_gen.fpu_i/fpu_gen.i_fpnew_bulk/gen_operation_groups[0].i_opgroup_block/gen_parallel_slices[1].active_format.i_fmt_slice/gen_num_lanes[0].active_lane.lane_instance.i_fma/product is not considered for optimization due to don't touch constraint
INFO: [Physopt 32-896] DSP i_ariane/i_cva6/ex_stage_i/fpu_gen.fpu_i/fpu_gen.i_fpnew_bulk/gen_operation_groups[0].i_opgroup_block/gen_parallel_slices[1].active_format.i_fmt_slice/gen_num_lanes[0].active_lane.lane_instance.i_fma/product__0 is not considered for optimization due to don't touch constraint
INFO: [Physopt 32-896] DSP i_ariane/i_cva6/ex_stage_i/fpu_gen.fpu_i/fpu_gen.i_fpnew_bulk/gen_operation_groups[0].i_opgroup_block/gen_parallel_slices[1].active_format.i_fmt_slice/gen_num_lanes[0].active_lane.lane_instance.i_fma/product__1 is not considered for optimization due to don't touch constraint
INFO: [Physopt 32-896] DSP i_ariane/i_cva6/ex_stage_i/fpu_gen.fpu_i/fpu_gen.i_fpnew_bulk/gen_operation_groups[0].i_opgroup_block/gen_parallel_slices[1].active_format.i_fmt_slice/gen_num_lanes[0].active_lane.lane_instance.i_fma/product__2 is not considered for optimization due to don't touch constraint
INFO: [Physopt 32-896] DSP i_ariane/i_cva6/ex_stage_i/fpu_gen.fpu_i/fpu_gen.i_fpnew_bulk/gen_operation_groups[0].i_opgroup_block/gen_parallel_slices[1].active_format.i_fmt_slice/gen_num_lanes[0].active_lane.lane_instance.i_fma/product__3 is not considered for optimization due to don't touch constraint
INFO: [Physopt 32-896] DSP i_ariane/i_cva6/ex_stage_i/fpu_gen.fpu_i/fpu_gen.i_fpnew_bulk/gen_operation_groups[0].i_opgroup_block/gen_parallel_slices[1].active_format.i_fmt_slice/gen_num_lanes[0].active_lane.lane_instance.i_fma/product__4 is not considered for optimization due to don't touch constraint
INFO: [Physopt 32-896] DSP i_ariane/i_cva6/ex_stage_i/fpu_gen.fpu_i/fpu_gen.i_fpnew_bulk/gen_operation_groups[0].i_opgroup_block/gen_parallel_slices[1].active_format.i_fmt_slice/gen_num_lanes[0].active_lane.lane_instance.i_fma/product__5 is not considered for optimization due to don't touch constraint
INFO: [Physopt 32-896] DSP i_ariane/i_cva6/ex_stage_i/fpu_gen.fpu_i/fpu_gen.i_fpnew_bulk/gen_operation_groups[0].i_opgroup_block/gen_parallel_slices[1].active_format.i_fmt_slice/gen_num_lanes[0].active_lane.lane_instance.i_fma/product__6 is not considered for optimization due to don't touch constraint
INFO: [Physopt 32-896] DSP i_ariane/i_cva6/ex_stage_i/fpu_gen.fpu_i/fpu_gen.i_fpnew_bulk/gen_operation_groups[0].i_opgroup_block/gen_parallel_slices[1].active_format.i_fmt_slice/gen_num_lanes[0].active_lane.lane_instance.i_fma/product__7 is not considered for optimization due to don't touch constraint
INFO: [Physopt 32-896] DSP i_ariane/i_cva6/ex_stage_i/i_mult/i_multiplier/mult_result_d is not considered for optimization due to don't touch constraint
INFO: [Physopt 32-896] DSP i_ariane/i_cva6/ex_stage_i/i_mult/i_multiplier/mult_result_d__0 is not considered for optimization due to don't touch constraint
INFO: [Physopt 32-896] DSP i_ariane/i_cva6/ex_stage_i/i_mult/i_multiplier/mult_result_d__1 is not considered for optimization due to don't touch constraint
INFO: [Physopt 32-896] DSP i_ariane/i_cva6/ex_stage_i/i_mult/i_multiplier/mult_result_d__10 is not considered for optimization due to don't touch constraint
INFO: [Physopt 32-896] DSP i_ariane/i_cva6/ex_stage_i/i_mult/i_multiplier/mult_result_d__11 is not considered for optimization due to don't touch constraint
INFO: [Physopt 32-896] DSP i_ariane/i_cva6/ex_stage_i/i_mult/i_multiplier/mult_result_d__12 is not considered for optimization due to don't touch constraint
INFO: [Physopt 32-896] DSP i_ariane/i_cva6/ex_stage_i/i_mult/i_multiplier/mult_result_d__13 is not considered for optimization due to don't touch constraint
INFO: [Physopt 32-896] DSP i_ariane/i_cva6/ex_stage_i/i_mult/i_multiplier/mult_result_d__14 is not considered for optimization due to don't touch constraint
INFO: [Physopt 32-896] DSP i_ariane/i_cva6/ex_stage_i/i_mult/i_multiplier/mult_result_d__2 is not considered for optimization due to don't touch constraint
INFO: [Physopt 32-896] DSP i_ariane/i_cva6/ex_stage_i/i_mult/i_multiplier/mult_result_d__3 is not considered for optimization due to don't touch constraint
INFO: [Physopt 32-896] DSP i_ariane/i_cva6/ex_stage_i/i_mult/i_multiplier/mult_result_d__4 is not considered for optimization due to don't touch constraint
INFO: [Physopt 32-896] DSP i_ariane/i_cva6/ex_stage_i/i_mult/i_multiplier/mult_result_d__5 is not considered for optimization due to don't touch constraint
INFO: [Physopt 32-896] DSP i_ariane/i_cva6/ex_stage_i/i_mult/i_multiplier/mult_result_d__6 is not considered for optimization due to don't touch constraint
INFO: [Physopt 32-896] DSP i_ariane/i_cva6/ex_stage_i/i_mult/i_multiplier/mult_result_d__7 is not considered for optimization due to don't touch constraint
INFO: [Physopt 32-896] DSP i_ariane/i_cva6/ex_stage_i/i_mult/i_multiplier/mult_result_d__8 is not considered for optimization due to don't touch constraint
INFO: [Physopt 32-896] DSP i_ariane/i_cva6/ex_stage_i/i_mult/i_multiplier/mult_result_d__9 is not considered for optimization due to don't touch constraint
INFO: [Physopt 32-456] No candidate cells for DSP register optimization found in the design.
INFO: [Physopt 32-775] End 2 Pass. Optimized 0 net or cell. Created 0 new cell, deleted 0 existing cell and moved 0 existing cell
Phase 2 DSP Register Optimization | Checksum: 24a277273

Time (s): cpu = 00:00:34 ; elapsed = 00:00:18 . Memory (MB): peak = 4996.426 ; gain = 79.934 ; free physical = 10428 ; free virtual = 16702

Phase 3 Critical Path Optimization
INFO: [Physopt 32-619] Estimated Timing Summary | WNS=-0.500 | TNS=-2.135 |
INFO: [Physopt 32-619] Estimated Timing Summary | WNS=-0.500 | TNS=-2.135 |
Phase 3 Critical Path Optimization | Checksum: 24a277273

Time (s): cpu = 00:00:36 ; elapsed = 00:00:18 . Memory (MB): peak = 4996.426 ; gain = 79.934 ; free physical = 10429 ; free virtual = 16703
Netlist sorting complete. Time (s): cpu = 00:00:00.01 ; elapsed = 00:00:00.01 . Memory (MB): peak = 4996.426 ; gain = 0.000 ; free physical = 10429 ; free virtual = 16703
INFO: [Physopt 32-603] Post Physical Optimization Timing Summary | WNS=-0.500 | TNS=-2.135 |

Summary of Physical Synthesis Optimizations
============================================


-------------------------------------------------------------------------------------------------------------------------------------------------------------
|  Optimization   |  WNS Gain (ns)  |  TNS Gain (ns)  |  Added Cells  |  Removed Cells  |  Optimized Cells/Nets  |  Dont Touch  |  Iterations  |  Elapsed   |
-------------------------------------------------------------------------------------------------------------------------------------------------------------
|  DSP Register   |          0.000  |          0.000  |            0  |              0  |                     0  |          27  |           1  |  00:00:00  |
|  Critical Path  |          0.000  |          0.000  |            0  |              0  |                     0  |           0  |           1  |  00:00:00  |
|  Total          |          0.000  |          0.000  |            0  |              0  |                     0  |          27  |           2  |  00:00:00  |
-------------------------------------------------------------------------------------------------------------------------------------------------------------


Netlist sorting complete. Time (s): cpu = 00:00:00.01 ; elapsed = 00:00:00.02 . Memory (MB): peak = 4996.426 ; gain = 0.000 ; free physical = 10439 ; free virtual = 16712
Ending Physical Synthesis Task | Checksum: 2974c9c8b

Time (s): cpu = 00:00:38 ; elapsed = 00:00:20 . Memory (MB): peak = 4996.426 ; gain = 79.934 ; free physical = 10448 ; free virtual = 16721
INFO: [Common 17-83] Releasing license: Implementation
41 Infos, 0 Warnings, 0 Critical Warnings and 0 Errors encountered.
phys_opt_design completed successfully
phys_opt_design: Time (s): cpu = 00:01:23 ; elapsed = 00:00:35 . Memory (MB): peak = 4996.426 ; gain = 103.945 ; free physical = 10560 ; free virtual = 16833
# puts "==> route_design..."
==> route_design...
# route_design -directive Explore
Command: route_design -directive Explore
Attempting to get a license for feature 'Implementation' and/or device 'xc7k325t'
INFO: [Common 17-349] Got license for feature 'Implementation' and/or device 'xc7k325t'
INFO: [Common 17-1540] The version limit for your license is '2025.10' and has expired for new software. A version limit expiration means that, although you may be able to continue to use the current version of tools or IP with this license, you will not be eligible for new releases.
Running DRC as a precondition to command route_design
INFO: [DRC 23-27] Running DRC with 8 threads
GCIO site IOB_X0Y22
GCIO site IOB_X0Y24
GCIO site IOB_X0Y26
GCIO site IOB_X0Y28
GCIO site IOB_X1Y22
GCIO site IOB_X1Y24
GCIO site IOB_X1Y26
GCIO site IOB_X1Y28
GCIO site IOB_X0Y72
GCIO site IOB_X0Y74
GCIO site IOB_X0Y76
GCIO site IOB_X0Y78
GCIO site IOB_X1Y72
GCIO site IOB_X1Y74
GCIO site IOB_X1Y76
GCIO site IOB_X1Y78
GCIO site IOB_X0Y122
GCIO site IOB_X0Y124
GCIO site IOB_X0Y126
GCIO site IOB_X0Y128
GCIO site IOB_X1Y122
GCIO site IOB_X1Y124
GCIO site IOB_X1Y126
GCIO site IOB_X1Y128
GCIO site IOB_X0Y172
GCIO site IOB_X0Y174
GCIO site IOB_X0Y176
GCIO site IOB_X0Y178
GCIO site IOB_X0Y222
GCIO site IOB_X0Y224
GCIO site IOB_X0Y226
GCIO site IOB_X0Y228
GCIO site IOB_X0Y272
GCIO site IOB_X0Y274
GCIO site IOB_X0Y276
GCIO site IOB_X0Y278
GCIO site IOB_X0Y322
GCIO site IOB_X0Y324
GCIO site IOB_X0Y326
GCIO site IOB_X0Y328
INFO: [Vivado_Tcl 4-198] DRC finished with 0 Errors, 1 Warnings
INFO: [Vivado_Tcl 4-199] Please refer to the DRC report (report_drc) for more information.


Starting Routing Task
INFO: [Route 35-270] Using Router directive 'Explore'.
INFO: [Route 35-254] Multithreading enabled for route_design using a maximum of 8 CPUs

Phase 1 Build RT Design
Checksum: PlaceDB: b6409b30 ConstDB: 0 ShapeSum: 9f1da7c9 RouteDB: 94d25215
Post Restoration Checksum: NetGraph: 9c9b151e NumContArr: 8b663684 Constraints: 642de48c Timing: 0
Phase 1 Build RT Design | Checksum: 18c2f302e

Time (s): cpu = 00:01:42 ; elapsed = 00:00:36 . Memory (MB): peak = 5028.441 ; gain = 0.000 ; free physical = 10276 ; free virtual = 16549

Phase 2 Router Initialization

Phase 2.1 Fix Topology Constraints
Phase 2.1 Fix Topology Constraints | Checksum: 18c2f302e

Time (s): cpu = 00:01:43 ; elapsed = 00:00:37 . Memory (MB): peak = 5028.441 ; gain = 0.000 ; free physical = 10198 ; free virtual = 16471

Phase 2.2 Pre Route Cleanup
Phase 2.2 Pre Route Cleanup | Checksum: 18c2f302e

Time (s): cpu = 00:01:43 ; elapsed = 00:00:38 . Memory (MB): peak = 5028.441 ; gain = 0.000 ; free physical = 10200 ; free virtual = 16473
 Number of Nodes with overlaps = 0

Phase 2.3 Update Timing
Phase 2.3 Update Timing | Checksum: 1795bde91

Time (s): cpu = 00:02:44 ; elapsed = 00:01:03 . Memory (MB): peak = 5028.441 ; gain = 0.000 ; free physical = 10086 ; free virtual = 16359
INFO: [Route 35-416] Intermediate Timing Summary | WNS=-0.588 | TNS=-3.938 | WHS=-0.147 | THS=-202.139|


Phase 2.4 Update Timing for Bus Skew

Phase 2.4.1 Update Timing
Phase 2.4.1 Update Timing | Checksum: 23b8da56a

Time (s): cpu = 00:03:16 ; elapsed = 00:01:16 . Memory (MB): peak = 5028.441 ; gain = 0.000 ; free physical = 10068 ; free virtual = 16341
INFO: [Route 35-416] Intermediate Timing Summary | WNS=-0.588 | TNS=-2.103 | WHS=N/A    | THS=N/A    |

Phase 2.4 Update Timing for Bus Skew | Checksum: 252ec445a

Time (s): cpu = 00:03:16 ; elapsed = 00:01:17 . Memory (MB): peak = 5028.441 ; gain = 0.000 ; free physical = 10071 ; free virtual = 16344

Router Utilization Summary
  Global Vertical Routing Utilization    = 0 %
  Global Horizontal Routing Utilization  = 0 %
  Routable Net Status*
  *Does not include unroutable nets such as driverless and loadless.
  Run report_route_status for detailed report.
  Number of Failed Nets               = 821
    (Failed Nets is the sum of unrouted and partially routed nets)
  Number of Unrouted Nets             = 806
  Number of Partially Routed Nets     = 15
  Number of Node Overlaps             = 0

Phase 2 Router Initialization | Checksum: 20dc0b34e

Time (s): cpu = 00:03:18 ; elapsed = 00:01:18 . Memory (MB): peak = 5028.441 ; gain = 0.000 ; free physical = 10064 ; free virtual = 16338

Phase 3 Initial Routing

Phase 3.1 Global Routing
Phase 3.1 Global Routing | Checksum: 20dc0b34e

Time (s): cpu = 00:03:18 ; elapsed = 00:01:18 . Memory (MB): peak = 5028.441 ; gain = 0.000 ; free physical = 10065 ; free virtual = 16338
WARNING: [Route 35-3387] High violations detected on bus-skew constraints. This can potentially cause WNS degradation and routing congestion.
Resolution: Please review the set_bus_skew constraints.
Phase 3 Initial Routing | Checksum: 1e30ed70e

Time (s): cpu = 00:03:20 ; elapsed = 00:01:19 . Memory (MB): peak = 5028.441 ; gain = 0.000 ; free physical = 10051 ; free virtual = 16324

Phase 4 Initial Routing Verification

Post Initial-Routing Verification
---------------------------------
CRITICAL WARNING: [Route 35-54] Net: i_ariane_peripherals/gen_dma.i_accel1/b_id_ff[5]_i_1_n_0 is not completely routed.
Resolution: Run report_route_status for more information.
INFO: [Route 35-3320] Number of nets that did not attempt to route: 141979

Unroutable connection Types:
----------------------------
Type 1 : SLICEM.B->SLICEL.SR
-----Num Open nets: 1
-----Representative Net: Net[22242] i_ariane_peripherals/gen_dma.i_accel1/b_id_ff[5]_i_1_n_0
-----SLICE_X14Y162.B -> SLICE_X4Y252.SR
-----Driver Term: i_ariane_peripherals/gen_dma.i_accel1/b_id_ff[5]_i_1/O Load Term [203096]: i_ariane_peripherals/gen_dma.i_accel1/b_id_ff_reg[3]/CLR
Type 2 : SLICEM.B->SLICEM.SR
-----Num Open nets: 6
-----Representative Net: Net[22242] i_ariane_peripherals/gen_dma.i_accel1/b_id_ff[5]_i_1_n_0
-----SLICE_X14Y162.B -> SLICE_X12Y250.SR
-----Driver Term: i_ariane_peripherals/gen_dma.i_accel1/b_id_ff[5]_i_1/O Load Term [203093]: i_ariane_peripherals/gen_dma.i_accel1/b_id_ff_reg[0]/CLR
Phase 4 Initial Routing Verification | Checksum: 1e30ed70e

Time (s): cpu = 00:03:20 ; elapsed = 00:01:19 . Memory (MB): peak = 5028.441 ; gain = 0.000 ; free physical = 10051 ; free virtual = 16324

Phase 5 Rip-up And Reroute

Phase 5.1 Global Iteration 0
 Number of Nodes with overlaps = 0
INFO: [Route 35-416] Intermediate Timing Summary | WNS=-0.588 | TNS=-3.938 | WHS=N/A    | THS=N/A    |

Phase 5.1 Global Iteration 0 | Checksum: 26676e614

Time (s): cpu = 00:04:01 ; elapsed = 00:01:45 . Memory (MB): peak = 5028.441 ; gain = 0.000 ; free physical = 9989 ; free virtual = 16262
Phase 5 Rip-up And Reroute | Checksum: 26676e614

Time (s): cpu = 00:04:02 ; elapsed = 00:01:46 . Memory (MB): peak = 5028.441 ; gain = 0.000 ; free physical = 10000 ; free virtual = 16273

Phase 6 Delay and Skew Optimization

Phase 6.1 Delay CleanUp

Phase 6.1.1 Update Timing
Phase 6.1.1 Update Timing | Checksum: 1b595fd78

Time (s): cpu = 00:04:27 ; elapsed = 00:01:59 . Memory (MB): peak = 5028.441 ; gain = 0.000 ; free physical = 9998 ; free virtual = 16272
INFO: [Route 35-416] Intermediate Timing Summary | WNS=-0.501 | TNS=-2.157 | WHS=N/A    | THS=N/A    |

 Number of Nodes with overlaps = 0
Phase 6.1 Delay CleanUp | Checksum: 2783201eb

Time (s): cpu = 00:04:30 ; elapsed = 00:02:00 . Memory (MB): peak = 5028.441 ; gain = 0.000 ; free physical = 9993 ; free virtual = 16266

Phase 6.2 Clock Skew Optimization
Phase 6.2 Clock Skew Optimization | Checksum: 2783201eb

Time (s): cpu = 00:04:30 ; elapsed = 00:02:00 . Memory (MB): peak = 5028.441 ; gain = 0.000 ; free physical = 9993 ; free virtual = 16266
Phase 6 Delay and Skew Optimization | Checksum: 2783201eb

Time (s): cpu = 00:04:31 ; elapsed = 00:02:01 . Memory (MB): peak = 5028.441 ; gain = 0.000 ; free physical = 9995 ; free virtual = 16269

Phase 7 Post Hold Fix

Phase 7.1 Hold Fix Iter

Phase 7.1.1 Update Timing
Phase 7.1.1 Update Timing | Checksum: 27e243a02

Time (s): cpu = 00:04:48 ; elapsed = 00:02:11 . Memory (MB): peak = 5028.441 ; gain = 0.000 ; free physical = 10045 ; free virtual = 16318
INFO: [Route 35-416] Intermediate Timing Summary | WNS=-0.501 | TNS=-2.157 | WHS=0.050  | THS=0.000  |

Phase 7.1 Hold Fix Iter | Checksum: 29f31caba

Time (s): cpu = 00:04:48 ; elapsed = 00:02:11 . Memory (MB): peak = 5028.441 ; gain = 0.000 ; free physical = 10046 ; free virtual = 16319
Phase 7 Post Hold Fix | Checksum: 29f31caba

Time (s): cpu = 00:04:49 ; elapsed = 00:02:12 . Memory (MB): peak = 5028.441 ; gain = 0.000 ; free physical = 10048 ; free virtual = 16321

Phase 8 Timing Verification

Phase 8.1 Update Timing
Phase 8.1 Update Timing | Checksum: 243eb80c8

Time (s): cpu = 00:05:15 ; elapsed = 00:02:25 . Memory (MB): peak = 5028.441 ; gain = 0.000 ; free physical = 10042 ; free virtual = 16315
INFO: [Route 35-416] Intermediate Timing Summary | WNS=-0.501 | TNS=-2.157 | WHS=N/A    | THS=N/A    |

Phase 8 Timing Verification | Checksum: 243eb80c8

Time (s): cpu = 00:05:15 ; elapsed = 00:02:25 . Memory (MB): peak = 5028.441 ; gain = 0.000 ; free physical = 10043 ; free virtual = 16316

Phase 9 Route finalize

Router Utilization Summary
  Global Vertical Routing Utilization    = 0.0127119 %
  Global Horizontal Routing Utilization  = 0.0132006 %
  Routable Net Status*
  *Does not include unroutable nets such as driverless and loadless.
  Run report_route_status for detailed report.
  Number of Failed Nets               = 1
    (Failed Nets is the sum of unrouted and partially routed nets)
  Number of Unrouted Nets             = 0
  Number of Partially Routed Nets     = 1
  Number of Node Overlaps             = 0

Congestion Report
North Dir 1x1 Area, Max Cong = 17.6471%, No Congested Regions.
South Dir 1x1 Area, Max Cong = 20%, No Congested Regions.
East Dir 1x1 Area, Max Cong = 15%, No Congested Regions.
West Dir 1x1 Area, Max Cong = 28%, No Congested Regions.

------------------------------
Reporting congestion hotspots
------------------------------
Direction: North
----------------
Congested clusters found at Level 0
Effective congestion level: 0 Aspect Ratio: 1 Sparse Ratio: 0
Direction: South
----------------
Congested clusters found at Level 0
Effective congestion level: 0 Aspect Ratio: 1 Sparse Ratio: 0
Direction: East
----------------
Congested clusters found at Level 0
Effective congestion level: 0 Aspect Ratio: 1 Sparse Ratio: 0
Direction: West
----------------
Congested clusters found at Level 0
Effective congestion level: 0 Aspect Ratio: 1 Sparse Ratio: 0

Phase 9 Route finalize | Checksum: 243eb80c8

Time (s): cpu = 00:05:16 ; elapsed = 00:02:25 . Memory (MB): peak = 5028.441 ; gain = 0.000 ; free physical = 10043 ; free virtual = 16316

Phase 10 Verifying routed nets
CRITICAL WARNING: [Route 35-54] Net: i_ariane_peripherals/gen_dma.i_accel1/b_id_ff[5]_i_1_n_0 is not completely routed.
Resolution: Run report_route_status for more information.
CRITICAL WARNING: [Route 35-8] Design has 7 unrouted pins, that are still reachable.

 Verification failed
Phase 10 Verifying routed nets | Checksum: 243eb80c8

Time (s): cpu = 00:05:17 ; elapsed = 00:02:26 . Memory (MB): peak = 5028.441 ; gain = 0.000 ; free physical = 10041 ; free virtual = 16315
CRITICAL WARNING: [Route 35-1] Design is not completely routed. There is  1  net that is not completely routed.

Phase 11 Depositing Routes
Phase 11 Depositing Routes | Checksum: 239b79a78

Time (s): cpu = 00:05:26 ; elapsed = 00:02:34 . Memory (MB): peak = 5028.441 ; gain = 0.000 ; free physical = 10031 ; free virtual = 16304
INFO: [Route 35-77] Router completed with failures. Please check the log file for Critical Warnings and run report_route_status for a summary of routing status.

Time (s): cpu = 00:05:56 ; elapsed = 00:02:49 . Memory (MB): peak = 5028.441 ; gain = 0.000 ; free physical = 10430 ; free virtual = 16703

Routing Is Done.
INFO: [Common 17-83] Releasing license: Implementation
16 Infos, 1 Warnings, 4 Critical Warnings and 0 Errors encountered.
route_design completed successfully
route_design: Time (s): cpu = 00:06:08 ; elapsed = 00:02:55 . Memory (MB): peak = 5028.441 ; gain = 32.016 ; free physical = 10430 ; free virtual = 16703
# write_bitstream -force $work_dpr/full_${rm_name}.bit
Command: write_bitstream -force /home/jc/tmp/riscv-iommu-demo/cva6/corev_apu/fpga/work-dpr/3_build_B_dpr/full_accel_default.bit
Attempting to get a license for feature 'Implementation' and/or device 'xc7k325t'
INFO: [Common 17-349] Got license for feature 'Implementation' and/or device 'xc7k325t'
INFO: [Common 17-1540] The version limit for your license is '2025.10' and has expired for new software. A version limit expiration means that, although you may be able to continue to use the current version of tools or IP with this license, you will not be eligible for new releases.
Running DRC as a precondition to command write_bitstream
INFO: [IP_Flow 19-234] Refreshing IP repositories
INFO: [IP_Flow 19-1704] No user IP repositories specified
INFO: [IP_Flow 19-2313] Loaded Vivado IP repository '/tools/Xilinx/Vivado/2022.2/data/ip'.
INFO: [DRC 23-27] Running DRC with 8 threads
GCIO site IOB_X0Y22
GCIO site IOB_X0Y24
GCIO site IOB_X0Y26
GCIO site IOB_X0Y28
GCIO site IOB_X1Y22
GCIO site IOB_X1Y24
GCIO site IOB_X1Y26
GCIO site IOB_X1Y28
GCIO site IOB_X0Y72
GCIO site IOB_X0Y74
GCIO site IOB_X0Y76
GCIO site IOB_X0Y78
GCIO site IOB_X1Y72
GCIO site IOB_X1Y74
GCIO site IOB_X1Y76
GCIO site IOB_X1Y78
GCIO site IOB_X0Y122
GCIO site IOB_X0Y124
GCIO site IOB_X0Y126
GCIO site IOB_X0Y128
GCIO site IOB_X1Y122
GCIO site IOB_X1Y124
GCIO site IOB_X1Y126
GCIO site IOB_X1Y128
GCIO site IOB_X0Y172
GCIO site IOB_X0Y174
GCIO site IOB_X0Y176
GCIO site IOB_X0Y178
GCIO site IOB_X0Y222
GCIO site IOB_X0Y224
GCIO site IOB_X0Y226
GCIO site IOB_X0Y228
GCIO site IOB_X0Y272
GCIO site IOB_X0Y274
GCIO site IOB_X0Y276
GCIO site IOB_X0Y278
GCIO site IOB_X0Y322
GCIO site IOB_X0Y324
GCIO site IOB_X0Y326
GCIO site IOB_X0Y328
WARNING: [DRC 23-804] Only the first 20 REQP-1839 messages were issued by report_drc. An additional 1 messages have not been issued. Use 'set_property MAX_MESSAGES <number> [get_drc_check REQP-1839]' to change the number of messages that should be reported.
ERROR: [DRC RTSTAT-2] Partially routed nets: 1 net(s) are partially routed. The problem bus(es) and/or net(s) are i_ariane_peripherals/gen_dma.i_accel1/b_id_ff[5]_i_1_n_0.
WARNING: [DRC CFGBVS-1] Missing CFGBVS and CONFIG_VOLTAGE Design Properties: Neither the CFGBVS nor CONFIG_VOLTAGE voltage property is set in the current_design.  Configuration bank voltage select (CFGBVS) must be set to VCCO or GND, and CONFIG_VOLTAGE must be set to the correct configuration voltage, in order to determine the I/O voltage support for the pins in bank 0.  It is suggested to specify these either using the 'Edit Device Properties' function in the GUI or directly in the XDC file using the following syntax:

 set_property CFGBVS value1 [current_design]
 #where value1 is either VCCO or GND

 set_property CONFIG_VOLTAGE value2 [current_design]
 #where value2 is the voltage provided to configuration bank 0

Refer to the device configuration user guide for more information.
WARNING: [DRC CHECK-3] Report rule limit reached: REQP-1839 rule limit reached: 20 violations have been found.
WARNING: [DRC CHECK-3] Report rule limit reached: REQP-1839 rule limit reached: 20 violations have been found.
WARNING: [DRC DPIP-1] Input pipelining: DSP i_ariane/i_cva6/ex_stage_i/fpu_gen.fpu_i/fpu_gen.i_fpnew_bulk/gen_operation_groups[0].i_opgroup_block/gen_parallel_slices[0].active_format.i_fmt_slice/gen_num_lanes[0].active_lane.lane_instance.i_fma/product input i_ariane/i_cva6/ex_stage_i/fpu_gen.fpu_i/fpu_gen.i_fpnew_bulk/gen_operation_groups[0].i_opgroup_block/gen_parallel_slices[0].active_format.i_fmt_slice/gen_num_lanes[0].active_lane.lane_instance.i_fma/product/A[29:0] is not pipelined. Pipelining DSP48 input will improve performance.
WARNING: [DRC DPIP-1] Input pipelining: DSP i_ariane/i_cva6/ex_stage_i/fpu_gen.fpu_i/fpu_gen.i_fpnew_bulk/gen_operation_groups[0].i_opgroup_block/gen_parallel_slices[0].active_format.i_fmt_slice/gen_num_lanes[0].active_lane.lane_instance.i_fma/product input i_ariane/i_cva6/ex_stage_i/fpu_gen.fpu_i/fpu_gen.i_fpnew_bulk/gen_operation_groups[0].i_opgroup_block/gen_parallel_slices[0].active_format.i_fmt_slice/gen_num_lanes[0].active_lane.lane_instance.i_fma/product/B[17:0] is not pipelined. Pipelining DSP48 input will improve performance.
WARNING: [DRC DPIP-1] Input pipelining: DSP i_ariane/i_cva6/ex_stage_i/fpu_gen.fpu_i/fpu_gen.i_fpnew_bulk/gen_operation_groups[0].i_opgroup_block/gen_parallel_slices[0].active_format.i_fmt_slice/gen_num_lanes[0].active_lane.lane_instance.i_fma/product__0 input i_ariane/i_cva6/ex_stage_i/fpu_gen.fpu_i/fpu_gen.i_fpnew_bulk/gen_operation_groups[0].i_opgroup_block/gen_parallel_slices[0].active_format.i_fmt_slice/gen_num_lanes[0].active_lane.lane_instance.i_fma/product__0/B[17:0] is not pipelined. Pipelining DSP48 input will improve performance.
WARNING: [DRC DPIP-1] Input pipelining: DSP i_ariane/i_cva6/ex_stage_i/fpu_gen.fpu_i/fpu_gen.i_fpnew_bulk/gen_operation_groups[0].i_opgroup_block/gen_parallel_slices[1].active_format.i_fmt_slice/gen_num_lanes[0].active_lane.lane_instance.i_fma/product input i_ariane/i_cva6/ex_stage_i/fpu_gen.fpu_i/fpu_gen.i_fpnew_bulk/gen_operation_groups[0].i_opgroup_block/gen_parallel_slices[1].active_format.i_fmt_slice/gen_num_lanes[0].active_lane.lane_instance.i_fma/product/A[29:0] is not pipelined. Pipelining DSP48 input will improve performance.
WARNING: [DRC DPIP-1] Input pipelining: DSP i_ariane/i_cva6/ex_stage_i/fpu_gen.fpu_i/fpu_gen.i_fpnew_bulk/gen_operation_groups[0].i_opgroup_block/gen_parallel_slices[1].active_format.i_fmt_slice/gen_num_lanes[0].active_lane.lane_instance.i_fma/product input i_ariane/i_cva6/ex_stage_i/fpu_gen.fpu_i/fpu_gen.i_fpnew_bulk/gen_operation_groups[0].i_opgroup_block/gen_parallel_slices[1].active_format.i_fmt_slice/gen_num_lanes[0].active_lane.lane_instance.i_fma/product/B[17:0] is not pipelined. Pipelining DSP48 input will improve performance.
WARNING: [DRC DPIP-1] Input pipelining: DSP i_ariane/i_cva6/ex_stage_i/fpu_gen.fpu_i/fpu_gen.i_fpnew_bulk/gen_operation_groups[0].i_opgroup_block/gen_parallel_slices[1].active_format.i_fmt_slice/gen_num_lanes[0].active_lane.lane_instance.i_fma/product__0 input i_ariane/i_cva6/ex_stage_i/fpu_gen.fpu_i/fpu_gen.i_fpnew_bulk/gen_operation_groups[0].i_opgroup_block/gen_parallel_slices[1].active_format.i_fmt_slice/gen_num_lanes[0].active_lane.lane_instance.i_fma/product__0/A[29:0] is not pipelined. Pipelining DSP48 input will improve performance.
WARNING: [DRC DPIP-1] Input pipelining: DSP i_ariane/i_cva6/ex_stage_i/fpu_gen.fpu_i/fpu_gen.i_fpnew_bulk/gen_operation_groups[0].i_opgroup_block/gen_parallel_slices[1].active_format.i_fmt_slice/gen_num_lanes[0].active_lane.lane_instance.i_fma/product__0 input i_ariane/i_cva6/ex_stage_i/fpu_gen.fpu_i/fpu_gen.i_fpnew_bulk/gen_operation_groups[0].i_opgroup_block/gen_parallel_slices[1].active_format.i_fmt_slice/gen_num_lanes[0].active_lane.lane_instance.i_fma/product__0/B[17:0] is not pipelined. Pipelining DSP48 input will improve performance.
WARNING: [DRC DPIP-1] Input pipelining: DSP i_ariane/i_cva6/ex_stage_i/fpu_gen.fpu_i/fpu_gen.i_fpnew_bulk/gen_operation_groups[0].i_opgroup_block/gen_parallel_slices[1].active_format.i_fmt_slice/gen_num_lanes[0].active_lane.lane_instance.i_fma/product__1 input i_ariane/i_cva6/ex_stage_i/fpu_gen.fpu_i/fpu_gen.i_fpnew_bulk/gen_operation_groups[0].i_opgroup_block/gen_parallel_slices[1].active_format.i_fmt_slice/gen_num_lanes[0].active_lane.lane_instance.i_fma/product__1/A[29:0] is not pipelined. Pipelining DSP48 input will improve performance.
WARNING: [DRC DPIP-1] Input pipelining: DSP i_ariane/i_cva6/ex_stage_i/fpu_gen.fpu_i/fpu_gen.i_fpnew_bulk/gen_operation_groups[0].i_opgroup_block/gen_parallel_slices[1].active_format.i_fmt_slice/gen_num_lanes[0].active_lane.lane_instance.i_fma/product__1 input i_ariane/i_cva6/ex_stage_i/fpu_gen.fpu_i/fpu_gen.i_fpnew_bulk/gen_operation_groups[0].i_opgroup_block/gen_parallel_slices[1].active_format.i_fmt_slice/gen_num_lanes[0].active_lane.lane_instance.i_fma/product__1/B[17:0] is not pipelined. Pipelining DSP48 input will improve performance.
WARNING: [DRC DPIP-1] Input pipelining: DSP i_ariane/i_cva6/ex_stage_i/fpu_gen.fpu_i/fpu_gen.i_fpnew_bulk/gen_operation_groups[0].i_opgroup_block/gen_parallel_slices[1].active_format.i_fmt_slice/gen_num_lanes[0].active_lane.lane_instance.i_fma/product__2 input i_ariane/i_cva6/ex_stage_i/fpu_gen.fpu_i/fpu_gen.i_fpnew_bulk/gen_operation_groups[0].i_opgroup_block/gen_parallel_slices[1].active_format.i_fmt_slice/gen_num_lanes[0].active_lane.lane_instance.i_fma/product__2/A[29:0] is not pipelined. Pipelining DSP48 input will improve performance.
WARNING: [DRC DPIP-1] Input pipelining: DSP i_ariane/i_cva6/ex_stage_i/fpu_gen.fpu_i/fpu_gen.i_fpnew_bulk/gen_operation_groups[0].i_opgroup_block/gen_parallel_slices[1].active_format.i_fmt_slice/gen_num_lanes[0].active_lane.lane_instance.i_fma/product__2 input i_ariane/i_cva6/ex_stage_i/fpu_gen.fpu_i/fpu_gen.i_fpnew_bulk/gen_operation_groups[0].i_opgroup_block/gen_parallel_slices[1].active_format.i_fmt_slice/gen_num_lanes[0].active_lane.lane_instance.i_fma/product__2/B[17:0] is not pipelined. Pipelining DSP48 input will improve performance.
WARNING: [DRC DPIP-1] Input pipelining: DSP i_ariane/i_cva6/ex_stage_i/fpu_gen.fpu_i/fpu_gen.i_fpnew_bulk/gen_operation_groups[0].i_opgroup_block/gen_parallel_slices[1].active_format.i_fmt_slice/gen_num_lanes[0].active_lane.lane_instance.i_fma/product__3 input i_ariane/i_cva6/ex_stage_i/fpu_gen.fpu_i/fpu_gen.i_fpnew_bulk/gen_operation_groups[0].i_opgroup_block/gen_parallel_slices[1].active_format.i_fmt_slice/gen_num_lanes[0].active_lane.lane_instance.i_fma/product__3/A[29:0] is not pipelined. Pipelining DSP48 input will improve performance.
WARNING: [DRC DPIP-1] Input pipelining: DSP i_ariane/i_cva6/ex_stage_i/fpu_gen.fpu_i/fpu_gen.i_fpnew_bulk/gen_operation_groups[0].i_opgroup_block/gen_parallel_slices[1].active_format.i_fmt_slice/gen_num_lanes[0].active_lane.lane_instance.i_fma/product__3 input i_ariane/i_cva6/ex_stage_i/fpu_gen.fpu_i/fpu_gen.i_fpnew_bulk/gen_operation_groups[0].i_opgroup_block/gen_parallel_slices[1].active_format.i_fmt_slice/gen_num_lanes[0].active_lane.lane_instance.i_fma/product__3/B[17:0] is not pipelined. Pipelining DSP48 input will improve performance.
WARNING: [DRC DPIP-1] Input pipelining: DSP i_ariane/i_cva6/ex_stage_i/fpu_gen.fpu_i/fpu_gen.i_fpnew_bulk/gen_operation_groups[0].i_opgroup_block/gen_parallel_slices[1].active_format.i_fmt_slice/gen_num_lanes[0].active_lane.lane_instance.i_fma/product__4 input i_ariane/i_cva6/ex_stage_i/fpu_gen.fpu_i/fpu_gen.i_fpnew_bulk/gen_operation_groups[0].i_opgroup_block/gen_parallel_slices[1].active_format.i_fmt_slice/gen_num_lanes[0].active_lane.lane_instance.i_fma/product__4/A[29:0] is not pipelined. Pipelining DSP48 input will improve performance.
WARNING: [DRC DPIP-1] Input pipelining: DSP i_ariane/i_cva6/ex_stage_i/fpu_gen.fpu_i/fpu_gen.i_fpnew_bulk/gen_operation_groups[0].i_opgroup_block/gen_parallel_slices[1].active_format.i_fmt_slice/gen_num_lanes[0].active_lane.lane_instance.i_fma/product__4 input i_ariane/i_cva6/ex_stage_i/fpu_gen.fpu_i/fpu_gen.i_fpnew_bulk/gen_operation_groups[0].i_opgroup_block/gen_parallel_slices[1].active_format.i_fmt_slice/gen_num_lanes[0].active_lane.lane_instance.i_fma/product__4/B[17:0] is not pipelined. Pipelining DSP48 input will improve performance.
WARNING: [DRC DPIP-1] Input pipelining: DSP i_ariane/i_cva6/ex_stage_i/fpu_gen.fpu_i/fpu_gen.i_fpnew_bulk/gen_operation_groups[0].i_opgroup_block/gen_parallel_slices[1].active_format.i_fmt_slice/gen_num_lanes[0].active_lane.lane_instance.i_fma/product__5 input i_ariane/i_cva6/ex_stage_i/fpu_gen.fpu_i/fpu_gen.i_fpnew_bulk/gen_operation_groups[0].i_opgroup_block/gen_parallel_slices[1].active_format.i_fmt_slice/gen_num_lanes[0].active_lane.lane_instance.i_fma/product__5/A[29:0] is not pipelined. Pipelining DSP48 input will improve performance.
WARNING: [DRC DPIP-1] Input pipelining: DSP i_ariane/i_cva6/ex_stage_i/fpu_gen.fpu_i/fpu_gen.i_fpnew_bulk/gen_operation_groups[0].i_opgroup_block/gen_parallel_slices[1].active_format.i_fmt_slice/gen_num_lanes[0].active_lane.lane_instance.i_fma/product__5 input i_ariane/i_cva6/ex_stage_i/fpu_gen.fpu_i/fpu_gen.i_fpnew_bulk/gen_operation_groups[0].i_opgroup_block/gen_parallel_slices[1].active_format.i_fmt_slice/gen_num_lanes[0].active_lane.lane_instance.i_fma/product__5/B[17:0] is not pipelined. Pipelining DSP48 input will improve performance.
WARNING: [DRC DPIP-1] Input pipelining: DSP i_ariane/i_cva6/ex_stage_i/fpu_gen.fpu_i/fpu_gen.i_fpnew_bulk/gen_operation_groups[0].i_opgroup_block/gen_parallel_slices[1].active_format.i_fmt_slice/gen_num_lanes[0].active_lane.lane_instance.i_fma/product__6 input i_ariane/i_cva6/ex_stage_i/fpu_gen.fpu_i/fpu_gen.i_fpnew_bulk/gen_operation_groups[0].i_opgroup_block/gen_parallel_slices[1].active_format.i_fmt_slice/gen_num_lanes[0].active_lane.lane_instance.i_fma/product__6/A[29:0] is not pipelined. Pipelining DSP48 input will improve performance.
WARNING: [DRC DPIP-1] Input pipelining: DSP i_ariane/i_cva6/ex_stage_i/fpu_gen.fpu_i/fpu_gen.i_fpnew_bulk/gen_operation_groups[0].i_opgroup_block/gen_parallel_slices[1].active_format.i_fmt_slice/gen_num_lanes[0].active_lane.lane_instance.i_fma/product__6 input i_ariane/i_cva6/ex_stage_i/fpu_gen.fpu_i/fpu_gen.i_fpnew_bulk/gen_operation_groups[0].i_opgroup_block/gen_parallel_slices[1].active_format.i_fmt_slice/gen_num_lanes[0].active_lane.lane_instance.i_fma/product__6/B[17:0] is not pipelined. Pipelining DSP48 input will improve performance.
WARNING: [DRC DPIP-1] Input pipelining: DSP i_ariane/i_cva6/ex_stage_i/fpu_gen.fpu_i/fpu_gen.i_fpnew_bulk/gen_operation_groups[0].i_opgroup_block/gen_parallel_slices[1].active_format.i_fmt_slice/gen_num_lanes[0].active_lane.lane_instance.i_fma/product__7 input i_ariane/i_cva6/ex_stage_i/fpu_gen.fpu_i/fpu_gen.i_fpnew_bulk/gen_operation_groups[0].i_opgroup_block/gen_parallel_slices[1].active_format.i_fmt_slice/gen_num_lanes[0].active_lane.lane_instance.i_fma/product__7/A[29:0] is not pipelined. Pipelining DSP48 input will improve performance.
WARNING: [DRC DPIP-1] Input pipelining: DSP i_ariane/i_cva6/ex_stage_i/fpu_gen.fpu_i/fpu_gen.i_fpnew_bulk/gen_operation_groups[0].i_opgroup_block/gen_parallel_slices[1].active_format.i_fmt_slice/gen_num_lanes[0].active_lane.lane_instance.i_fma/product__7 input i_ariane/i_cva6/ex_stage_i/fpu_gen.fpu_i/fpu_gen.i_fpnew_bulk/gen_operation_groups[0].i_opgroup_block/gen_parallel_slices[1].active_format.i_fmt_slice/gen_num_lanes[0].active_lane.lane_instance.i_fma/product__7/B[17:0] is not pipelined. Pipelining DSP48 input will improve performance.
WARNING: [DRC DPIP-1] Input pipelining: DSP i_ariane/i_cva6/ex_stage_i/i_mult/i_multiplier/mult_result_d input i_ariane/i_cva6/ex_stage_i/i_mult/i_multiplier/mult_result_d/A[29:0] is not pipelined. Pipelining DSP48 input will improve performance.
WARNING: [DRC DPIP-1] Input pipelining: DSP i_ariane/i_cva6/ex_stage_i/i_mult/i_multiplier/mult_result_d input i_ariane/i_cva6/ex_stage_i/i_mult/i_multiplier/mult_result_d/B[17:0] is not pipelined. Pipelining DSP48 input will improve performance.
WARNING: [DRC DPIP-1] Input pipelining: DSP i_ariane/i_cva6/ex_stage_i/i_mult/i_multiplier/mult_result_d__0 input i_ariane/i_cva6/ex_stage_i/i_mult/i_multiplier/mult_result_d__0/A[29:0] is not pipelined. Pipelining DSP48 input will improve performance.
WARNING: [DRC DPIP-1] Input pipelining: DSP i_ariane/i_cva6/ex_stage_i/i_mult/i_multiplier/mult_result_d__0 input i_ariane/i_cva6/ex_stage_i/i_mult/i_multiplier/mult_result_d__0/B[17:0] is not pipelined. Pipelining DSP48 input will improve performance.
WARNING: [DRC DPIP-1] Input pipelining: DSP i_ariane/i_cva6/ex_stage_i/i_mult/i_multiplier/mult_result_d__1 input i_ariane/i_cva6/ex_stage_i/i_mult/i_multiplier/mult_result_d__1/A[29:0] is not pipelined. Pipelining DSP48 input will improve performance.
WARNING: [DRC DPIP-1] Input pipelining: DSP i_ariane/i_cva6/ex_stage_i/i_mult/i_multiplier/mult_result_d__1 input i_ariane/i_cva6/ex_stage_i/i_mult/i_multiplier/mult_result_d__1/B[17:0] is not pipelined. Pipelining DSP48 input will improve performance.
WARNING: [DRC DPIP-1] Input pipelining: DSP i_ariane/i_cva6/ex_stage_i/i_mult/i_multiplier/mult_result_d__10 input i_ariane/i_cva6/ex_stage_i/i_mult/i_multiplier/mult_result_d__10/A[29:0] is not pipelined. Pipelining DSP48 input will improve performance.
WARNING: [DRC DPIP-1] Input pipelining: DSP i_ariane/i_cva6/ex_stage_i/i_mult/i_multiplier/mult_result_d__10 input i_ariane/i_cva6/ex_stage_i/i_mult/i_multiplier/mult_result_d__10/B[17:0] is not pipelined. Pipelining DSP48 input will improve performance.
WARNING: [DRC DPIP-1] Input pipelining: DSP i_ariane/i_cva6/ex_stage_i/i_mult/i_multiplier/mult_result_d__11 input i_ariane/i_cva6/ex_stage_i/i_mult/i_multiplier/mult_result_d__11/A[29:0] is not pipelined. Pipelining DSP48 input will improve performance.
WARNING: [DRC DPIP-1] Input pipelining: DSP i_ariane/i_cva6/ex_stage_i/i_mult/i_multiplier/mult_result_d__11 input i_ariane/i_cva6/ex_stage_i/i_mult/i_multiplier/mult_result_d__11/B[17:0] is not pipelined. Pipelining DSP48 input will improve performance.
WARNING: [DRC DPIP-1] Input pipelining: DSP i_ariane/i_cva6/ex_stage_i/i_mult/i_multiplier/mult_result_d__12 input i_ariane/i_cva6/ex_stage_i/i_mult/i_multiplier/mult_result_d__12/A[29:0] is not pipelined. Pipelining DSP48 input will improve performance.
WARNING: [DRC DPIP-1] Input pipelining: DSP i_ariane/i_cva6/ex_stage_i/i_mult/i_multiplier/mult_result_d__12 input i_ariane/i_cva6/ex_stage_i/i_mult/i_multiplier/mult_result_d__12/B[17:0] is not pipelined. Pipelining DSP48 input will improve performance.
WARNING: [DRC DPIP-1] Input pipelining: DSP i_ariane/i_cva6/ex_stage_i/i_mult/i_multiplier/mult_result_d__13 input i_ariane/i_cva6/ex_stage_i/i_mult/i_multiplier/mult_result_d__13/A[29:0] is not pipelined. Pipelining DSP48 input will improve performance.
WARNING: [DRC DPIP-1] Input pipelining: DSP i_ariane/i_cva6/ex_stage_i/i_mult/i_multiplier/mult_result_d__13 input i_ariane/i_cva6/ex_stage_i/i_mult/i_multiplier/mult_result_d__13/B[17:0] is not pipelined. Pipelining DSP48 input will improve performance.
WARNING: [DRC DPIP-1] Input pipelining: DSP i_ariane/i_cva6/ex_stage_i/i_mult/i_multiplier/mult_result_d__14 input i_ariane/i_cva6/ex_stage_i/i_mult/i_multiplier/mult_result_d__14/A[29:0] is not pipelined. Pipelining DSP48 input will improve performance.
WARNING: [DRC DPIP-1] Input pipelining: DSP i_ariane/i_cva6/ex_stage_i/i_mult/i_multiplier/mult_result_d__14 input i_ariane/i_cva6/ex_stage_i/i_mult/i_multiplier/mult_result_d__14/B[17:0] is not pipelined. Pipelining DSP48 input will improve performance.
WARNING: [DRC DPIP-1] Input pipelining: DSP i_ariane/i_cva6/ex_stage_i/i_mult/i_multiplier/mult_result_d__2 input i_ariane/i_cva6/ex_stage_i/i_mult/i_multiplier/mult_result_d__2/A[29:0] is not pipelined. Pipelining DSP48 input will improve performance.
WARNING: [DRC DPIP-1] Input pipelining: DSP i_ariane/i_cva6/ex_stage_i/i_mult/i_multiplier/mult_result_d__2 input i_ariane/i_cva6/ex_stage_i/i_mult/i_multiplier/mult_result_d__2/B[17:0] is not pipelined. Pipelining DSP48 input will improve performance.
WARNING: [DRC DPIP-1] Input pipelining: DSP i_ariane/i_cva6/ex_stage_i/i_mult/i_multiplier/mult_result_d__3 input i_ariane/i_cva6/ex_stage_i/i_mult/i_multiplier/mult_result_d__3/A[29:0] is not pipelined. Pipelining DSP48 input will improve performance.
WARNING: [DRC DPIP-1] Input pipelining: DSP i_ariane/i_cva6/ex_stage_i/i_mult/i_multiplier/mult_result_d__3 input i_ariane/i_cva6/ex_stage_i/i_mult/i_multiplier/mult_result_d__3/B[17:0] is not pipelined. Pipelining DSP48 input will improve performance.
WARNING: [DRC DPIP-1] Input pipelining: DSP i_ariane/i_cva6/ex_stage_i/i_mult/i_multiplier/mult_result_d__4 input i_ariane/i_cva6/ex_stage_i/i_mult/i_multiplier/mult_result_d__4/A[29:0] is not pipelined. Pipelining DSP48 input will improve performance.
WARNING: [DRC DPIP-1] Input pipelining: DSP i_ariane/i_cva6/ex_stage_i/i_mult/i_multiplier/mult_result_d__4 input i_ariane/i_cva6/ex_stage_i/i_mult/i_multiplier/mult_result_d__4/B[17:0] is not pipelined. Pipelining DSP48 input will improve performance.
WARNING: [DRC DPIP-1] Input pipelining: DSP i_ariane/i_cva6/ex_stage_i/i_mult/i_multiplier/mult_result_d__5 input i_ariane/i_cva6/ex_stage_i/i_mult/i_multiplier/mult_result_d__5/A[29:0] is not pipelined. Pipelining DSP48 input will improve performance.
WARNING: [DRC DPIP-1] Input pipelining: DSP i_ariane/i_cva6/ex_stage_i/i_mult/i_multiplier/mult_result_d__5 input i_ariane/i_cva6/ex_stage_i/i_mult/i_multiplier/mult_result_d__5/B[17:0] is not pipelined. Pipelining DSP48 input will improve performance.
WARNING: [DRC DPIP-1] Input pipelining: DSP i_ariane/i_cva6/ex_stage_i/i_mult/i_multiplier/mult_result_d__6 input i_ariane/i_cva6/ex_stage_i/i_mult/i_multiplier/mult_result_d__6/A[29:0] is not pipelined. Pipelining DSP48 input will improve performance.
WARNING: [DRC DPIP-1] Input pipelining: DSP i_ariane/i_cva6/ex_stage_i/i_mult/i_multiplier/mult_result_d__6 input i_ariane/i_cva6/ex_stage_i/i_mult/i_multiplier/mult_result_d__6/B[17:0] is not pipelined. Pipelining DSP48 input will improve performance.
WARNING: [DRC DPIP-1] Input pipelining: DSP i_ariane/i_cva6/ex_stage_i/i_mult/i_multiplier/mult_result_d__7 input i_ariane/i_cva6/ex_stage_i/i_mult/i_multiplier/mult_result_d__7/A[29:0] is not pipelined. Pipelining DSP48 input will improve performance.
WARNING: [DRC DPIP-1] Input pipelining: DSP i_ariane/i_cva6/ex_stage_i/i_mult/i_multiplier/mult_result_d__7 input i_ariane/i_cva6/ex_stage_i/i_mult/i_multiplier/mult_result_d__7/B[17:0] is not pipelined. Pipelining DSP48 input will improve performance.
WARNING: [DRC DPIP-1] Input pipelining: DSP i_ariane/i_cva6/ex_stage_i/i_mult/i_multiplier/mult_result_d__8 input i_ariane/i_cva6/ex_stage_i/i_mult/i_multiplier/mult_result_d__8/A[29:0] is not pipelined. Pipelining DSP48 input will improve performance.
WARNING: [DRC DPIP-1] Input pipelining: DSP i_ariane/i_cva6/ex_stage_i/i_mult/i_multiplier/mult_result_d__8 input i_ariane/i_cva6/ex_stage_i/i_mult/i_multiplier/mult_result_d__8/B[17:0] is not pipelined. Pipelining DSP48 input will improve performance.
WARNING: [DRC DPIP-1] Input pipelining: DSP i_ariane/i_cva6/ex_stage_i/i_mult/i_multiplier/mult_result_d__9 input i_ariane/i_cva6/ex_stage_i/i_mult/i_multiplier/mult_result_d__9/A[29:0] is not pipelined. Pipelining DSP48 input will improve performance.
WARNING: [DRC DPIP-1] Input pipelining: DSP i_ariane/i_cva6/ex_stage_i/i_mult/i_multiplier/mult_result_d__9 input i_ariane/i_cva6/ex_stage_i/i_mult/i_multiplier/mult_result_d__9/B[17:0] is not pipelined. Pipelining DSP48 input will improve performance.
WARNING: [DRC DPOP-1] PREG Output pipelining: DSP i_ariane/i_cva6/ex_stage_i/fpu_gen.fpu_i/fpu_gen.i_fpnew_bulk/gen_operation_groups[0].i_opgroup_block/gen_parallel_slices[0].active_format.i_fmt_slice/gen_num_lanes[0].active_lane.lane_instance.i_fma/product output i_ariane/i_cva6/ex_stage_i/fpu_gen.fpu_i/fpu_gen.i_fpnew_bulk/gen_operation_groups[0].i_opgroup_block/gen_parallel_slices[0].active_format.i_fmt_slice/gen_num_lanes[0].active_lane.lane_instance.i_fma/product/P[47:0] is not pipelined (PREG=0). Pipelining the DSP48 output will improve performance and often saves power so it is suggested whenever possible to fully pipeline this function.  If this DSP48 function was inferred, it is suggested to describe an additional register stage after this function.  If the DSP48 was instantiated in the design, it is suggested to set the PREG attribute to 1.
WARNING: [DRC DPOP-1] PREG Output pipelining: DSP i_ariane/i_cva6/ex_stage_i/fpu_gen.fpu_i/fpu_gen.i_fpnew_bulk/gen_operation_groups[0].i_opgroup_block/gen_parallel_slices[0].active_format.i_fmt_slice/gen_num_lanes[0].active_lane.lane_instance.i_fma/product__0 output i_ariane/i_cva6/ex_stage_i/fpu_gen.fpu_i/fpu_gen.i_fpnew_bulk/gen_operation_groups[0].i_opgroup_block/gen_parallel_slices[0].active_format.i_fmt_slice/gen_num_lanes[0].active_lane.lane_instance.i_fma/product__0/P[47:0] is not pipelined (PREG=0). Pipelining the DSP48 output will improve performance and often saves power so it is suggested whenever possible to fully pipeline this function.  If this DSP48 function was inferred, it is suggested to describe an additional register stage after this function.  If the DSP48 was instantiated in the design, it is suggested to set the PREG attribute to 1.
WARNING: [DRC DPOP-1] PREG Output pipelining: DSP i_ariane/i_cva6/ex_stage_i/fpu_gen.fpu_i/fpu_gen.i_fpnew_bulk/gen_operation_groups[0].i_opgroup_block/gen_parallel_slices[1].active_format.i_fmt_slice/gen_num_lanes[0].active_lane.lane_instance.i_fma/product__0 output i_ariane/i_cva6/ex_stage_i/fpu_gen.fpu_i/fpu_gen.i_fpnew_bulk/gen_operation_groups[0].i_opgroup_block/gen_parallel_slices[1].active_format.i_fmt_slice/gen_num_lanes[0].active_lane.lane_instance.i_fma/product__0/P[47:0] is not pipelined (PREG=0). Pipelining the DSP48 output will improve performance and often saves power so it is suggested whenever possible to fully pipeline this function.  If this DSP48 function was inferred, it is suggested to describe an additional register stage after this function.  If the DSP48 was instantiated in the design, it is suggested to set the PREG attribute to 1.
WARNING: [DRC DPOP-1] PREG Output pipelining: DSP i_ariane/i_cva6/ex_stage_i/fpu_gen.fpu_i/fpu_gen.i_fpnew_bulk/gen_operation_groups[0].i_opgroup_block/gen_parallel_slices[1].active_format.i_fmt_slice/gen_num_lanes[0].active_lane.lane_instance.i_fma/product__1 output i_ariane/i_cva6/ex_stage_i/fpu_gen.fpu_i/fpu_gen.i_fpnew_bulk/gen_operation_groups[0].i_opgroup_block/gen_parallel_slices[1].active_format.i_fmt_slice/gen_num_lanes[0].active_lane.lane_instance.i_fma/product__1/P[47:0] is not pipelined (PREG=0). Pipelining the DSP48 output will improve performance and often saves power so it is suggested whenever possible to fully pipeline this function.  If this DSP48 function was inferred, it is suggested to describe an additional register stage after this function.  If the DSP48 was instantiated in the design, it is suggested to set the PREG attribute to 1.
WARNING: [DRC DPOP-1] PREG Output pipelining: DSP i_ariane/i_cva6/ex_stage_i/fpu_gen.fpu_i/fpu_gen.i_fpnew_bulk/gen_operation_groups[0].i_opgroup_block/gen_parallel_slices[1].active_format.i_fmt_slice/gen_num_lanes[0].active_lane.lane_instance.i_fma/product__4 output i_ariane/i_cva6/ex_stage_i/fpu_gen.fpu_i/fpu_gen.i_fpnew_bulk/gen_operation_groups[0].i_opgroup_block/gen_parallel_slices[1].active_format.i_fmt_slice/gen_num_lanes[0].active_lane.lane_instance.i_fma/product__4/P[47:0] is not pipelined (PREG=0). Pipelining the DSP48 output will improve performance and often saves power so it is suggested whenever possible to fully pipeline this function.  If this DSP48 function was inferred, it is suggested to describe an additional register stage after this function.  If the DSP48 was instantiated in the design, it is suggested to set the PREG attribute to 1.
WARNING: [DRC DPOP-1] PREG Output pipelining: DSP i_ariane/i_cva6/ex_stage_i/fpu_gen.fpu_i/fpu_gen.i_fpnew_bulk/gen_operation_groups[0].i_opgroup_block/gen_parallel_slices[1].active_format.i_fmt_slice/gen_num_lanes[0].active_lane.lane_instance.i_fma/product__5 output i_ariane/i_cva6/ex_stage_i/fpu_gen.fpu_i/fpu_gen.i_fpnew_bulk/gen_operation_groups[0].i_opgroup_block/gen_parallel_slices[1].active_format.i_fmt_slice/gen_num_lanes[0].active_lane.lane_instance.i_fma/product__5/P[47:0] is not pipelined (PREG=0). Pipelining the DSP48 output will improve performance and often saves power so it is suggested whenever possible to fully pipeline this function.  If this DSP48 function was inferred, it is suggested to describe an additional register stage after this function.  If the DSP48 was instantiated in the design, it is suggested to set the PREG attribute to 1.
WARNING: [DRC DPOP-1] PREG Output pipelining: DSP i_ariane/i_cva6/ex_stage_i/fpu_gen.fpu_i/fpu_gen.i_fpnew_bulk/gen_operation_groups[0].i_opgroup_block/gen_parallel_slices[1].active_format.i_fmt_slice/gen_num_lanes[0].active_lane.lane_instance.i_fma/product__7 output i_ariane/i_cva6/ex_stage_i/fpu_gen.fpu_i/fpu_gen.i_fpnew_bulk/gen_operation_groups[0].i_opgroup_block/gen_parallel_slices[1].active_format.i_fmt_slice/gen_num_lanes[0].active_lane.lane_instance.i_fma/product__7/P[47:0] is not pipelined (PREG=0). Pipelining the DSP48 output will improve performance and often saves power so it is suggested whenever possible to fully pipeline this function.  If this DSP48 function was inferred, it is suggested to describe an additional register stage after this function.  If the DSP48 was instantiated in the design, it is suggested to set the PREG attribute to 1.
WARNING: [DRC DPOP-1] PREG Output pipelining: DSP i_ariane/i_cva6/ex_stage_i/i_mult/i_multiplier/mult_result_d output i_ariane/i_cva6/ex_stage_i/i_mult/i_multiplier/mult_result_d/P[47:0] is not pipelined (PREG=0). Pipelining the DSP48 output will improve performance and often saves power so it is suggested whenever possible to fully pipeline this function.  If this DSP48 function was inferred, it is suggested to describe an additional register stage after this function.  If the DSP48 was instantiated in the design, it is suggested to set the PREG attribute to 1.
WARNING: [DRC DPOP-1] PREG Output pipelining: DSP i_ariane/i_cva6/ex_stage_i/i_mult/i_multiplier/mult_result_d__1 output i_ariane/i_cva6/ex_stage_i/i_mult/i_multiplier/mult_result_d__1/P[47:0] is not pipelined (PREG=0). Pipelining the DSP48 output will improve performance and often saves power so it is suggested whenever possible to fully pipeline this function.  If this DSP48 function was inferred, it is suggested to describe an additional register stage after this function.  If the DSP48 was instantiated in the design, it is suggested to set the PREG attribute to 1.
WARNING: [DRC DPOP-1] PREG Output pipelining: DSP i_ariane/i_cva6/ex_stage_i/i_mult/i_multiplier/mult_result_d__11 output i_ariane/i_cva6/ex_stage_i/i_mult/i_multiplier/mult_result_d__11/P[47:0] is not pipelined (PREG=0). Pipelining the DSP48 output will improve performance and often saves power so it is suggested whenever possible to fully pipeline this function.  If this DSP48 function was inferred, it is suggested to describe an additional register stage after this function.  If the DSP48 was instantiated in the design, it is suggested to set the PREG attribute to 1.
WARNING: [DRC DPOP-1] PREG Output pipelining: DSP i_ariane/i_cva6/ex_stage_i/i_mult/i_multiplier/mult_result_d__13 output i_ariane/i_cva6/ex_stage_i/i_mult/i_multiplier/mult_result_d__13/P[47:0] is not pipelined (PREG=0). Pipelining the DSP48 output will improve performance and often saves power so it is suggested whenever possible to fully pipeline this function.  If this DSP48 function was inferred, it is suggested to describe an additional register stage after this function.  If the DSP48 was instantiated in the design, it is suggested to set the PREG attribute to 1.
WARNING: [DRC DPOP-1] PREG Output pipelining: DSP i_ariane/i_cva6/ex_stage_i/i_mult/i_multiplier/mult_result_d__4 output i_ariane/i_cva6/ex_stage_i/i_mult/i_multiplier/mult_result_d__4/P[47:0] is not pipelined (PREG=0). Pipelining the DSP48 output will improve performance and often saves power so it is suggested whenever possible to fully pipeline this function.  If this DSP48 function was inferred, it is suggested to describe an additional register stage after this function.  If the DSP48 was instantiated in the design, it is suggested to set the PREG attribute to 1.
WARNING: [DRC DPOP-1] PREG Output pipelining: DSP i_ariane/i_cva6/ex_stage_i/i_mult/i_multiplier/mult_result_d__8 output i_ariane/i_cva6/ex_stage_i/i_mult/i_multiplier/mult_result_d__8/P[47:0] is not pipelined (PREG=0). Pipelining the DSP48 output will improve performance and often saves power so it is suggested whenever possible to fully pipeline this function.  If this DSP48 function was inferred, it is suggested to describe an additional register stage after this function.  If the DSP48 was instantiated in the design, it is suggested to set the PREG attribute to 1.
WARNING: [DRC DPOP-2] MREG Output pipelining: DSP i_ariane/i_cva6/ex_stage_i/fpu_gen.fpu_i/fpu_gen.i_fpnew_bulk/gen_operation_groups[0].i_opgroup_block/gen_parallel_slices[0].active_format.i_fmt_slice/gen_num_lanes[0].active_lane.lane_instance.i_fma/product multiplier stage i_ariane/i_cva6/ex_stage_i/fpu_gen.fpu_i/fpu_gen.i_fpnew_bulk/gen_operation_groups[0].i_opgroup_block/gen_parallel_slices[0].active_format.i_fmt_slice/gen_num_lanes[0].active_lane.lane_instance.i_fma/product/P[47:0] is not pipelined (MREG=0). Pipelining the multiplier function will improve performance and will save significant power so it is suggested whenever possible to fully pipeline this function.  If this multiplier was inferred, it is suggested to describe an additional register stage after this function.  If there is no registered adder/accumulator following the multiply function, two pipeline stages are suggested to allow both the MREG and PREG registers to be used.  If the DSP48 was instantiated in the design, it is suggested to set both the MREG and PREG attributes to 1 when performing multiply functions.
WARNING: [DRC DPOP-2] MREG Output pipelining: DSP i_ariane/i_cva6/ex_stage_i/fpu_gen.fpu_i/fpu_gen.i_fpnew_bulk/gen_operation_groups[0].i_opgroup_block/gen_parallel_slices[0].active_format.i_fmt_slice/gen_num_lanes[0].active_lane.lane_instance.i_fma/product__0 multiplier stage i_ariane/i_cva6/ex_stage_i/fpu_gen.fpu_i/fpu_gen.i_fpnew_bulk/gen_operation_groups[0].i_opgroup_block/gen_parallel_slices[0].active_format.i_fmt_slice/gen_num_lanes[0].active_lane.lane_instance.i_fma/product__0/P[47:0] is not pipelined (MREG=0). Pipelining the multiplier function will improve performance and will save significant power so it is suggested whenever possible to fully pipeline this function.  If this multiplier was inferred, it is suggested to describe an additional register stage after this function.  If there is no registered adder/accumulator following the multiply function, two pipeline stages are suggested to allow both the MREG and PREG registers to be used.  If the DSP48 was instantiated in the design, it is suggested to set both the MREG and PREG attributes to 1 when performing multiply functions.
WARNING: [DRC DPOP-2] MREG Output pipelining: DSP i_ariane/i_cva6/ex_stage_i/fpu_gen.fpu_i/fpu_gen.i_fpnew_bulk/gen_operation_groups[0].i_opgroup_block/gen_parallel_slices[1].active_format.i_fmt_slice/gen_num_lanes[0].active_lane.lane_instance.i_fma/product__0 multiplier stage i_ariane/i_cva6/ex_stage_i/fpu_gen.fpu_i/fpu_gen.i_fpnew_bulk/gen_operation_groups[0].i_opgroup_block/gen_parallel_slices[1].active_format.i_fmt_slice/gen_num_lanes[0].active_lane.lane_instance.i_fma/product__0/P[47:0] is not pipelined (MREG=0). Pipelining the multiplier function will improve performance and will save significant power so it is suggested whenever possible to fully pipeline this function.  If this multiplier was inferred, it is suggested to describe an additional register stage after this function.  If there is no registered adder/accumulator following the multiply function, two pipeline stages are suggested to allow both the MREG and PREG registers to be used.  If the DSP48 was instantiated in the design, it is suggested to set both the MREG and PREG attributes to 1 when performing multiply functions.
WARNING: [DRC DPOP-2] MREG Output pipelining: DSP i_ariane/i_cva6/ex_stage_i/fpu_gen.fpu_i/fpu_gen.i_fpnew_bulk/gen_operation_groups[0].i_opgroup_block/gen_parallel_slices[1].active_format.i_fmt_slice/gen_num_lanes[0].active_lane.lane_instance.i_fma/product__1 multiplier stage i_ariane/i_cva6/ex_stage_i/fpu_gen.fpu_i/fpu_gen.i_fpnew_bulk/gen_operation_groups[0].i_opgroup_block/gen_parallel_slices[1].active_format.i_fmt_slice/gen_num_lanes[0].active_lane.lane_instance.i_fma/product__1/P[47:0] is not pipelined (MREG=0). Pipelining the multiplier function will improve performance and will save significant power so it is suggested whenever possible to fully pipeline this function.  If this multiplier was inferred, it is suggested to describe an additional register stage after this function.  If there is no registered adder/accumulator following the multiply function, two pipeline stages are suggested to allow both the MREG and PREG registers to be used.  If the DSP48 was instantiated in the design, it is suggested to set both the MREG and PREG attributes to 1 when performing multiply functions.
WARNING: [DRC DPOP-2] MREG Output pipelining: DSP i_ariane/i_cva6/ex_stage_i/fpu_gen.fpu_i/fpu_gen.i_fpnew_bulk/gen_operation_groups[0].i_opgroup_block/gen_parallel_slices[1].active_format.i_fmt_slice/gen_num_lanes[0].active_lane.lane_instance.i_fma/product__4 multiplier stage i_ariane/i_cva6/ex_stage_i/fpu_gen.fpu_i/fpu_gen.i_fpnew_bulk/gen_operation_groups[0].i_opgroup_block/gen_parallel_slices[1].active_format.i_fmt_slice/gen_num_lanes[0].active_lane.lane_instance.i_fma/product__4/P[47:0] is not pipelined (MREG=0). Pipelining the multiplier function will improve performance and will save significant power so it is suggested whenever possible to fully pipeline this function.  If this multiplier was inferred, it is suggested to describe an additional register stage after this function.  If there is no registered adder/accumulator following the multiply function, two pipeline stages are suggested to allow both the MREG and PREG registers to be used.  If the DSP48 was instantiated in the design, it is suggested to set both the MREG and PREG attributes to 1 when performing multiply functions.
WARNING: [DRC DPOP-2] MREG Output pipelining: DSP i_ariane/i_cva6/ex_stage_i/fpu_gen.fpu_i/fpu_gen.i_fpnew_bulk/gen_operation_groups[0].i_opgroup_block/gen_parallel_slices[1].active_format.i_fmt_slice/gen_num_lanes[0].active_lane.lane_instance.i_fma/product__5 multiplier stage i_ariane/i_cva6/ex_stage_i/fpu_gen.fpu_i/fpu_gen.i_fpnew_bulk/gen_operation_groups[0].i_opgroup_block/gen_parallel_slices[1].active_format.i_fmt_slice/gen_num_lanes[0].active_lane.lane_instance.i_fma/product__5/P[47:0] is not pipelined (MREG=0). Pipelining the multiplier function will improve performance and will save significant power so it is suggested whenever possible to fully pipeline this function.  If this multiplier was inferred, it is suggested to describe an additional register stage after this function.  If there is no registered adder/accumulator following the multiply function, two pipeline stages are suggested to allow both the MREG and PREG registers to be used.  If the DSP48 was instantiated in the design, it is suggested to set both the MREG and PREG attributes to 1 when performing multiply functions.
WARNING: [DRC DPOP-2] MREG Output pipelining: DSP i_ariane/i_cva6/ex_stage_i/fpu_gen.fpu_i/fpu_gen.i_fpnew_bulk/gen_operation_groups[0].i_opgroup_block/gen_parallel_slices[1].active_format.i_fmt_slice/gen_num_lanes[0].active_lane.lane_instance.i_fma/product__7 multiplier stage i_ariane/i_cva6/ex_stage_i/fpu_gen.fpu_i/fpu_gen.i_fpnew_bulk/gen_operation_groups[0].i_opgroup_block/gen_parallel_slices[1].active_format.i_fmt_slice/gen_num_lanes[0].active_lane.lane_instance.i_fma/product__7/P[47:0] is not pipelined (MREG=0). Pipelining the multiplier function will improve performance and will save significant power so it is suggested whenever possible to fully pipeline this function.  If this multiplier was inferred, it is suggested to describe an additional register stage after this function.  If there is no registered adder/accumulator following the multiply function, two pipeline stages are suggested to allow both the MREG and PREG registers to be used.  If the DSP48 was instantiated in the design, it is suggested to set both the MREG and PREG attributes to 1 when performing multiply functions.
WARNING: [DRC DPOP-2] MREG Output pipelining: DSP i_ariane/i_cva6/ex_stage_i/i_mult/i_multiplier/mult_result_d multiplier stage i_ariane/i_cva6/ex_stage_i/i_mult/i_multiplier/mult_result_d/P[47:0] is not pipelined (MREG=0). Pipelining the multiplier function will improve performance and will save significant power so it is suggested whenever possible to fully pipeline this function.  If this multiplier was inferred, it is suggested to describe an additional register stage after this function.  If there is no registered adder/accumulator following the multiply function, two pipeline stages are suggested to allow both the MREG and PREG registers to be used.  If the DSP48 was instantiated in the design, it is suggested to set both the MREG and PREG attributes to 1 when performing multiply functions.
WARNING: [DRC DPOP-2] MREG Output pipelining: DSP i_ariane/i_cva6/ex_stage_i/i_mult/i_multiplier/mult_result_d__1 multiplier stage i_ariane/i_cva6/ex_stage_i/i_mult/i_multiplier/mult_result_d__1/P[47:0] is not pipelined (MREG=0). Pipelining the multiplier function will improve performance and will save significant power so it is suggested whenever possible to fully pipeline this function.  If this multiplier was inferred, it is suggested to describe an additional register stage after this function.  If there is no registered adder/accumulator following the multiply function, two pipeline stages are suggested to allow both the MREG and PREG registers to be used.  If the DSP48 was instantiated in the design, it is suggested to set both the MREG and PREG attributes to 1 when performing multiply functions.
WARNING: [DRC DPOP-2] MREG Output pipelining: DSP i_ariane/i_cva6/ex_stage_i/i_mult/i_multiplier/mult_result_d__10 multiplier stage i_ariane/i_cva6/ex_stage_i/i_mult/i_multiplier/mult_result_d__10/P[47:0] is not pipelined (MREG=0). Pipelining the multiplier function will improve performance and will save significant power so it is suggested whenever possible to fully pipeline this function.  If this multiplier was inferred, it is suggested to describe an additional register stage after this function.  If there is no registered adder/accumulator following the multiply function, two pipeline stages are suggested to allow both the MREG and PREG registers to be used.  If the DSP48 was instantiated in the design, it is suggested to set both the MREG and PREG attributes to 1 when performing multiply functions.
WARNING: [DRC DPOP-2] MREG Output pipelining: DSP i_ariane/i_cva6/ex_stage_i/i_mult/i_multiplier/mult_result_d__11 multiplier stage i_ariane/i_cva6/ex_stage_i/i_mult/i_multiplier/mult_result_d__11/P[47:0] is not pipelined (MREG=0). Pipelining the multiplier function will improve performance and will save significant power so it is suggested whenever possible to fully pipeline this function.  If this multiplier was inferred, it is suggested to describe an additional register stage after this function.  If there is no registered adder/accumulator following the multiply function, two pipeline stages are suggested to allow both the MREG and PREG registers to be used.  If the DSP48 was instantiated in the design, it is suggested to set both the MREG and PREG attributes to 1 when performing multiply functions.
WARNING: [DRC DPOP-2] MREG Output pipelining: DSP i_ariane/i_cva6/ex_stage_i/i_mult/i_multiplier/mult_result_d__13 multiplier stage i_ariane/i_cva6/ex_stage_i/i_mult/i_multiplier/mult_result_d__13/P[47:0] is not pipelined (MREG=0). Pipelining the multiplier function will improve performance and will save significant power so it is suggested whenever possible to fully pipeline this function.  If this multiplier was inferred, it is suggested to describe an additional register stage after this function.  If there is no registered adder/accumulator following the multiply function, two pipeline stages are suggested to allow both the MREG and PREG registers to be used.  If the DSP48 was instantiated in the design, it is suggested to set both the MREG and PREG attributes to 1 when performing multiply functions.
WARNING: [DRC DPOP-2] MREG Output pipelining: DSP i_ariane/i_cva6/ex_stage_i/i_mult/i_multiplier/mult_result_d__14 multiplier stage i_ariane/i_cva6/ex_stage_i/i_mult/i_multiplier/mult_result_d__14/P[47:0] is not pipelined (MREG=0). Pipelining the multiplier function will improve performance and will save significant power so it is suggested whenever possible to fully pipeline this function.  If this multiplier was inferred, it is suggested to describe an additional register stage after this function.  If there is no registered adder/accumulator following the multiply function, two pipeline stages are suggested to allow both the MREG and PREG registers to be used.  If the DSP48 was instantiated in the design, it is suggested to set both the MREG and PREG attributes to 1 when performing multiply functions.
WARNING: [DRC DPOP-2] MREG Output pipelining: DSP i_ariane/i_cva6/ex_stage_i/i_mult/i_multiplier/mult_result_d__2 multiplier stage i_ariane/i_cva6/ex_stage_i/i_mult/i_multiplier/mult_result_d__2/P[47:0] is not pipelined (MREG=0). Pipelining the multiplier function will improve performance and will save significant power so it is suggested whenever possible to fully pipeline this function.  If this multiplier was inferred, it is suggested to describe an additional register stage after this function.  If there is no registered adder/accumulator following the multiply function, two pipeline stages are suggested to allow both the MREG and PREG registers to be used.  If the DSP48 was instantiated in the design, it is suggested to set both the MREG and PREG attributes to 1 when performing multiply functions.
WARNING: [DRC DPOP-2] MREG Output pipelining: DSP i_ariane/i_cva6/ex_stage_i/i_mult/i_multiplier/mult_result_d__4 multiplier stage i_ariane/i_cva6/ex_stage_i/i_mult/i_multiplier/mult_result_d__4/P[47:0] is not pipelined (MREG=0). Pipelining the multiplier function will improve performance and will save significant power so it is suggested whenever possible to fully pipeline this function.  If this multiplier was inferred, it is suggested to describe an additional register stage after this function.  If there is no registered adder/accumulator following the multiply function, two pipeline stages are suggested to allow both the MREG and PREG registers to be used.  If the DSP48 was instantiated in the design, it is suggested to set both the MREG and PREG attributes to 1 when performing multiply functions.
WARNING: [DRC DPOP-2] MREG Output pipelining: DSP i_ariane/i_cva6/ex_stage_i/i_mult/i_multiplier/mult_result_d__6 multiplier stage i_ariane/i_cva6/ex_stage_i/i_mult/i_multiplier/mult_result_d__6/P[47:0] is not pipelined (MREG=0). Pipelining the multiplier function will improve performance and will save significant power so it is suggested whenever possible to fully pipeline this function.  If this multiplier was inferred, it is suggested to describe an additional register stage after this function.  If there is no registered adder/accumulator following the multiply function, two pipeline stages are suggested to allow both the MREG and PREG registers to be used.  If the DSP48 was instantiated in the design, it is suggested to set both the MREG and PREG attributes to 1 when performing multiply functions.
WARNING: [DRC DPOP-2] MREG Output pipelining: DSP i_ariane/i_cva6/ex_stage_i/i_mult/i_multiplier/mult_result_d__8 multiplier stage i_ariane/i_cva6/ex_stage_i/i_mult/i_multiplier/mult_result_d__8/P[47:0] is not pipelined (MREG=0). Pipelining the multiplier function will improve performance and will save significant power so it is suggested whenever possible to fully pipeline this function.  If this multiplier was inferred, it is suggested to describe an additional register stage after this function.  If there is no registered adder/accumulator following the multiply function, two pipeline stages are suggested to allow both the MREG and PREG registers to be used.  If the DSP48 was instantiated in the design, it is suggested to set both the MREG and PREG attributes to 1 when performing multiply functions.
WARNING: [DRC DPOR-1] Asynchronous load check: DSP i_ariane/i_cva6/ex_stage_i/i_mult/i_multiplier/mult_result_d output is connected to registers with an asynchronous reset (i_ariane/i_cva6/ex_stage_i/i_mult/i_multiplier/mult_result_q_reg[0]). This is preventing the possibility of merging these registers in to the DSP Block since the DSP block registers only possess synchronous reset capability.  It is suggested to recode or change these registers to remove the reset or use a synchronous reset to get the best optimization for performance, power and area.
WARNING: [DRC DPOR-1] Asynchronous load check: DSP i_ariane/i_cva6/ex_stage_i/i_mult/i_multiplier/mult_result_d output is connected to registers with an asynchronous reset (i_ariane/i_cva6/ex_stage_i/i_mult/i_multiplier/mult_result_q_reg[10]). This is preventing the possibility of merging these registers in to the DSP Block since the DSP block registers only possess synchronous reset capability.  It is suggested to recode or change these registers to remove the reset or use a synchronous reset to get the best optimization for performance, power and area.
WARNING: [DRC DPOR-1] Asynchronous load check: DSP i_ariane/i_cva6/ex_stage_i/i_mult/i_multiplier/mult_result_d output is connected to registers with an asynchronous reset (i_ariane/i_cva6/ex_stage_i/i_mult/i_multiplier/mult_result_q_reg[11]). This is preventing the possibility of merging these registers in to the DSP Block since the DSP block registers only possess synchronous reset capability.  It is suggested to recode or change these registers to remove the reset or use a synchronous reset to get the best optimization for performance, power and area.
WARNING: [DRC DPOR-1] Asynchronous load check: DSP i_ariane/i_cva6/ex_stage_i/i_mult/i_multiplier/mult_result_d output is connected to registers with an asynchronous reset (i_ariane/i_cva6/ex_stage_i/i_mult/i_multiplier/mult_result_q_reg[12]). This is preventing the possibility of merging these registers in to the DSP Block since the DSP block registers only possess synchronous reset capability.  It is suggested to recode or change these registers to remove the reset or use a synchronous reset to get the best optimization for performance, power and area.
WARNING: [DRC DPOR-1] Asynchronous load check: DSP i_ariane/i_cva6/ex_stage_i/i_mult/i_multiplier/mult_result_d output is connected to registers with an asynchronous reset (i_ariane/i_cva6/ex_stage_i/i_mult/i_multiplier/mult_result_q_reg[13]). This is preventing the possibility of merging these registers in to the DSP Block since the DSP block registers only possess synchronous reset capability.  It is suggested to recode or change these registers to remove the reset or use a synchronous reset to get the best optimization for performance, power and area.
WARNING: [DRC DPOR-1] Asynchronous load check: DSP i_ariane/i_cva6/ex_stage_i/i_mult/i_multiplier/mult_result_d output is connected to registers with an asynchronous reset (i_ariane/i_cva6/ex_stage_i/i_mult/i_multiplier/mult_result_q_reg[14]). This is preventing the possibility of merging these registers in to the DSP Block since the DSP block registers only possess synchronous reset capability.  It is suggested to recode or change these registers to remove the reset or use a synchronous reset to get the best optimization for performance, power and area.
WARNING: [DRC DPOR-1] Asynchronous load check: DSP i_ariane/i_cva6/ex_stage_i/i_mult/i_multiplier/mult_result_d output is connected to registers with an asynchronous reset (i_ariane/i_cva6/ex_stage_i/i_mult/i_multiplier/mult_result_q_reg[15]). This is preventing the possibility of merging these registers in to the DSP Block since the DSP block registers only possess synchronous reset capability.  It is suggested to recode or change these registers to remove the reset or use a synchronous reset to get the best optimization for performance, power and area.
WARNING: [DRC DPOR-1] Asynchronous load check: DSP i_ariane/i_cva6/ex_stage_i/i_mult/i_multiplier/mult_result_d output is connected to registers with an asynchronous reset (i_ariane/i_cva6/ex_stage_i/i_mult/i_multiplier/mult_result_q_reg[16]). This is preventing the possibility of merging these registers in to the DSP Block since the DSP block registers only possess synchronous reset capability.  It is suggested to recode or change these registers to remove the reset or use a synchronous reset to get the best optimization for performance, power and area.
WARNING: [DRC DPOR-1] Asynchronous load check: DSP i_ariane/i_cva6/ex_stage_i/i_mult/i_multiplier/mult_result_d output is connected to registers with an asynchronous reset (i_ariane/i_cva6/ex_stage_i/i_mult/i_multiplier/mult_result_q_reg[1]). This is preventing the possibility of merging these registers in to the DSP Block since the DSP block registers only possess synchronous reset capability.  It is suggested to recode or change these registers to remove the reset or use a synchronous reset to get the best optimization for performance, power and area.
WARNING: [DRC DPOR-1] Asynchronous load check: DSP i_ariane/i_cva6/ex_stage_i/i_mult/i_multiplier/mult_result_d output is connected to registers with an asynchronous reset (i_ariane/i_cva6/ex_stage_i/i_mult/i_multiplier/mult_result_q_reg[2]). This is preventing the possibility of merging these registers in to the DSP Block since the DSP block registers only possess synchronous reset capability.  It is suggested to recode or change these registers to remove the reset or use a synchronous reset to get the best optimization for performance, power and area.
WARNING: [DRC DPOR-1] Asynchronous load check: DSP i_ariane/i_cva6/ex_stage_i/i_mult/i_multiplier/mult_result_d output is connected to registers with an asynchronous reset (i_ariane/i_cva6/ex_stage_i/i_mult/i_multiplier/mult_result_q_reg[3]). This is preventing the possibility of merging these registers in to the DSP Block since the DSP block registers only possess synchronous reset capability.  It is suggested to recode or change these registers to remove the reset or use a synchronous reset to get the best optimization for performance, power and area.
WARNING: [DRC DPOR-1] Asynchronous load check: DSP i_ariane/i_cva6/ex_stage_i/i_mult/i_multiplier/mult_result_d output is connected to registers with an asynchronous reset (i_ariane/i_cva6/ex_stage_i/i_mult/i_multiplier/mult_result_q_reg[4]). This is preventing the possibility of merging these registers in to the DSP Block since the DSP block registers only possess synchronous reset capability.  It is suggested to recode or change these registers to remove the reset or use a synchronous reset to get the best optimization for performance, power and area.
WARNING: [DRC DPOR-1] Asynchronous load check: DSP i_ariane/i_cva6/ex_stage_i/i_mult/i_multiplier/mult_result_d output is connected to registers with an asynchronous reset (i_ariane/i_cva6/ex_stage_i/i_mult/i_multiplier/mult_result_q_reg[5]). This is preventing the possibility of merging these registers in to the DSP Block since the DSP block registers only possess synchronous reset capability.  It is suggested to recode or change these registers to remove the reset or use a synchronous reset to get the best optimization for performance, power and area.
WARNING: [DRC DPOR-1] Asynchronous load check: DSP i_ariane/i_cva6/ex_stage_i/i_mult/i_multiplier/mult_result_d output is connected to registers with an asynchronous reset (i_ariane/i_cva6/ex_stage_i/i_mult/i_multiplier/mult_result_q_reg[6]). This is preventing the possibility of merging these registers in to the DSP Block since the DSP block registers only possess synchronous reset capability.  It is suggested to recode or change these registers to remove the reset or use a synchronous reset to get the best optimization for performance, power and area.
WARNING: [DRC DPOR-1] Asynchronous load check: DSP i_ariane/i_cva6/ex_stage_i/i_mult/i_multiplier/mult_result_d output is connected to registers with an asynchronous reset (i_ariane/i_cva6/ex_stage_i/i_mult/i_multiplier/mult_result_q_reg[7]). This is preventing the possibility of merging these registers in to the DSP Block since the DSP block registers only possess synchronous reset capability.  It is suggested to recode or change these registers to remove the reset or use a synchronous reset to get the best optimization for performance, power and area.
WARNING: [DRC DPOR-1] Asynchronous load check: DSP i_ariane/i_cva6/ex_stage_i/i_mult/i_multiplier/mult_result_d output is connected to registers with an asynchronous reset (i_ariane/i_cva6/ex_stage_i/i_mult/i_multiplier/mult_result_q_reg[8]). This is preventing the possibility of merging these registers in to the DSP Block since the DSP block registers only possess synchronous reset capability.  It is suggested to recode or change these registers to remove the reset or use a synchronous reset to get the best optimization for performance, power and area.
WARNING: [DRC DPOR-1] Asynchronous load check: DSP i_ariane/i_cva6/ex_stage_i/i_mult/i_multiplier/mult_result_d output is connected to registers with an asynchronous reset (i_ariane/i_cva6/ex_stage_i/i_mult/i_multiplier/mult_result_q_reg[9]). This is preventing the possibility of merging these registers in to the DSP Block since the DSP block registers only possess synchronous reset capability.  It is suggested to recode or change these registers to remove the reset or use a synchronous reset to get the best optimization for performance, power and area.
WARNING: [DRC DPOR-1] Asynchronous load check: DSP i_ariane/i_cva6/ex_stage_i/i_mult/i_multiplier/mult_result_d__1 output is connected to registers with an asynchronous reset (i_ariane/i_cva6/ex_stage_i/i_mult/i_multiplier/mult_result_q_reg[0]__0). This is preventing the possibility of merging these registers in to the DSP Block since the DSP block registers only possess synchronous reset capability.  It is suggested to recode or change these registers to remove the reset or use a synchronous reset to get the best optimization for performance, power and area.
WARNING: [DRC DPOR-1] Asynchronous load check: DSP i_ariane/i_cva6/ex_stage_i/i_mult/i_multiplier/mult_result_d__1 output is connected to registers with an asynchronous reset (i_ariane/i_cva6/ex_stage_i/i_mult/i_multiplier/mult_result_q_reg[10]__0). This is preventing the possibility of merging these registers in to the DSP Block since the DSP block registers only possess synchronous reset capability.  It is suggested to recode or change these registers to remove the reset or use a synchronous reset to get the best optimization for performance, power and area.
WARNING: [DRC DPOR-1] Asynchronous load check: DSP i_ariane/i_cva6/ex_stage_i/i_mult/i_multiplier/mult_result_d__1 output is connected to registers with an asynchronous reset (i_ariane/i_cva6/ex_stage_i/i_mult/i_multiplier/mult_result_q_reg[11]__0). This is preventing the possibility of merging these registers in to the DSP Block since the DSP block registers only possess synchronous reset capability.  It is suggested to recode or change these registers to remove the reset or use a synchronous reset to get the best optimization for performance, power and area.
WARNING: [DRC DPOR-1] Asynchronous load check: DSP i_ariane/i_cva6/ex_stage_i/i_mult/i_multiplier/mult_result_d__1 output is connected to registers with an asynchronous reset (i_ariane/i_cva6/ex_stage_i/i_mult/i_multiplier/mult_result_q_reg[12]__0). This is preventing the possibility of merging these registers in to the DSP Block since the DSP block registers only possess synchronous reset capability.  It is suggested to recode or change these registers to remove the reset or use a synchronous reset to get the best optimization for performance, power and area.
WARNING: [DRC DPOR-1] Asynchronous load check: DSP i_ariane/i_cva6/ex_stage_i/i_mult/i_multiplier/mult_result_d__1 output is connected to registers with an asynchronous reset (i_ariane/i_cva6/ex_stage_i/i_mult/i_multiplier/mult_result_q_reg[13]__0). This is preventing the possibility of merging these registers in to the DSP Block since the DSP block registers only possess synchronous reset capability.  It is suggested to recode or change these registers to remove the reset or use a synchronous reset to get the best optimization for performance, power and area.
WARNING: [DRC DPOR-1] Asynchronous load check: DSP i_ariane/i_cva6/ex_stage_i/i_mult/i_multiplier/mult_result_d__1 output is connected to registers with an asynchronous reset (i_ariane/i_cva6/ex_stage_i/i_mult/i_multiplier/mult_result_q_reg[14]__0). This is preventing the possibility of merging these registers in to the DSP Block since the DSP block registers only possess synchronous reset capability.  It is suggested to recode or change these registers to remove the reset or use a synchronous reset to get the best optimization for performance, power and area.
WARNING: [DRC DPOR-1] Asynchronous load check: DSP i_ariane/i_cva6/ex_stage_i/i_mult/i_multiplier/mult_result_d__1 output is connected to registers with an asynchronous reset (i_ariane/i_cva6/ex_stage_i/i_mult/i_multiplier/mult_result_q_reg[15]__0). This is preventing the possibility of merging these registers in to the DSP Block since the DSP block registers only possess synchronous reset capability.  It is suggested to recode or change these registers to remove the reset or use a synchronous reset to get the best optimization for performance, power and area.
WARNING: [DRC DPOR-1] Asynchronous load check: DSP i_ariane/i_cva6/ex_stage_i/i_mult/i_multiplier/mult_result_d__1 output is connected to registers with an asynchronous reset (i_ariane/i_cva6/ex_stage_i/i_mult/i_multiplier/mult_result_q_reg[16]__0). This is preventing the possibility of merging these registers in to the DSP Block since the DSP block registers only possess synchronous reset capability.  It is suggested to recode or change these registers to remove the reset or use a synchronous reset to get the best optimization for performance, power and area.
WARNING: [DRC DPOR-1] Asynchronous load check: DSP i_ariane/i_cva6/ex_stage_i/i_mult/i_multiplier/mult_result_d__1 output is connected to registers with an asynchronous reset (i_ariane/i_cva6/ex_stage_i/i_mult/i_multiplier/mult_result_q_reg[1]__0). This is preventing the possibility of merging these registers in to the DSP Block since the DSP block registers only possess synchronous reset capability.  It is suggested to recode or change these registers to remove the reset or use a synchronous reset to get the best optimization for performance, power and area.
WARNING: [DRC DPOR-1] Asynchronous load check: DSP i_ariane/i_cva6/ex_stage_i/i_mult/i_multiplier/mult_result_d__1 output is connected to registers with an asynchronous reset (i_ariane/i_cva6/ex_stage_i/i_mult/i_multiplier/mult_result_q_reg[2]__0). This is preventing the possibility of merging these registers in to the DSP Block since the DSP block registers only possess synchronous reset capability.  It is suggested to recode or change these registers to remove the reset or use a synchronous reset to get the best optimization for performance, power and area.
WARNING: [DRC DPOR-1] Asynchronous load check: DSP i_ariane/i_cva6/ex_stage_i/i_mult/i_multiplier/mult_result_d__1 output is connected to registers with an asynchronous reset (i_ariane/i_cva6/ex_stage_i/i_mult/i_multiplier/mult_result_q_reg[3]__0). This is preventing the possibility of merging these registers in to the DSP Block since the DSP block registers only possess synchronous reset capability.  It is suggested to recode or change these registers to remove the reset or use a synchronous reset to get the best optimization for performance, power and area.
WARNING: [DRC DPOR-1] Asynchronous load check: DSP i_ariane/i_cva6/ex_stage_i/i_mult/i_multiplier/mult_result_d__1 output is connected to registers with an asynchronous reset (i_ariane/i_cva6/ex_stage_i/i_mult/i_multiplier/mult_result_q_reg[4]__0). This is preventing the possibility of merging these registers in to the DSP Block since the DSP block registers only possess synchronous reset capability.  It is suggested to recode or change these registers to remove the reset or use a synchronous reset to get the best optimization for performance, power and area.
WARNING: [DRC DPOR-1] Asynchronous load check: DSP i_ariane/i_cva6/ex_stage_i/i_mult/i_multiplier/mult_result_d__1 output is connected to registers with an asynchronous reset (i_ariane/i_cva6/ex_stage_i/i_mult/i_multiplier/mult_result_q_reg[5]__0). This is preventing the possibility of merging these registers in to the DSP Block since the DSP block registers only possess synchronous reset capability.  It is suggested to recode or change these registers to remove the reset or use a synchronous reset to get the best optimization for performance, power and area.
WARNING: [DRC DPOR-1] Asynchronous load check: DSP i_ariane/i_cva6/ex_stage_i/i_mult/i_multiplier/mult_result_d__1 output is connected to registers with an asynchronous reset (i_ariane/i_cva6/ex_stage_i/i_mult/i_multiplier/mult_result_q_reg[6]__0). This is preventing the possibility of merging these registers in to the DSP Block since the DSP block registers only possess synchronous reset capability.  It is suggested to recode or change these registers to remove the reset or use a synchronous reset to get the best optimization for performance, power and area.
WARNING: [DRC DPOR-1] Asynchronous load check: DSP i_ariane/i_cva6/ex_stage_i/i_mult/i_multiplier/mult_result_d__1 output is connected to registers with an asynchronous reset (i_ariane/i_cva6/ex_stage_i/i_mult/i_multiplier/mult_result_q_reg[7]__0). This is preventing the possibility of merging these registers in to the DSP Block since the DSP block registers only possess synchronous reset capability.  It is suggested to recode or change these registers to remove the reset or use a synchronous reset to get the best optimization for performance, power and area.
WARNING: [DRC DPOR-1] Asynchronous load check: DSP i_ariane/i_cva6/ex_stage_i/i_mult/i_multiplier/mult_result_d__1 output is connected to registers with an asynchronous reset (i_ariane/i_cva6/ex_stage_i/i_mult/i_multiplier/mult_result_q_reg[8]__0). This is preventing the possibility of merging these registers in to the DSP Block since the DSP block registers only possess synchronous reset capability.  It is suggested to recode or change these registers to remove the reset or use a synchronous reset to get the best optimization for performance, power and area.
WARNING: [DRC DPOR-1] Asynchronous load check: DSP i_ariane/i_cva6/ex_stage_i/i_mult/i_multiplier/mult_result_d__1 output is connected to registers with an asynchronous reset (i_ariane/i_cva6/ex_stage_i/i_mult/i_multiplier/mult_result_q_reg[9]__0). This is preventing the possibility of merging these registers in to the DSP Block since the DSP block registers only possess synchronous reset capability.  It is suggested to recode or change these registers to remove the reset or use a synchronous reset to get the best optimization for performance, power and area.
WARNING: [DRC DPOR-1] Asynchronous load check: DSP i_ariane/i_cva6/ex_stage_i/i_mult/i_multiplier/mult_result_d__11 output is connected to registers with an asynchronous reset (i_ariane/i_cva6/ex_stage_i/i_mult/i_multiplier/mult_result_q_reg[0]__6). This is preventing the possibility of merging these registers in to the DSP Block since the DSP block registers only possess synchronous reset capability.  It is suggested to recode or change these registers to remove the reset or use a synchronous reset to get the best optimization for performance, power and area.
WARNING: [DRC DPOR-1] Asynchronous load check: DSP i_ariane/i_cva6/ex_stage_i/i_mult/i_multiplier/mult_result_d__11 output is connected to registers with an asynchronous reset (i_ariane/i_cva6/ex_stage_i/i_mult/i_multiplier/mult_result_q_reg[10]__6). This is preventing the possibility of merging these registers in to the DSP Block since the DSP block registers only possess synchronous reset capability.  It is suggested to recode or change these registers to remove the reset or use a synchronous reset to get the best optimization for performance, power and area.
WARNING: [DRC DPOR-1] Asynchronous load check: DSP i_ariane/i_cva6/ex_stage_i/i_mult/i_multiplier/mult_result_d__11 output is connected to registers with an asynchronous reset (i_ariane/i_cva6/ex_stage_i/i_mult/i_multiplier/mult_result_q_reg[11]__6). This is preventing the possibility of merging these registers in to the DSP Block since the DSP block registers only possess synchronous reset capability.  It is suggested to recode or change these registers to remove the reset or use a synchronous reset to get the best optimization for performance, power and area.
WARNING: [DRC DPOR-1] Asynchronous load check: DSP i_ariane/i_cva6/ex_stage_i/i_mult/i_multiplier/mult_result_d__11 output is connected to registers with an asynchronous reset (i_ariane/i_cva6/ex_stage_i/i_mult/i_multiplier/mult_result_q_reg[12]__6). This is preventing the possibility of merging these registers in to the DSP Block since the DSP block registers only possess synchronous reset capability.  It is suggested to recode or change these registers to remove the reset or use a synchronous reset to get the best optimization for performance, power and area.
WARNING: [DRC DPOR-1] Asynchronous load check: DSP i_ariane/i_cva6/ex_stage_i/i_mult/i_multiplier/mult_result_d__11 output is connected to registers with an asynchronous reset (i_ariane/i_cva6/ex_stage_i/i_mult/i_multiplier/mult_result_q_reg[13]__6). This is preventing the possibility of merging these registers in to the DSP Block since the DSP block registers only possess synchronous reset capability.  It is suggested to recode or change these registers to remove the reset or use a synchronous reset to get the best optimization for performance, power and area.
WARNING: [DRC DPOR-1] Asynchronous load check: DSP i_ariane/i_cva6/ex_stage_i/i_mult/i_multiplier/mult_result_d__11 output is connected to registers with an asynchronous reset (i_ariane/i_cva6/ex_stage_i/i_mult/i_multiplier/mult_result_q_reg[14]__6). This is preventing the possibility of merging these registers in to the DSP Block since the DSP block registers only possess synchronous reset capability.  It is suggested to recode or change these registers to remove the reset or use a synchronous reset to get the best optimization for performance, power and area.
WARNING: [DRC DPOR-1] Asynchronous load check: DSP i_ariane/i_cva6/ex_stage_i/i_mult/i_multiplier/mult_result_d__11 output is connected to registers with an asynchronous reset (i_ariane/i_cva6/ex_stage_i/i_mult/i_multiplier/mult_result_q_reg[15]__6). This is preventing the possibility of merging these registers in to the DSP Block since the DSP block registers only possess synchronous reset capability.  It is suggested to recode or change these registers to remove the reset or use a synchronous reset to get the best optimization for performance, power and area.
WARNING: [DRC DPOR-1] Asynchronous load check: DSP i_ariane/i_cva6/ex_stage_i/i_mult/i_multiplier/mult_result_d__11 output is connected to registers with an asynchronous reset (i_ariane/i_cva6/ex_stage_i/i_mult/i_multiplier/mult_result_q_reg[16]__6). This is preventing the possibility of merging these registers in to the DSP Block since the DSP block registers only possess synchronous reset capability.  It is suggested to recode or change these registers to remove the reset or use a synchronous reset to get the best optimization for performance, power and area.
WARNING: [DRC DPOR-1] Asynchronous load check: DSP i_ariane/i_cva6/ex_stage_i/i_mult/i_multiplier/mult_result_d__11 output is connected to registers with an asynchronous reset (i_ariane/i_cva6/ex_stage_i/i_mult/i_multiplier/mult_result_q_reg[1]__6). This is preventing the possibility of merging these registers in to the DSP Block since the DSP block registers only possess synchronous reset capability.  It is suggested to recode or change these registers to remove the reset or use a synchronous reset to get the best optimization for performance, power and area.
WARNING: [DRC DPOR-1] Asynchronous load check: DSP i_ariane/i_cva6/ex_stage_i/i_mult/i_multiplier/mult_result_d__11 output is connected to registers with an asynchronous reset (i_ariane/i_cva6/ex_stage_i/i_mult/i_multiplier/mult_result_q_reg[2]__6). This is preventing the possibility of merging these registers in to the DSP Block since the DSP block registers only possess synchronous reset capability.  It is suggested to recode or change these registers to remove the reset or use a synchronous reset to get the best optimization for performance, power and area.
WARNING: [DRC DPOR-1] Asynchronous load check: DSP i_ariane/i_cva6/ex_stage_i/i_mult/i_multiplier/mult_result_d__11 output is connected to registers with an asynchronous reset (i_ariane/i_cva6/ex_stage_i/i_mult/i_multiplier/mult_result_q_reg[3]__6). This is preventing the possibility of merging these registers in to the DSP Block since the DSP block registers only possess synchronous reset capability.  It is suggested to recode or change these registers to remove the reset or use a synchronous reset to get the best optimization for performance, power and area.
WARNING: [DRC DPOR-1] Asynchronous load check: DSP i_ariane/i_cva6/ex_stage_i/i_mult/i_multiplier/mult_result_d__11 output is connected to registers with an asynchronous reset (i_ariane/i_cva6/ex_stage_i/i_mult/i_multiplier/mult_result_q_reg[4]__6). This is preventing the possibility of merging these registers in to the DSP Block since the DSP block registers only possess synchronous reset capability.  It is suggested to recode or change these registers to remove the reset or use a synchronous reset to get the best optimization for performance, power and area.
WARNING: [DRC DPOR-1] Asynchronous load check: DSP i_ariane/i_cva6/ex_stage_i/i_mult/i_multiplier/mult_result_d__11 output is connected to registers with an asynchronous reset (i_ariane/i_cva6/ex_stage_i/i_mult/i_multiplier/mult_result_q_reg[5]__6). This is preventing the possibility of merging these registers in to the DSP Block since the DSP block registers only possess synchronous reset capability.  It is suggested to recode or change these registers to remove the reset or use a synchronous reset to get the best optimization for performance, power and area.
WARNING: [DRC DPOR-1] Asynchronous load check: DSP i_ariane/i_cva6/ex_stage_i/i_mult/i_multiplier/mult_result_d__11 output is connected to registers with an asynchronous reset (i_ariane/i_cva6/ex_stage_i/i_mult/i_multiplier/mult_result_q_reg[6]__6). This is preventing the possibility of merging these registers in to the DSP Block since the DSP block registers only possess synchronous reset capability.  It is suggested to recode or change these registers to remove the reset or use a synchronous reset to get the best optimization for performance, power and area.
WARNING: [DRC DPOR-1] Asynchronous load check: DSP i_ariane/i_cva6/ex_stage_i/i_mult/i_multiplier/mult_result_d__11 output is connected to registers with an asynchronous reset (i_ariane/i_cva6/ex_stage_i/i_mult/i_multiplier/mult_result_q_reg[7]__6). This is preventing the possibility of merging these registers in to the DSP Block since the DSP block registers only possess synchronous reset capability.  It is suggested to recode or change these registers to remove the reset or use a synchronous reset to get the best optimization for performance, power and area.
WARNING: [DRC DPOR-1] Asynchronous load check: DSP i_ariane/i_cva6/ex_stage_i/i_mult/i_multiplier/mult_result_d__11 output is connected to registers with an asynchronous reset (i_ariane/i_cva6/ex_stage_i/i_mult/i_multiplier/mult_result_q_reg[8]__6). This is preventing the possibility of merging these registers in to the DSP Block since the DSP block registers only possess synchronous reset capability.  It is suggested to recode or change these registers to remove the reset or use a synchronous reset to get the best optimization for performance, power and area.
WARNING: [DRC DPOR-1] Asynchronous load check: DSP i_ariane/i_cva6/ex_stage_i/i_mult/i_multiplier/mult_result_d__11 output is connected to registers with an asynchronous reset (i_ariane/i_cva6/ex_stage_i/i_mult/i_multiplier/mult_result_q_reg[9]__6). This is preventing the possibility of merging these registers in to the DSP Block since the DSP block registers only possess synchronous reset capability.  It is suggested to recode or change these registers to remove the reset or use a synchronous reset to get the best optimization for performance, power and area.
WARNING: [DRC DPOR-1] Asynchronous load check: DSP i_ariane/i_cva6/ex_stage_i/i_mult/i_multiplier/mult_result_d__13 output is connected to registers with an asynchronous reset (i_ariane/i_cva6/ex_stage_i/i_mult/i_multiplier/mult_result_q_reg[0]__7). This is preventing the possibility of merging these registers in to the DSP Block since the DSP block registers only possess synchronous reset capability.  It is suggested to recode or change these registers to remove the reset or use a synchronous reset to get the best optimization for performance, power and area.
WARNING: [DRC DPOR-1] Asynchronous load check: DSP i_ariane/i_cva6/ex_stage_i/i_mult/i_multiplier/mult_result_d__13 output is connected to registers with an asynchronous reset (i_ariane/i_cva6/ex_stage_i/i_mult/i_multiplier/mult_result_q_reg[10]__7). This is preventing the possibility of merging these registers in to the DSP Block since the DSP block registers only possess synchronous reset capability.  It is suggested to recode or change these registers to remove the reset or use a synchronous reset to get the best optimization for performance, power and area.
WARNING: [DRC DPOR-1] Asynchronous load check: DSP i_ariane/i_cva6/ex_stage_i/i_mult/i_multiplier/mult_result_d__13 output is connected to registers with an asynchronous reset (i_ariane/i_cva6/ex_stage_i/i_mult/i_multiplier/mult_result_q_reg[11]__7). This is preventing the possibility of merging these registers in to the DSP Block since the DSP block registers only possess synchronous reset capability.  It is suggested to recode or change these registers to remove the reset or use a synchronous reset to get the best optimization for performance, power and area.
WARNING: [DRC DPOR-1] Asynchronous load check: DSP i_ariane/i_cva6/ex_stage_i/i_mult/i_multiplier/mult_result_d__13 output is connected to registers with an asynchronous reset (i_ariane/i_cva6/ex_stage_i/i_mult/i_multiplier/mult_result_q_reg[12]__7). This is preventing the possibility of merging these registers in to the DSP Block since the DSP block registers only possess synchronous reset capability.  It is suggested to recode or change these registers to remove the reset or use a synchronous reset to get the best optimization for performance, power and area.
WARNING: [DRC DPOR-1] Asynchronous load check: DSP i_ariane/i_cva6/ex_stage_i/i_mult/i_multiplier/mult_result_d__13 output is connected to registers with an asynchronous reset (i_ariane/i_cva6/ex_stage_i/i_mult/i_multiplier/mult_result_q_reg[13]__7). This is preventing the possibility of merging these registers in to the DSP Block since the DSP block registers only possess synchronous reset capability.  It is suggested to recode or change these registers to remove the reset or use a synchronous reset to get the best optimization for performance, power and area.
WARNING: [DRC DPOR-1] Asynchronous load check: DSP i_ariane/i_cva6/ex_stage_i/i_mult/i_multiplier/mult_result_d__13 output is connected to registers with an asynchronous reset (i_ariane/i_cva6/ex_stage_i/i_mult/i_multiplier/mult_result_q_reg[14]__7). This is preventing the possibility of merging these registers in to the DSP Block since the DSP block registers only possess synchronous reset capability.  It is suggested to recode or change these registers to remove the reset or use a synchronous reset to get the best optimization for performance, power and area.
WARNING: [DRC DPOR-1] Asynchronous load check: DSP i_ariane/i_cva6/ex_stage_i/i_mult/i_multiplier/mult_result_d__13 output is connected to registers with an asynchronous reset (i_ariane/i_cva6/ex_stage_i/i_mult/i_multiplier/mult_result_q_reg[15]__7). This is preventing the possibility of merging these registers in to the DSP Block since the DSP block registers only possess synchronous reset capability.  It is suggested to recode or change these registers to remove the reset or use a synchronous reset to get the best optimization for performance, power and area.
WARNING: [DRC DPOR-1] Asynchronous load check: DSP i_ariane/i_cva6/ex_stage_i/i_mult/i_multiplier/mult_result_d__13 output is connected to registers with an asynchronous reset (i_ariane/i_cva6/ex_stage_i/i_mult/i_multiplier/mult_result_q_reg[16]__7). This is preventing the possibility of merging these registers in to the DSP Block since the DSP block registers only possess synchronous reset capability.  It is suggested to recode or change these registers to remove the reset or use a synchronous reset to get the best optimization for performance, power and area.
WARNING: [DRC DPOR-1] Asynchronous load check: DSP i_ariane/i_cva6/ex_stage_i/i_mult/i_multiplier/mult_result_d__13 output is connected to registers with an asynchronous reset (i_ariane/i_cva6/ex_stage_i/i_mult/i_multiplier/mult_result_q_reg[1]__7). This is preventing the possibility of merging these registers in to the DSP Block since the DSP block registers only possess synchronous reset capability.  It is suggested to recode or change these registers to remove the reset or use a synchronous reset to get the best optimization for performance, power and area.
WARNING: [DRC DPOR-1] Asynchronous load check: DSP i_ariane/i_cva6/ex_stage_i/i_mult/i_multiplier/mult_result_d__13 output is connected to registers with an asynchronous reset (i_ariane/i_cva6/ex_stage_i/i_mult/i_multiplier/mult_result_q_reg[2]__7). This is preventing the possibility of merging these registers in to the DSP Block since the DSP block registers only possess synchronous reset capability.  It is suggested to recode or change these registers to remove the reset or use a synchronous reset to get the best optimization for performance, power and area.
WARNING: [DRC DPOR-1] Asynchronous load check: DSP i_ariane/i_cva6/ex_stage_i/i_mult/i_multiplier/mult_result_d__13 output is connected to registers with an asynchronous reset (i_ariane/i_cva6/ex_stage_i/i_mult/i_multiplier/mult_result_q_reg[3]__7). This is preventing the possibility of merging these registers in to the DSP Block since the DSP block registers only possess synchronous reset capability.  It is suggested to recode or change these registers to remove the reset or use a synchronous reset to get the best optimization for performance, power and area.
WARNING: [DRC DPOR-1] Asynchronous load check: DSP i_ariane/i_cva6/ex_stage_i/i_mult/i_multiplier/mult_result_d__13 output is connected to registers with an asynchronous reset (i_ariane/i_cva6/ex_stage_i/i_mult/i_multiplier/mult_result_q_reg[4]__7). This is preventing the possibility of merging these registers in to the DSP Block since the DSP block registers only possess synchronous reset capability.  It is suggested to recode or change these registers to remove the reset or use a synchronous reset to get the best optimization for performance, power and area.
WARNING: [DRC DPOR-1] Asynchronous load check: DSP i_ariane/i_cva6/ex_stage_i/i_mult/i_multiplier/mult_result_d__13 output is connected to registers with an asynchronous reset (i_ariane/i_cva6/ex_stage_i/i_mult/i_multiplier/mult_result_q_reg[5]__7). This is preventing the possibility of merging these registers in to the DSP Block since the DSP block registers only possess synchronous reset capability.  It is suggested to recode or change these registers to remove the reset or use a synchronous reset to get the best optimization for performance, power and area.
WARNING: [DRC DPOR-1] Asynchronous load check: DSP i_ariane/i_cva6/ex_stage_i/i_mult/i_multiplier/mult_result_d__13 output is connected to registers with an asynchronous reset (i_ariane/i_cva6/ex_stage_i/i_mult/i_multiplier/mult_result_q_reg[6]__7). This is preventing the possibility of merging these registers in to the DSP Block since the DSP block registers only possess synchronous reset capability.  It is suggested to recode or change these registers to remove the reset or use a synchronous reset to get the best optimization for performance, power and area.
WARNING: [DRC DPOR-1] Asynchronous load check: DSP i_ariane/i_cva6/ex_stage_i/i_mult/i_multiplier/mult_result_d__13 output is connected to registers with an asynchronous reset (i_ariane/i_cva6/ex_stage_i/i_mult/i_multiplier/mult_result_q_reg[7]__7). This is preventing the possibility of merging these registers in to the DSP Block since the DSP block registers only possess synchronous reset capability.  It is suggested to recode or change these registers to remove the reset or use a synchronous reset to get the best optimization for performance, power and area.
WARNING: [DRC DPOR-1] Asynchronous load check: DSP i_ariane/i_cva6/ex_stage_i/i_mult/i_multiplier/mult_result_d__13 output is connected to registers with an asynchronous reset (i_ariane/i_cva6/ex_stage_i/i_mult/i_multiplier/mult_result_q_reg[8]__7). This is preventing the possibility of merging these registers in to the DSP Block since the DSP block registers only possess synchronous reset capability.  It is suggested to recode or change these registers to remove the reset or use a synchronous reset to get the best optimization for performance, power and area.
WARNING: [DRC DPOR-1] Asynchronous load check: DSP i_ariane/i_cva6/ex_stage_i/i_mult/i_multiplier/mult_result_d__13 output is connected to registers with an asynchronous reset (i_ariane/i_cva6/ex_stage_i/i_mult/i_multiplier/mult_result_q_reg[9]__7). This is preventing the possibility of merging these registers in to the DSP Block since the DSP block registers only possess synchronous reset capability.  It is suggested to recode or change these registers to remove the reset or use a synchronous reset to get the best optimization for performance, power and area.
WARNING: [DRC DPOR-1] Asynchronous load check: DSP i_ariane/i_cva6/ex_stage_i/i_mult/i_multiplier/mult_result_d__4 output is connected to registers with an asynchronous reset (i_ariane/i_cva6/ex_stage_i/i_mult/i_multiplier/mult_result_q_reg[0]__2). This is preventing the possibility of merging these registers in to the DSP Block since the DSP block registers only possess synchronous reset capability.  It is suggested to recode or change these registers to remove the reset or use a synchronous reset to get the best optimization for performance, power and area.
WARNING: [DRC DPOR-1] Asynchronous load check: DSP i_ariane/i_cva6/ex_stage_i/i_mult/i_multiplier/mult_result_d__4 output is connected to registers with an asynchronous reset (i_ariane/i_cva6/ex_stage_i/i_mult/i_multiplier/mult_result_q_reg[10]__2). This is preventing the possibility of merging these registers in to the DSP Block since the DSP block registers only possess synchronous reset capability.  It is suggested to recode or change these registers to remove the reset or use a synchronous reset to get the best optimization for performance, power and area.
WARNING: [DRC DPOR-1] Asynchronous load check: DSP i_ariane/i_cva6/ex_stage_i/i_mult/i_multiplier/mult_result_d__4 output is connected to registers with an asynchronous reset (i_ariane/i_cva6/ex_stage_i/i_mult/i_multiplier/mult_result_q_reg[11]__2). This is preventing the possibility of merging these registers in to the DSP Block since the DSP block registers only possess synchronous reset capability.  It is suggested to recode or change these registers to remove the reset or use a synchronous reset to get the best optimization for performance, power and area.
WARNING: [DRC DPOR-1] Asynchronous load check: DSP i_ariane/i_cva6/ex_stage_i/i_mult/i_multiplier/mult_result_d__4 output is connected to registers with an asynchronous reset (i_ariane/i_cva6/ex_stage_i/i_mult/i_multiplier/mult_result_q_reg[12]__2). This is preventing the possibility of merging these registers in to the DSP Block since the DSP block registers only possess synchronous reset capability.  It is suggested to recode or change these registers to remove the reset or use a synchronous reset to get the best optimization for performance, power and area.
WARNING: [DRC DPOR-1] Asynchronous load check: DSP i_ariane/i_cva6/ex_stage_i/i_mult/i_multiplier/mult_result_d__4 output is connected to registers with an asynchronous reset (i_ariane/i_cva6/ex_stage_i/i_mult/i_multiplier/mult_result_q_reg[13]__2). This is preventing the possibility of merging these registers in to the DSP Block since the DSP block registers only possess synchronous reset capability.  It is suggested to recode or change these registers to remove the reset or use a synchronous reset to get the best optimization for performance, power and area.
WARNING: [DRC DPOR-1] Asynchronous load check: DSP i_ariane/i_cva6/ex_stage_i/i_mult/i_multiplier/mult_result_d__4 output is connected to registers with an asynchronous reset (i_ariane/i_cva6/ex_stage_i/i_mult/i_multiplier/mult_result_q_reg[14]__2). This is preventing the possibility of merging these registers in to the DSP Block since the DSP block registers only possess synchronous reset capability.  It is suggested to recode or change these registers to remove the reset or use a synchronous reset to get the best optimization for performance, power and area.
WARNING: [DRC DPOR-1] Asynchronous load check: DSP i_ariane/i_cva6/ex_stage_i/i_mult/i_multiplier/mult_result_d__4 output is connected to registers with an asynchronous reset (i_ariane/i_cva6/ex_stage_i/i_mult/i_multiplier/mult_result_q_reg[15]__2). This is preventing the possibility of merging these registers in to the DSP Block since the DSP block registers only possess synchronous reset capability.  It is suggested to recode or change these registers to remove the reset or use a synchronous reset to get the best optimization for performance, power and area.
WARNING: [DRC DPOR-1] Asynchronous load check: DSP i_ariane/i_cva6/ex_stage_i/i_mult/i_multiplier/mult_result_d__4 output is connected to registers with an asynchronous reset (i_ariane/i_cva6/ex_stage_i/i_mult/i_multiplier/mult_result_q_reg[16]__2). This is preventing the possibility of merging these registers in to the DSP Block since the DSP block registers only possess synchronous reset capability.  It is suggested to recode or change these registers to remove the reset or use a synchronous reset to get the best optimization for performance, power and area.
WARNING: [DRC DPOR-1] Asynchronous load check: DSP i_ariane/i_cva6/ex_stage_i/i_mult/i_multiplier/mult_result_d__4 output is connected to registers with an asynchronous reset (i_ariane/i_cva6/ex_stage_i/i_mult/i_multiplier/mult_result_q_reg[1]__2). This is preventing the possibility of merging these registers in to the DSP Block since the DSP block registers only possess synchronous reset capability.  It is suggested to recode or change these registers to remove the reset or use a synchronous reset to get the best optimization for performance, power and area.
WARNING: [DRC DPOR-1] Asynchronous load check: DSP i_ariane/i_cva6/ex_stage_i/i_mult/i_multiplier/mult_result_d__4 output is connected to registers with an asynchronous reset (i_ariane/i_cva6/ex_stage_i/i_mult/i_multiplier/mult_result_q_reg[2]__2). This is preventing the possibility of merging these registers in to the DSP Block since the DSP block registers only possess synchronous reset capability.  It is suggested to recode or change these registers to remove the reset or use a synchronous reset to get the best optimization for performance, power and area.
WARNING: [DRC DPOR-1] Asynchronous load check: DSP i_ariane/i_cva6/ex_stage_i/i_mult/i_multiplier/mult_result_d__4 output is connected to registers with an asynchronous reset (i_ariane/i_cva6/ex_stage_i/i_mult/i_multiplier/mult_result_q_reg[3]__2). This is preventing the possibility of merging these registers in to the DSP Block since the DSP block registers only possess synchronous reset capability.  It is suggested to recode or change these registers to remove the reset or use a synchronous reset to get the best optimization for performance, power and area.
WARNING: [DRC DPOR-1] Asynchronous load check: DSP i_ariane/i_cva6/ex_stage_i/i_mult/i_multiplier/mult_result_d__4 output is connected to registers with an asynchronous reset (i_ariane/i_cva6/ex_stage_i/i_mult/i_multiplier/mult_result_q_reg[4]__2). This is preventing the possibility of merging these registers in to the DSP Block since the DSP block registers only possess synchronous reset capability.  It is suggested to recode or change these registers to remove the reset or use a synchronous reset to get the best optimization for performance, power and area.
WARNING: [DRC DPOR-1] Asynchronous load check: DSP i_ariane/i_cva6/ex_stage_i/i_mult/i_multiplier/mult_result_d__4 output is connected to registers with an asynchronous reset (i_ariane/i_cva6/ex_stage_i/i_mult/i_multiplier/mult_result_q_reg[5]__2). This is preventing the possibility of merging these registers in to the DSP Block since the DSP block registers only possess synchronous reset capability.  It is suggested to recode or change these registers to remove the reset or use a synchronous reset to get the best optimization for performance, power and area.
WARNING: [DRC DPOR-1] Asynchronous load check: DSP i_ariane/i_cva6/ex_stage_i/i_mult/i_multiplier/mult_result_d__4 output is connected to registers with an asynchronous reset (i_ariane/i_cva6/ex_stage_i/i_mult/i_multiplier/mult_result_q_reg[6]__2). This is preventing the possibility of merging these registers in to the DSP Block since the DSP block registers only possess synchronous reset capability.  It is suggested to recode or change these registers to remove the reset or use a synchronous reset to get the best optimization for performance, power and area.
WARNING: [DRC DPOR-1] Asynchronous load check: DSP i_ariane/i_cva6/ex_stage_i/i_mult/i_multiplier/mult_result_d__4 output is connected to registers with an asynchronous reset (i_ariane/i_cva6/ex_stage_i/i_mult/i_multiplier/mult_result_q_reg[7]__2). This is preventing the possibility of merging these registers in to the DSP Block since the DSP block registers only possess synchronous reset capability.  It is suggested to recode or change these registers to remove the reset or use a synchronous reset to get the best optimization for performance, power and area.
WARNING: [DRC DPOR-1] Asynchronous load check: DSP i_ariane/i_cva6/ex_stage_i/i_mult/i_multiplier/mult_result_d__4 output is connected to registers with an asynchronous reset (i_ariane/i_cva6/ex_stage_i/i_mult/i_multiplier/mult_result_q_reg[8]__2). This is preventing the possibility of merging these registers in to the DSP Block since the DSP block registers only possess synchronous reset capability.  It is suggested to recode or change these registers to remove the reset or use a synchronous reset to get the best optimization for performance, power and area.
WARNING: [DRC DPOR-1] Asynchronous load check: DSP i_ariane/i_cva6/ex_stage_i/i_mult/i_multiplier/mult_result_d__4 output is connected to registers with an asynchronous reset (i_ariane/i_cva6/ex_stage_i/i_mult/i_multiplier/mult_result_q_reg[9]__2). This is preventing the possibility of merging these registers in to the DSP Block since the DSP block registers only possess synchronous reset capability.  It is suggested to recode or change these registers to remove the reset or use a synchronous reset to get the best optimization for performance, power and area.
WARNING: [DRC DPOR-1] Asynchronous load check: DSP i_ariane/i_cva6/ex_stage_i/i_mult/i_multiplier/mult_result_d__8 output is connected to registers with an asynchronous reset (i_ariane/i_cva6/ex_stage_i/i_mult/i_multiplier/mult_result_q_reg[0]__4). This is preventing the possibility of merging these registers in to the DSP Block since the DSP block registers only possess synchronous reset capability.  It is suggested to recode or change these registers to remove the reset or use a synchronous reset to get the best optimization for performance, power and area.
WARNING: [DRC DPOR-1] Asynchronous load check: DSP i_ariane/i_cva6/ex_stage_i/i_mult/i_multiplier/mult_result_d__8 output is connected to registers with an asynchronous reset (i_ariane/i_cva6/ex_stage_i/i_mult/i_multiplier/mult_result_q_reg[10]__4). This is preventing the possibility of merging these registers in to the DSP Block since the DSP block registers only possess synchronous reset capability.  It is suggested to recode or change these registers to remove the reset or use a synchronous reset to get the best optimization for performance, power and area.
WARNING: [DRC DPOR-1] Asynchronous load check: DSP i_ariane/i_cva6/ex_stage_i/i_mult/i_multiplier/mult_result_d__8 output is connected to registers with an asynchronous reset (i_ariane/i_cva6/ex_stage_i/i_mult/i_multiplier/mult_result_q_reg[11]__4). This is preventing the possibility of merging these registers in to the DSP Block since the DSP block registers only possess synchronous reset capability.  It is suggested to recode or change these registers to remove the reset or use a synchronous reset to get the best optimization for performance, power and area.
WARNING: [DRC DPOR-1] Asynchronous load check: DSP i_ariane/i_cva6/ex_stage_i/i_mult/i_multiplier/mult_result_d__8 output is connected to registers with an asynchronous reset (i_ariane/i_cva6/ex_stage_i/i_mult/i_multiplier/mult_result_q_reg[12]__4). This is preventing the possibility of merging these registers in to the DSP Block since the DSP block registers only possess synchronous reset capability.  It is suggested to recode or change these registers to remove the reset or use a synchronous reset to get the best optimization for performance, power and area.
WARNING: [DRC DPOR-1] Asynchronous load check: DSP i_ariane/i_cva6/ex_stage_i/i_mult/i_multiplier/mult_result_d__8 output is connected to registers with an asynchronous reset (i_ariane/i_cva6/ex_stage_i/i_mult/i_multiplier/mult_result_q_reg[13]__4). This is preventing the possibility of merging these registers in to the DSP Block since the DSP block registers only possess synchronous reset capability.  It is suggested to recode or change these registers to remove the reset or use a synchronous reset to get the best optimization for performance, power and area.
WARNING: [DRC DPOR-1] Asynchronous load check: DSP i_ariane/i_cva6/ex_stage_i/i_mult/i_multiplier/mult_result_d__8 output is connected to registers with an asynchronous reset (i_ariane/i_cva6/ex_stage_i/i_mult/i_multiplier/mult_result_q_reg[14]__4). This is preventing the possibility of merging these registers in to the DSP Block since the DSP block registers only possess synchronous reset capability.  It is suggested to recode or change these registers to remove the reset or use a synchronous reset to get the best optimization for performance, power and area.
WARNING: [DRC DPOR-1] Asynchronous load check: DSP i_ariane/i_cva6/ex_stage_i/i_mult/i_multiplier/mult_result_d__8 output is connected to registers with an asynchronous reset (i_ariane/i_cva6/ex_stage_i/i_mult/i_multiplier/mult_result_q_reg[15]__4). This is preventing the possibility of merging these registers in to the DSP Block since the DSP block registers only possess synchronous reset capability.  It is suggested to recode or change these registers to remove the reset or use a synchronous reset to get the best optimization for performance, power and area.
WARNING: [DRC DPOR-1] Asynchronous load check: DSP i_ariane/i_cva6/ex_stage_i/i_mult/i_multiplier/mult_result_d__8 output is connected to registers with an asynchronous reset (i_ariane/i_cva6/ex_stage_i/i_mult/i_multiplier/mult_result_q_reg[16]__4). This is preventing the possibility of merging these registers in to the DSP Block since the DSP block registers only possess synchronous reset capability.  It is suggested to recode or change these registers to remove the reset or use a synchronous reset to get the best optimization for performance, power and area.
WARNING: [DRC DPOR-1] Asynchronous load check: DSP i_ariane/i_cva6/ex_stage_i/i_mult/i_multiplier/mult_result_d__8 output is connected to registers with an asynchronous reset (i_ariane/i_cva6/ex_stage_i/i_mult/i_multiplier/mult_result_q_reg[1]__4). This is preventing the possibility of merging these registers in to the DSP Block since the DSP block registers only possess synchronous reset capability.  It is suggested to recode or change these registers to remove the reset or use a synchronous reset to get the best optimization for performance, power and area.
WARNING: [DRC DPOR-1] Asynchronous load check: DSP i_ariane/i_cva6/ex_stage_i/i_mult/i_multiplier/mult_result_d__8 output is connected to registers with an asynchronous reset (i_ariane/i_cva6/ex_stage_i/i_mult/i_multiplier/mult_result_q_reg[2]__4). This is preventing the possibility of merging these registers in to the DSP Block since the DSP block registers only possess synchronous reset capability.  It is suggested to recode or change these registers to remove the reset or use a synchronous reset to get the best optimization for performance, power and area.
WARNING: [DRC DPOR-1] Asynchronous load check: DSP i_ariane/i_cva6/ex_stage_i/i_mult/i_multiplier/mult_result_d__8 output is connected to registers with an asynchronous reset (i_ariane/i_cva6/ex_stage_i/i_mult/i_multiplier/mult_result_q_reg[3]__4). This is preventing the possibility of merging these registers in to the DSP Block since the DSP block registers only possess synchronous reset capability.  It is suggested to recode or change these registers to remove the reset or use a synchronous reset to get the best optimization for performance, power and area.
WARNING: [DRC DPOR-1] Asynchronous load check: DSP i_ariane/i_cva6/ex_stage_i/i_mult/i_multiplier/mult_result_d__8 output is connected to registers with an asynchronous reset (i_ariane/i_cva6/ex_stage_i/i_mult/i_multiplier/mult_result_q_reg[4]__4). This is preventing the possibility of merging these registers in to the DSP Block since the DSP block registers only possess synchronous reset capability.  It is suggested to recode or change these registers to remove the reset or use a synchronous reset to get the best optimization for performance, power and area.
WARNING: [DRC DPOR-1] Asynchronous load check: DSP i_ariane/i_cva6/ex_stage_i/i_mult/i_multiplier/mult_result_d__8 output is connected to registers with an asynchronous reset (i_ariane/i_cva6/ex_stage_i/i_mult/i_multiplier/mult_result_q_reg[5]__4). This is preventing the possibility of merging these registers in to the DSP Block since the DSP block registers only possess synchronous reset capability.  It is suggested to recode or change these registers to remove the reset or use a synchronous reset to get the best optimization for performance, power and area.
WARNING: [DRC DPOR-1] Asynchronous load check: DSP i_ariane/i_cva6/ex_stage_i/i_mult/i_multiplier/mult_result_d__8 output is connected to registers with an asynchronous reset (i_ariane/i_cva6/ex_stage_i/i_mult/i_multiplier/mult_result_q_reg[6]__4). This is preventing the possibility of merging these registers in to the DSP Block since the DSP block registers only possess synchronous reset capability.  It is suggested to recode or change these registers to remove the reset or use a synchronous reset to get the best optimization for performance, power and area.
WARNING: [DRC DPOR-1] Asynchronous load check: DSP i_ariane/i_cva6/ex_stage_i/i_mult/i_multiplier/mult_result_d__8 output is connected to registers with an asynchronous reset (i_ariane/i_cva6/ex_stage_i/i_mult/i_multiplier/mult_result_q_reg[7]__4). This is preventing the possibility of merging these registers in to the DSP Block since the DSP block registers only possess synchronous reset capability.  It is suggested to recode or change these registers to remove the reset or use a synchronous reset to get the best optimization for performance, power and area.
INFO: [Common 17-14] Message 'DRC DPOR-1' appears 100 times and further instances of the messages will be disabled. Use the Tcl command set_msg_config to change the current settings.
WARNING: [DRC IOSR-1] IOB set reset sharing: IO btnc_i connects to flops which have these i_ariane_peripherals/gen_dma.gen_accel2.i_boundary_cfg_accel2/gen_registered.s\\.b_valid_i_1_n_0, and i_ariane_peripherals/gen_dma.i_boundary_cfg_accel1/gen_registered.s\\.b_valid_i_1_n_0 set/reset signals.  For optimal IOB flop packing there should be only one set/reset signal coming into the IOB.
WARNING: [DRC IOSR-1] IOB set reset sharing: IO btnd_i connects to flops which have these i_ariane_peripherals/gen_dma.gen_accel2.i_boundary_cfg_accel2/gen_registered.s\\.b_valid_i_1_n_0, and i_ariane_peripherals/gen_dma.i_boundary_cfg_accel1/gen_registered.s\\.b_valid_i_1_n_0 set/reset signals.  For optimal IOB flop packing there should be only one set/reset signal coming into the IOB.
WARNING: [DRC IOSR-1] IOB set reset sharing: IO btnl_i connects to flops which have these i_ariane_peripherals/gen_dma.gen_accel2.i_boundary_cfg_accel2/gen_registered.s\\.b_valid_i_1_n_0, and i_ariane_peripherals/gen_dma.i_boundary_cfg_accel1/gen_registered.s\\.b_valid_i_1_n_0 set/reset signals.  For optimal IOB flop packing there should be only one set/reset signal coming into the IOB.
WARNING: [DRC IOSR-1] IOB set reset sharing: IO btnr_i connects to flops which have these i_ariane_peripherals/gen_dma.gen_accel2.i_boundary_cfg_accel2/gen_registered.s\\.b_valid_i_1_n_0, and i_ariane_peripherals/gen_dma.i_boundary_cfg_accel1/gen_registered.s\\.b_valid_i_1_n_0 set/reset signals.  For optimal IOB flop packing there should be only one set/reset signal coming into the IOB.
WARNING: [DRC IOSR-1] IOB set reset sharing: IO btnu_i connects to flops which have these i_ariane_peripherals/gen_dma.gen_accel2.i_boundary_cfg_accel2/gen_registered.s\\.b_valid_i_1_n_0, and i_ariane_peripherals/gen_dma.i_boundary_cfg_accel1/gen_registered.s\\.b_valid_i_1_n_0 set/reset signals.  For optimal IOB flop packing there should be only one set/reset signal coming into the IOB.
WARNING: [DRC PDCN-1569] LUT equation term check: Used physical LUT pin 'A1' of cell i_ariane_peripherals/gen_spi.i_xlnx_axi_dwidth_converter_spi/inst/gen_downsizer.gen_simple_downsizer.axi_downsizer_inst/USE_READ.read_addr_inst/cmd_queue/inst/fifo_gen_inst/inst_fifo_gen/gconvfifo.rf/grf.rf/gntv_or_sync_fifo.gl0.rd/gr1.gr1_int.rfwft/gpregsm1.user_valid_i_1 (pin i_ariane_peripherals/gen_spi.i_xlnx_axi_dwidth_converter_spi/inst/gen_downsizer.gen_simple_downsizer.axi_downsizer_inst/USE_READ.read_addr_inst/cmd_queue/inst/fifo_gen_inst/inst_fifo_gen/gconvfifo.rf/grf.rf/gntv_or_sync_fifo.gl0.rd/gr1.gr1_int.rfwft/gpregsm1.user_valid_i_1/I1) is not included in the LUT equation: 'O6=(A5)+((~A5)*(~A4)*A3)'. If this cell is a user instantiated LUT in the design, please remove connectivity to the pin or change the equation and/or INIT string of the LUT to prevent this issue. If the cell is inferred or IP created LUT, please regenerate the IP and/or resynthesize the design to attempt to correct the issue.
WARNING: [DRC PDCN-1569] LUT equation term check: Used physical LUT pin 'A3' of cell i_ariane_peripherals/gen_gpio.i_xlnx_axi_dwidth_converter_gpio/inst/gen_downsizer.gen_simple_downsizer.axi_downsizer_inst/USE_READ.read_addr_inst/cmd_queue/inst/fifo_gen_inst/inst_fifo_gen/gconvfifo.rf/grf.rf/gntv_or_sync_fifo.gl0.rd/gr1.gr1_int.rfwft/gpregsm1.user_valid_i_1 (pin i_ariane_peripherals/gen_gpio.i_xlnx_axi_dwidth_converter_gpio/inst/gen_downsizer.gen_simple_downsizer.axi_downsizer_inst/USE_READ.read_addr_inst/cmd_queue/inst/fifo_gen_inst/inst_fifo_gen/gconvfifo.rf/grf.rf/gntv_or_sync_fifo.gl0.rd/gr1.gr1_int.rfwft/gpregsm1.user_valid_i_1/I1) is not included in the LUT equation: 'O6=(A6)+((~A6)*(~A2)*A1)'. If this cell is a user instantiated LUT in the design, please remove connectivity to the pin or change the equation and/or INIT string of the LUT to prevent this issue. If the cell is inferred or IP created LUT, please regenerate the IP and/or resynthesize the design to attempt to correct the issue.
WARNING: [DRC PDCN-1569] LUT equation term check: Used physical LUT pin 'A4' of cell i_ariane_peripherals/gen_spi.i_xlnx_axi_dwidth_converter_spi/inst/gen_downsizer.gen_simple_downsizer.axi_downsizer_inst/USE_WRITE.write_addr_inst/cmd_queue/inst/fifo_gen_inst/inst_fifo_gen/gconvfifo.rf/grf.rf/gntv_or_sync_fifo.gl0.rd/gr1.gr1_int.rfwft/gpregsm1.user_valid_i_1 (pin i_ariane_peripherals/gen_spi.i_xlnx_axi_dwidth_converter_spi/inst/gen_downsizer.gen_simple_downsizer.axi_downsizer_inst/USE_WRITE.write_addr_inst/cmd_queue/inst/fifo_gen_inst/inst_fifo_gen/gconvfifo.rf/grf.rf/gntv_or_sync_fifo.gl0.rd/gr1.gr1_int.rfwft/gpregsm1.user_valid_i_1/I1) is not included in the LUT equation: 'O5=(A5)+((~A5)*(~A1)*A2)'. If this cell is a user instantiated LUT in the design, please remove connectivity to the pin or change the equation and/or INIT string of the LUT to prevent this issue. If the cell is inferred or IP created LUT, please regenerate the IP and/or resynthesize the design to attempt to correct the issue.
WARNING: [DRC PDCN-1569] LUT equation term check: Used physical LUT pin 'A6' of cell i_ariane_peripherals/gen_gpio.i_xlnx_axi_dwidth_converter_gpio/inst/gen_downsizer.gen_simple_downsizer.axi_downsizer_inst/USE_WRITE.write_addr_inst/USE_B_CHANNEL.cmd_b_queue/inst/fifo_gen_inst/inst_fifo_gen/gconvfifo.rf/grf.rf/gntv_or_sync_fifo.gl0.rd/gr1.gr1_int.rfwft/gpregsm1.user_valid_i_1 (pin i_ariane_peripherals/gen_gpio.i_xlnx_axi_dwidth_converter_gpio/inst/gen_downsizer.gen_simple_downsizer.axi_downsizer_inst/USE_WRITE.write_addr_inst/USE_B_CHANNEL.cmd_b_queue/inst/fifo_gen_inst/inst_fifo_gen/gconvfifo.rf/grf.rf/gntv_or_sync_fifo.gl0.rd/gr1.gr1_int.rfwft/gpregsm1.user_valid_i_1/I1) is not included in the LUT equation: 'O6=(A5)+((~A5)*(~A1)*A3)'. If this cell is a user instantiated LUT in the design, please remove connectivity to the pin or change the equation and/or INIT string of the LUT to prevent this issue. If the cell is inferred or IP created LUT, please regenerate the IP and/or resynthesize the design to attempt to correct the issue.
WARNING: [DRC PDCN-1569] LUT equation term check: Used physical LUT pin 'A6' of cell i_ariane_peripherals/gen_gpio.i_xlnx_axi_dwidth_converter_gpio/inst/gen_downsizer.gen_simple_downsizer.axi_downsizer_inst/USE_WRITE.write_addr_inst/cmd_queue/inst/fifo_gen_inst/inst_fifo_gen/gconvfifo.rf/grf.rf/gntv_or_sync_fifo.gl0.rd/gr1.gr1_int.rfwft/gpregsm1.user_valid_i_1 (pin i_ariane_peripherals/gen_gpio.i_xlnx_axi_dwidth_converter_gpio/inst/gen_downsizer.gen_simple_downsizer.axi_downsizer_inst/USE_WRITE.write_addr_inst/cmd_queue/inst/fifo_gen_inst/inst_fifo_gen/gconvfifo.rf/grf.rf/gntv_or_sync_fifo.gl0.rd/gr1.gr1_int.rfwft/gpregsm1.user_valid_i_1/I1) is not included in the LUT equation: 'O6=(A4)+((~A4)*(~A5)*A3)'. If this cell is a user instantiated LUT in the design, please remove connectivity to the pin or change the equation and/or INIT string of the LUT to prevent this issue. If the cell is inferred or IP created LUT, please regenerate the IP and/or resynthesize the design to attempt to correct the issue.
WARNING: [DRC PDCN-1569] LUT equation term check: Used physical LUT pin 'A6' of cell i_ariane_peripherals/gen_spi.i_xlnx_axi_dwidth_converter_spi/inst/gen_downsizer.gen_simple_downsizer.axi_downsizer_inst/USE_WRITE.write_addr_inst/USE_B_CHANNEL.cmd_b_queue/inst/fifo_gen_inst/inst_fifo_gen/gconvfifo.rf/grf.rf/gntv_or_sync_fifo.gl0.rd/gr1.gr1_int.rfwft/gpregsm1.user_valid_i_1 (pin i_ariane_peripherals/gen_spi.i_xlnx_axi_dwidth_converter_spi/inst/gen_downsizer.gen_simple_downsizer.axi_downsizer_inst/USE_WRITE.write_addr_inst/USE_B_CHANNEL.cmd_b_queue/inst/fifo_gen_inst/inst_fifo_gen/gconvfifo.rf/grf.rf/gntv_or_sync_fifo.gl0.rd/gr1.gr1_int.rfwft/gpregsm1.user_valid_i_1/I1) is not included in the LUT equation: 'O6=(A1)+((~A1)*(~A3)*A5)'. If this cell is a user instantiated LUT in the design, please remove connectivity to the pin or change the equation and/or INIT string of the LUT to prevent this issue. If the cell is inferred or IP created LUT, please regenerate the IP and/or resynthesize the design to attempt to correct the issue.
WARNING: [DRC REQP-1709] Clock output buffering: PLLE2_ADV connectivity violation. The signal i_ddr/u_xlnx_mig_7_ddr3_mig/u_ddr3_infrastructure/pll_clk3_out on the i_ddr/u_xlnx_mig_7_ddr3_mig/u_ddr3_infrastructure/plle2_i/CLKOUT3 pin of i_ddr/u_xlnx_mig_7_ddr3_mig/u_ddr3_infrastructure/plle2_i does not drive the same kind of BUFFER load as the other CLKOUT pins. Routing from the different buffer types will not be phase aligned.
WARNING: [DRC REQP-1839] RAMB36 async control check: The RAMB36E1 i_ariane_peripherals/gen_ethernet.eth_rgmii/RAMB16_inst_rx/genblk1[0].RAMB16_S9_S36_inst has an input control pin i_ariane_peripherals/gen_ethernet.eth_rgmii/RAMB16_inst_rx/genblk1[0].RAMB16_S9_S36_inst/ADDRBWRADDR[13] (net: i_ariane_peripherals/gen_ethernet.eth_rgmii/RAMB16_inst_rx/addrb[8]) which is driven by a register (i_ariane_peripherals/gen_ethernet.i_axi2rom/FSM_sequential_state_q_reg[0]) that has an active asychronous set or reset. This may cause corruption of the memory contents and/or read values when the set/reset is asserted and is not analyzed by the default static timing analysis. It is suggested to eliminate the use of a set/reset to registers driving this RAMB pin or else use a synchronous reset in which the assertion of the reset is timed by default.
WARNING: [DRC REQP-1839] RAMB36 async control check: The RAMB36E1 i_ariane_peripherals/gen_ethernet.eth_rgmii/RAMB16_inst_rx/genblk1[0].RAMB16_S9_S36_inst has an input control pin i_ariane_peripherals/gen_ethernet.eth_rgmii/RAMB16_inst_rx/genblk1[0].RAMB16_S9_S36_inst/ADDRBWRADDR[13] (net: i_ariane_peripherals/gen_ethernet.eth_rgmii/RAMB16_inst_rx/addrb[8]) which is driven by a register (i_ariane_peripherals/gen_ethernet.i_axi2rom/FSM_sequential_state_q_reg[1]) that has an active asychronous set or reset. This may cause corruption of the memory contents and/or read values when the set/reset is asserted and is not analyzed by the default static timing analysis. It is suggested to eliminate the use of a set/reset to registers driving this RAMB pin or else use a synchronous reset in which the assertion of the reset is timed by default.
WARNING: [DRC REQP-1839] RAMB36 async control check: The RAMB36E1 i_ariane_peripherals/gen_ethernet.eth_rgmii/RAMB16_inst_rx/genblk1[0].RAMB16_S9_S36_inst has an input control pin i_ariane_peripherals/gen_ethernet.eth_rgmii/RAMB16_inst_rx/genblk1[0].RAMB16_S9_S36_inst/ADDRBWRADDR[13] (net: i_ariane_peripherals/gen_ethernet.eth_rgmii/RAMB16_inst_rx/addrb[8]) which is driven by a register (i_ariane_peripherals/gen_ethernet.i_axi2rom/FSM_sequential_state_q_reg[2]) that has an active asychronous set or reset. This may cause corruption of the memory contents and/or read values when the set/reset is asserted and is not analyzed by the default static timing analysis. It is suggested to eliminate the use of a set/reset to registers driving this RAMB pin or else use a synchronous reset in which the assertion of the reset is timed by default.
WARNING: [DRC REQP-1839] RAMB36 async control check: The RAMB36E1 i_ariane_peripherals/gen_ethernet.eth_rgmii/RAMB16_inst_rx/genblk1[0].RAMB16_S9_S36_inst has an input control pin i_ariane_peripherals/gen_ethernet.eth_rgmii/RAMB16_inst_rx/genblk1[0].RAMB16_S9_S36_inst/ADDRBWRADDR[13] (net: i_ariane_peripherals/gen_ethernet.eth_rgmii/RAMB16_inst_rx/addrb[8]) which is driven by a register (i_ariane_peripherals/gen_ethernet.i_axi2rom/ax_req_q_reg[addr][10]) that has an active asychronous set or reset. This may cause corruption of the memory contents and/or read values when the set/reset is asserted and is not analyzed by the default static timing analysis. It is suggested to eliminate the use of a set/reset to registers driving this RAMB pin or else use a synchronous reset in which the assertion of the reset is timed by default.
WARNING: [DRC REQP-1839] RAMB36 async control check: The RAMB36E1 i_ariane_peripherals/gen_ethernet.eth_rgmii/RAMB16_inst_rx/genblk1[0].RAMB16_S9_S36_inst has an input control pin i_ariane_peripherals/gen_ethernet.eth_rgmii/RAMB16_inst_rx/genblk1[0].RAMB16_S9_S36_inst/ADDRBWRADDR[13] (net: i_ariane_peripherals/gen_ethernet.eth_rgmii/RAMB16_inst_rx/addrb[8]) which is driven by a register (i_ariane_peripherals/gen_ethernet.i_axi2rom/ax_req_q_reg[addr][11]) that has an active asychronous set or reset. This may cause corruption of the memory contents and/or read values when the set/reset is asserted and is not analyzed by the default static timing analysis. It is suggested to eliminate the use of a set/reset to registers driving this RAMB pin or else use a synchronous reset in which the assertion of the reset is timed by default.
WARNING: [DRC REQP-1839] RAMB36 async control check: The RAMB36E1 i_ariane_peripherals/gen_ethernet.eth_rgmii/RAMB16_inst_rx/genblk1[0].RAMB16_S9_S36_inst has an input control pin i_ariane_peripherals/gen_ethernet.eth_rgmii/RAMB16_inst_rx/genblk1[0].RAMB16_S9_S36_inst/ADDRBWRADDR[13] (net: i_ariane_peripherals/gen_ethernet.eth_rgmii/RAMB16_inst_rx/addrb[8]) which is driven by a register (i_ariane_peripherals/gen_ethernet.i_axi2rom/ax_req_q_reg[addr][12]) that has an active asychronous set or reset. This may cause corruption of the memory contents and/or read values when the set/reset is asserted and is not analyzed by the default static timing analysis. It is suggested to eliminate the use of a set/reset to registers driving this RAMB pin or else use a synchronous reset in which the assertion of the reset is timed by default.
WARNING: [DRC REQP-1839] RAMB36 async control check: The RAMB36E1 i_ariane_peripherals/gen_ethernet.eth_rgmii/RAMB16_inst_rx/genblk1[0].RAMB16_S9_S36_inst has an input control pin i_ariane_peripherals/gen_ethernet.eth_rgmii/RAMB16_inst_rx/genblk1[0].RAMB16_S9_S36_inst/ADDRBWRADDR[13] (net: i_ariane_peripherals/gen_ethernet.eth_rgmii/RAMB16_inst_rx/addrb[8]) which is driven by a register (i_ariane_peripherals/gen_ethernet.i_axi2rom/ax_req_q_reg[addr][13]) that has an active asychronous set or reset. This may cause corruption of the memory contents and/or read values when the set/reset is asserted and is not analyzed by the default static timing analysis. It is suggested to eliminate the use of a set/reset to registers driving this RAMB pin or else use a synchronous reset in which the assertion of the reset is timed by default.
WARNING: [DRC REQP-1839] RAMB36 async control check: The RAMB36E1 i_ariane_peripherals/gen_ethernet.eth_rgmii/RAMB16_inst_rx/genblk1[0].RAMB16_S9_S36_inst has an input control pin i_ariane_peripherals/gen_ethernet.eth_rgmii/RAMB16_inst_rx/genblk1[0].RAMB16_S9_S36_inst/ADDRBWRADDR[13] (net: i_ariane_peripherals/gen_ethernet.eth_rgmii/RAMB16_inst_rx/addrb[8]) which is driven by a register (i_ariane_peripherals/gen_ethernet.i_axi2rom/ax_req_q_reg[addr][3]) that has an active asychronous set or reset. This may cause corruption of the memory contents and/or read values when the set/reset is asserted and is not analyzed by the default static timing analysis. It is suggested to eliminate the use of a set/reset to registers driving this RAMB pin or else use a synchronous reset in which the assertion of the reset is timed by default.
WARNING: [DRC REQP-1839] RAMB36 async control check: The RAMB36E1 i_ariane_peripherals/gen_ethernet.eth_rgmii/RAMB16_inst_rx/genblk1[0].RAMB16_S9_S36_inst has an input control pin i_ariane_peripherals/gen_ethernet.eth_rgmii/RAMB16_inst_rx/genblk1[0].RAMB16_S9_S36_inst/ADDRBWRADDR[13] (net: i_ariane_peripherals/gen_ethernet.eth_rgmii/RAMB16_inst_rx/addrb[8]) which is driven by a register (i_ariane_peripherals/gen_ethernet.i_axi2rom/ax_req_q_reg[addr][4]) that has an active asychronous set or reset. This may cause corruption of the memory contents and/or read values when the set/reset is asserted and is not analyzed by the default static timing analysis. It is suggested to eliminate the use of a set/reset to registers driving this RAMB pin or else use a synchronous reset in which the assertion of the reset is timed by default.
WARNING: [DRC REQP-1839] RAMB36 async control check: The RAMB36E1 i_ariane_peripherals/gen_ethernet.eth_rgmii/RAMB16_inst_rx/genblk1[0].RAMB16_S9_S36_inst has an input control pin i_ariane_peripherals/gen_ethernet.eth_rgmii/RAMB16_inst_rx/genblk1[0].RAMB16_S9_S36_inst/ADDRBWRADDR[13] (net: i_ariane_peripherals/gen_ethernet.eth_rgmii/RAMB16_inst_rx/addrb[8]) which is driven by a register (i_ariane_peripherals/gen_ethernet.i_axi2rom/ax_req_q_reg[addr][5]) that has an active asychronous set or reset. This may cause corruption of the memory contents and/or read values when the set/reset is asserted and is not analyzed by the default static timing analysis. It is suggested to eliminate the use of a set/reset to registers driving this RAMB pin or else use a synchronous reset in which the assertion of the reset is timed by default.
WARNING: [DRC REQP-1839] RAMB36 async control check: The RAMB36E1 i_ariane_peripherals/gen_ethernet.eth_rgmii/RAMB16_inst_rx/genblk1[0].RAMB16_S9_S36_inst has an input control pin i_ariane_peripherals/gen_ethernet.eth_rgmii/RAMB16_inst_rx/genblk1[0].RAMB16_S9_S36_inst/ADDRBWRADDR[13] (net: i_ariane_peripherals/gen_ethernet.eth_rgmii/RAMB16_inst_rx/addrb[8]) which is driven by a register (i_ariane_peripherals/gen_ethernet.i_axi2rom/ax_req_q_reg[addr][6]) that has an active asychronous set or reset. This may cause corruption of the memory contents and/or read values when the set/reset is asserted and is not analyzed by the default static timing analysis. It is suggested to eliminate the use of a set/reset to registers driving this RAMB pin or else use a synchronous reset in which the assertion of the reset is timed by default.
WARNING: [DRC REQP-1839] RAMB36 async control check: The RAMB36E1 i_ariane_peripherals/gen_ethernet.eth_rgmii/RAMB16_inst_rx/genblk1[0].RAMB16_S9_S36_inst has an input control pin i_ariane_peripherals/gen_ethernet.eth_rgmii/RAMB16_inst_rx/genblk1[0].RAMB16_S9_S36_inst/ADDRBWRADDR[13] (net: i_ariane_peripherals/gen_ethernet.eth_rgmii/RAMB16_inst_rx/addrb[8]) which is driven by a register (i_ariane_peripherals/gen_ethernet.i_axi2rom/ax_req_q_reg[addr][7]) that has an active asychronous set or reset. This may cause corruption of the memory contents and/or read values when the set/reset is asserted and is not analyzed by the default static timing analysis. It is suggested to eliminate the use of a set/reset to registers driving this RAMB pin or else use a synchronous reset in which the assertion of the reset is timed by default.
WARNING: [DRC REQP-1839] RAMB36 async control check: The RAMB36E1 i_ariane_peripherals/gen_ethernet.eth_rgmii/RAMB16_inst_rx/genblk1[0].RAMB16_S9_S36_inst has an input control pin i_ariane_peripherals/gen_ethernet.eth_rgmii/RAMB16_inst_rx/genblk1[0].RAMB16_S9_S36_inst/ADDRBWRADDR[13] (net: i_ariane_peripherals/gen_ethernet.eth_rgmii/RAMB16_inst_rx/addrb[8]) which is driven by a register (i_ariane_peripherals/gen_ethernet.i_axi2rom/ax_req_q_reg[addr][8]) that has an active asychronous set or reset. This may cause corruption of the memory contents and/or read values when the set/reset is asserted and is not analyzed by the default static timing analysis. It is suggested to eliminate the use of a set/reset to registers driving this RAMB pin or else use a synchronous reset in which the assertion of the reset is timed by default.
WARNING: [DRC REQP-1839] RAMB36 async control check: The RAMB36E1 i_ariane_peripherals/gen_ethernet.eth_rgmii/RAMB16_inst_rx/genblk1[0].RAMB16_S9_S36_inst has an input control pin i_ariane_peripherals/gen_ethernet.eth_rgmii/RAMB16_inst_rx/genblk1[0].RAMB16_S9_S36_inst/ADDRBWRADDR[13] (net: i_ariane_peripherals/gen_ethernet.eth_rgmii/RAMB16_inst_rx/addrb[8]) which is driven by a register (i_ariane_peripherals/gen_ethernet.i_axi2rom/ax_req_q_reg[addr][9]) that has an active asychronous set or reset. This may cause corruption of the memory contents and/or read values when the set/reset is asserted and is not analyzed by the default static timing analysis. It is suggested to eliminate the use of a set/reset to registers driving this RAMB pin or else use a synchronous reset in which the assertion of the reset is timed by default.
WARNING: [DRC REQP-1839] RAMB36 async control check: The RAMB36E1 i_ariane_peripherals/gen_ethernet.eth_rgmii/RAMB16_inst_rx/genblk1[0].RAMB16_S9_S36_inst has an input control pin i_ariane_peripherals/gen_ethernet.eth_rgmii/RAMB16_inst_rx/genblk1[0].RAMB16_S9_S36_inst/ADDRBWRADDR[13] (net: i_ariane_peripherals/gen_ethernet.eth_rgmii/RAMB16_inst_rx/addrb[8]) which is driven by a register (i_ariane_peripherals/gen_ethernet.i_axi2rom/cnt_q_reg[0]) that has an active asychronous set or reset. This may cause corruption of the memory contents and/or read values when the set/reset is asserted and is not analyzed by the default static timing analysis. It is suggested to eliminate the use of a set/reset to registers driving this RAMB pin or else use a synchronous reset in which the assertion of the reset is timed by default.
WARNING: [DRC REQP-1839] RAMB36 async control check: The RAMB36E1 i_ariane_peripherals/gen_ethernet.eth_rgmii/RAMB16_inst_rx/genblk1[0].RAMB16_S9_S36_inst has an input control pin i_ariane_peripherals/gen_ethernet.eth_rgmii/RAMB16_inst_rx/genblk1[0].RAMB16_S9_S36_inst/ADDRBWRADDR[13] (net: i_ariane_peripherals/gen_ethernet.eth_rgmii/RAMB16_inst_rx/addrb[8]) which is driven by a register (i_ariane_peripherals/gen_ethernet.i_axi2rom/cnt_q_reg[1]) that has an active asychronous set or reset. This may cause corruption of the memory contents and/or read values when the set/reset is asserted and is not analyzed by the default static timing analysis. It is suggested to eliminate the use of a set/reset to registers driving this RAMB pin or else use a synchronous reset in which the assertion of the reset is timed by default.
WARNING: [DRC REQP-1839] RAMB36 async control check: The RAMB36E1 i_ariane_peripherals/gen_ethernet.eth_rgmii/RAMB16_inst_rx/genblk1[0].RAMB16_S9_S36_inst has an input control pin i_ariane_peripherals/gen_ethernet.eth_rgmii/RAMB16_inst_rx/genblk1[0].RAMB16_S9_S36_inst/ADDRBWRADDR[13] (net: i_ariane_peripherals/gen_ethernet.eth_rgmii/RAMB16_inst_rx/addrb[8]) which is driven by a register (i_ariane_peripherals/gen_ethernet.i_axi2rom/cnt_q_reg[2]) that has an active asychronous set or reset. This may cause corruption of the memory contents and/or read values when the set/reset is asserted and is not analyzed by the default static timing analysis. It is suggested to eliminate the use of a set/reset to registers driving this RAMB pin or else use a synchronous reset in which the assertion of the reset is timed by default.
WARNING: [DRC REQP-1839] RAMB36 async control check: The RAMB36E1 i_ariane_peripherals/gen_ethernet.eth_rgmii/RAMB16_inst_rx/genblk1[0].RAMB16_S9_S36_inst has an input control pin i_ariane_peripherals/gen_ethernet.eth_rgmii/RAMB16_inst_rx/genblk1[0].RAMB16_S9_S36_inst/ADDRBWRADDR[13] (net: i_ariane_peripherals/gen_ethernet.eth_rgmii/RAMB16_inst_rx/addrb[8]) which is driven by a register (i_axi_xbar/i_xbar/gen_mst_port_mux[7].i_axi_mux/gen_mux.i_r_spill_reg/spill_register_flushable_i/gen_spill_reg.a_full_q_reg) that has an active asychronous set or reset. This may cause corruption of the memory contents and/or read values when the set/reset is asserted and is not analyzed by the default static timing analysis. It is suggested to eliminate the use of a set/reset to registers driving this RAMB pin or else use a synchronous reset in which the assertion of the reset is timed by default.
WARNING: [DRC REQP-1839] RAMB36 async control check: The RAMB36E1 i_ariane_peripherals/gen_ethernet.eth_rgmii/RAMB16_inst_rx/genblk1[0].RAMB16_S9_S36_inst has an input control pin i_ariane_peripherals/gen_ethernet.eth_rgmii/RAMB16_inst_rx/genblk1[0].RAMB16_S9_S36_inst/ADDRBWRADDR[13] (net: i_ariane_peripherals/gen_ethernet.eth_rgmii/RAMB16_inst_rx/addrb[8]) which is driven by a register (i_axi_xbar/i_xbar/gen_mst_port_mux[7].i_axi_mux/gen_mux.i_r_spill_reg/spill_register_flushable_i/gen_spill_reg.b_full_q_reg) that has an active asychronous set or reset. This may cause corruption of the memory contents and/or read values when the set/reset is asserted and is not analyzed by the default static timing analysis. It is suggested to eliminate the use of a set/reset to registers driving this RAMB pin or else use a synchronous reset in which the assertion of the reset is timed by default.
WARNING: [DRC REQP-1839] RAMB36 async control check: The RAMB36E1 i_ariane_peripherals/gen_ethernet.eth_rgmii/RAMB16_inst_rx/genblk1[0].RAMB16_S9_S36_inst has an input control pin i_ariane_peripherals/gen_ethernet.eth_rgmii/RAMB16_inst_rx/genblk1[0].RAMB16_S9_S36_inst/ADDRBWRADDR[13] (net: i_ariane_peripherals/gen_ethernet.eth_rgmii/RAMB16_inst_rx/addrb[8]) which is driven by a register (i_axi_xbar/i_xbar/gen_mst_port_mux[7].i_axi_mux/gen_mux.i_w_spill_reg/spill_register_flushable_i/gen_spill_reg.a_full_q_reg) that has an active asychronous set or reset. This may cause corruption of the memory contents and/or read values when the set/reset is asserted and is not analyzed by the default static timing analysis. It is suggested to eliminate the use of a set/reset to registers driving this RAMB pin or else use a synchronous reset in which the assertion of the reset is timed by default.
WARNING: [DRC REQP-1840] RAMB18 async control check: The RAMB18E1 i_ariane_peripherals/gen_spi.i_xlnx_axi_quad_spi/U0/NO_DUAL_QUAD_MODE.QSPI_NORMAL/QSPI_ENHANCED_MD_GEN.QSPI_CORE_INTERFACE_I/FIFO_EXISTS.RX_FIFO_II/gnuram_async_fifo.xpm_fifo_base_inst/gen_sdpram.xpm_memory_base_inst/gen_wr_a.gen_word_narrow.mem_reg has an input control pin i_ariane_peripherals/gen_spi.i_xlnx_axi_quad_spi/U0/NO_DUAL_QUAD_MODE.QSPI_NORMAL/QSPI_ENHANCED_MD_GEN.QSPI_CORE_INTERFACE_I/FIFO_EXISTS.RX_FIFO_II/gnuram_async_fifo.xpm_fifo_base_inst/gen_sdpram.xpm_memory_base_inst/gen_wr_a.gen_word_narrow.mem_reg/ENBWREN (net: i_ariane_peripherals/gen_spi.i_xlnx_axi_quad_spi/U0/NO_DUAL_QUAD_MODE.QSPI_NORMAL/QSPI_ENHANCED_MD_GEN.QSPI_CORE_INTERFACE_I/FIFO_EXISTS.RX_FIFO_II/gnuram_async_fifo.xpm_fifo_base_inst/gen_sdpram.xpm_memory_base_inst/enb) which is driven by a register (i_ariane_peripherals/gen_spi.i_xlnx_axi_dwidth_converter_spi/inst/gen_downsizer.gen_simple_downsizer.axi_downsizer_inst/USE_READ.read_addr_inst/cmd_queue/inst/fifo_gen_inst/inst_fifo_gen/gconvfifo.rf/grf.rf/gntv_or_sync_fifo.gl0.rd/gr1.gr1_int.rfwft/empty_fwft_i_reg) that has an active asychronous set or reset. This may cause corruption of the memory contents and/or read values when the set/reset is asserted and is not analyzed by the default static timing analysis. It is suggested to eliminate the use of a set/reset to registers driving this RAMB pin or else use a synchronous reset in which the assertion of the reset is timed by default.
WARNING: [DRC REQP-1840] RAMB18 async control check: The RAMB18E1 i_ariane_peripherals/gen_spi.i_xlnx_axi_quad_spi/U0/NO_DUAL_QUAD_MODE.QSPI_NORMAL/QSPI_ENHANCED_MD_GEN.QSPI_CORE_INTERFACE_I/FIFO_EXISTS.RX_FIFO_II/gnuram_async_fifo.xpm_fifo_base_inst/gen_sdpram.xpm_memory_base_inst/gen_wr_a.gen_word_narrow.mem_reg has an input control pin i_ariane_peripherals/gen_spi.i_xlnx_axi_quad_spi/U0/NO_DUAL_QUAD_MODE.QSPI_NORMAL/QSPI_ENHANCED_MD_GEN.QSPI_CORE_INTERFACE_I/FIFO_EXISTS.RX_FIFO_II/gnuram_async_fifo.xpm_fifo_base_inst/gen_sdpram.xpm_memory_base_inst/gen_wr_a.gen_word_narrow.mem_reg/ENBWREN (net: i_ariane_peripherals/gen_spi.i_xlnx_axi_quad_spi/U0/NO_DUAL_QUAD_MODE.QSPI_NORMAL/QSPI_ENHANCED_MD_GEN.QSPI_CORE_INTERFACE_I/FIFO_EXISTS.RX_FIFO_II/gnuram_async_fifo.xpm_fifo_base_inst/gen_sdpram.xpm_memory_base_inst/enb) which is driven by a register (i_axi_xbar/i_xbar/gen_mst_port_mux[8].i_axi_mux/gen_mux.i_r_spill_reg/spill_register_flushable_i/gen_spill_reg.a_full_q_reg) that has an active asychronous set or reset. This may cause corruption of the memory contents and/or read values when the set/reset is asserted and is not analyzed by the default static timing analysis. It is suggested to eliminate the use of a set/reset to registers driving this RAMB pin or else use a synchronous reset in which the assertion of the reset is timed by default.
WARNING: [DRC REQP-1840] RAMB18 async control check: The RAMB18E1 i_ariane_peripherals/gen_spi.i_xlnx_axi_quad_spi/U0/NO_DUAL_QUAD_MODE.QSPI_NORMAL/QSPI_ENHANCED_MD_GEN.QSPI_CORE_INTERFACE_I/FIFO_EXISTS.RX_FIFO_II/gnuram_async_fifo.xpm_fifo_base_inst/gen_sdpram.xpm_memory_base_inst/gen_wr_a.gen_word_narrow.mem_reg has an input control pin i_ariane_peripherals/gen_spi.i_xlnx_axi_quad_spi/U0/NO_DUAL_QUAD_MODE.QSPI_NORMAL/QSPI_ENHANCED_MD_GEN.QSPI_CORE_INTERFACE_I/FIFO_EXISTS.RX_FIFO_II/gnuram_async_fifo.xpm_fifo_base_inst/gen_sdpram.xpm_memory_base_inst/gen_wr_a.gen_word_narrow.mem_reg/ENBWREN (net: i_ariane_peripherals/gen_spi.i_xlnx_axi_quad_spi/U0/NO_DUAL_QUAD_MODE.QSPI_NORMAL/QSPI_ENHANCED_MD_GEN.QSPI_CORE_INTERFACE_I/FIFO_EXISTS.RX_FIFO_II/gnuram_async_fifo.xpm_fifo_base_inst/gen_sdpram.xpm_memory_base_inst/enb) which is driven by a register (i_axi_xbar/i_xbar/gen_mst_port_mux[8].i_axi_mux/gen_mux.i_r_spill_reg/spill_register_flushable_i/gen_spill_reg.b_full_q_reg) that has an active asychronous set or reset. This may cause corruption of the memory contents and/or read values when the set/reset is asserted and is not analyzed by the default static timing analysis. It is suggested to eliminate the use of a set/reset to registers driving this RAMB pin or else use a synchronous reset in which the assertion of the reset is timed by default.
WARNING: [DRC REQP-1840] RAMB18 async control check: The RAMB18E1 i_ariane_peripherals/gen_spi.i_xlnx_axi_quad_spi/U0/NO_DUAL_QUAD_MODE.QSPI_NORMAL/QSPI_ENHANCED_MD_GEN.QSPI_CORE_INTERFACE_I/FIFO_EXISTS.TX_FIFO_II/xpm_fifo_instance.xpm_fifo_async_inst/gnuram_async_fifo.xpm_fifo_base_inst/gen_sdpram.xpm_memory_base_inst/gen_wr_a.gen_word_narrow.mem_reg has an input control pin i_ariane_peripherals/gen_spi.i_xlnx_axi_quad_spi/U0/NO_DUAL_QUAD_MODE.QSPI_NORMAL/QSPI_ENHANCED_MD_GEN.QSPI_CORE_INTERFACE_I/FIFO_EXISTS.TX_FIFO_II/xpm_fifo_instance.xpm_fifo_async_inst/gnuram_async_fifo.xpm_fifo_base_inst/gen_sdpram.xpm_memory_base_inst/gen_wr_a.gen_word_narrow.mem_reg/ENARDEN (net: i_ariane_peripherals/gen_spi.i_xlnx_axi_quad_spi/U0/NO_DUAL_QUAD_MODE.QSPI_NORMAL/QSPI_ENHANCED_MD_GEN.QSPI_CORE_INTERFACE_I/FIFO_EXISTS.TX_FIFO_II/xpm_fifo_instance.xpm_fifo_async_inst/gnuram_async_fifo.xpm_fifo_base_inst/gen_sdpram.xpm_memory_base_inst/ena) which is driven by a register (i_ariane_peripherals/gen_spi.i_xlnx_axi_dwidth_converter_spi/inst/gen_downsizer.gen_simple_downsizer.axi_downsizer_inst/USE_WRITE.write_addr_inst/cmd_queue/inst/fifo_gen_inst/inst_fifo_gen/gconvfifo.rf/grf.rf/gntv_or_sync_fifo.gl0.rd/gr1.gr1_int.rfwft/empty_fwft_i_reg) that has an active asychronous set or reset. This may cause corruption of the memory contents and/or read values when the set/reset is asserted and is not analyzed by the default static timing analysis. It is suggested to eliminate the use of a set/reset to registers driving this RAMB pin or else use a synchronous reset in which the assertion of the reset is timed by default.
WARNING: [DRC REQP-1840] RAMB18 async control check: The RAMB18E1 i_ariane_peripherals/gen_spi.i_xlnx_axi_quad_spi/U0/NO_DUAL_QUAD_MODE.QSPI_NORMAL/QSPI_ENHANCED_MD_GEN.QSPI_CORE_INTERFACE_I/FIFO_EXISTS.TX_FIFO_II/xpm_fifo_instance.xpm_fifo_async_inst/gnuram_async_fifo.xpm_fifo_base_inst/gen_sdpram.xpm_memory_base_inst/gen_wr_a.gen_word_narrow.mem_reg has an input control pin i_ariane_peripherals/gen_spi.i_xlnx_axi_quad_spi/U0/NO_DUAL_QUAD_MODE.QSPI_NORMAL/QSPI_ENHANCED_MD_GEN.QSPI_CORE_INTERFACE_I/FIFO_EXISTS.TX_FIFO_II/xpm_fifo_instance.xpm_fifo_async_inst/gnuram_async_fifo.xpm_fifo_base_inst/gen_sdpram.xpm_memory_base_inst/gen_wr_a.gen_word_narrow.mem_reg/ENARDEN (net: i_ariane_peripherals/gen_spi.i_xlnx_axi_quad_spi/U0/NO_DUAL_QUAD_MODE.QSPI_NORMAL/QSPI_ENHANCED_MD_GEN.QSPI_CORE_INTERFACE_I/FIFO_EXISTS.TX_FIFO_II/xpm_fifo_instance.xpm_fifo_async_inst/gnuram_async_fifo.xpm_fifo_base_inst/gen_sdpram.xpm_memory_base_inst/ena) which is driven by a register (i_axi_xbar/i_xbar/gen_mst_port_mux[8].i_axi_mux/gen_mux.i_w_spill_reg/spill_register_flushable_i/gen_spill_reg.a_full_q_reg) that has an active asychronous set or reset. This may cause corruption of the memory contents and/or read values when the set/reset is asserted and is not analyzed by the default static timing analysis. It is suggested to eliminate the use of a set/reset to registers driving this RAMB pin or else use a synchronous reset in which the assertion of the reset is timed by default.
WARNING: [DRC REQP-1840] RAMB18 async control check: The RAMB18E1 i_ariane_peripherals/gen_spi.i_xlnx_axi_quad_spi/U0/NO_DUAL_QUAD_MODE.QSPI_NORMAL/QSPI_ENHANCED_MD_GEN.QSPI_CORE_INTERFACE_I/FIFO_EXISTS.TX_FIFO_II/xpm_fifo_instance.xpm_fifo_async_inst/gnuram_async_fifo.xpm_fifo_base_inst/gen_sdpram.xpm_memory_base_inst/gen_wr_a.gen_word_narrow.mem_reg has an input control pin i_ariane_peripherals/gen_spi.i_xlnx_axi_quad_spi/U0/NO_DUAL_QUAD_MODE.QSPI_NORMAL/QSPI_ENHANCED_MD_GEN.QSPI_CORE_INTERFACE_I/FIFO_EXISTS.TX_FIFO_II/xpm_fifo_instance.xpm_fifo_async_inst/gnuram_async_fifo.xpm_fifo_base_inst/gen_sdpram.xpm_memory_base_inst/gen_wr_a.gen_word_narrow.mem_reg/ENARDEN (net: i_ariane_peripherals/gen_spi.i_xlnx_axi_quad_spi/U0/NO_DUAL_QUAD_MODE.QSPI_NORMAL/QSPI_ENHANCED_MD_GEN.QSPI_CORE_INTERFACE_I/FIFO_EXISTS.TX_FIFO_II/xpm_fifo_instance.xpm_fifo_async_inst/gnuram_async_fifo.xpm_fifo_base_inst/gen_sdpram.xpm_memory_base_inst/ena) which is driven by a register (i_axi_xbar/i_xbar/gen_mst_port_mux[8].i_axi_mux/gen_mux.i_w_spill_reg/spill_register_flushable_i/gen_spill_reg.b_full_q_reg) that has an active asychronous set or reset. This may cause corruption of the memory contents and/or read values when the set/reset is asserted and is not analyzed by the default static timing analysis. It is suggested to eliminate the use of a set/reset to registers driving this RAMB pin or else use a synchronous reset in which the assertion of the reset is timed by default.
WARNING: [DRC REQP-1840] RAMB18 async control check: The RAMB18E1 i_ariane_peripherals/gen_spi.i_xlnx_axi_quad_spi/U0/NO_DUAL_QUAD_MODE.QSPI_NORMAL/QSPI_ENHANCED_MD_GEN.QSPI_CORE_INTERFACE_I/FIFO_EXISTS.TX_FIFO_II/xpm_fifo_instance.xpm_fifo_async_inst/gnuram_async_fifo.xpm_fifo_base_inst/gen_sdpram.xpm_memory_base_inst/gen_wr_a.gen_word_narrow.mem_reg has an input control pin i_ariane_peripherals/gen_spi.i_xlnx_axi_quad_spi/U0/NO_DUAL_QUAD_MODE.QSPI_NORMAL/QSPI_ENHANCED_MD_GEN.QSPI_CORE_INTERFACE_I/FIFO_EXISTS.TX_FIFO_II/xpm_fifo_instance.xpm_fifo_async_inst/gnuram_async_fifo.xpm_fifo_base_inst/gen_sdpram.xpm_memory_base_inst/gen_wr_a.gen_word_narrow.mem_reg/WEA[0] (net: i_ariane_peripherals/gen_spi.i_xlnx_axi_quad_spi/U0/NO_DUAL_QUAD_MODE.QSPI_NORMAL/QSPI_ENHANCED_MD_GEN.QSPI_CORE_INTERFACE_I/FIFO_EXISTS.TX_FIFO_II/xpm_fifo_instance.xpm_fifo_async_inst/gnuram_async_fifo.xpm_fifo_base_inst/gen_sdpram.xpm_memory_base_inst/ena) which is driven by a register (i_ariane_peripherals/gen_spi.i_xlnx_axi_dwidth_converter_spi/inst/gen_downsizer.gen_simple_downsizer.axi_downsizer_inst/USE_WRITE.write_addr_inst/cmd_queue/inst/fifo_gen_inst/inst_fifo_gen/gconvfifo.rf/grf.rf/gntv_or_sync_fifo.gl0.rd/gr1.gr1_int.rfwft/empty_fwft_i_reg) that has an active asychronous set or reset. This may cause corruption of the memory contents and/or read values when the set/reset is asserted and is not analyzed by the default static timing analysis. It is suggested to eliminate the use of a set/reset to registers driving this RAMB pin or else use a synchronous reset in which the assertion of the reset is timed by default.
WARNING: [DRC REQP-1840] RAMB18 async control check: The RAMB18E1 i_ariane_peripherals/gen_spi.i_xlnx_axi_quad_spi/U0/NO_DUAL_QUAD_MODE.QSPI_NORMAL/QSPI_ENHANCED_MD_GEN.QSPI_CORE_INTERFACE_I/FIFO_EXISTS.TX_FIFO_II/xpm_fifo_instance.xpm_fifo_async_inst/gnuram_async_fifo.xpm_fifo_base_inst/gen_sdpram.xpm_memory_base_inst/gen_wr_a.gen_word_narrow.mem_reg has an input control pin i_ariane_peripherals/gen_spi.i_xlnx_axi_quad_spi/U0/NO_DUAL_QUAD_MODE.QSPI_NORMAL/QSPI_ENHANCED_MD_GEN.QSPI_CORE_INTERFACE_I/FIFO_EXISTS.TX_FIFO_II/xpm_fifo_instance.xpm_fifo_async_inst/gnuram_async_fifo.xpm_fifo_base_inst/gen_sdpram.xpm_memory_base_inst/gen_wr_a.gen_word_narrow.mem_reg/WEA[0] (net: i_ariane_peripherals/gen_spi.i_xlnx_axi_quad_spi/U0/NO_DUAL_QUAD_MODE.QSPI_NORMAL/QSPI_ENHANCED_MD_GEN.QSPI_CORE_INTERFACE_I/FIFO_EXISTS.TX_FIFO_II/xpm_fifo_instance.xpm_fifo_async_inst/gnuram_async_fifo.xpm_fifo_base_inst/gen_sdpram.xpm_memory_base_inst/ena) which is driven by a register (i_axi_xbar/i_xbar/gen_mst_port_mux[8].i_axi_mux/gen_mux.i_w_spill_reg/spill_register_flushable_i/gen_spill_reg.a_full_q_reg) that has an active asychronous set or reset. This may cause corruption of the memory contents and/or read values when the set/reset is asserted and is not analyzed by the default static timing analysis. It is suggested to eliminate the use of a set/reset to registers driving this RAMB pin or else use a synchronous reset in which the assertion of the reset is timed by default.
WARNING: [DRC REQP-1840] RAMB18 async control check: The RAMB18E1 i_ariane_peripherals/gen_spi.i_xlnx_axi_quad_spi/U0/NO_DUAL_QUAD_MODE.QSPI_NORMAL/QSPI_ENHANCED_MD_GEN.QSPI_CORE_INTERFACE_I/FIFO_EXISTS.TX_FIFO_II/xpm_fifo_instance.xpm_fifo_async_inst/gnuram_async_fifo.xpm_fifo_base_inst/gen_sdpram.xpm_memory_base_inst/gen_wr_a.gen_word_narrow.mem_reg has an input control pin i_ariane_peripherals/gen_spi.i_xlnx_axi_quad_spi/U0/NO_DUAL_QUAD_MODE.QSPI_NORMAL/QSPI_ENHANCED_MD_GEN.QSPI_CORE_INTERFACE_I/FIFO_EXISTS.TX_FIFO_II/xpm_fifo_instance.xpm_fifo_async_inst/gnuram_async_fifo.xpm_fifo_base_inst/gen_sdpram.xpm_memory_base_inst/gen_wr_a.gen_word_narrow.mem_reg/WEA[0] (net: i_ariane_peripherals/gen_spi.i_xlnx_axi_quad_spi/U0/NO_DUAL_QUAD_MODE.QSPI_NORMAL/QSPI_ENHANCED_MD_GEN.QSPI_CORE_INTERFACE_I/FIFO_EXISTS.TX_FIFO_II/xpm_fifo_instance.xpm_fifo_async_inst/gnuram_async_fifo.xpm_fifo_base_inst/gen_sdpram.xpm_memory_base_inst/ena) which is driven by a register (i_axi_xbar/i_xbar/gen_mst_port_mux[8].i_axi_mux/gen_mux.i_w_spill_reg/spill_register_flushable_i/gen_spill_reg.b_full_q_reg) that has an active asychronous set or reset. This may cause corruption of the memory contents and/or read values when the set/reset is asserted and is not analyzed by the default static timing analysis. It is suggested to eliminate the use of a set/reset to registers driving this RAMB pin or else use a synchronous reset in which the assertion of the reset is timed by default.
WARNING: [DRC REQP-1840] RAMB18 async control check: The RAMB18E1 i_ariane_peripherals/gen_spi.i_xlnx_axi_quad_spi/U0/NO_DUAL_QUAD_MODE.QSPI_NORMAL/QSPI_ENHANCED_MD_GEN.QSPI_CORE_INTERFACE_I/FIFO_EXISTS.TX_FIFO_II/xpm_fifo_instance.xpm_fifo_async_inst/gnuram_async_fifo.xpm_fifo_base_inst/gen_sdpram.xpm_memory_base_inst/gen_wr_a.gen_word_narrow.mem_reg has an input control pin i_ariane_peripherals/gen_spi.i_xlnx_axi_quad_spi/U0/NO_DUAL_QUAD_MODE.QSPI_NORMAL/QSPI_ENHANCED_MD_GEN.QSPI_CORE_INTERFACE_I/FIFO_EXISTS.TX_FIFO_II/xpm_fifo_instance.xpm_fifo_async_inst/gnuram_async_fifo.xpm_fifo_base_inst/gen_sdpram.xpm_memory_base_inst/gen_wr_a.gen_word_narrow.mem_reg/WEA[1] (net: i_ariane_peripherals/gen_spi.i_xlnx_axi_quad_spi/U0/NO_DUAL_QUAD_MODE.QSPI_NORMAL/QSPI_ENHANCED_MD_GEN.QSPI_CORE_INTERFACE_I/FIFO_EXISTS.TX_FIFO_II/xpm_fifo_instance.xpm_fifo_async_inst/gnuram_async_fifo.xpm_fifo_base_inst/gen_sdpram.xpm_memory_base_inst/ena) which is driven by a register (i_ariane_peripherals/gen_spi.i_xlnx_axi_dwidth_converter_spi/inst/gen_downsizer.gen_simple_downsizer.axi_downsizer_inst/USE_WRITE.write_addr_inst/cmd_queue/inst/fifo_gen_inst/inst_fifo_gen/gconvfifo.rf/grf.rf/gntv_or_sync_fifo.gl0.rd/gr1.gr1_int.rfwft/empty_fwft_i_reg) that has an active asychronous set or reset. This may cause corruption of the memory contents and/or read values when the set/reset is asserted and is not analyzed by the default static timing analysis. It is suggested to eliminate the use of a set/reset to registers driving this RAMB pin or else use a synchronous reset in which the assertion of the reset is timed by default.
WARNING: [DRC REQP-1840] RAMB18 async control check: The RAMB18E1 i_ariane_peripherals/gen_spi.i_xlnx_axi_quad_spi/U0/NO_DUAL_QUAD_MODE.QSPI_NORMAL/QSPI_ENHANCED_MD_GEN.QSPI_CORE_INTERFACE_I/FIFO_EXISTS.TX_FIFO_II/xpm_fifo_instance.xpm_fifo_async_inst/gnuram_async_fifo.xpm_fifo_base_inst/gen_sdpram.xpm_memory_base_inst/gen_wr_a.gen_word_narrow.mem_reg has an input control pin i_ariane_peripherals/gen_spi.i_xlnx_axi_quad_spi/U0/NO_DUAL_QUAD_MODE.QSPI_NORMAL/QSPI_ENHANCED_MD_GEN.QSPI_CORE_INTERFACE_I/FIFO_EXISTS.TX_FIFO_II/xpm_fifo_instance.xpm_fifo_async_inst/gnuram_async_fifo.xpm_fifo_base_inst/gen_sdpram.xpm_memory_base_inst/gen_wr_a.gen_word_narrow.mem_reg/WEA[1] (net: i_ariane_peripherals/gen_spi.i_xlnx_axi_quad_spi/U0/NO_DUAL_QUAD_MODE.QSPI_NORMAL/QSPI_ENHANCED_MD_GEN.QSPI_CORE_INTERFACE_I/FIFO_EXISTS.TX_FIFO_II/xpm_fifo_instance.xpm_fifo_async_inst/gnuram_async_fifo.xpm_fifo_base_inst/gen_sdpram.xpm_memory_base_inst/ena) which is driven by a register (i_axi_xbar/i_xbar/gen_mst_port_mux[8].i_axi_mux/gen_mux.i_w_spill_reg/spill_register_flushable_i/gen_spill_reg.a_full_q_reg) that has an active asychronous set or reset. This may cause corruption of the memory contents and/or read values when the set/reset is asserted and is not analyzed by the default static timing analysis. It is suggested to eliminate the use of a set/reset to registers driving this RAMB pin or else use a synchronous reset in which the assertion of the reset is timed by default.
WARNING: [DRC REQP-1840] RAMB18 async control check: The RAMB18E1 i_ariane_peripherals/gen_spi.i_xlnx_axi_quad_spi/U0/NO_DUAL_QUAD_MODE.QSPI_NORMAL/QSPI_ENHANCED_MD_GEN.QSPI_CORE_INTERFACE_I/FIFO_EXISTS.TX_FIFO_II/xpm_fifo_instance.xpm_fifo_async_inst/gnuram_async_fifo.xpm_fifo_base_inst/gen_sdpram.xpm_memory_base_inst/gen_wr_a.gen_word_narrow.mem_reg has an input control pin i_ariane_peripherals/gen_spi.i_xlnx_axi_quad_spi/U0/NO_DUAL_QUAD_MODE.QSPI_NORMAL/QSPI_ENHANCED_MD_GEN.QSPI_CORE_INTERFACE_I/FIFO_EXISTS.TX_FIFO_II/xpm_fifo_instance.xpm_fifo_async_inst/gnuram_async_fifo.xpm_fifo_base_inst/gen_sdpram.xpm_memory_base_inst/gen_wr_a.gen_word_narrow.mem_reg/WEA[1] (net: i_ariane_peripherals/gen_spi.i_xlnx_axi_quad_spi/U0/NO_DUAL_QUAD_MODE.QSPI_NORMAL/QSPI_ENHANCED_MD_GEN.QSPI_CORE_INTERFACE_I/FIFO_EXISTS.TX_FIFO_II/xpm_fifo_instance.xpm_fifo_async_inst/gnuram_async_fifo.xpm_fifo_base_inst/gen_sdpram.xpm_memory_base_inst/ena) which is driven by a register (i_axi_xbar/i_xbar/gen_mst_port_mux[8].i_axi_mux/gen_mux.i_w_spill_reg/spill_register_flushable_i/gen_spill_reg.b_full_q_reg) that has an active asychronous set or reset. This may cause corruption of the memory contents and/or read values when the set/reset is asserted and is not analyzed by the default static timing analysis. It is suggested to eliminate the use of a set/reset to registers driving this RAMB pin or else use a synchronous reset in which the assertion of the reset is timed by default.
WARNING: [DRC RTSTAT-10] No routable loads: 113 net(s) have no routable loads. The problem bus(es) and/or net(s) are i_xlnx_axi_clock_converter_ddr/inst/gen_clock_conv.gen_async_conv.asyncfifo_axi/inst_fifo_gen/gaxi_full_lite.gwrite_ch.gwach2.axi_wach/grf.rf/gntv_or_sync_fifo.gl0.rd/gr1.gr1_int.rfwft/aempty_fwft_i, i_ariane_peripherals/gen_gpio.i_xlnx_axi_dwidth_converter_gpio/inst/gen_downsizer.gen_simple_downsizer.axi_downsizer_inst/USE_WRITE.write_addr_inst/USE_B_CHANNEL.cmd_b_queue/inst/fifo_gen_inst/inst_fifo_gen/gconvfifo.rf/grf.rf/gntv_or_sync_fifo.gl0.rd/gr1.gr1_int.rfwft/aempty_fwft_i, i_xlnx_axi_clock_converter_ddr/inst/gen_clock_conv.gen_async_conv.asyncfifo_axi/inst_fifo_gen/gaxi_full_lite.gread_ch.grdch2.axi_rdch/grf.rf/gntv_or_sync_fifo.gl0.rd/gr1.gr1_int.rfwft/aempty_fwft_i, i_ariane_peripherals/gen_gpio.i_xlnx_axi_dwidth_converter_gpio/inst/gen_downsizer.gen_simple_downsizer.axi_downsizer_inst/USE_READ.read_addr_inst/cmd_queue/inst/fifo_gen_inst/inst_fifo_gen/gconvfifo.rf/grf.rf/gntv_or_sync_fifo.gl0.rd/gr1.gr1_int.rfwft/aempty_fwft_i, i_xlnx_axi_clock_converter_ddr/inst/gen_clock_conv.gen_async_conv.asyncfifo_axi/inst_fifo_gen/gaxi_full_lite.gread_ch.grach2.axi_rach/grf.rf/gntv_or_sync_fifo.gl0.rd/gr1.gr1_int.rfwft/aempty_fwft_i, i_ariane_peripherals/gen_spi.i_xlnx_axi_dwidth_converter_spi/inst/gen_downsizer.gen_simple_downsizer.axi_downsizer_inst/USE_WRITE.write_addr_inst/cmd_queue/inst/fifo_gen_inst/inst_fifo_gen/gconvfifo.rf/grf.rf/gntv_or_sync_fifo.gl0.rd/gr1.gr1_int.rfwft/aempty_fwft_i, i_xlnx_axi_clock_converter_ddr/inst/gen_clock_conv.gen_async_conv.asyncfifo_axi/inst_fifo_gen/gaxi_full_lite.gwrite_ch.gwrch2.axi_wrch/grf.rf/gntv_or_sync_fifo.gl0.rd/gr1.gr1_int.rfwft/aempty_fwft_i, i_xlnx_axi_clock_converter_ddr/inst/gen_clock_conv.gen_async_conv.asyncfifo_axi/inst_fifo_gen/gaxi_full_lite.gwrite_ch.gwdch2.axi_wdch/grf.rf/gntv_or_sync_fifo.gl0.rd/gr1.gr1_int.rfwft/aempty_fwft_i, i_ariane_peripherals/gen_gpio.i_xlnx_axi_dwidth_converter_gpio/inst/gen_downsizer.gen_simple_downsizer.axi_downsizer_inst/USE_WRITE.write_addr_inst/cmd_queue/inst/fifo_gen_inst/inst_fifo_gen/gconvfifo.rf/grf.rf/gntv_or_sync_fifo.gl0.rd/gr1.gr1_int.rfwft/aempty_fwft_i, i_ariane_peripherals/gen_spi.i_xlnx_axi_dwidth_converter_spi/inst/gen_downsizer.gen_simple_downsizer.axi_downsizer_inst/USE_WRITE.write_addr_inst/USE_B_CHANNEL.cmd_b_queue/inst/fifo_gen_inst/inst_fifo_gen/gconvfifo.rf/grf.rf/gntv_or_sync_fifo.gl0.rd/gr1.gr1_int.rfwft/aempty_fwft_i, i_ariane_peripherals/gen_spi.i_xlnx_axi_dwidth_converter_spi/inst/gen_downsizer.gen_simple_downsizer.axi_downsizer_inst/USE_READ.read_addr_inst/cmd_queue/inst/fifo_gen_inst/inst_fifo_gen/gconvfifo.rf/grf.rf/gntv_or_sync_fifo.gl0.rd/gr1.gr1_int.rfwft/aempty_fwft_i, i_dmi_jtag/i_dmi_cdc/i_cdc_resp/i_dst/data_dst_q[resp][1:0], i_xlnx_axi_clock_converter_ddr/inst/gen_clock_conv.gen_async_conv.asyncfifo_axi/inst_fifo_gen/gaxi_full_lite.gwrite_ch.gwdch2.axi_wdch/grf.rf/rstblk/ngwrdrst.grst.rd_rst_reg[2:0], i_xlnx_axi_clock_converter_ddr/inst/gen_clock_conv.gen_async_conv.asyncfifo_axi/inst_fifo_gen/gaxi_full_lite.gwrite_ch.gwrch2.axi_wrch/grf.rf/rstblk/ngwrdrst.grst.rd_rst_reg[2:0], i_ariane_peripherals/gen_gpio.i_xlnx_axi_dwidth_converter_gpio/inst/gen_downsizer.gen_simple_downsizer.axi_downsizer_inst/USE_WRITE.write_addr_inst/cmd_queue/inst/fifo_gen_inst/inst_fifo_gen/gconvfifo.rf/grf.rf/rstblk/ngwrdrst.grst.rd_rst_reg[2:0]... and (the first 15 of 68 listed).
INFO: [DRC REQP-165] writefirst: Synchronous clocking is detected for BRAM (i_ariane_peripherals/gen_hwicap.i_hwicap/U0/ICAP_NOT_SHARED.HWICAP_CTRL_I/IPIC_IF_I/RD_FIFO.RDDATA_FIFO_I/xpm_fifo_instance.xpm_fifo_async_inst/gnuram_async_fifo.xpm_fifo_base_inst/gen_sdpram.xpm_memory_base_inst/gen_wr_a.gen_word_narrow.mem_reg) in SDP mode with WRITE_FIRST write-mode. This is the preferred mode for best power characteristics, however it may exhibit address collisions if the same address appears on both read and write ports resulting in unknown or corrupted read data. It is suggested to confirm via simulation that an address collision never occurs and if so it is suggested to try and avoid this situation. If address collisions cannot be avoided, the write-mode may be set to READ_FIRST which guarantees that the read data is the prior contents of the memory at the cost of additional power in the design. See the FPGA Memory Resources User Guide for additional information.
INFO: [DRC REQP-165] writefirst: Synchronous clocking is detected for BRAM (i_ariane_peripherals/gen_hwicap.i_hwicap/U0/ICAP_NOT_SHARED.HWICAP_CTRL_I/IPIC_IF_I/WRFIFO.WRDATA_FIFO_I/xpm_fifo_instance.xpm_fifo_async_inst/gnuram_async_fifo.xpm_fifo_base_inst/gen_sdpram.xpm_memory_base_inst/gen_wr_a.gen_word_narrow.mem_reg) in SDP mode with WRITE_FIRST write-mode. This is the preferred mode for best power characteristics, however it may exhibit address collisions if the same address appears on both read and write ports resulting in unknown or corrupted read data. It is suggested to confirm via simulation that an address collision never occurs and if so it is suggested to try and avoid this situation. If address collisions cannot be avoided, the write-mode may be set to READ_FIRST which guarantees that the read data is the prior contents of the memory at the cost of additional power in the design. See the FPGA Memory Resources User Guide for additional information.
INFO: [Vivado 12-3199] DRC finished with 1 Errors, 233 Warnings, 2 Advisories
INFO: [Vivado 12-3200] Please refer to the DRC report (report_drc) for more information.
ERROR: [Vivado 12-1345] Error(s) found during DRC. Bitgen not run.
INFO: [Common 17-83] Releasing license: Implementation
12 Infos, 232 Warnings, 0 Critical Warnings and 2 Errors encountered.
write_bitstream failed
write_bitstream: Time (s): cpu = 00:00:22 ; elapsed = 00:00:13 . Memory (MB): peak = 5031.453 ; gain = 3.012 ; free physical = 10291 ; free virtual = 16564
ERROR: [Common 17-39] 'write_bitstream' failed due to earlier errors.

    while executing
"write_bitstream -force $work_dpr/full_${rm_name}.bit"
    (file "/home/jc/tmp/riscv-iommu-demo/dpr/scripts/run_partial.tcl" line 147)
INFO: [Common 17-206] Exiting Vivado at Mon Apr 20 16:25:25 2026...
make: *** [Makefile:84 : dpr-partial] Erreur 1
make : on quitte le répertoire « /home/jc/tmp/riscv-iommu-demo/dpr »
