CMD: make -C /home/jc/tmp/riscv-iommu-demo/dpr dpr-partial RM=accel_A
DATE: ven. 03 avril 2026 13:14:57 CEST
---
make : on entre dans le répertoire « /home/jc/tmp/riscv-iommu-demo/dpr »
==> Implémentation du module PARTIEL : accel_A
cp /home/jc/tmp/riscv-iommu-demo/dpr/rm/accel_A/accel_*.sv /home/jc/tmp/riscv-iommu-demo/cva6/corev_apu/fpga/src/accel_wrap.sv
vivado -mode batch -nojournal -nolog -source /home/jc/tmp/riscv-iommu-demo/dpr/scripts/run_partial.tcl \
	-tclargs /home/jc/tmp/riscv-iommu-demo/cva6/corev_apu/fpga/work-dpr /home/jc/tmp/riscv-iommu-demo/dpr/rm/accel_A accel_A /home/jc/tmp/riscv-iommu-demo/dpr

****** Vivado v2022.2 (64-bit)
  **** SW Build 3671981 on Fri Oct 14 04:59:54 MDT 2022
  **** IP Build 3669848 on Fri Oct 14 08:30:02 MDT 2022
    ** Copyright 1986-2022 Xilinx, Inc. All Rights Reserved.

source /home/jc/tmp/riscv-iommu-demo/dpr/scripts/run_partial.tcl
# set work_dpr [lindex $argv 0]
# set rm_dir   [lindex $argv 1]
# set rm_name  [lindex $argv 2]
# set cva6_root [file normalize [file join $work_dpr ".." ".." ".."]]
# set cva6_fpga [file normalize [file join $work_dpr ".."]]
# set dpr_dir   [lindex $argv 3]
# set rm_synth1 $work_dpr/${rm_name}_accel1_synth.dcp
# set rm_synth2 $work_dpr/${rm_name}_accel2_synth.dcp
# if {![file exists $rm_synth1] || ![file exists $rm_synth2]} {
#     puts "==> Synthèse du RM $rm_name dans le projet ariane..."
# 
#     # Copie du RM dans le projet CVA6
#     set rm_sv [lindex [glob $rm_dir/*.sv] 0]
#     file copy -force $rm_sv $cva6_fpga/src/accel_wrap.sv
#     puts "  -> RM copié : [file tail $rm_sv] -> accel_wrap.sv"
# 
#     open_project $cva6_fpga/ariane.xpr
# 
#     set_property -name {STEPS.SYNTH_DESIGN.ARGS.FLATTEN_HIERARCHY} \
#         -value {none} -objects [get_runs synth_1]
# 
#     puts "==> Lancement synthèse..."
#     reset_run synth_1
#     launch_runs synth_1 -jobs 8
#     wait_on_run synth_1
#     if {[get_property PROGRESS [get_runs synth_1]] != "100%"} {
#         puts "ERROR: Synthèse échouée."
#         exit 1
#     }
# 
#     open_run synth_1 -name synth_1
# 
#     # Extraire le checkpoint de i_accel1 (STREAM_ID=1)
#     puts "==> Extraction checkpoint accel1 (STREAM_ID=1)..."
#     set cell1_synth [get_cells -quiet i_ariane_peripherals/gen_dma.i_accel1]
#     if {[llength $cell1_synth] == 0} {
#         puts "ERROR: i_accel1 non trouvé dans le netlist"
#         exit 1
#     }
#     write_checkpoint -force -cell $cell1_synth $rm_synth1
#     puts "  -> checkpoint accel1 : $rm_synth1"
# 
#     # Extraire le checkpoint de i_accel2 (STREAM_ID=2)
#     puts "==> Extraction checkpoint accel2 (STREAM_ID=2)..."
#     set cell2_synth [get_cells -quiet i_ariane_peripherals/gen_dma.gen_accel2.i_accel2]
#     if {[llength $cell2_synth] == 0} {
#         puts "ERROR: i_accel2 non trouvé dans le netlist"
#         exit 1
#     }
#     write_checkpoint -force -cell $cell2_synth $rm_synth2
#     puts "  -> checkpoint accel2 : $rm_synth2"
# 
#     close_project
# } else {
#     puts "==> RMs en cache :"
#     puts "    $rm_synth1"
#     puts "    $rm_synth2"
# }
==> RMs en cache :
    /home/jc/tmp/riscv-iommu-demo/cva6/corev_apu/fpga/work-dpr/accel_A_accel1_synth.dcp
    /home/jc/tmp/riscv-iommu-demo/cva6/corev_apu/fpga/work-dpr/accel_A_accel2_synth.dcp
# puts "==> Ouverture du checkpoint statique..."
==> Ouverture du checkpoint statique...
# open_checkpoint $work_dpr/static_routed.dcp
Command: open_checkpoint /home/jc/tmp/riscv-iommu-demo/cva6/corev_apu/fpga/work-dpr/static_routed.dcp

Starting open_checkpoint Task

Time (s): cpu = 00:00:00.02 ; elapsed = 00:00:00.03 . Memory (MB): peak = 1626.023 ; gain = 3.969 ; free physical = 33450 ; free virtual = 44526
INFO: [Device 21-403] Loading part xc7k325tffg900-2
Netlist sorting complete. Time (s): cpu = 00:00:00.67 ; elapsed = 00:00:01 . Memory (MB): peak = 2373.945 ; gain = 0.000 ; free physical = 32768 ; free virtual = 43843
INFO: [Netlist 29-17] Analyzing 9855 Unisim elements for replacement
INFO: [Netlist 29-28] Unisim Transformation completed in 0 CPU seconds
INFO: [Project 1-479] Netlist was created with Vivado 2022.2
INFO: [Project 1-570] Preparing netlist for logic optimization
WARNING: [Constraints 18-550] Could not create 'IBUF_LOW_PWR' constraint because net 'i_xlnx_clk_gen/clk_in1' is not directly connected to top level port. Synthesis is ignored for IBUF_LOW_PWR but preserved for implementation.
INFO: [Timing 38-478] Restoring timing data from binary archive.
INFO: [Timing 38-479] Binary timing data restore complete.
INFO: [Project 1-856] Restoring constraints from binary archive.
INFO: [Project 1-853] Binary constraint restore complete.
Reading XDEF placement.
Reading placer database...
Reading XDEF routing.
Read XDEF Files: Time (s): cpu = 00:00:11 ; elapsed = 00:00:11 . Memory (MB): peak = 3680.477 ; gain = 201.859 ; free physical = 31621 ; free virtual = 42696
Restored from archive | CPU: 11.390000 secs | Memory: 178.605766 MB |
Finished XDEF File Restore: Time (s): cpu = 00:00:11 ; elapsed = 00:00:11 . Memory (MB): peak = 3680.477 ; gain = 201.859 ; free physical = 31621 ; free virtual = 42696
INFO: [Project 1-486] Could not resolve non-primitive black box cell 'accel_wrap__parameterized0_bb' instantiated as 'i_ariane_peripherals/gen_dma.i_accel1' [/home/jc/tmp/riscv-iommu-demo/cva6/corev_apu/fpga/src/ariane_peripherals_xilinx.sv:748]
INFO: [Project 1-486] Could not resolve non-primitive black box cell 'accel_wrap_bb' instantiated as 'i_ariane_peripherals/gen_dma.gen_accel2.i_accel2' [/home/jc/tmp/riscv-iommu-demo/cva6/corev_apu/fpga/src/ariane_peripherals_xilinx.sv:993]
Netlist sorting complete. Time (s): cpu = 00:00:00.02 ; elapsed = 00:00:00.01 . Memory (MB): peak = 3680.477 ; gain = 0.000 ; free physical = 31621 ; free virtual = 42696
INFO: [Project 1-111] Unisim Transformation Summary:
  A total of 351 instances were transformed.
  IOBUF => IOBUF (IBUF, OBUFT): 1 instance 
  IOBUFDS_DIFF_OUT_DCIEN => IOBUFDS_DIFF_OUT_DCIEN (IBUFDS_IBUFDISABLE_INT(x2), INV, OBUFTDS_DCIEN(x2)): 4 instances
  IOBUF_DCIEN => IOBUF_DCIEN (IBUF_IBUFDISABLE, OBUFT_DCIEN): 32 instances
  LUT6_2 => LUT6_2 (LUT5, LUT6): 17 instances
  OBUFDS => OBUFDS_DUAL_BUF (INV, OBUFDS(x2)): 1 instance 
  RAM32M => RAM32M (RAMD32(x6), RAMS32(x2)): 278 instances
  RAM32X1D => RAM32X1D (RAMD32(x2)): 18 instances

INFO: [Project 1-604] Checkpoint was created with Vivado v2022.2 (64-bit) build 3671981
OpenCheckpoint Checksum | Checksum: 1419c2211
----- Checksum: PlaceDB: a128cc94 ShapeSum: 57361993 RouteDB: 493d3bea 
open_checkpoint: Time (s): cpu = 00:00:42 ; elapsed = 00:00:49 . Memory (MB): peak = 3680.477 ; gain = 2061.391 ; free physical = 31621 ; free virtual = 42696
# puts "==> Rechargement du XDC des pblocks DFX..."
==> Rechargement du XDC des pblocks DFX...
# set pblock_xdc $dpr_dir/constraints/pblock_accels_impl.xdc
# if {![file exists $pblock_xdc]} {
#     puts "ERROR: XDC pblock introuvable : $pblock_xdc"
#     exit 1
# }
# foreach pb [get_pblocks -quiet] {
#     delete_pblocks $pb
# }
# read_xdc $pblock_xdc
Parsing XDC File [/home/jc/tmp/riscv-iommu-demo/dpr/constraints/pblock_accels_impl.xdc]
WARNING: [Vivado 12-4775] These ranges will be aligned to a tile boundary: DSP48_X0Y60:DSP48_X1Y64 [/home/jc/tmp/riscv-iommu-demo/dpr/constraints/pblock_accels_impl.xdc:5]
WARNING: [Vivado 12-4775] These ranges will be aligned to a tile boundary: DSP48_X2Y60:DSP48_X5Y64 [/home/jc/tmp/riscv-iommu-demo/dpr/constraints/pblock_accels_impl.xdc:15]
Finished Parsing XDC File [/home/jc/tmp/riscv-iommu-demo/dpr/constraints/pblock_accels_impl.xdc]
# set_property used_in_synthesis false [get_files $pblock_xdc]
# puts "  -> XDC chargé : $pblock_xdc"
  -> XDC chargé : /home/jc/tmp/riscv-iommu-demo/dpr/constraints/pblock_accels_impl.xdc
# foreach pb [get_pblocks] {
#     puts "  PBLOCK: $pb -> [get_property GRID_RANGES $pb]"
# }
  PBLOCK: pblock_accel1 -> RAMB36_X0Y25:RAMB36_X1Y29 RAMB18_X0Y50:RAMB18_X1Y59 DSP48_X0Y60:DSP48_X1Y65 SLICE_X0Y250:SLICE_X71Y299
  PBLOCK: pblock_accel2 -> RAMB36_X2Y25:RAMB36_X4Y29 RAMB18_X2Y50:RAMB18_X4Y59 DSP48_X2Y60:DSP48_X5Y65 SLICE_X72Y250:SLICE_X145Y299
# set cell1 [get_cells -quiet i_ariane_peripherals/gen_dma.i_accel1]
# set cell2 [get_cells -quiet i_ariane_peripherals/gen_dma.gen_accel2.i_accel2]
# if {[llength $cell1] == 0} { puts "ERROR: i_accel1 non trouvé"; exit 1 }
# if {[llength $cell2] == 0} { puts "ERROR: i_accel2 non trouvé"; exit 1 }
# read_checkpoint -cell $cell1 $rm_synth1
Command: read_checkpoint -cell [get_cells -quiet i_ariane_peripherals/gen_dma.i_accel1] /home/jc/tmp/riscv-iommu-demo/cva6/corev_apu/fpga/work-dpr/accel_A_accel1_synth.dcp
WARNING: [Vivado 12-12435] Any Tcl variable pointing to design objects become invalid when read_checkpoint is executed subsequently after open_checkpoint. The content of those variables need to be rebuilt after read_checkpoint. Otherwise this could result in unwanted behavior due to referencing objects that do not exist anymore.
INFO: [Timing 38-480] Writing timing data to binary archive.
Writing XDEF routing.
Writing XDEF routing logical nets.
Writing XDEF routing special nets.
Write XDEF Complete: Time (s): cpu = 00:00:25 ; elapsed = 00:00:14 . Memory (MB): peak = 3950.039 ; gain = 188.543 ; free physical = 31225 ; free virtual = 42566
report_design_analysis: Time (s): cpu = 00:00:30 ; elapsed = 00:00:13 . Memory (MB): peak = 4020.051 ; gain = 70.012 ; free physical = 31195 ; free virtual = 42537
INFO: [Project 1-454] Reading design checkpoint '/home/jc/tmp/riscv-iommu-demo/cva6/corev_apu/fpga/work-dpr/accel_A_accel1_synth.dcp' for cell 'i_ariane_peripherals/gen_dma.i_accel1'
Netlist sorting complete. Time (s): cpu = 00:00:00.92 ; elapsed = 00:00:00.99 . Memory (MB): peak = 4020.051 ; gain = 0.000 ; free physical = 32159 ; free virtual = 43304
INFO: [Netlist 29-17] Analyzing 9855 Unisim elements for replacement
INFO: [Netlist 29-28] Unisim Transformation completed in 0 CPU seconds
INFO: [Project 1-479] Netlist was created with Vivado 2022.2
INFO: [Project 1-570] Preparing netlist for logic optimization
WARNING: [Constraints 18-550] Could not create 'IBUF_LOW_PWR' constraint because net 'i_xlnx_clk_gen/clk_in1' is not directly connected to top level port. Synthesis is ignored for IBUF_LOW_PWR but preserved for implementation.
Parsing XDC File [/home/jc/tmp/riscv-iommu-demo/dpr/.Xil/Vivado-50685-jc-VirtualBox/readCheckpointCellTempDcp/temp/ariane_xilinx_board.xdc]
Finished Parsing XDC File [/home/jc/tmp/riscv-iommu-demo/dpr/.Xil/Vivado-50685-jc-VirtualBox/readCheckpointCellTempDcp/temp/ariane_xilinx_board.xdc]
Parsing XDC File [/home/jc/tmp/riscv-iommu-demo/dpr/.Xil/Vivado-50685-jc-VirtualBox/readCheckpointCellTempDcp/temp/ariane_xilinx_early.xdc]
INFO: [Timing 38-35] Done setting XDC timing constraints. [/home/jc/tmp/riscv-iommu-demo/cva6/corev_apu/fpga/xilinx/xlnx_clk_gen/xlnx_clk_gen.gen/sources_1/ip/xlnx_clk_gen/xlnx_clk_gen.xdc:57]
INFO: [Timing 38-2] Deriving generated clocks [/home/jc/tmp/riscv-iommu-demo/cva6/corev_apu/fpga/xilinx/xlnx_clk_gen/xlnx_clk_gen.gen/sources_1/ip/xlnx_clk_gen/xlnx_clk_gen.xdc:57]
Finished Parsing XDC File [/home/jc/tmp/riscv-iommu-demo/dpr/.Xil/Vivado-50685-jc-VirtualBox/readCheckpointCellTempDcp/temp/ariane_xilinx_early.xdc]
Parsing XDC File [/home/jc/tmp/riscv-iommu-demo/dpr/.Xil/Vivado-50685-jc-VirtualBox/readCheckpointCellTempDcp/temp/ariane_xilinx.xdc]
Finished Parsing XDC File [/home/jc/tmp/riscv-iommu-demo/dpr/.Xil/Vivado-50685-jc-VirtualBox/readCheckpointCellTempDcp/temp/ariane_xilinx.xdc]
Parsing XDC File [/home/jc/tmp/riscv-iommu-demo/dpr/.Xil/Vivado-50685-jc-VirtualBox/readCheckpointCellTempDcp/temp/ariane_xilinx_late.xdc]
Finished Parsing XDC File [/home/jc/tmp/riscv-iommu-demo/dpr/.Xil/Vivado-50685-jc-VirtualBox/readCheckpointCellTempDcp/temp/ariane_xilinx_late.xdc]
Reading XDEF placement.
Reading placer database...
Reading XDEF routing.
Read XDEF Files: Time (s): cpu = 00:00:11 ; elapsed = 00:00:12 . Memory (MB): peak = 4020.051 ; gain = 0.000 ; free physical = 31657 ; free virtual = 42801
Restored from archive | CPU: 11.750000 secs | Memory: 177.841515 MB |
Finished XDEF File Restore: Time (s): cpu = 00:00:11 ; elapsed = 00:00:12 . Memory (MB): peak = 4020.051 ; gain = 0.000 ; free physical = 31657 ; free virtual = 42801
Reading XDEF placement.
Reading placer database...
Reading XDEF routing.
Read XDEF Files: Time (s): cpu = 00:00:00.04 ; elapsed = 00:00:00.06 . Memory (MB): peak = 4020.051 ; gain = 0.000 ; free physical = 31618 ; free virtual = 42763
Restored from archive | CPU: 0.050000 secs | Memory: 0.000000 MB |
Finished XDEF File Restore: Time (s): cpu = 00:00:00.05 ; elapsed = 00:00:00.08 . Memory (MB): peak = 4020.051 ; gain = 0.000 ; free physical = 31618 ; free virtual = 42763
INFO: [Project 1-486] Could not resolve non-primitive black box cell 'accel_wrap_bb' instantiated as 'i_ariane_peripherals/gen_dma.gen_accel2.i_accel2' [/home/jc/tmp/riscv-iommu-demo/cva6/corev_apu/fpga/src/ariane_peripherals_xilinx.sv:993]
Netlist sorting complete. Time (s): cpu = 00:00:00.02 ; elapsed = 00:00:00.02 . Memory (MB): peak = 4020.051 ; gain = 0.000 ; free physical = 31598 ; free virtual = 42742
INFO: [Project 1-111] Unisim Transformation Summary:
  A total of 351 instances were transformed.
  IOBUF => IOBUF (IBUF, OBUFT): 1 instance 
  IOBUFDS_DIFF_OUT_DCIEN => IOBUFDS_DIFF_OUT_DCIEN (IBUFDS_IBUFDISABLE_INT(x2), INV, OBUFTDS_DCIEN(x2)): 4 instances
  IOBUF_DCIEN => IOBUF_DCIEN (IBUF_IBUFDISABLE, OBUFT_DCIEN): 32 instances
  LUT6_2 => LUT6_2 (LUT5, LUT6): 17 instances
  OBUFDS => OBUFDS_DUAL_BUF (INV, OBUFDS(x2)): 1 instance 
  RAM32M => RAM32M (RAMD32(x6), RAMS32(x2)): 278 instances
  RAM32X1D => RAM32X1D (RAMD32(x2)): 18 instances

read_checkpoint: Time (s): cpu = 00:01:51 ; elapsed = 00:01:19 . Memory (MB): peak = 4020.051 ; gain = 339.574 ; free physical = 31696 ; free virtual = 42773
# puts "  -> RM accel1 chargé (STREAM_ID=1) : $rm_synth1"
  -> RM accel1 chargé (STREAM_ID=1) : /home/jc/tmp/riscv-iommu-demo/cva6/corev_apu/fpga/work-dpr/accel_A_accel1_synth.dcp
# set cell2 [get_cells -quiet i_ariane_peripherals/gen_dma.gen_accel2.i_accel2]
# if {[llength $cell2] == 0} {
#     puts "ERROR: i_accel2 non trouvé après chargement accel1"
#     exit 1
# }
# read_checkpoint -cell $cell2 $rm_synth2
Command: read_checkpoint -cell [get_cells -quiet i_ariane_peripherals/gen_dma.gen_accel2.i_accel2] /home/jc/tmp/riscv-iommu-demo/cva6/corev_apu/fpga/work-dpr/accel_A_accel2_synth.dcp
WARNING: [Vivado 12-12435] Any Tcl variable pointing to design objects become invalid when read_checkpoint is executed subsequently after open_checkpoint. The content of those variables need to be rebuilt after read_checkpoint. Otherwise this could result in unwanted behavior due to referencing objects that do not exist anymore.
INFO: [Timing 38-480] Writing timing data to binary archive.
Writing XDEF routing.
Writing XDEF routing logical nets.
Writing XDEF routing special nets.
Write XDEF Complete: Time (s): cpu = 00:00:24 ; elapsed = 00:00:13 . Memory (MB): peak = 4067.613 ; gain = 47.562 ; free physical = 31260 ; free virtual = 42575
report_design_analysis: Time (s): cpu = 00:00:37 ; elapsed = 00:00:16 . Memory (MB): peak = 4081.598 ; gain = 13.984 ; free physical = 31247 ; free virtual = 42562
INFO: [Project 1-454] Reading design checkpoint '/home/jc/tmp/riscv-iommu-demo/cva6/corev_apu/fpga/work-dpr/accel_A_accel2_synth.dcp' for cell 'i_ariane_peripherals/gen_dma.gen_accel2.i_accel2'
Netlist sorting complete. Time (s): cpu = 00:00:00.89 ; elapsed = 00:00:00.99 . Memory (MB): peak = 4081.598 ; gain = 0.000 ; free physical = 32025 ; free virtual = 43170
INFO: [Netlist 29-17] Analyzing 9855 Unisim elements for replacement
INFO: [Netlist 29-28] Unisim Transformation completed in 0 CPU seconds
INFO: [Project 1-479] Netlist was created with Vivado 2022.2
INFO: [Project 1-570] Preparing netlist for logic optimization
WARNING: [Constraints 18-550] Could not create 'IBUF_LOW_PWR' constraint because net 'i_xlnx_clk_gen/clk_in1' is not directly connected to top level port. Synthesis is ignored for IBUF_LOW_PWR but preserved for implementation.
Parsing XDC File [/home/jc/tmp/riscv-iommu-demo/dpr/.Xil/Vivado-50685-jc-VirtualBox/readCheckpointCellTempDcp/temp/ariane_xilinx_board.xdc]
Finished Parsing XDC File [/home/jc/tmp/riscv-iommu-demo/dpr/.Xil/Vivado-50685-jc-VirtualBox/readCheckpointCellTempDcp/temp/ariane_xilinx_board.xdc]
Parsing XDC File [/home/jc/tmp/riscv-iommu-demo/dpr/.Xil/Vivado-50685-jc-VirtualBox/readCheckpointCellTempDcp/temp/ariane_xilinx_early.xdc]
INFO: [Timing 38-35] Done setting XDC timing constraints. [/home/jc/tmp/riscv-iommu-demo/cva6/corev_apu/fpga/xilinx/xlnx_clk_gen/xlnx_clk_gen.gen/sources_1/ip/xlnx_clk_gen/xlnx_clk_gen.xdc:57]
INFO: [Timing 38-2] Deriving generated clocks [/home/jc/tmp/riscv-iommu-demo/cva6/corev_apu/fpga/xilinx/xlnx_clk_gen/xlnx_clk_gen.gen/sources_1/ip/xlnx_clk_gen/xlnx_clk_gen.xdc:57]
Finished Parsing XDC File [/home/jc/tmp/riscv-iommu-demo/dpr/.Xil/Vivado-50685-jc-VirtualBox/readCheckpointCellTempDcp/temp/ariane_xilinx_early.xdc]
Parsing XDC File [/home/jc/tmp/riscv-iommu-demo/dpr/.Xil/Vivado-50685-jc-VirtualBox/readCheckpointCellTempDcp/temp/ariane_xilinx.xdc]
Finished Parsing XDC File [/home/jc/tmp/riscv-iommu-demo/dpr/.Xil/Vivado-50685-jc-VirtualBox/readCheckpointCellTempDcp/temp/ariane_xilinx.xdc]
Parsing XDC File [/home/jc/tmp/riscv-iommu-demo/dpr/.Xil/Vivado-50685-jc-VirtualBox/readCheckpointCellTempDcp/temp/ariane_xilinx_late.xdc]
Finished Parsing XDC File [/home/jc/tmp/riscv-iommu-demo/dpr/.Xil/Vivado-50685-jc-VirtualBox/readCheckpointCellTempDcp/temp/ariane_xilinx_late.xdc]
Reading XDEF placement.
Reading placer database...
Reading XDEF routing.
Read XDEF Files: Time (s): cpu = 00:00:11 ; elapsed = 00:00:12 . Memory (MB): peak = 4081.598 ; gain = 0.000 ; free physical = 31595 ; free virtual = 42740
Restored from archive | CPU: 11.840000 secs | Memory: 177.841278 MB |
Finished XDEF File Restore: Time (s): cpu = 00:00:11 ; elapsed = 00:00:12 . Memory (MB): peak = 4081.598 ; gain = 0.000 ; free physical = 31595 ; free virtual = 42740
Reading XDEF placement.
Reading placer database...
Reading XDEF routing.
Read XDEF Files: Time (s): cpu = 00:00:00.04 ; elapsed = 00:00:00.06 . Memory (MB): peak = 4081.598 ; gain = 0.000 ; free physical = 31556 ; free virtual = 42701
Restored from archive | CPU: 0.040000 secs | Memory: 0.000000 MB |
Finished XDEF File Restore: Time (s): cpu = 00:00:00.05 ; elapsed = 00:00:00.07 . Memory (MB): peak = 4081.598 ; gain = 0.000 ; free physical = 31556 ; free virtual = 42701
Netlist sorting complete. Time (s): cpu = 00:00:00.02 ; elapsed = 00:00:00.02 . Memory (MB): peak = 4081.598 ; gain = 0.000 ; free physical = 31532 ; free virtual = 42677
INFO: [Project 1-111] Unisim Transformation Summary:
  A total of 351 instances were transformed.
  IOBUF => IOBUF (IBUF, OBUFT): 1 instance 
  IOBUFDS_DIFF_OUT_DCIEN => IOBUFDS_DIFF_OUT_DCIEN (IBUFDS_IBUFDISABLE_INT(x2), INV, OBUFTDS_DCIEN(x2)): 4 instances
  IOBUF_DCIEN => IOBUF_DCIEN (IBUF_IBUFDISABLE, OBUFT_DCIEN): 32 instances
  LUT6_2 => LUT6_2 (LUT5, LUT6): 17 instances
  OBUFDS => OBUFDS_DUAL_BUF (INV, OBUFDS(x2)): 1 instance 
  RAM32M => RAM32M (RAMD32(x6), RAMS32(x2)): 278 instances
  RAM32X1D => RAM32X1D (RAMD32(x2)): 18 instances

read_checkpoint: Time (s): cpu = 00:01:58 ; elapsed = 00:01:22 . Memory (MB): peak = 4081.598 ; gain = 61.547 ; free physical = 31627 ; free virtual = 42703
# puts "  -> RM accel2 chargé (STREAM_ID=2) : $rm_synth2"
  -> RM accel2 chargé (STREAM_ID=2) : /home/jc/tmp/riscv-iommu-demo/cva6/corev_apu/fpga/work-dpr/accel_A_accel2_synth.dcp
# puts "==> opt_design..."
==> opt_design...
# opt_design -directive RuntimeOptimized
Command: opt_design -directive RuntimeOptimized
INFO: [Vivado_Tcl 4-136] Directive used for opt_design is: RuntimeOptimized
Attempting to get a license for feature 'Implementation' and/or device 'xc7k325t'
INFO: [Common 17-349] Got license for feature 'Implementation' and/or device 'xc7k325t'
INFO: [Common 17-1540] The version limit for your license is '2025.06' and has expired for new software. A version limit expiration means that, although you may be able to continue to use the current version of tools or IP with this license, you will not be eligible for new releases.
Running DRC as a precondition to command opt_design

Starting DRC Task
INFO: [DRC 23-27] Running DRC with 8 threads
INFO: [Project 1-461] DRC finished with 0 Errors
INFO: [Project 1-462] Please refer to the DRC report (report_drc) for more information.

Time (s): cpu = 00:00:09 ; elapsed = 00:00:06 . Memory (MB): peak = 4105.609 ; gain = 24.012 ; free physical = 31579 ; free virtual = 42655

Starting Logic Optimization Task

Phase 1 Retarget
INFO: [Opt 31-138] Pushed 0 inverter(s) to 0 load pin(s).
INFO: [Opt 31-49] Retargeted 0 cell(s).
Phase 1 Retarget | Checksum: 2a86a071c

Time (s): cpu = 00:00:50 ; elapsed = 00:00:27 . Memory (MB): peak = 4439.977 ; gain = 183.430 ; free physical = 31440 ; free virtual = 42517
INFO: [Opt 31-389] Phase Retarget created 0 cells and removed 0 cells
INFO: [Opt 31-1021] In phase Retarget, 10825 netlist objects are constrained preventing optimization. Please run opt_design with -debug_log to get more detail. 

Phase 2 Constant propagation
INFO: [Opt 31-138] Pushed 0 inverter(s) to 0 load pin(s).
Phase 2 Constant propagation | Checksum: 2a86a071c

Time (s): cpu = 00:00:55 ; elapsed = 00:00:31 . Memory (MB): peak = 4439.977 ; gain = 183.430 ; free physical = 31451 ; free virtual = 42528
INFO: [Opt 31-389] Phase Constant propagation created 0 cells and removed 0 cells
INFO: [Opt 31-1021] In phase Constant propagation, 288 netlist objects are constrained preventing optimization. Please run opt_design with -debug_log to get more detail. 

Phase 3 Sweep
Phase 3 Sweep | Checksum: 2a86a071c

Time (s): cpu = 00:01:03 ; elapsed = 00:00:39 . Memory (MB): peak = 4439.977 ; gain = 183.430 ; free physical = 31310 ; free virtual = 42387
INFO: [Opt 31-389] Phase Sweep created 0 cells and removed 0 cells
INFO: [Opt 31-1021] In phase Sweep, 610118 netlist objects are constrained preventing optimization. Please run opt_design with -debug_log to get more detail. 

Phase 4 BUFG optimization
Phase 4 BUFG optimization | Checksum: 2a86a071c

Time (s): cpu = 00:01:08 ; elapsed = 00:00:44 . Memory (MB): peak = 4439.977 ; gain = 183.430 ; free physical = 31386 ; free virtual = 42463
INFO: [Opt 31-662] Phase BUFG optimization created 0 cells of which 0 are BUFGs and removed 0 cells.

Phase 5 Shift Register Optimization
INFO: [Opt 31-1064] SRL Remap converted 0 SRLs to 0 registers and converted 0 registers of register chains to 0 SRLs
Phase 5 Shift Register Optimization | Checksum: 2a86a071c

Time (s): cpu = 00:01:11 ; elapsed = 00:00:47 . Memory (MB): peak = 4439.977 ; gain = 183.430 ; free physical = 31404 ; free virtual = 42481
INFO: [Opt 31-389] Phase Shift Register Optimization created 0 cells and removed 0 cells

Phase 6 Post Processing Netlist
Phase 6 Post Processing Netlist | Checksum: 2a86a071c

Time (s): cpu = 00:01:14 ; elapsed = 00:00:51 . Memory (MB): peak = 4439.977 ; gain = 183.430 ; free physical = 31415 ; free virtual = 42492
INFO: [Opt 31-389] Phase Post Processing Netlist created 0 cells and removed 0 cells
INFO: [Opt 31-1021] In phase Post Processing Netlist, 359 netlist objects are constrained preventing optimization. Please run opt_design with -debug_log to get more detail. 
Opt_design Change Summary
=========================


-------------------------------------------------------------------------------------------------------------------------
|  Phase                        |  #Cells created  |  #Cells Removed  |  #Constrained objects preventing optimizations  |
-------------------------------------------------------------------------------------------------------------------------
|  Retarget                     |               0  |               0  |                                          10825  |
|  Constant propagation         |               0  |               0  |                                            288  |
|  Sweep                        |               0  |               0  |                                         610118  |
|  BUFG optimization            |               0  |               0  |                                              0  |
|  Shift Register Optimization  |               0  |               0  |                                              0  |
|  Post Processing Netlist      |               0  |               0  |                                            359  |
-------------------------------------------------------------------------------------------------------------------------



Starting Connectivity Check Task

Time (s): cpu = 00:00:00.36 ; elapsed = 00:00:00.37 . Memory (MB): peak = 4439.977 ; gain = 0.000 ; free physical = 31416 ; free virtual = 42492
Ending Logic Optimization Task | Checksum: 1e2891185

Time (s): cpu = 00:01:18 ; elapsed = 00:00:55 . Memory (MB): peak = 4439.977 ; gain = 183.430 ; free physical = 31418 ; free virtual = 42495

Starting Netlist Obfuscation Task
Netlist sorting complete. Time (s): cpu = 00:00:00.02 ; elapsed = 00:00:00.02 . Memory (MB): peak = 4439.977 ; gain = 0.000 ; free physical = 31398 ; free virtual = 42475
Ending Netlist Obfuscation Task | Checksum: 1e2891185

Time (s): cpu = 00:00:03 ; elapsed = 00:00:03 . Memory (MB): peak = 4439.977 ; gain = 0.000 ; free physical = 31401 ; free virtual = 42478
INFO: [Common 17-83] Releasing license: Implementation
21 Infos, 0 Warnings, 0 Critical Warnings and 0 Errors encountered.
opt_design completed successfully
opt_design: Time (s): cpu = 00:01:32 ; elapsed = 00:01:06 . Memory (MB): peak = 4439.977 ; gain = 358.379 ; free physical = 31401 ; free virtual = 42478
# puts "==> place_design..."
==> place_design...
# place_design -directive RuntimeOptimized
Command: place_design -directive RuntimeOptimized
Attempting to get a license for feature 'Implementation' and/or device 'xc7k325t'
INFO: [Common 17-349] Got license for feature 'Implementation' and/or device 'xc7k325t'
INFO: [Common 17-1540] The version limit for your license is '2025.06' and has expired for new software. A version limit expiration means that, although you may be able to continue to use the current version of tools or IP with this license, you will not be eligible for new releases.
INFO: [DRC 23-27] Running DRC with 8 threads
INFO: [Vivado_Tcl 4-198] DRC finished with 0 Errors
INFO: [Vivado_Tcl 4-199] Please refer to the DRC report (report_drc) for more information.
Running DRC as a precondition to command place_design
INFO: [DRC 23-27] Running DRC with 8 threads
GCIO site IOB_X0Y22
GCIO site IOB_X0Y24
GCIO site IOB_X0Y26
GCIO site IOB_X0Y28
GCIO site IOB_X1Y22
GCIO site IOB_X1Y24
GCIO site IOB_X1Y26
GCIO site IOB_X1Y28
GCIO site IOB_X0Y72
GCIO site IOB_X0Y74
GCIO site IOB_X0Y76
GCIO site IOB_X0Y78
GCIO site IOB_X1Y72
GCIO site IOB_X1Y74
GCIO site IOB_X1Y76
GCIO site IOB_X1Y78
GCIO site IOB_X0Y122
GCIO site IOB_X0Y124
GCIO site IOB_X0Y126
GCIO site IOB_X0Y128
GCIO site IOB_X1Y122
GCIO site IOB_X1Y124
GCIO site IOB_X1Y126
GCIO site IOB_X1Y128
GCIO site IOB_X0Y172
GCIO site IOB_X0Y174
GCIO site IOB_X0Y176
GCIO site IOB_X0Y178
GCIO site IOB_X0Y222
GCIO site IOB_X0Y224
GCIO site IOB_X0Y226
GCIO site IOB_X0Y228
GCIO site IOB_X0Y272
GCIO site IOB_X0Y274
GCIO site IOB_X0Y276
GCIO site IOB_X0Y278
GCIO site IOB_X0Y322
GCIO site IOB_X0Y324
GCIO site IOB_X0Y326
GCIO site IOB_X0Y328
WARNING: [DRC 23-804] Only the first 20 REQP-1839 messages were issued by report_drc. An additional 1 messages have not been issued. Use 'set_property MAX_MESSAGES <number> [get_drc_check REQP-1839]' to change the number of messages that should be reported.
INFO: [Vivado_Tcl 4-198] DRC finished with 0 Errors, 34 Warnings
INFO: [Vivado_Tcl 4-199] Please refer to the DRC report (report_drc) for more information.

Starting Placer Task
INFO: [Place 46-5] The placer was invoked with the 'RuntimeOptimized' directive.
INFO: [Place 30-611] Multithreading enabled for place_design using a maximum of 8 CPUs

Phase 1 Placer Initialization

Phase 1.1 Placer Initialization Netlist Sorting
Netlist sorting complete. Time (s): cpu = 00:00:00.02 ; elapsed = 00:00:00.01 . Memory (MB): peak = 4526.992 ; gain = 0.000 ; free physical = 31077 ; free virtual = 42153
Phase 1.1 Placer Initialization Netlist Sorting | Checksum: c2824c8a

Time (s): cpu = 00:00:01 ; elapsed = 00:00:01 . Memory (MB): peak = 4526.992 ; gain = 0.000 ; free physical = 31085 ; free virtual = 42161
Netlist sorting complete. Time (s): cpu = 00:00:00.03 ; elapsed = 00:00:00.03 . Memory (MB): peak = 4526.992 ; gain = 0.000 ; free physical = 31085 ; free virtual = 42161

Phase 1.2 IO Placement/ Clock Placement/ Build Placer Device
INFO: [Timing 38-35] Done setting XDC timing constraints.
GCIO site IOB_X0Y22
GCIO site IOB_X0Y24
GCIO site IOB_X0Y26
GCIO site IOB_X0Y28
GCIO site IOB_X1Y22
GCIO site IOB_X1Y24
GCIO site IOB_X1Y26
GCIO site IOB_X1Y28
GCIO site IOB_X0Y72
GCIO site IOB_X0Y74
GCIO site IOB_X0Y76
GCIO site IOB_X0Y78
GCIO site IOB_X1Y72
GCIO site IOB_X1Y74
GCIO site IOB_X1Y76
GCIO site IOB_X1Y78
GCIO site IOB_X0Y122
GCIO site IOB_X0Y124
GCIO site IOB_X0Y126
GCIO site IOB_X0Y128
GCIO site IOB_X1Y122
GCIO site IOB_X1Y124
GCIO site IOB_X1Y126
GCIO site IOB_X1Y128
GCIO site IOB_X0Y172
GCIO site IOB_X0Y174
GCIO site IOB_X0Y176
GCIO site IOB_X0Y178
GCIO site IOB_X0Y222
GCIO site IOB_X0Y224
GCIO site IOB_X0Y226
GCIO site IOB_X0Y228
GCIO site IOB_X0Y272
GCIO site IOB_X0Y274
GCIO site IOB_X0Y276
GCIO site IOB_X0Y278
GCIO site IOB_X0Y322
GCIO site IOB_X0Y324
GCIO site IOB_X0Y326
GCIO site IOB_X0Y328
WARNING: [Place 30-575] Sub-optimal placement for a clock-capable IO pin and MMCM pair. This is normally an ERROR but the CLOCK_DEDICATED_ROUTE constraint is set to FALSE allowing your design to continue. The use of this override is highly discouraged as it may lead to very poor timing results. It is recommended that this error condition be corrected in the design.

	i_ddr/u_xlnx_mig_7_ddr3_mig/u_ddr3_clk_ibuf/diff_input_clk.u_ibufg_sys_clk (IBUFDS.O) is locked to IOB_X1Y76
	i_ddr/u_xlnx_mig_7_ddr3_mig/u_iodelay_ctrl/clk_ref_mmcm_gen.mmcm_i (MMCME2_ADV.CLKIN1) is locked to MMCME2_ADV_X0Y3
Resolution: A dedicated routing path between the two can be used if: (a) The clock-capable IO (CCIO) is placed on a CCIO capable site (b) The MMCM is placed in the same clock region as the CCIO pin. If the IOB is driving multiple MMCMs, all MMCMs must be placed in the same clock region, one clock region above or one clock region below the IOB. Both the above conditions must be met at the same time, else it may lead to longer and less predictable clock insertion delays.
Phase 1.2 IO Placement/ Clock Placement/ Build Placer Device | Checksum: 198cfa51e

Time (s): cpu = 00:00:34 ; elapsed = 00:00:27 . Memory (MB): peak = 4835.648 ; gain = 308.656 ; free physical = 30862 ; free virtual = 41939

Phase 1.3 Build Placer Netlist Model
Phase 1.3 Build Placer Netlist Model | Checksum: 10577a48a

Time (s): cpu = 00:03:28 ; elapsed = 00:01:28 . Memory (MB): peak = 5160.957 ; gain = 633.965 ; free physical = 30468 ; free virtual = 41545

Phase 1.4 Constrain Clocks/Macros
Phase 1.4 Constrain Clocks/Macros | Checksum: 10577a48a

Time (s): cpu = 00:03:29 ; elapsed = 00:01:29 . Memory (MB): peak = 5160.957 ; gain = 633.965 ; free physical = 30468 ; free virtual = 41545
Phase 1 Placer Initialization | Checksum: 10577a48a

Time (s): cpu = 00:04:01 ; elapsed = 00:01:42 . Memory (MB): peak = 5184.969 ; gain = 657.977 ; free physical = 30571 ; free virtual = 41648

Phase 2 Global Placement

Phase 2.1 Floorplanning
Phase 2.1 Floorplanning | Checksum: 1b67863fe

Time (s): cpu = 00:05:47 ; elapsed = 00:02:09 . Memory (MB): peak = 5240.996 ; gain = 714.004 ; free physical = 30565 ; free virtual = 41642

Phase 2.2 Update Timing before SLR Path Opt
Phase 2.2 Update Timing before SLR Path Opt | Checksum: 1b21f0ed8

Time (s): cpu = 00:07:36 ; elapsed = 00:02:35 . Memory (MB): peak = 5240.996 ; gain = 714.004 ; free physical = 30539 ; free virtual = 41616

Phase 2.3 Post-Processing in Floorplanning
Phase 2.3 Post-Processing in Floorplanning | Checksum: 1b21f0ed8

Time (s): cpu = 00:07:37 ; elapsed = 00:02:36 . Memory (MB): peak = 5240.996 ; gain = 714.004 ; free physical = 30542 ; free virtual = 41619

Phase 2.4 Global Placement Core
Phase 2.4 Global Placement Core | Checksum: 15d580e3b

Time (s): cpu = 00:07:57 ; elapsed = 00:02:49 . Memory (MB): peak = 5240.996 ; gain = 714.004 ; free physical = 30423 ; free virtual = 41500
Phase 2 Global Placement | Checksum: 15d580e3b

Time (s): cpu = 00:07:57 ; elapsed = 00:02:50 . Memory (MB): peak = 5240.996 ; gain = 714.004 ; free physical = 30456 ; free virtual = 41533

Phase 3 Detail Placement

Phase 3.1 Commit Multi Column Macros
Phase 3.1 Commit Multi Column Macros | Checksum: 1509a7471

Time (s): cpu = 00:08:08 ; elapsed = 00:03:02 . Memory (MB): peak = 5240.996 ; gain = 714.004 ; free physical = 30495 ; free virtual = 41572

Phase 3.2 Commit Most Macros & LUTRAMs
Phase 3.2 Commit Most Macros & LUTRAMs | Checksum: 1c7c5eb9e

Time (s): cpu = 00:08:10 ; elapsed = 00:03:04 . Memory (MB): peak = 5240.996 ; gain = 714.004 ; free physical = 30483 ; free virtual = 41560

Phase 3.3 Area Swap Optimization
Phase 3.3 Area Swap Optimization | Checksum: 1cdf84376

Time (s): cpu = 00:08:12 ; elapsed = 00:03:05 . Memory (MB): peak = 5240.996 ; gain = 714.004 ; free physical = 30484 ; free virtual = 41561

Phase 3.4 Pipeline Register Optimization
Phase 3.4 Pipeline Register Optimization | Checksum: 1cdf84376

Time (s): cpu = 00:08:12 ; elapsed = 00:03:06 . Memory (MB): peak = 5240.996 ; gain = 714.004 ; free physical = 30486 ; free virtual = 41563

Phase 3.5 Fast Optimization
Phase 3.5 Fast Optimization | Checksum: 163e80b79

Time (s): cpu = 00:11:22 ; elapsed = 00:03:56 . Memory (MB): peak = 5240.996 ; gain = 714.004 ; free physical = 30502 ; free virtual = 41579

Phase 3.6 Small Shape Detail Placement
Phase 3.6 Small Shape Detail Placement | Checksum: 10bd72153

Time (s): cpu = 00:11:27 ; elapsed = 00:04:01 . Memory (MB): peak = 5240.996 ; gain = 714.004 ; free physical = 30497 ; free virtual = 41574

Phase 3.7 Re-assign LUT pins
Phase 3.7 Re-assign LUT pins | Checksum: 10bd72153

Time (s): cpu = 00:11:28 ; elapsed = 00:04:02 . Memory (MB): peak = 5240.996 ; gain = 714.004 ; free physical = 30509 ; free virtual = 41586

Phase 3.8 Pipeline Register Optimization
Phase 3.8 Pipeline Register Optimization | Checksum: 10bd72153

Time (s): cpu = 00:11:29 ; elapsed = 00:04:03 . Memory (MB): peak = 5240.996 ; gain = 714.004 ; free physical = 30512 ; free virtual = 41589

Phase 3.9 Fast Optimization
Phase 3.9 Fast Optimization | Checksum: 90de6efc

Time (s): cpu = 00:14:28 ; elapsed = 00:04:50 . Memory (MB): peak = 5240.996 ; gain = 714.004 ; free physical = 30481 ; free virtual = 41558
Phase 3 Detail Placement | Checksum: 90de6efc

Time (s): cpu = 00:14:29 ; elapsed = 00:04:51 . Memory (MB): peak = 5240.996 ; gain = 714.004 ; free physical = 30483 ; free virtual = 41561

Phase 4 Post Placement Optimization and Clean-Up

Phase 4.1 Post Commit Optimization
INFO: [Timing 38-35] Done setting XDC timing constraints.

Phase 4.1.1 Post Placement Optimization
Post Placement Optimization Initialization | Checksum: d2b64268

Phase 4.1.1.1 BUFG Insertion

Starting Physical Synthesis Task

Phase 1 Physical Synthesis Initialization
INFO: [Physopt 32-721] Multithreading enabled for phys_opt_design using a maximum of 8 CPUs
INFO: [Physopt 32-619] Estimated Timing Summary | WNS=-1.114 | TNS=-86.039 |
Phase 1 Physical Synthesis Initialization | Checksum: 15b0a5e84

Time (s): cpu = 00:00:31 ; elapsed = 00:00:10 . Memory (MB): peak = 5250.199 ; gain = 0.000 ; free physical = 30588 ; free virtual = 41664
INFO: [Place 46-56] BUFG insertion identified 0 candidate nets. Inserted BUFG: 0, Replicated BUFG Driver: 0, Skipped due to Placement/Routing Conflicts: 0, Skipped due to Timing Degradation: 0, Skipped due to Illegal Netlist: 0.
Ending Physical Synthesis Task | Checksum: 1e19bd4ba

Time (s): cpu = 00:00:37 ; elapsed = 00:00:14 . Memory (MB): peak = 5250.199 ; gain = 0.000 ; free physical = 30587 ; free virtual = 41664
Phase 4.1.1.1 BUFG Insertion | Checksum: d2b64268

Time (s): cpu = 00:18:11 ; elapsed = 00:06:00 . Memory (MB): peak = 5250.199 ; gain = 723.207 ; free physical = 30592 ; free virtual = 41668

Phase 4.1.1.2 Post Placement Timing Optimization
INFO: [Place 30-746] Post Placement Timing Summary WNS=-1.114. For the most accurate timing information please run report_timing.
Phase 4.1.1.2 Post Placement Timing Optimization | Checksum: f4f47b9b

Time (s): cpu = 00:18:13 ; elapsed = 00:06:03 . Memory (MB): peak = 5250.199 ; gain = 723.207 ; free physical = 30591 ; free virtual = 41668

Time (s): cpu = 00:18:13 ; elapsed = 00:06:03 . Memory (MB): peak = 5250.199 ; gain = 723.207 ; free physical = 30591 ; free virtual = 41668
Phase 4.1 Post Commit Optimization | Checksum: f4f47b9b

Time (s): cpu = 00:18:14 ; elapsed = 00:06:03 . Memory (MB): peak = 5250.199 ; gain = 723.207 ; free physical = 30591 ; free virtual = 41668

Phase 4.2 Post Placement Cleanup
Phase 4.2 Post Placement Cleanup | Checksum: 1699f2691

Time (s): cpu = 00:18:19 ; elapsed = 00:06:07 . Memory (MB): peak = 5250.199 ; gain = 723.207 ; free physical = 30598 ; free virtual = 41675

Phase 4.3 Placer Reporting

Phase 4.3.1 Print Estimated Congestion
INFO: [Place 30-612] Post-Placement Estimated Congestion 
 ____________________________________________________
|           | Global Congestion | Short Congestion  |
| Direction | Region Size       | Region Size       |
|___________|___________________|___________________|
|      North|                2x2|                8x8|
|___________|___________________|___________________|
|      South|                4x4|              16x16|
|___________|___________________|___________________|
|       East|                8x8|                8x8|
|___________|___________________|___________________|
|       West|                8x8|                4x4|
|___________|___________________|___________________|

Phase 4.3.1 Print Estimated Congestion | Checksum: 1699f2691

Time (s): cpu = 00:18:22 ; elapsed = 00:06:11 . Memory (MB): peak = 5250.199 ; gain = 723.207 ; free physical = 30601 ; free virtual = 41678
Phase 4.3 Placer Reporting | Checksum: 1699f2691

Time (s): cpu = 00:18:25 ; elapsed = 00:06:15 . Memory (MB): peak = 5250.199 ; gain = 723.207 ; free physical = 30601 ; free virtual = 41678

Phase 4.4 Final Placement Cleanup
Netlist sorting complete. Time (s): cpu = 00:00:00.02 ; elapsed = 00:00:00.02 . Memory (MB): peak = 5250.199 ; gain = 0.000 ; free physical = 30615 ; free virtual = 41692

Time (s): cpu = 00:18:26 ; elapsed = 00:06:15 . Memory (MB): peak = 5250.199 ; gain = 723.207 ; free physical = 30615 ; free virtual = 41692
Phase 4 Post Placement Optimization and Clean-Up | Checksum: 144507554

Time (s): cpu = 00:18:29 ; elapsed = 00:06:18 . Memory (MB): peak = 5250.199 ; gain = 723.207 ; free physical = 30616 ; free virtual = 41692
Ending Placer Task | Checksum: 110f10978

Time (s): cpu = 00:18:32 ; elapsed = 00:06:23 . Memory (MB): peak = 5250.199 ; gain = 723.207 ; free physical = 30663 ; free virtual = 41740
INFO: [Common 17-83] Releasing license: Implementation
18 Infos, 2 Warnings, 0 Critical Warnings and 0 Errors encountered.
place_design completed successfully
place_design: Time (s): cpu = 00:19:13 ; elapsed = 00:06:41 . Memory (MB): peak = 5250.199 ; gain = 810.223 ; free physical = 30985 ; free virtual = 42061
# puts "==> phys_opt_design..."
==> phys_opt_design...
# phys_opt_design
Command: phys_opt_design
Attempting to get a license for feature 'Implementation' and/or device 'xc7k325t'
INFO: [Common 17-349] Got license for feature 'Implementation' and/or device 'xc7k325t'
INFO: [Common 17-1540] The version limit for your license is '2025.06' and has expired for new software. A version limit expiration means that, although you may be able to continue to use the current version of tools or IP with this license, you will not be eligible for new releases.

Starting Initial Update Timing Task

Time (s): cpu = 00:02:59 ; elapsed = 00:00:45 . Memory (MB): peak = 5274.211 ; gain = 0.000 ; free physical = 30918 ; free virtual = 41995
INFO: [Vivado_Tcl 4-1435] PhysOpt_Tcl_Interface Runtime Before Starting Physical Synthesis Task | CPU: 266.65s |  WALL: 56.71s
Netlist sorting complete. Time (s): cpu = 00:00:00.02 ; elapsed = 00:00:00.02 . Memory (MB): peak = 5274.211 ; gain = 0.000 ; free physical = 30918 ; free virtual = 41995

Starting Physical Synthesis Task

Phase 1 Physical Synthesis Initialization
INFO: [Physopt 32-245] Routed nets are present in the design. phys_opt_design will optimize unrouted part of the design.
INFO: [Physopt 32-721] Multithreading enabled for phys_opt_design using a maximum of 8 CPUs
INFO: [Physopt 32-619] Estimated Timing Summary | WNS=-1.114 | TNS=-85.628 |
Phase 1 Physical Synthesis Initialization | Checksum: 1177a969d

Time (s): cpu = 00:01:10 ; elapsed = 00:00:31 . Memory (MB): peak = 5353.246 ; gain = 79.035 ; free physical = 30807 ; free virtual = 41884
INFO: [Physopt 32-245] Routed nets are present in the design. phys_opt_design will optimize unrouted part of the design.
INFO: [Physopt 32-619] Estimated Timing Summary | WNS=-1.114 | TNS=-85.628 |

Phase 2 DSP Register Optimization
INFO: [Physopt 32-896] DSP i_ariane/i_cva6/ex_stage_i/fpu_gen.fpu_i/fpu_gen.i_fpnew_bulk/gen_operation_groups[0].i_opgroup_block/gen_parallel_slices[0].active_format.i_fmt_slice/gen_num_lanes[0].active_lane.lane_instance.i_fma/product is not considered for optimization due to don't touch constraint
INFO: [Physopt 32-896] DSP i_ariane/i_cva6/ex_stage_i/fpu_gen.fpu_i/fpu_gen.i_fpnew_bulk/gen_operation_groups[0].i_opgroup_block/gen_parallel_slices[0].active_format.i_fmt_slice/gen_num_lanes[0].active_lane.lane_instance.i_fma/product__0 is not considered for optimization due to don't touch constraint
INFO: [Physopt 32-896] DSP i_ariane/i_cva6/ex_stage_i/fpu_gen.fpu_i/fpu_gen.i_fpnew_bulk/gen_operation_groups[0].i_opgroup_block/gen_parallel_slices[1].active_format.i_fmt_slice/gen_num_lanes[0].active_lane.lane_instance.i_fma/product is not considered for optimization due to don't touch constraint
INFO: [Physopt 32-896] DSP i_ariane/i_cva6/ex_stage_i/fpu_gen.fpu_i/fpu_gen.i_fpnew_bulk/gen_operation_groups[0].i_opgroup_block/gen_parallel_slices[1].active_format.i_fmt_slice/gen_num_lanes[0].active_lane.lane_instance.i_fma/product__0 is not considered for optimization due to don't touch constraint
INFO: [Physopt 32-896] DSP i_ariane/i_cva6/ex_stage_i/fpu_gen.fpu_i/fpu_gen.i_fpnew_bulk/gen_operation_groups[0].i_opgroup_block/gen_parallel_slices[1].active_format.i_fmt_slice/gen_num_lanes[0].active_lane.lane_instance.i_fma/product__1 is not considered for optimization due to don't touch constraint
INFO: [Physopt 32-896] DSP i_ariane/i_cva6/ex_stage_i/fpu_gen.fpu_i/fpu_gen.i_fpnew_bulk/gen_operation_groups[0].i_opgroup_block/gen_parallel_slices[1].active_format.i_fmt_slice/gen_num_lanes[0].active_lane.lane_instance.i_fma/product__2 is not considered for optimization due to don't touch constraint
INFO: [Physopt 32-896] DSP i_ariane/i_cva6/ex_stage_i/fpu_gen.fpu_i/fpu_gen.i_fpnew_bulk/gen_operation_groups[0].i_opgroup_block/gen_parallel_slices[1].active_format.i_fmt_slice/gen_num_lanes[0].active_lane.lane_instance.i_fma/product__3 is not considered for optimization due to don't touch constraint
INFO: [Physopt 32-896] DSP i_ariane/i_cva6/ex_stage_i/fpu_gen.fpu_i/fpu_gen.i_fpnew_bulk/gen_operation_groups[0].i_opgroup_block/gen_parallel_slices[1].active_format.i_fmt_slice/gen_num_lanes[0].active_lane.lane_instance.i_fma/product__4 is not considered for optimization due to don't touch constraint
INFO: [Physopt 32-896] DSP i_ariane/i_cva6/ex_stage_i/fpu_gen.fpu_i/fpu_gen.i_fpnew_bulk/gen_operation_groups[0].i_opgroup_block/gen_parallel_slices[1].active_format.i_fmt_slice/gen_num_lanes[0].active_lane.lane_instance.i_fma/product__5 is not considered for optimization due to don't touch constraint
INFO: [Physopt 32-896] DSP i_ariane/i_cva6/ex_stage_i/fpu_gen.fpu_i/fpu_gen.i_fpnew_bulk/gen_operation_groups[0].i_opgroup_block/gen_parallel_slices[1].active_format.i_fmt_slice/gen_num_lanes[0].active_lane.lane_instance.i_fma/product__6 is not considered for optimization due to don't touch constraint
INFO: [Physopt 32-896] DSP i_ariane/i_cva6/ex_stage_i/fpu_gen.fpu_i/fpu_gen.i_fpnew_bulk/gen_operation_groups[0].i_opgroup_block/gen_parallel_slices[1].active_format.i_fmt_slice/gen_num_lanes[0].active_lane.lane_instance.i_fma/product__7 is not considered for optimization due to don't touch constraint
INFO: [Physopt 32-896] DSP i_ariane/i_cva6/ex_stage_i/i_mult/i_multiplier/mult_result_d is not considered for optimization due to don't touch constraint
INFO: [Physopt 32-896] DSP i_ariane/i_cva6/ex_stage_i/i_mult/i_multiplier/mult_result_d__0 is not considered for optimization due to don't touch constraint
INFO: [Physopt 32-896] DSP i_ariane/i_cva6/ex_stage_i/i_mult/i_multiplier/mult_result_d__1 is not considered for optimization due to don't touch constraint
INFO: [Physopt 32-896] DSP i_ariane/i_cva6/ex_stage_i/i_mult/i_multiplier/mult_result_d__10 is not considered for optimization due to don't touch constraint
INFO: [Physopt 32-896] DSP i_ariane/i_cva6/ex_stage_i/i_mult/i_multiplier/mult_result_d__11 is not considered for optimization due to don't touch constraint
INFO: [Physopt 32-896] DSP i_ariane/i_cva6/ex_stage_i/i_mult/i_multiplier/mult_result_d__12 is not considered for optimization due to don't touch constraint
INFO: [Physopt 32-896] DSP i_ariane/i_cva6/ex_stage_i/i_mult/i_multiplier/mult_result_d__13 is not considered for optimization due to don't touch constraint
INFO: [Physopt 32-896] DSP i_ariane/i_cva6/ex_stage_i/i_mult/i_multiplier/mult_result_d__14 is not considered for optimization due to don't touch constraint
INFO: [Physopt 32-896] DSP i_ariane/i_cva6/ex_stage_i/i_mult/i_multiplier/mult_result_d__2 is not considered for optimization due to don't touch constraint
INFO: [Physopt 32-896] DSP i_ariane/i_cva6/ex_stage_i/i_mult/i_multiplier/mult_result_d__3 is not considered for optimization due to don't touch constraint
INFO: [Physopt 32-896] DSP i_ariane/i_cva6/ex_stage_i/i_mult/i_multiplier/mult_result_d__4 is not considered for optimization due to don't touch constraint
INFO: [Physopt 32-896] DSP i_ariane/i_cva6/ex_stage_i/i_mult/i_multiplier/mult_result_d__5 is not considered for optimization due to don't touch constraint
INFO: [Physopt 32-896] DSP i_ariane/i_cva6/ex_stage_i/i_mult/i_multiplier/mult_result_d__6 is not considered for optimization due to don't touch constraint
INFO: [Physopt 32-896] DSP i_ariane/i_cva6/ex_stage_i/i_mult/i_multiplier/mult_result_d__7 is not considered for optimization due to don't touch constraint
INFO: [Physopt 32-896] DSP i_ariane/i_cva6/ex_stage_i/i_mult/i_multiplier/mult_result_d__8 is not considered for optimization due to don't touch constraint
INFO: [Physopt 32-896] DSP i_ariane/i_cva6/ex_stage_i/i_mult/i_multiplier/mult_result_d__9 is not considered for optimization due to don't touch constraint
INFO: [Physopt 32-456] No candidate cells for DSP register optimization found in the design.
INFO: [Physopt 32-775] End 2 Pass. Optimized 0 net or cell. Created 0 new cell, deleted 0 existing cell and moved 0 existing cell
Phase 2 DSP Register Optimization | Checksum: 1177a969d

Time (s): cpu = 00:01:14 ; elapsed = 00:00:34 . Memory (MB): peak = 5353.246 ; gain = 79.035 ; free physical = 30799 ; free virtual = 41876

Phase 3 Critical Path Optimization
INFO: [Physopt 32-619] Estimated Timing Summary | WNS=-1.114 | TNS=-85.628 |
INFO: [Physopt 32-619] Estimated Timing Summary | WNS=-1.114 | TNS=-85.628 |
Phase 3 Critical Path Optimization | Checksum: 1177a969d

Time (s): cpu = 00:01:18 ; elapsed = 00:00:35 . Memory (MB): peak = 5353.246 ; gain = 79.035 ; free physical = 30799 ; free virtual = 41876
Netlist sorting complete. Time (s): cpu = 00:00:00.02 ; elapsed = 00:00:00.01 . Memory (MB): peak = 5353.246 ; gain = 0.000 ; free physical = 30799 ; free virtual = 41876
INFO: [Physopt 32-603] Post Physical Optimization Timing Summary | WNS=-1.114 | TNS=-85.628 |

Summary of Physical Synthesis Optimizations
============================================


-------------------------------------------------------------------------------------------------------------------------------------------------------------
|  Optimization   |  WNS Gain (ns)  |  TNS Gain (ns)  |  Added Cells  |  Removed Cells  |  Optimized Cells/Nets  |  Dont Touch  |  Iterations  |  Elapsed   |
-------------------------------------------------------------------------------------------------------------------------------------------------------------
|  DSP Register   |          0.000  |          0.000  |            0  |              0  |                     0  |          27  |           1  |  00:00:00  |
|  Critical Path  |          0.000  |          0.000  |            0  |              0  |                     0  |           0  |           1  |  00:00:01  |
|  Total          |          0.000  |          0.000  |            0  |              0  |                     0  |          27  |           2  |  00:00:01  |
-------------------------------------------------------------------------------------------------------------------------------------------------------------


Netlist sorting complete. Time (s): cpu = 00:00:00.02 ; elapsed = 00:00:00.02 . Memory (MB): peak = 5353.246 ; gain = 0.000 ; free physical = 30808 ; free virtual = 41885
Ending Physical Synthesis Task | Checksum: 17774680b

Time (s): cpu = 00:01:21 ; elapsed = 00:00:39 . Memory (MB): peak = 5353.246 ; gain = 79.035 ; free physical = 30811 ; free virtual = 41888
INFO: [Common 17-83] Releasing license: Implementation
41 Infos, 0 Warnings, 0 Critical Warnings and 0 Errors encountered.
phys_opt_design completed successfully
phys_opt_design: Time (s): cpu = 00:04:54 ; elapsed = 00:01:36 . Memory (MB): peak = 5353.246 ; gain = 103.047 ; free physical = 30919 ; free virtual = 41996
# puts "==> route_design..."
==> route_design...
# route_design -directive NoTimingRelaxation
Command: route_design -directive NoTimingRelaxation
Attempting to get a license for feature 'Implementation' and/or device 'xc7k325t'
INFO: [Common 17-349] Got license for feature 'Implementation' and/or device 'xc7k325t'
INFO: [Common 17-1540] The version limit for your license is '2025.06' and has expired for new software. A version limit expiration means that, although you may be able to continue to use the current version of tools or IP with this license, you will not be eligible for new releases.
Running DRC as a precondition to command route_design
INFO: [DRC 23-27] Running DRC with 8 threads
GCIO site IOB_X0Y22
GCIO site IOB_X0Y24
GCIO site IOB_X0Y26
GCIO site IOB_X0Y28
GCIO site IOB_X1Y22
GCIO site IOB_X1Y24
GCIO site IOB_X1Y26
GCIO site IOB_X1Y28
GCIO site IOB_X0Y72
GCIO site IOB_X0Y74
GCIO site IOB_X0Y76
GCIO site IOB_X0Y78
GCIO site IOB_X1Y72
GCIO site IOB_X1Y74
GCIO site IOB_X1Y76
GCIO site IOB_X1Y78
GCIO site IOB_X0Y122
GCIO site IOB_X0Y124
GCIO site IOB_X0Y126
GCIO site IOB_X0Y128
GCIO site IOB_X1Y122
GCIO site IOB_X1Y124
GCIO site IOB_X1Y126
GCIO site IOB_X1Y128
GCIO site IOB_X0Y172
GCIO site IOB_X0Y174
GCIO site IOB_X0Y176
GCIO site IOB_X0Y178
GCIO site IOB_X0Y222
GCIO site IOB_X0Y224
GCIO site IOB_X0Y226
GCIO site IOB_X0Y228
GCIO site IOB_X0Y272
GCIO site IOB_X0Y274
GCIO site IOB_X0Y276
GCIO site IOB_X0Y278
GCIO site IOB_X0Y322
GCIO site IOB_X0Y324
GCIO site IOB_X0Y326
GCIO site IOB_X0Y328
INFO: [Vivado_Tcl 4-198] DRC finished with 0 Errors, 1 Warnings
INFO: [Vivado_Tcl 4-199] Please refer to the DRC report (report_drc) for more information.


Starting Routing Task
INFO: [Route 35-270] Using Router directive 'NoTimingRelaxation'.
INFO: [Route 35-254] Multithreading enabled for route_design using a maximum of 8 CPUs

Phase 1 Build RT Design
Checksum: PlaceDB: 2307fde9 ConstDB: 0 ShapeSum: 3465a527 RouteDB: 74aaaaf6
Post Restoration Checksum: NetGraph: e8a23ff4 NumContArr: 6434c620 Constraints: 42f5ec44 Timing: 0
Phase 1 Build RT Design | Checksum: 18fccf258

Time (s): cpu = 00:04:06 ; elapsed = 00:01:18 . Memory (MB): peak = 5385.262 ; gain = 0.000 ; free physical = 30665 ; free virtual = 41743

Phase 2 Router Initialization

Phase 2.1 Fix Topology Constraints
Phase 2.1 Fix Topology Constraints | Checksum: 18fccf258

Time (s): cpu = 00:04:07 ; elapsed = 00:01:20 . Memory (MB): peak = 5385.262 ; gain = 0.000 ; free physical = 30586 ; free virtual = 41664

Phase 2.2 Pre Route Cleanup
Phase 2.2 Pre Route Cleanup | Checksum: 18fccf258

Time (s): cpu = 00:04:09 ; elapsed = 00:01:21 . Memory (MB): peak = 5385.262 ; gain = 0.000 ; free physical = 30586 ; free virtual = 41664
 Number of Nodes with overlaps = 0

Phase 2.3 Update Timing
Phase 2.3 Update Timing | Checksum: 2226d5505

Time (s): cpu = 00:07:48 ; elapsed = 00:02:32 . Memory (MB): peak = 5385.262 ; gain = 0.000 ; free physical = 30456 ; free virtual = 41534
INFO: [Route 35-416] Intermediate Timing Summary | WNS=-1.181 | TNS=-101.316| WHS=-0.152 | THS=-206.619|


Phase 2.4 Update Timing for Bus Skew

Phase 2.4.1 Update Timing
Phase 2.4.1 Update Timing | Checksum: 24e385460

Time (s): cpu = 00:09:00 ; elapsed = 00:02:59 . Memory (MB): peak = 5385.262 ; gain = 0.000 ; free physical = 30461 ; free virtual = 41539
INFO: [Route 35-416] Intermediate Timing Summary | WNS=-1.181 | TNS=-85.124| WHS=N/A    | THS=N/A    |

Phase 2.4 Update Timing for Bus Skew | Checksum: 253d0aa41

Time (s): cpu = 00:09:00 ; elapsed = 00:03:00 . Memory (MB): peak = 5385.262 ; gain = 0.000 ; free physical = 30461 ; free virtual = 41539

Router Utilization Summary
  Global Vertical Routing Utilization    = 0 %
  Global Horizontal Routing Utilization  = 0 %
  Routable Net Status*
  *Does not include unroutable nets such as driverless and loadless.
  Run report_route_status for detailed report.
  Number of Failed Nets               = 819
    (Failed Nets is the sum of unrouted and partially routed nets)
  Number of Unrouted Nets             = 804
  Number of Partially Routed Nets     = 15
  Number of Node Overlaps             = 0

Phase 2 Router Initialization | Checksum: 1e566e008

Time (s): cpu = 00:09:03 ; elapsed = 00:03:01 . Memory (MB): peak = 5385.262 ; gain = 0.000 ; free physical = 30392 ; free virtual = 41470

Phase 3 Initial Routing

Phase 3.1 Global Routing
Phase 3.1 Global Routing | Checksum: 1e566e008

Time (s): cpu = 00:09:03 ; elapsed = 00:03:01 . Memory (MB): peak = 5385.262 ; gain = 0.000 ; free physical = 30400 ; free virtual = 41477
WARNING: [Route 35-3387] High violations detected on bus-skew constraints. This can potentially cause WNS degradation and routing congestion.
Resolution: Please review the set_bus_skew constraints.
Phase 3 Initial Routing | Checksum: 2d11c2d0d

Time (s): cpu = 00:09:06 ; elapsed = 00:03:02 . Memory (MB): peak = 5385.262 ; gain = 0.000 ; free physical = 30398 ; free virtual = 41475

Phase 4 Rip-up And Reroute

Phase 4.1 Global Iteration 0
 Number of Nodes with overlaps = 0
INFO: [Route 35-416] Intermediate Timing Summary | WNS=-1.181 | TNS=-101.316| WHS=N/A    | THS=N/A    |

Phase 4.1 Global Iteration 0 | Checksum: 10bc83b79

Time (s): cpu = 00:10:45 ; elapsed = 00:03:53 . Memory (MB): peak = 5385.262 ; gain = 0.000 ; free physical = 30364 ; free virtual = 41441
Phase 4 Rip-up And Reroute | Checksum: 10bc83b79

Time (s): cpu = 00:10:46 ; elapsed = 00:03:54 . Memory (MB): peak = 5385.262 ; gain = 0.000 ; free physical = 30369 ; free virtual = 41446

Phase 5 Delay and Skew Optimization

Phase 5.1 Delay CleanUp

Phase 5.1.1 Update Timing
Phase 5.1.1 Update Timing | Checksum: e8477cde

Time (s): cpu = 00:11:55 ; elapsed = 00:04:23 . Memory (MB): peak = 5385.262 ; gain = 0.000 ; free physical = 30394 ; free virtual = 41471
INFO: [Route 35-416] Intermediate Timing Summary | WNS=-1.116 | TNS=-85.842| WHS=N/A    | THS=N/A    |

 Number of Nodes with overlaps = 0
Phase 5.1 Delay CleanUp | Checksum: ba9187bf

Time (s): cpu = 00:12:01 ; elapsed = 00:04:25 . Memory (MB): peak = 5385.262 ; gain = 0.000 ; free physical = 30393 ; free virtual = 41470

Phase 5.2 Clock Skew Optimization
Phase 5.2 Clock Skew Optimization | Checksum: ba9187bf

Time (s): cpu = 00:12:01 ; elapsed = 00:04:25 . Memory (MB): peak = 5385.262 ; gain = 0.000 ; free physical = 30393 ; free virtual = 41470
Phase 5 Delay and Skew Optimization | Checksum: ba9187bf

Time (s): cpu = 00:12:02 ; elapsed = 00:04:26 . Memory (MB): peak = 5385.262 ; gain = 0.000 ; free physical = 30393 ; free virtual = 41470

Phase 6 Post Hold Fix

Phase 6.1 Hold Fix Iter

Phase 6.1.1 Update Timing
Phase 6.1.1 Update Timing | Checksum: de3c0b7d

Time (s): cpu = 00:12:40 ; elapsed = 00:04:44 . Memory (MB): peak = 5385.262 ; gain = 0.000 ; free physical = 30421 ; free virtual = 41498
INFO: [Route 35-416] Intermediate Timing Summary | WNS=-1.116 | TNS=-85.842| WHS=0.027  | THS=0.000  |

Phase 6.1 Hold Fix Iter | Checksum: 16265c055

Time (s): cpu = 00:12:41 ; elapsed = 00:04:45 . Memory (MB): peak = 5385.262 ; gain = 0.000 ; free physical = 30421 ; free virtual = 41498
Phase 6 Post Hold Fix | Checksum: 16265c055

Time (s): cpu = 00:12:41 ; elapsed = 00:04:45 . Memory (MB): peak = 5385.262 ; gain = 0.000 ; free physical = 30421 ; free virtual = 41498

Phase 7 Timing Verification

Phase 7.1 Update Timing
Phase 7.1 Update Timing | Checksum: 174d04363

Time (s): cpu = 00:13:48 ; elapsed = 00:05:15 . Memory (MB): peak = 5385.262 ; gain = 0.000 ; free physical = 30413 ; free virtual = 41491
INFO: [Route 35-416] Intermediate Timing Summary | WNS=-1.116 | TNS=-85.842| WHS=N/A    | THS=N/A    |

Phase 7 Timing Verification | Checksum: 174d04363

Time (s): cpu = 00:13:49 ; elapsed = 00:05:15 . Memory (MB): peak = 5385.262 ; gain = 0.000 ; free physical = 30413 ; free virtual = 41491

Phase 8 Route finalize

Router Utilization Summary
  Global Vertical Routing Utilization    = 0.0118607 %
  Global Horizontal Routing Utilization  = 0.0147754 %
  Routable Net Status*
  *Does not include unroutable nets such as driverless and loadless.
  Run report_route_status for detailed report.
  Number of Failed Nets               = 0
    (Failed Nets is the sum of unrouted and partially routed nets)
  Number of Unrouted Nets             = 0
  Number of Partially Routed Nets     = 0
  Number of Node Overlaps             = 0

Congestion Report
North Dir 1x1 Area, Max Cong = 10%, No Congested Regions.
South Dir 1x1 Area, Max Cong = 25%, No Congested Regions.
East Dir 1x1 Area, Max Cong = 23.0769%, No Congested Regions.
West Dir 1x1 Area, Max Cong = 35.7143%, No Congested Regions.

------------------------------
Reporting congestion hotspots
------------------------------
Direction: North
----------------
Congested clusters found at Level 0
Effective congestion level: 0 Aspect Ratio: 1 Sparse Ratio: 0
Direction: South
----------------
Congested clusters found at Level 0
Effective congestion level: 0 Aspect Ratio: 1 Sparse Ratio: 0
Direction: East
----------------
Congested clusters found at Level 0
Effective congestion level: 0 Aspect Ratio: 1 Sparse Ratio: 0
Direction: West
----------------
Congested clusters found at Level 0
Effective congestion level: 0 Aspect Ratio: 1 Sparse Ratio: 0

Phase 8 Route finalize | Checksum: 174d04363

Time (s): cpu = 00:13:50 ; elapsed = 00:05:16 . Memory (MB): peak = 5385.262 ; gain = 0.000 ; free physical = 30413 ; free virtual = 41491

Phase 9 Verifying routed nets

 Verification completed successfully
Phase 9 Verifying routed nets | Checksum: 174d04363

Time (s): cpu = 00:13:50 ; elapsed = 00:05:17 . Memory (MB): peak = 5385.262 ; gain = 0.000 ; free physical = 30413 ; free virtual = 41491

Phase 10 Depositing Routes
Phase 10 Depositing Routes | Checksum: 24b911930

Time (s): cpu = 00:14:17 ; elapsed = 00:05:33 . Memory (MB): peak = 5385.262 ; gain = 0.000 ; free physical = 30401 ; free virtual = 41479

Phase 11 Incr Placement Change
Netlist sorting complete. Time (s): cpu = 00:00:00.02 ; elapsed = 00:00:00.02 . Memory (MB): peak = 5385.262 ; gain = 0.000 ; free physical = 30403 ; free virtual = 41481
INFO: [Place 30-746] Post Placement Timing Summary WNS=-1.114. For the most accurate timing information please run report_timing.
Ending IncrPlace Task | Checksum: 1284ae93d

Time (s): cpu = 00:04:30 ; elapsed = 00:02:15 . Memory (MB): peak = 5385.262 ; gain = 0.000 ; free physical = 30677 ; free virtual = 41751
Phase 11 Incr Placement Change | Checksum: 24b911930

Time (s): cpu = 00:18:48 ; elapsed = 00:07:50 . Memory (MB): peak = 5385.262 ; gain = 0.000 ; free physical = 30682 ; free virtual = 41756

Phase 12 Build RT Design
Checksum: PlaceDB: b3d74a4f ConstDB: 0 ShapeSum: 74739eee RouteDB: 89d4cc9c
Post Restoration Checksum: NetGraph: 8e30b5bd NumContArr: db47927d Constraints: 14c49101 Timing: 0
Phase 12 Build RT Design | Checksum: 17e3cd93b

Time (s): cpu = 00:22:22 ; elapsed = 00:09:13 . Memory (MB): peak = 5385.262 ; gain = 0.000 ; free physical = 30538 ; free virtual = 41617

Phase 13 Router Initialization

Phase 13.1 Fix Topology Constraints
Phase 13.1 Fix Topology Constraints | Checksum: 17e3cd93b

Time (s): cpu = 00:22:23 ; elapsed = 00:09:15 . Memory (MB): peak = 5385.262 ; gain = 0.000 ; free physical = 30457 ; free virtual = 41536

Phase 13.2 Pre Route Cleanup
Phase 13.2 Pre Route Cleanup | Checksum: 17e3cd93b

Time (s): cpu = 00:22:24 ; elapsed = 00:09:16 . Memory (MB): peak = 5385.262 ; gain = 0.000 ; free physical = 30457 ; free virtual = 41536

Phase 13.3 Timing Verification

Phase 13.3.1 Update Timing
Phase 13.3.1 Update Timing | Checksum: 1a0a234de

Time (s): cpu = 00:26:23 ; elapsed = 00:10:20 . Memory (MB): peak = 5385.262 ; gain = 0.000 ; free physical = 30401 ; free virtual = 41482
INFO: [Route 35-416] Intermediate Timing Summary | WNS=-1.114 | TNS=-87.892| WHS=0.027  | THS=0.000  |

Phase 13.3 Timing Verification | Checksum: 1a0a234de

Time (s): cpu = 00:26:23 ; elapsed = 00:10:20 . Memory (MB): peak = 5385.262 ; gain = 0.000 ; free physical = 30401 ; free virtual = 41482
 Number of Nodes with overlaps = 0

Phase 13.4 Update Timing
Phase 13.4 Update Timing | Checksum: 25bba4515

Time (s): cpu = 00:29:00 ; elapsed = 00:11:18 . Memory (MB): peak = 5385.262 ; gain = 0.000 ; free physical = 30286 ; free virtual = 41368
INFO: [Route 35-416] Intermediate Timing Summary | WNS=-1.181 | TNS=-101.316| WHS=-0.152 | THS=-206.708|


Phase 13.5 Update Timing for Bus Skew

Phase 13.5.1 Update Timing
Phase 13.5.1 Update Timing | Checksum: 226020123

Time (s): cpu = 00:29:50 ; elapsed = 00:11:40 . Memory (MB): peak = 5386.309 ; gain = 1.047 ; free physical = 30305 ; free virtual = 41386
INFO: [Route 35-416] Intermediate Timing Summary | WNS=-1.181 | TNS=-85.124| WHS=N/A    | THS=N/A    |

Phase 13.5 Update Timing for Bus Skew | Checksum: 224899b04

Time (s): cpu = 00:29:50 ; elapsed = 00:11:40 . Memory (MB): peak = 5386.309 ; gain = 1.047 ; free physical = 30305 ; free virtual = 41386

Router Utilization Summary
  Global Vertical Routing Utilization    = 0.0118607 %
  Global Horizontal Routing Utilization  = 0.0147754 %
  Routable Net Status*
  *Does not include unroutable nets such as driverless and loadless.
  Run report_route_status for detailed report.
  Number of Failed Nets               = 0
    (Failed Nets is the sum of unrouted and partially routed nets)
  Number of Unrouted Nets             = 0
  Number of Partially Routed Nets     = 0
  Number of Node Overlaps             = 0

Phase 13 Router Initialization | Checksum: 1b5979bcb

Time (s): cpu = 00:29:52 ; elapsed = 00:11:41 . Memory (MB): peak = 5386.309 ; gain = 1.047 ; free physical = 30230 ; free virtual = 41311

Phase 14 Initial Routing

Phase 14.1 Global Routing
Phase 14.1 Global Routing | Checksum: 1b5979bcb

Time (s): cpu = 00:29:53 ; elapsed = 00:11:42 . Memory (MB): peak = 5386.309 ; gain = 1.047 ; free physical = 30230 ; free virtual = 41311
 Number of Nodes with overlaps = 0
WARNING: [Route 35-3387] High violations detected on bus-skew constraints. This can potentially cause WNS degradation and routing congestion.
Resolution: Please review the set_bus_skew constraints.
Phase 14 Initial Routing | Checksum: 1f7238ac0

Time (s): cpu = 00:29:55 ; elapsed = 00:11:43 . Memory (MB): peak = 5386.309 ; gain = 1.047 ; free physical = 30217 ; free virtual = 41298

Phase 15 Rip-up And Reroute

Phase 15.1 Global Iteration 0
INFO: [Route 35-416] Intermediate Timing Summary | WNS=-1.181 | TNS=-101.316| WHS=N/A    | THS=N/A    |

Phase 15.1 Global Iteration 0 | Checksum: 21d0753bf

Time (s): cpu = 00:31:22 ; elapsed = 00:12:34 . Memory (MB): peak = 5425.371 ; gain = 40.109 ; free physical = 30229 ; free virtual = 41310
Phase 15 Rip-up And Reroute | Checksum: 21d0753bf

Time (s): cpu = 00:31:23 ; elapsed = 00:12:35 . Memory (MB): peak = 5425.371 ; gain = 40.109 ; free physical = 30237 ; free virtual = 41318

Phase 16 Delay and Skew Optimization

Phase 16.1 Delay CleanUp

Phase 16.1.1 Update Timing
Phase 16.1.1 Update Timing | Checksum: 185d2e48b

Time (s): cpu = 00:32:16 ; elapsed = 00:13:00 . Memory (MB): peak = 5425.371 ; gain = 40.109 ; free physical = 30241 ; free virtual = 41323
INFO: [Route 35-416] Intermediate Timing Summary | WNS=-1.116 | TNS=-85.842| WHS=N/A    | THS=N/A    |

 Number of Nodes with overlaps = 0
Phase 16.1 Delay CleanUp | Checksum: 1ab88ebac

Time (s): cpu = 00:32:22 ; elapsed = 00:13:02 . Memory (MB): peak = 5425.371 ; gain = 40.109 ; free physical = 30235 ; free virtual = 41316

Phase 16.2 Clock Skew Optimization
Phase 16.2 Clock Skew Optimization | Checksum: 1ab88ebac

Time (s): cpu = 00:32:22 ; elapsed = 00:13:02 . Memory (MB): peak = 5425.371 ; gain = 40.109 ; free physical = 30235 ; free virtual = 41316
Phase 16 Delay and Skew Optimization | Checksum: 1ab88ebac

Time (s): cpu = 00:32:23 ; elapsed = 00:13:02 . Memory (MB): peak = 5425.371 ; gain = 40.109 ; free physical = 30235 ; free virtual = 41316

Phase 17 Post Hold Fix

Phase 17.1 Hold Fix Iter

Phase 17.1.1 Update Timing
Phase 17.1.1 Update Timing | Checksum: 1f55ab38d

Time (s): cpu = 00:33:02 ; elapsed = 00:13:24 . Memory (MB): peak = 5425.371 ; gain = 40.109 ; free physical = 30266 ; free virtual = 41347
INFO: [Route 35-416] Intermediate Timing Summary | WNS=-1.116 | TNS=-85.842| WHS=0.027  | THS=0.000  |

Phase 17.1 Hold Fix Iter | Checksum: 2794906b5

Time (s): cpu = 00:33:03 ; elapsed = 00:13:24 . Memory (MB): peak = 5425.371 ; gain = 40.109 ; free physical = 30266 ; free virtual = 41347
Phase 17 Post Hold Fix | Checksum: 2794906b5

Time (s): cpu = 00:33:03 ; elapsed = 00:13:25 . Memory (MB): peak = 5425.371 ; gain = 40.109 ; free physical = 30266 ; free virtual = 41347

Phase 18 Timing Verification

Phase 18.1 Update Timing
Phase 18.1 Update Timing | Checksum: 20bb38ba3

Time (s): cpu = 00:34:14 ; elapsed = 00:13:56 . Memory (MB): peak = 5425.371 ; gain = 40.109 ; free physical = 30273 ; free virtual = 41354
INFO: [Route 35-416] Intermediate Timing Summary | WNS=-1.116 | TNS=-85.842| WHS=N/A    | THS=N/A    |

Phase 18 Timing Verification | Checksum: 20bb38ba3

Time (s): cpu = 00:34:15 ; elapsed = 00:13:57 . Memory (MB): peak = 5425.371 ; gain = 40.109 ; free physical = 30273 ; free virtual = 41354

Phase 19 Reset Design
INFO: [Route 35-307] 142685 nets already restored were skipped.
Post Restoration Checksum: NetGraph: 8604cc79 NumContArr: 97f0c400 Constraints: 14c49101 Timing: caa808c5

Phase 19.1 Create Timer
Phase 19.1 Create Timer | Checksum: 1fd622a3f

Time (s): cpu = 00:34:18 ; elapsed = 00:14:00 . Memory (MB): peak = 5425.371 ; gain = 40.109 ; free physical = 30487 ; free virtual = 41569
Phase 19 Reset Design | Checksum: 1fd622a3f

Time (s): cpu = 00:36:26 ; elapsed = 00:14:29 . Memory (MB): peak = 5425.371 ; gain = 40.109 ; free physical = 30570 ; free virtual = 41651

Phase 20 Post Router Timing
INFO: [Route 35-20] Post Routing Timing Summary | WNS=-1.114 | TNS=-85.628| WHS=0.027  | THS=0.000  |

Phase 20 Post Router Timing | Checksum: 19a246e2e

Time (s): cpu = 00:40:05 ; elapsed = 00:15:26 . Memory (MB): peak = 5425.371 ; gain = 40.109 ; free physical = 30521 ; free virtual = 41603
CRITICAL WARNING: [Route 35-39] The design did not meet timing requirements. Please run report_timing_summary for detailed reports.
Resolution: Verify that the timing was met or had small violations at all previous steps (synthesis, placement, power_opt, and phys_opt). Run report_timing_summary and analyze individual timing paths.
INFO: [Route 35-253] TNS is the sum of the worst slack violation on every endpoint in the design. Review the paths with the biggest WNS violations in the timing reports and modify your constraints or your design to improve both WNS and TNS.
INFO: [Route 35-16] Router Completed Successfully

Time (s): cpu = 00:41:12 ; elapsed = 00:15:54 . Memory (MB): peak = 5449.383 ; gain = 64.121 ; free physical = 30822 ; free virtual = 41904

Routing Is Done.
INFO: [Common 17-83] Releasing license: Implementation
26 Infos, 2 Warnings, 1 Critical Warnings and 0 Errors encountered.
route_design completed successfully
route_design: Time (s): cpu = 00:41:38 ; elapsed = 00:16:06 . Memory (MB): peak = 5449.383 ; gain = 96.137 ; free physical = 30822 ; free virtual = 41904
# write_bitstream -force $work_dpr/full_${rm_name}.bit
Command: write_bitstream -force /home/jc/tmp/riscv-iommu-demo/cva6/corev_apu/fpga/work-dpr/full_accel_A.bit
Attempting to get a license for feature 'Implementation' and/or device 'xc7k325t'
INFO: [Common 17-349] Got license for feature 'Implementation' and/or device 'xc7k325t'
INFO: [Common 17-1540] The version limit for your license is '2025.06' and has expired for new software. A version limit expiration means that, although you may be able to continue to use the current version of tools or IP with this license, you will not be eligible for new releases.
Running DRC as a precondition to command write_bitstream
INFO: [IP_Flow 19-234] Refreshing IP repositories
INFO: [IP_Flow 19-1704] No user IP repositories specified
INFO: [IP_Flow 19-2313] Loaded Vivado IP repository '/tools/Xilinx/Vivado/2022.2/data/ip'.
INFO: [DRC 23-27] Running DRC with 8 threads
GCIO site IOB_X0Y22
GCIO site IOB_X0Y24
GCIO site IOB_X0Y26
GCIO site IOB_X0Y28
GCIO site IOB_X1Y22
GCIO site IOB_X1Y24
GCIO site IOB_X1Y26
GCIO site IOB_X1Y28
GCIO site IOB_X0Y72
GCIO site IOB_X0Y74
GCIO site IOB_X0Y76
GCIO site IOB_X0Y78
GCIO site IOB_X1Y72
GCIO site IOB_X1Y74
GCIO site IOB_X1Y76
GCIO site IOB_X1Y78
GCIO site IOB_X0Y122
GCIO site IOB_X0Y124
GCIO site IOB_X0Y126
GCIO site IOB_X0Y128
GCIO site IOB_X1Y122
GCIO site IOB_X1Y124
GCIO site IOB_X1Y126
GCIO site IOB_X1Y128
GCIO site IOB_X0Y172
GCIO site IOB_X0Y174
GCIO site IOB_X0Y176
GCIO site IOB_X0Y178
GCIO site IOB_X0Y222
GCIO site IOB_X0Y224
GCIO site IOB_X0Y226
GCIO site IOB_X0Y228
GCIO site IOB_X0Y272
GCIO site IOB_X0Y274
GCIO site IOB_X0Y276
GCIO site IOB_X0Y278
GCIO site IOB_X0Y322
GCIO site IOB_X0Y324
GCIO site IOB_X0Y326
GCIO site IOB_X0Y328
WARNING: [DRC 23-804] Only the first 20 REQP-1839 messages were issued by report_drc. An additional 1 messages have not been issued. Use 'set_property MAX_MESSAGES <number> [get_drc_check REQP-1839]' to change the number of messages that should be reported.
WARNING: [DRC CFGBVS-1] Missing CFGBVS and CONFIG_VOLTAGE Design Properties: Neither the CFGBVS nor CONFIG_VOLTAGE voltage property is set in the current_design.  Configuration bank voltage select (CFGBVS) must be set to VCCO or GND, and CONFIG_VOLTAGE must be set to the correct configuration voltage, in order to determine the I/O voltage support for the pins in bank 0.  It is suggested to specify these either using the 'Edit Device Properties' function in the GUI or directly in the XDC file using the following syntax:

 set_property CFGBVS value1 [current_design]
 #where value1 is either VCCO or GND

 set_property CONFIG_VOLTAGE value2 [current_design]
 #where value2 is the voltage provided to configuration bank 0

Refer to the device configuration user guide for more information.
WARNING: [DRC CHECK-3] Report rule limit reached: REQP-1839 rule limit reached: 20 violations have been found.
WARNING: [DRC CHECK-3] Report rule limit reached: REQP-1839 rule limit reached: 20 violations have been found.
WARNING: [DRC DPIP-1] Input pipelining: DSP i_ariane/i_cva6/ex_stage_i/fpu_gen.fpu_i/fpu_gen.i_fpnew_bulk/gen_operation_groups[0].i_opgroup_block/gen_parallel_slices[0].active_format.i_fmt_slice/gen_num_lanes[0].active_lane.lane_instance.i_fma/product input i_ariane/i_cva6/ex_stage_i/fpu_gen.fpu_i/fpu_gen.i_fpnew_bulk/gen_operation_groups[0].i_opgroup_block/gen_parallel_slices[0].active_format.i_fmt_slice/gen_num_lanes[0].active_lane.lane_instance.i_fma/product/A[29:0] is not pipelined. Pipelining DSP48 input will improve performance.
WARNING: [DRC DPIP-1] Input pipelining: DSP i_ariane/i_cva6/ex_stage_i/fpu_gen.fpu_i/fpu_gen.i_fpnew_bulk/gen_operation_groups[0].i_opgroup_block/gen_parallel_slices[0].active_format.i_fmt_slice/gen_num_lanes[0].active_lane.lane_instance.i_fma/product input i_ariane/i_cva6/ex_stage_i/fpu_gen.fpu_i/fpu_gen.i_fpnew_bulk/gen_operation_groups[0].i_opgroup_block/gen_parallel_slices[0].active_format.i_fmt_slice/gen_num_lanes[0].active_lane.lane_instance.i_fma/product/B[17:0] is not pipelined. Pipelining DSP48 input will improve performance.
WARNING: [DRC DPIP-1] Input pipelining: DSP i_ariane/i_cva6/ex_stage_i/fpu_gen.fpu_i/fpu_gen.i_fpnew_bulk/gen_operation_groups[0].i_opgroup_block/gen_parallel_slices[0].active_format.i_fmt_slice/gen_num_lanes[0].active_lane.lane_instance.i_fma/product__0 input i_ariane/i_cva6/ex_stage_i/fpu_gen.fpu_i/fpu_gen.i_fpnew_bulk/gen_operation_groups[0].i_opgroup_block/gen_parallel_slices[0].active_format.i_fmt_slice/gen_num_lanes[0].active_lane.lane_instance.i_fma/product__0/B[17:0] is not pipelined. Pipelining DSP48 input will improve performance.
WARNING: [DRC DPIP-1] Input pipelining: DSP i_ariane/i_cva6/ex_stage_i/fpu_gen.fpu_i/fpu_gen.i_fpnew_bulk/gen_operation_groups[0].i_opgroup_block/gen_parallel_slices[1].active_format.i_fmt_slice/gen_num_lanes[0].active_lane.lane_instance.i_fma/product input i_ariane/i_cva6/ex_stage_i/fpu_gen.fpu_i/fpu_gen.i_fpnew_bulk/gen_operation_groups[0].i_opgroup_block/gen_parallel_slices[1].active_format.i_fmt_slice/gen_num_lanes[0].active_lane.lane_instance.i_fma/product/A[29:0] is not pipelined. Pipelining DSP48 input will improve performance.
WARNING: [DRC DPIP-1] Input pipelining: DSP i_ariane/i_cva6/ex_stage_i/fpu_gen.fpu_i/fpu_gen.i_fpnew_bulk/gen_operation_groups[0].i_opgroup_block/gen_parallel_slices[1].active_format.i_fmt_slice/gen_num_lanes[0].active_lane.lane_instance.i_fma/product input i_ariane/i_cva6/ex_stage_i/fpu_gen.fpu_i/fpu_gen.i_fpnew_bulk/gen_operation_groups[0].i_opgroup_block/gen_parallel_slices[1].active_format.i_fmt_slice/gen_num_lanes[0].active_lane.lane_instance.i_fma/product/B[17:0] is not pipelined. Pipelining DSP48 input will improve performance.
WARNING: [DRC DPIP-1] Input pipelining: DSP i_ariane/i_cva6/ex_stage_i/fpu_gen.fpu_i/fpu_gen.i_fpnew_bulk/gen_operation_groups[0].i_opgroup_block/gen_parallel_slices[1].active_format.i_fmt_slice/gen_num_lanes[0].active_lane.lane_instance.i_fma/product__0 input i_ariane/i_cva6/ex_stage_i/fpu_gen.fpu_i/fpu_gen.i_fpnew_bulk/gen_operation_groups[0].i_opgroup_block/gen_parallel_slices[1].active_format.i_fmt_slice/gen_num_lanes[0].active_lane.lane_instance.i_fma/product__0/A[29:0] is not pipelined. Pipelining DSP48 input will improve performance.
WARNING: [DRC DPIP-1] Input pipelining: DSP i_ariane/i_cva6/ex_stage_i/fpu_gen.fpu_i/fpu_gen.i_fpnew_bulk/gen_operation_groups[0].i_opgroup_block/gen_parallel_slices[1].active_format.i_fmt_slice/gen_num_lanes[0].active_lane.lane_instance.i_fma/product__0 input i_ariane/i_cva6/ex_stage_i/fpu_gen.fpu_i/fpu_gen.i_fpnew_bulk/gen_operation_groups[0].i_opgroup_block/gen_parallel_slices[1].active_format.i_fmt_slice/gen_num_lanes[0].active_lane.lane_instance.i_fma/product__0/B[17:0] is not pipelined. Pipelining DSP48 input will improve performance.
WARNING: [DRC DPIP-1] Input pipelining: DSP i_ariane/i_cva6/ex_stage_i/fpu_gen.fpu_i/fpu_gen.i_fpnew_bulk/gen_operation_groups[0].i_opgroup_block/gen_parallel_slices[1].active_format.i_fmt_slice/gen_num_lanes[0].active_lane.lane_instance.i_fma/product__1 input i_ariane/i_cva6/ex_stage_i/fpu_gen.fpu_i/fpu_gen.i_fpnew_bulk/gen_operation_groups[0].i_opgroup_block/gen_parallel_slices[1].active_format.i_fmt_slice/gen_num_lanes[0].active_lane.lane_instance.i_fma/product__1/A[29:0] is not pipelined. Pipelining DSP48 input will improve performance.
WARNING: [DRC DPIP-1] Input pipelining: DSP i_ariane/i_cva6/ex_stage_i/fpu_gen.fpu_i/fpu_gen.i_fpnew_bulk/gen_operation_groups[0].i_opgroup_block/gen_parallel_slices[1].active_format.i_fmt_slice/gen_num_lanes[0].active_lane.lane_instance.i_fma/product__1 input i_ariane/i_cva6/ex_stage_i/fpu_gen.fpu_i/fpu_gen.i_fpnew_bulk/gen_operation_groups[0].i_opgroup_block/gen_parallel_slices[1].active_format.i_fmt_slice/gen_num_lanes[0].active_lane.lane_instance.i_fma/product__1/B[17:0] is not pipelined. Pipelining DSP48 input will improve performance.
WARNING: [DRC DPIP-1] Input pipelining: DSP i_ariane/i_cva6/ex_stage_i/fpu_gen.fpu_i/fpu_gen.i_fpnew_bulk/gen_operation_groups[0].i_opgroup_block/gen_parallel_slices[1].active_format.i_fmt_slice/gen_num_lanes[0].active_lane.lane_instance.i_fma/product__2 input i_ariane/i_cva6/ex_stage_i/fpu_gen.fpu_i/fpu_gen.i_fpnew_bulk/gen_operation_groups[0].i_opgroup_block/gen_parallel_slices[1].active_format.i_fmt_slice/gen_num_lanes[0].active_lane.lane_instance.i_fma/product__2/A[29:0] is not pipelined. Pipelining DSP48 input will improve performance.
WARNING: [DRC DPIP-1] Input pipelining: DSP i_ariane/i_cva6/ex_stage_i/fpu_gen.fpu_i/fpu_gen.i_fpnew_bulk/gen_operation_groups[0].i_opgroup_block/gen_parallel_slices[1].active_format.i_fmt_slice/gen_num_lanes[0].active_lane.lane_instance.i_fma/product__2 input i_ariane/i_cva6/ex_stage_i/fpu_gen.fpu_i/fpu_gen.i_fpnew_bulk/gen_operation_groups[0].i_opgroup_block/gen_parallel_slices[1].active_format.i_fmt_slice/gen_num_lanes[0].active_lane.lane_instance.i_fma/product__2/B[17:0] is not pipelined. Pipelining DSP48 input will improve performance.
WARNING: [DRC DPIP-1] Input pipelining: DSP i_ariane/i_cva6/ex_stage_i/fpu_gen.fpu_i/fpu_gen.i_fpnew_bulk/gen_operation_groups[0].i_opgroup_block/gen_parallel_slices[1].active_format.i_fmt_slice/gen_num_lanes[0].active_lane.lane_instance.i_fma/product__3 input i_ariane/i_cva6/ex_stage_i/fpu_gen.fpu_i/fpu_gen.i_fpnew_bulk/gen_operation_groups[0].i_opgroup_block/gen_parallel_slices[1].active_format.i_fmt_slice/gen_num_lanes[0].active_lane.lane_instance.i_fma/product__3/A[29:0] is not pipelined. Pipelining DSP48 input will improve performance.
WARNING: [DRC DPIP-1] Input pipelining: DSP i_ariane/i_cva6/ex_stage_i/fpu_gen.fpu_i/fpu_gen.i_fpnew_bulk/gen_operation_groups[0].i_opgroup_block/gen_parallel_slices[1].active_format.i_fmt_slice/gen_num_lanes[0].active_lane.lane_instance.i_fma/product__3 input i_ariane/i_cva6/ex_stage_i/fpu_gen.fpu_i/fpu_gen.i_fpnew_bulk/gen_operation_groups[0].i_opgroup_block/gen_parallel_slices[1].active_format.i_fmt_slice/gen_num_lanes[0].active_lane.lane_instance.i_fma/product__3/B[17:0] is not pipelined. Pipelining DSP48 input will improve performance.
WARNING: [DRC DPIP-1] Input pipelining: DSP i_ariane/i_cva6/ex_stage_i/fpu_gen.fpu_i/fpu_gen.i_fpnew_bulk/gen_operation_groups[0].i_opgroup_block/gen_parallel_slices[1].active_format.i_fmt_slice/gen_num_lanes[0].active_lane.lane_instance.i_fma/product__4 input i_ariane/i_cva6/ex_stage_i/fpu_gen.fpu_i/fpu_gen.i_fpnew_bulk/gen_operation_groups[0].i_opgroup_block/gen_parallel_slices[1].active_format.i_fmt_slice/gen_num_lanes[0].active_lane.lane_instance.i_fma/product__4/A[29:0] is not pipelined. Pipelining DSP48 input will improve performance.
WARNING: [DRC DPIP-1] Input pipelining: DSP i_ariane/i_cva6/ex_stage_i/fpu_gen.fpu_i/fpu_gen.i_fpnew_bulk/gen_operation_groups[0].i_opgroup_block/gen_parallel_slices[1].active_format.i_fmt_slice/gen_num_lanes[0].active_lane.lane_instance.i_fma/product__4 input i_ariane/i_cva6/ex_stage_i/fpu_gen.fpu_i/fpu_gen.i_fpnew_bulk/gen_operation_groups[0].i_opgroup_block/gen_parallel_slices[1].active_format.i_fmt_slice/gen_num_lanes[0].active_lane.lane_instance.i_fma/product__4/B[17:0] is not pipelined. Pipelining DSP48 input will improve performance.
WARNING: [DRC DPIP-1] Input pipelining: DSP i_ariane/i_cva6/ex_stage_i/fpu_gen.fpu_i/fpu_gen.i_fpnew_bulk/gen_operation_groups[0].i_opgroup_block/gen_parallel_slices[1].active_format.i_fmt_slice/gen_num_lanes[0].active_lane.lane_instance.i_fma/product__5 input i_ariane/i_cva6/ex_stage_i/fpu_gen.fpu_i/fpu_gen.i_fpnew_bulk/gen_operation_groups[0].i_opgroup_block/gen_parallel_slices[1].active_format.i_fmt_slice/gen_num_lanes[0].active_lane.lane_instance.i_fma/product__5/A[29:0] is not pipelined. Pipelining DSP48 input will improve performance.
WARNING: [DRC DPIP-1] Input pipelining: DSP i_ariane/i_cva6/ex_stage_i/fpu_gen.fpu_i/fpu_gen.i_fpnew_bulk/gen_operation_groups[0].i_opgroup_block/gen_parallel_slices[1].active_format.i_fmt_slice/gen_num_lanes[0].active_lane.lane_instance.i_fma/product__5 input i_ariane/i_cva6/ex_stage_i/fpu_gen.fpu_i/fpu_gen.i_fpnew_bulk/gen_operation_groups[0].i_opgroup_block/gen_parallel_slices[1].active_format.i_fmt_slice/gen_num_lanes[0].active_lane.lane_instance.i_fma/product__5/B[17:0] is not pipelined. Pipelining DSP48 input will improve performance.
WARNING: [DRC DPIP-1] Input pipelining: DSP i_ariane/i_cva6/ex_stage_i/fpu_gen.fpu_i/fpu_gen.i_fpnew_bulk/gen_operation_groups[0].i_opgroup_block/gen_parallel_slices[1].active_format.i_fmt_slice/gen_num_lanes[0].active_lane.lane_instance.i_fma/product__6 input i_ariane/i_cva6/ex_stage_i/fpu_gen.fpu_i/fpu_gen.i_fpnew_bulk/gen_operation_groups[0].i_opgroup_block/gen_parallel_slices[1].active_format.i_fmt_slice/gen_num_lanes[0].active_lane.lane_instance.i_fma/product__6/A[29:0] is not pipelined. Pipelining DSP48 input will improve performance.
WARNING: [DRC DPIP-1] Input pipelining: DSP i_ariane/i_cva6/ex_stage_i/fpu_gen.fpu_i/fpu_gen.i_fpnew_bulk/gen_operation_groups[0].i_opgroup_block/gen_parallel_slices[1].active_format.i_fmt_slice/gen_num_lanes[0].active_lane.lane_instance.i_fma/product__6 input i_ariane/i_cva6/ex_stage_i/fpu_gen.fpu_i/fpu_gen.i_fpnew_bulk/gen_operation_groups[0].i_opgroup_block/gen_parallel_slices[1].active_format.i_fmt_slice/gen_num_lanes[0].active_lane.lane_instance.i_fma/product__6/B[17:0] is not pipelined. Pipelining DSP48 input will improve performance.
WARNING: [DRC DPIP-1] Input pipelining: DSP i_ariane/i_cva6/ex_stage_i/fpu_gen.fpu_i/fpu_gen.i_fpnew_bulk/gen_operation_groups[0].i_opgroup_block/gen_parallel_slices[1].active_format.i_fmt_slice/gen_num_lanes[0].active_lane.lane_instance.i_fma/product__7 input i_ariane/i_cva6/ex_stage_i/fpu_gen.fpu_i/fpu_gen.i_fpnew_bulk/gen_operation_groups[0].i_opgroup_block/gen_parallel_slices[1].active_format.i_fmt_slice/gen_num_lanes[0].active_lane.lane_instance.i_fma/product__7/A[29:0] is not pipelined. Pipelining DSP48 input will improve performance.
WARNING: [DRC DPIP-1] Input pipelining: DSP i_ariane/i_cva6/ex_stage_i/fpu_gen.fpu_i/fpu_gen.i_fpnew_bulk/gen_operation_groups[0].i_opgroup_block/gen_parallel_slices[1].active_format.i_fmt_slice/gen_num_lanes[0].active_lane.lane_instance.i_fma/product__7 input i_ariane/i_cva6/ex_stage_i/fpu_gen.fpu_i/fpu_gen.i_fpnew_bulk/gen_operation_groups[0].i_opgroup_block/gen_parallel_slices[1].active_format.i_fmt_slice/gen_num_lanes[0].active_lane.lane_instance.i_fma/product__7/B[17:0] is not pipelined. Pipelining DSP48 input will improve performance.
WARNING: [DRC DPIP-1] Input pipelining: DSP i_ariane/i_cva6/ex_stage_i/i_mult/i_multiplier/mult_result_d input i_ariane/i_cva6/ex_stage_i/i_mult/i_multiplier/mult_result_d/A[29:0] is not pipelined. Pipelining DSP48 input will improve performance.
WARNING: [DRC DPIP-1] Input pipelining: DSP i_ariane/i_cva6/ex_stage_i/i_mult/i_multiplier/mult_result_d input i_ariane/i_cva6/ex_stage_i/i_mult/i_multiplier/mult_result_d/B[17:0] is not pipelined. Pipelining DSP48 input will improve performance.
WARNING: [DRC DPIP-1] Input pipelining: DSP i_ariane/i_cva6/ex_stage_i/i_mult/i_multiplier/mult_result_d__0 input i_ariane/i_cva6/ex_stage_i/i_mult/i_multiplier/mult_result_d__0/A[29:0] is not pipelined. Pipelining DSP48 input will improve performance.
WARNING: [DRC DPIP-1] Input pipelining: DSP i_ariane/i_cva6/ex_stage_i/i_mult/i_multiplier/mult_result_d__0 input i_ariane/i_cva6/ex_stage_i/i_mult/i_multiplier/mult_result_d__0/B[17:0] is not pipelined. Pipelining DSP48 input will improve performance.
WARNING: [DRC DPIP-1] Input pipelining: DSP i_ariane/i_cva6/ex_stage_i/i_mult/i_multiplier/mult_result_d__1 input i_ariane/i_cva6/ex_stage_i/i_mult/i_multiplier/mult_result_d__1/A[29:0] is not pipelined. Pipelining DSP48 input will improve performance.
WARNING: [DRC DPIP-1] Input pipelining: DSP i_ariane/i_cva6/ex_stage_i/i_mult/i_multiplier/mult_result_d__1 input i_ariane/i_cva6/ex_stage_i/i_mult/i_multiplier/mult_result_d__1/B[17:0] is not pipelined. Pipelining DSP48 input will improve performance.
WARNING: [DRC DPIP-1] Input pipelining: DSP i_ariane/i_cva6/ex_stage_i/i_mult/i_multiplier/mult_result_d__10 input i_ariane/i_cva6/ex_stage_i/i_mult/i_multiplier/mult_result_d__10/A[29:0] is not pipelined. Pipelining DSP48 input will improve performance.
WARNING: [DRC DPIP-1] Input pipelining: DSP i_ariane/i_cva6/ex_stage_i/i_mult/i_multiplier/mult_result_d__10 input i_ariane/i_cva6/ex_stage_i/i_mult/i_multiplier/mult_result_d__10/B[17:0] is not pipelined. Pipelining DSP48 input will improve performance.
WARNING: [DRC DPIP-1] Input pipelining: DSP i_ariane/i_cva6/ex_stage_i/i_mult/i_multiplier/mult_result_d__11 input i_ariane/i_cva6/ex_stage_i/i_mult/i_multiplier/mult_result_d__11/A[29:0] is not pipelined. Pipelining DSP48 input will improve performance.
WARNING: [DRC DPIP-1] Input pipelining: DSP i_ariane/i_cva6/ex_stage_i/i_mult/i_multiplier/mult_result_d__11 input i_ariane/i_cva6/ex_stage_i/i_mult/i_multiplier/mult_result_d__11/B[17:0] is not pipelined. Pipelining DSP48 input will improve performance.
WARNING: [DRC DPIP-1] Input pipelining: DSP i_ariane/i_cva6/ex_stage_i/i_mult/i_multiplier/mult_result_d__12 input i_ariane/i_cva6/ex_stage_i/i_mult/i_multiplier/mult_result_d__12/A[29:0] is not pipelined. Pipelining DSP48 input will improve performance.
WARNING: [DRC DPIP-1] Input pipelining: DSP i_ariane/i_cva6/ex_stage_i/i_mult/i_multiplier/mult_result_d__12 input i_ariane/i_cva6/ex_stage_i/i_mult/i_multiplier/mult_result_d__12/B[17:0] is not pipelined. Pipelining DSP48 input will improve performance.
WARNING: [DRC DPIP-1] Input pipelining: DSP i_ariane/i_cva6/ex_stage_i/i_mult/i_multiplier/mult_result_d__13 input i_ariane/i_cva6/ex_stage_i/i_mult/i_multiplier/mult_result_d__13/A[29:0] is not pipelined. Pipelining DSP48 input will improve performance.
WARNING: [DRC DPIP-1] Input pipelining: DSP i_ariane/i_cva6/ex_stage_i/i_mult/i_multiplier/mult_result_d__13 input i_ariane/i_cva6/ex_stage_i/i_mult/i_multiplier/mult_result_d__13/B[17:0] is not pipelined. Pipelining DSP48 input will improve performance.
WARNING: [DRC DPIP-1] Input pipelining: DSP i_ariane/i_cva6/ex_stage_i/i_mult/i_multiplier/mult_result_d__14 input i_ariane/i_cva6/ex_stage_i/i_mult/i_multiplier/mult_result_d__14/A[29:0] is not pipelined. Pipelining DSP48 input will improve performance.
WARNING: [DRC DPIP-1] Input pipelining: DSP i_ariane/i_cva6/ex_stage_i/i_mult/i_multiplier/mult_result_d__14 input i_ariane/i_cva6/ex_stage_i/i_mult/i_multiplier/mult_result_d__14/B[17:0] is not pipelined. Pipelining DSP48 input will improve performance.
WARNING: [DRC DPIP-1] Input pipelining: DSP i_ariane/i_cva6/ex_stage_i/i_mult/i_multiplier/mult_result_d__2 input i_ariane/i_cva6/ex_stage_i/i_mult/i_multiplier/mult_result_d__2/A[29:0] is not pipelined. Pipelining DSP48 input will improve performance.
WARNING: [DRC DPIP-1] Input pipelining: DSP i_ariane/i_cva6/ex_stage_i/i_mult/i_multiplier/mult_result_d__2 input i_ariane/i_cva6/ex_stage_i/i_mult/i_multiplier/mult_result_d__2/B[17:0] is not pipelined. Pipelining DSP48 input will improve performance.
WARNING: [DRC DPIP-1] Input pipelining: DSP i_ariane/i_cva6/ex_stage_i/i_mult/i_multiplier/mult_result_d__3 input i_ariane/i_cva6/ex_stage_i/i_mult/i_multiplier/mult_result_d__3/A[29:0] is not pipelined. Pipelining DSP48 input will improve performance.
WARNING: [DRC DPIP-1] Input pipelining: DSP i_ariane/i_cva6/ex_stage_i/i_mult/i_multiplier/mult_result_d__3 input i_ariane/i_cva6/ex_stage_i/i_mult/i_multiplier/mult_result_d__3/B[17:0] is not pipelined. Pipelining DSP48 input will improve performance.
WARNING: [DRC DPIP-1] Input pipelining: DSP i_ariane/i_cva6/ex_stage_i/i_mult/i_multiplier/mult_result_d__4 input i_ariane/i_cva6/ex_stage_i/i_mult/i_multiplier/mult_result_d__4/A[29:0] is not pipelined. Pipelining DSP48 input will improve performance.
WARNING: [DRC DPIP-1] Input pipelining: DSP i_ariane/i_cva6/ex_stage_i/i_mult/i_multiplier/mult_result_d__4 input i_ariane/i_cva6/ex_stage_i/i_mult/i_multiplier/mult_result_d__4/B[17:0] is not pipelined. Pipelining DSP48 input will improve performance.
WARNING: [DRC DPIP-1] Input pipelining: DSP i_ariane/i_cva6/ex_stage_i/i_mult/i_multiplier/mult_result_d__5 input i_ariane/i_cva6/ex_stage_i/i_mult/i_multiplier/mult_result_d__5/A[29:0] is not pipelined. Pipelining DSP48 input will improve performance.
WARNING: [DRC DPIP-1] Input pipelining: DSP i_ariane/i_cva6/ex_stage_i/i_mult/i_multiplier/mult_result_d__5 input i_ariane/i_cva6/ex_stage_i/i_mult/i_multiplier/mult_result_d__5/B[17:0] is not pipelined. Pipelining DSP48 input will improve performance.
WARNING: [DRC DPIP-1] Input pipelining: DSP i_ariane/i_cva6/ex_stage_i/i_mult/i_multiplier/mult_result_d__6 input i_ariane/i_cva6/ex_stage_i/i_mult/i_multiplier/mult_result_d__6/A[29:0] is not pipelined. Pipelining DSP48 input will improve performance.
WARNING: [DRC DPIP-1] Input pipelining: DSP i_ariane/i_cva6/ex_stage_i/i_mult/i_multiplier/mult_result_d__6 input i_ariane/i_cva6/ex_stage_i/i_mult/i_multiplier/mult_result_d__6/B[17:0] is not pipelined. Pipelining DSP48 input will improve performance.
WARNING: [DRC DPIP-1] Input pipelining: DSP i_ariane/i_cva6/ex_stage_i/i_mult/i_multiplier/mult_result_d__7 input i_ariane/i_cva6/ex_stage_i/i_mult/i_multiplier/mult_result_d__7/A[29:0] is not pipelined. Pipelining DSP48 input will improve performance.
WARNING: [DRC DPIP-1] Input pipelining: DSP i_ariane/i_cva6/ex_stage_i/i_mult/i_multiplier/mult_result_d__7 input i_ariane/i_cva6/ex_stage_i/i_mult/i_multiplier/mult_result_d__7/B[17:0] is not pipelined. Pipelining DSP48 input will improve performance.
WARNING: [DRC DPIP-1] Input pipelining: DSP i_ariane/i_cva6/ex_stage_i/i_mult/i_multiplier/mult_result_d__8 input i_ariane/i_cva6/ex_stage_i/i_mult/i_multiplier/mult_result_d__8/A[29:0] is not pipelined. Pipelining DSP48 input will improve performance.
WARNING: [DRC DPIP-1] Input pipelining: DSP i_ariane/i_cva6/ex_stage_i/i_mult/i_multiplier/mult_result_d__8 input i_ariane/i_cva6/ex_stage_i/i_mult/i_multiplier/mult_result_d__8/B[17:0] is not pipelined. Pipelining DSP48 input will improve performance.
WARNING: [DRC DPIP-1] Input pipelining: DSP i_ariane/i_cva6/ex_stage_i/i_mult/i_multiplier/mult_result_d__9 input i_ariane/i_cva6/ex_stage_i/i_mult/i_multiplier/mult_result_d__9/A[29:0] is not pipelined. Pipelining DSP48 input will improve performance.
WARNING: [DRC DPIP-1] Input pipelining: DSP i_ariane/i_cva6/ex_stage_i/i_mult/i_multiplier/mult_result_d__9 input i_ariane/i_cva6/ex_stage_i/i_mult/i_multiplier/mult_result_d__9/B[17:0] is not pipelined. Pipelining DSP48 input will improve performance.
WARNING: [DRC DPOP-1] PREG Output pipelining: DSP i_ariane/i_cva6/ex_stage_i/fpu_gen.fpu_i/fpu_gen.i_fpnew_bulk/gen_operation_groups[0].i_opgroup_block/gen_parallel_slices[0].active_format.i_fmt_slice/gen_num_lanes[0].active_lane.lane_instance.i_fma/product output i_ariane/i_cva6/ex_stage_i/fpu_gen.fpu_i/fpu_gen.i_fpnew_bulk/gen_operation_groups[0].i_opgroup_block/gen_parallel_slices[0].active_format.i_fmt_slice/gen_num_lanes[0].active_lane.lane_instance.i_fma/product/P[47:0] is not pipelined (PREG=0). Pipelining the DSP48 output will improve performance and often saves power so it is suggested whenever possible to fully pipeline this function.  If this DSP48 function was inferred, it is suggested to describe an additional register stage after this function.  If the DSP48 was instantiated in the design, it is suggested to set the PREG attribute to 1.
WARNING: [DRC DPOP-1] PREG Output pipelining: DSP i_ariane/i_cva6/ex_stage_i/fpu_gen.fpu_i/fpu_gen.i_fpnew_bulk/gen_operation_groups[0].i_opgroup_block/gen_parallel_slices[0].active_format.i_fmt_slice/gen_num_lanes[0].active_lane.lane_instance.i_fma/product__0 output i_ariane/i_cva6/ex_stage_i/fpu_gen.fpu_i/fpu_gen.i_fpnew_bulk/gen_operation_groups[0].i_opgroup_block/gen_parallel_slices[0].active_format.i_fmt_slice/gen_num_lanes[0].active_lane.lane_instance.i_fma/product__0/P[47:0] is not pipelined (PREG=0). Pipelining the DSP48 output will improve performance and often saves power so it is suggested whenever possible to fully pipeline this function.  If this DSP48 function was inferred, it is suggested to describe an additional register stage after this function.  If the DSP48 was instantiated in the design, it is suggested to set the PREG attribute to 1.
WARNING: [DRC DPOP-1] PREG Output pipelining: DSP i_ariane/i_cva6/ex_stage_i/fpu_gen.fpu_i/fpu_gen.i_fpnew_bulk/gen_operation_groups[0].i_opgroup_block/gen_parallel_slices[1].active_format.i_fmt_slice/gen_num_lanes[0].active_lane.lane_instance.i_fma/product__0 output i_ariane/i_cva6/ex_stage_i/fpu_gen.fpu_i/fpu_gen.i_fpnew_bulk/gen_operation_groups[0].i_opgroup_block/gen_parallel_slices[1].active_format.i_fmt_slice/gen_num_lanes[0].active_lane.lane_instance.i_fma/product__0/P[47:0] is not pipelined (PREG=0). Pipelining the DSP48 output will improve performance and often saves power so it is suggested whenever possible to fully pipeline this function.  If this DSP48 function was inferred, it is suggested to describe an additional register stage after this function.  If the DSP48 was instantiated in the design, it is suggested to set the PREG attribute to 1.
WARNING: [DRC DPOP-1] PREG Output pipelining: DSP i_ariane/i_cva6/ex_stage_i/fpu_gen.fpu_i/fpu_gen.i_fpnew_bulk/gen_operation_groups[0].i_opgroup_block/gen_parallel_slices[1].active_format.i_fmt_slice/gen_num_lanes[0].active_lane.lane_instance.i_fma/product__1 output i_ariane/i_cva6/ex_stage_i/fpu_gen.fpu_i/fpu_gen.i_fpnew_bulk/gen_operation_groups[0].i_opgroup_block/gen_parallel_slices[1].active_format.i_fmt_slice/gen_num_lanes[0].active_lane.lane_instance.i_fma/product__1/P[47:0] is not pipelined (PREG=0). Pipelining the DSP48 output will improve performance and often saves power so it is suggested whenever possible to fully pipeline this function.  If this DSP48 function was inferred, it is suggested to describe an additional register stage after this function.  If the DSP48 was instantiated in the design, it is suggested to set the PREG attribute to 1.
WARNING: [DRC DPOP-1] PREG Output pipelining: DSP i_ariane/i_cva6/ex_stage_i/fpu_gen.fpu_i/fpu_gen.i_fpnew_bulk/gen_operation_groups[0].i_opgroup_block/gen_parallel_slices[1].active_format.i_fmt_slice/gen_num_lanes[0].active_lane.lane_instance.i_fma/product__4 output i_ariane/i_cva6/ex_stage_i/fpu_gen.fpu_i/fpu_gen.i_fpnew_bulk/gen_operation_groups[0].i_opgroup_block/gen_parallel_slices[1].active_format.i_fmt_slice/gen_num_lanes[0].active_lane.lane_instance.i_fma/product__4/P[47:0] is not pipelined (PREG=0). Pipelining the DSP48 output will improve performance and often saves power so it is suggested whenever possible to fully pipeline this function.  If this DSP48 function was inferred, it is suggested to describe an additional register stage after this function.  If the DSP48 was instantiated in the design, it is suggested to set the PREG attribute to 1.
WARNING: [DRC DPOP-1] PREG Output pipelining: DSP i_ariane/i_cva6/ex_stage_i/fpu_gen.fpu_i/fpu_gen.i_fpnew_bulk/gen_operation_groups[0].i_opgroup_block/gen_parallel_slices[1].active_format.i_fmt_slice/gen_num_lanes[0].active_lane.lane_instance.i_fma/product__5 output i_ariane/i_cva6/ex_stage_i/fpu_gen.fpu_i/fpu_gen.i_fpnew_bulk/gen_operation_groups[0].i_opgroup_block/gen_parallel_slices[1].active_format.i_fmt_slice/gen_num_lanes[0].active_lane.lane_instance.i_fma/product__5/P[47:0] is not pipelined (PREG=0). Pipelining the DSP48 output will improve performance and often saves power so it is suggested whenever possible to fully pipeline this function.  If this DSP48 function was inferred, it is suggested to describe an additional register stage after this function.  If the DSP48 was instantiated in the design, it is suggested to set the PREG attribute to 1.
WARNING: [DRC DPOP-1] PREG Output pipelining: DSP i_ariane/i_cva6/ex_stage_i/fpu_gen.fpu_i/fpu_gen.i_fpnew_bulk/gen_operation_groups[0].i_opgroup_block/gen_parallel_slices[1].active_format.i_fmt_slice/gen_num_lanes[0].active_lane.lane_instance.i_fma/product__7 output i_ariane/i_cva6/ex_stage_i/fpu_gen.fpu_i/fpu_gen.i_fpnew_bulk/gen_operation_groups[0].i_opgroup_block/gen_parallel_slices[1].active_format.i_fmt_slice/gen_num_lanes[0].active_lane.lane_instance.i_fma/product__7/P[47:0] is not pipelined (PREG=0). Pipelining the DSP48 output will improve performance and often saves power so it is suggested whenever possible to fully pipeline this function.  If this DSP48 function was inferred, it is suggested to describe an additional register stage after this function.  If the DSP48 was instantiated in the design, it is suggested to set the PREG attribute to 1.
WARNING: [DRC DPOP-1] PREG Output pipelining: DSP i_ariane/i_cva6/ex_stage_i/i_mult/i_multiplier/mult_result_d output i_ariane/i_cva6/ex_stage_i/i_mult/i_multiplier/mult_result_d/P[47:0] is not pipelined (PREG=0). Pipelining the DSP48 output will improve performance and often saves power so it is suggested whenever possible to fully pipeline this function.  If this DSP48 function was inferred, it is suggested to describe an additional register stage after this function.  If the DSP48 was instantiated in the design, it is suggested to set the PREG attribute to 1.
WARNING: [DRC DPOP-1] PREG Output pipelining: DSP i_ariane/i_cva6/ex_stage_i/i_mult/i_multiplier/mult_result_d__1 output i_ariane/i_cva6/ex_stage_i/i_mult/i_multiplier/mult_result_d__1/P[47:0] is not pipelined (PREG=0). Pipelining the DSP48 output will improve performance and often saves power so it is suggested whenever possible to fully pipeline this function.  If this DSP48 function was inferred, it is suggested to describe an additional register stage after this function.  If the DSP48 was instantiated in the design, it is suggested to set the PREG attribute to 1.
WARNING: [DRC DPOP-1] PREG Output pipelining: DSP i_ariane/i_cva6/ex_stage_i/i_mult/i_multiplier/mult_result_d__11 output i_ariane/i_cva6/ex_stage_i/i_mult/i_multiplier/mult_result_d__11/P[47:0] is not pipelined (PREG=0). Pipelining the DSP48 output will improve performance and often saves power so it is suggested whenever possible to fully pipeline this function.  If this DSP48 function was inferred, it is suggested to describe an additional register stage after this function.  If the DSP48 was instantiated in the design, it is suggested to set the PREG attribute to 1.
WARNING: [DRC DPOP-1] PREG Output pipelining: DSP i_ariane/i_cva6/ex_stage_i/i_mult/i_multiplier/mult_result_d__13 output i_ariane/i_cva6/ex_stage_i/i_mult/i_multiplier/mult_result_d__13/P[47:0] is not pipelined (PREG=0). Pipelining the DSP48 output will improve performance and often saves power so it is suggested whenever possible to fully pipeline this function.  If this DSP48 function was inferred, it is suggested to describe an additional register stage after this function.  If the DSP48 was instantiated in the design, it is suggested to set the PREG attribute to 1.
WARNING: [DRC DPOP-1] PREG Output pipelining: DSP i_ariane/i_cva6/ex_stage_i/i_mult/i_multiplier/mult_result_d__4 output i_ariane/i_cva6/ex_stage_i/i_mult/i_multiplier/mult_result_d__4/P[47:0] is not pipelined (PREG=0). Pipelining the DSP48 output will improve performance and often saves power so it is suggested whenever possible to fully pipeline this function.  If this DSP48 function was inferred, it is suggested to describe an additional register stage after this function.  If the DSP48 was instantiated in the design, it is suggested to set the PREG attribute to 1.
WARNING: [DRC DPOP-1] PREG Output pipelining: DSP i_ariane/i_cva6/ex_stage_i/i_mult/i_multiplier/mult_result_d__8 output i_ariane/i_cva6/ex_stage_i/i_mult/i_multiplier/mult_result_d__8/P[47:0] is not pipelined (PREG=0). Pipelining the DSP48 output will improve performance and often saves power so it is suggested whenever possible to fully pipeline this function.  If this DSP48 function was inferred, it is suggested to describe an additional register stage after this function.  If the DSP48 was instantiated in the design, it is suggested to set the PREG attribute to 1.
WARNING: [DRC DPOP-2] MREG Output pipelining: DSP i_ariane/i_cva6/ex_stage_i/fpu_gen.fpu_i/fpu_gen.i_fpnew_bulk/gen_operation_groups[0].i_opgroup_block/gen_parallel_slices[0].active_format.i_fmt_slice/gen_num_lanes[0].active_lane.lane_instance.i_fma/product multiplier stage i_ariane/i_cva6/ex_stage_i/fpu_gen.fpu_i/fpu_gen.i_fpnew_bulk/gen_operation_groups[0].i_opgroup_block/gen_parallel_slices[0].active_format.i_fmt_slice/gen_num_lanes[0].active_lane.lane_instance.i_fma/product/P[47:0] is not pipelined (MREG=0). Pipelining the multiplier function will improve performance and will save significant power so it is suggested whenever possible to fully pipeline this function.  If this multiplier was inferred, it is suggested to describe an additional register stage after this function.  If there is no registered adder/accumulator following the multiply function, two pipeline stages are suggested to allow both the MREG and PREG registers to be used.  If the DSP48 was instantiated in the design, it is suggested to set both the MREG and PREG attributes to 1 when performing multiply functions.
WARNING: [DRC DPOP-2] MREG Output pipelining: DSP i_ariane/i_cva6/ex_stage_i/fpu_gen.fpu_i/fpu_gen.i_fpnew_bulk/gen_operation_groups[0].i_opgroup_block/gen_parallel_slices[0].active_format.i_fmt_slice/gen_num_lanes[0].active_lane.lane_instance.i_fma/product__0 multiplier stage i_ariane/i_cva6/ex_stage_i/fpu_gen.fpu_i/fpu_gen.i_fpnew_bulk/gen_operation_groups[0].i_opgroup_block/gen_parallel_slices[0].active_format.i_fmt_slice/gen_num_lanes[0].active_lane.lane_instance.i_fma/product__0/P[47:0] is not pipelined (MREG=0). Pipelining the multiplier function will improve performance and will save significant power so it is suggested whenever possible to fully pipeline this function.  If this multiplier was inferred, it is suggested to describe an additional register stage after this function.  If there is no registered adder/accumulator following the multiply function, two pipeline stages are suggested to allow both the MREG and PREG registers to be used.  If the DSP48 was instantiated in the design, it is suggested to set both the MREG and PREG attributes to 1 when performing multiply functions.
WARNING: [DRC DPOP-2] MREG Output pipelining: DSP i_ariane/i_cva6/ex_stage_i/fpu_gen.fpu_i/fpu_gen.i_fpnew_bulk/gen_operation_groups[0].i_opgroup_block/gen_parallel_slices[1].active_format.i_fmt_slice/gen_num_lanes[0].active_lane.lane_instance.i_fma/product__0 multiplier stage i_ariane/i_cva6/ex_stage_i/fpu_gen.fpu_i/fpu_gen.i_fpnew_bulk/gen_operation_groups[0].i_opgroup_block/gen_parallel_slices[1].active_format.i_fmt_slice/gen_num_lanes[0].active_lane.lane_instance.i_fma/product__0/P[47:0] is not pipelined (MREG=0). Pipelining the multiplier function will improve performance and will save significant power so it is suggested whenever possible to fully pipeline this function.  If this multiplier was inferred, it is suggested to describe an additional register stage after this function.  If there is no registered adder/accumulator following the multiply function, two pipeline stages are suggested to allow both the MREG and PREG registers to be used.  If the DSP48 was instantiated in the design, it is suggested to set both the MREG and PREG attributes to 1 when performing multiply functions.
WARNING: [DRC DPOP-2] MREG Output pipelining: DSP i_ariane/i_cva6/ex_stage_i/fpu_gen.fpu_i/fpu_gen.i_fpnew_bulk/gen_operation_groups[0].i_opgroup_block/gen_parallel_slices[1].active_format.i_fmt_slice/gen_num_lanes[0].active_lane.lane_instance.i_fma/product__1 multiplier stage i_ariane/i_cva6/ex_stage_i/fpu_gen.fpu_i/fpu_gen.i_fpnew_bulk/gen_operation_groups[0].i_opgroup_block/gen_parallel_slices[1].active_format.i_fmt_slice/gen_num_lanes[0].active_lane.lane_instance.i_fma/product__1/P[47:0] is not pipelined (MREG=0). Pipelining the multiplier function will improve performance and will save significant power so it is suggested whenever possible to fully pipeline this function.  If this multiplier was inferred, it is suggested to describe an additional register stage after this function.  If there is no registered adder/accumulator following the multiply function, two pipeline stages are suggested to allow both the MREG and PREG registers to be used.  If the DSP48 was instantiated in the design, it is suggested to set both the MREG and PREG attributes to 1 when performing multiply functions.
WARNING: [DRC DPOP-2] MREG Output pipelining: DSP i_ariane/i_cva6/ex_stage_i/fpu_gen.fpu_i/fpu_gen.i_fpnew_bulk/gen_operation_groups[0].i_opgroup_block/gen_parallel_slices[1].active_format.i_fmt_slice/gen_num_lanes[0].active_lane.lane_instance.i_fma/product__4 multiplier stage i_ariane/i_cva6/ex_stage_i/fpu_gen.fpu_i/fpu_gen.i_fpnew_bulk/gen_operation_groups[0].i_opgroup_block/gen_parallel_slices[1].active_format.i_fmt_slice/gen_num_lanes[0].active_lane.lane_instance.i_fma/product__4/P[47:0] is not pipelined (MREG=0). Pipelining the multiplier function will improve performance and will save significant power so it is suggested whenever possible to fully pipeline this function.  If this multiplier was inferred, it is suggested to describe an additional register stage after this function.  If there is no registered adder/accumulator following the multiply function, two pipeline stages are suggested to allow both the MREG and PREG registers to be used.  If the DSP48 was instantiated in the design, it is suggested to set both the MREG and PREG attributes to 1 when performing multiply functions.
WARNING: [DRC DPOP-2] MREG Output pipelining: DSP i_ariane/i_cva6/ex_stage_i/fpu_gen.fpu_i/fpu_gen.i_fpnew_bulk/gen_operation_groups[0].i_opgroup_block/gen_parallel_slices[1].active_format.i_fmt_slice/gen_num_lanes[0].active_lane.lane_instance.i_fma/product__5 multiplier stage i_ariane/i_cva6/ex_stage_i/fpu_gen.fpu_i/fpu_gen.i_fpnew_bulk/gen_operation_groups[0].i_opgroup_block/gen_parallel_slices[1].active_format.i_fmt_slice/gen_num_lanes[0].active_lane.lane_instance.i_fma/product__5/P[47:0] is not pipelined (MREG=0). Pipelining the multiplier function will improve performance and will save significant power so it is suggested whenever possible to fully pipeline this function.  If this multiplier was inferred, it is suggested to describe an additional register stage after this function.  If there is no registered adder/accumulator following the multiply function, two pipeline stages are suggested to allow both the MREG and PREG registers to be used.  If the DSP48 was instantiated in the design, it is suggested to set both the MREG and PREG attributes to 1 when performing multiply functions.
WARNING: [DRC DPOP-2] MREG Output pipelining: DSP i_ariane/i_cva6/ex_stage_i/fpu_gen.fpu_i/fpu_gen.i_fpnew_bulk/gen_operation_groups[0].i_opgroup_block/gen_parallel_slices[1].active_format.i_fmt_slice/gen_num_lanes[0].active_lane.lane_instance.i_fma/product__7 multiplier stage i_ariane/i_cva6/ex_stage_i/fpu_gen.fpu_i/fpu_gen.i_fpnew_bulk/gen_operation_groups[0].i_opgroup_block/gen_parallel_slices[1].active_format.i_fmt_slice/gen_num_lanes[0].active_lane.lane_instance.i_fma/product__7/P[47:0] is not pipelined (MREG=0). Pipelining the multiplier function will improve performance and will save significant power so it is suggested whenever possible to fully pipeline this function.  If this multiplier was inferred, it is suggested to describe an additional register stage after this function.  If there is no registered adder/accumulator following the multiply function, two pipeline stages are suggested to allow both the MREG and PREG registers to be used.  If the DSP48 was instantiated in the design, it is suggested to set both the MREG and PREG attributes to 1 when performing multiply functions.
WARNING: [DRC DPOP-2] MREG Output pipelining: DSP i_ariane/i_cva6/ex_stage_i/i_mult/i_multiplier/mult_result_d multiplier stage i_ariane/i_cva6/ex_stage_i/i_mult/i_multiplier/mult_result_d/P[47:0] is not pipelined (MREG=0). Pipelining the multiplier function will improve performance and will save significant power so it is suggested whenever possible to fully pipeline this function.  If this multiplier was inferred, it is suggested to describe an additional register stage after this function.  If there is no registered adder/accumulator following the multiply function, two pipeline stages are suggested to allow both the MREG and PREG registers to be used.  If the DSP48 was instantiated in the design, it is suggested to set both the MREG and PREG attributes to 1 when performing multiply functions.
WARNING: [DRC DPOP-2] MREG Output pipelining: DSP i_ariane/i_cva6/ex_stage_i/i_mult/i_multiplier/mult_result_d__1 multiplier stage i_ariane/i_cva6/ex_stage_i/i_mult/i_multiplier/mult_result_d__1/P[47:0] is not pipelined (MREG=0). Pipelining the multiplier function will improve performance and will save significant power so it is suggested whenever possible to fully pipeline this function.  If this multiplier was inferred, it is suggested to describe an additional register stage after this function.  If there is no registered adder/accumulator following the multiply function, two pipeline stages are suggested to allow both the MREG and PREG registers to be used.  If the DSP48 was instantiated in the design, it is suggested to set both the MREG and PREG attributes to 1 when performing multiply functions.
WARNING: [DRC DPOP-2] MREG Output pipelining: DSP i_ariane/i_cva6/ex_stage_i/i_mult/i_multiplier/mult_result_d__10 multiplier stage i_ariane/i_cva6/ex_stage_i/i_mult/i_multiplier/mult_result_d__10/P[47:0] is not pipelined (MREG=0). Pipelining the multiplier function will improve performance and will save significant power so it is suggested whenever possible to fully pipeline this function.  If this multiplier was inferred, it is suggested to describe an additional register stage after this function.  If there is no registered adder/accumulator following the multiply function, two pipeline stages are suggested to allow both the MREG and PREG registers to be used.  If the DSP48 was instantiated in the design, it is suggested to set both the MREG and PREG attributes to 1 when performing multiply functions.
WARNING: [DRC DPOP-2] MREG Output pipelining: DSP i_ariane/i_cva6/ex_stage_i/i_mult/i_multiplier/mult_result_d__11 multiplier stage i_ariane/i_cva6/ex_stage_i/i_mult/i_multiplier/mult_result_d__11/P[47:0] is not pipelined (MREG=0). Pipelining the multiplier function will improve performance and will save significant power so it is suggested whenever possible to fully pipeline this function.  If this multiplier was inferred, it is suggested to describe an additional register stage after this function.  If there is no registered adder/accumulator following the multiply function, two pipeline stages are suggested to allow both the MREG and PREG registers to be used.  If the DSP48 was instantiated in the design, it is suggested to set both the MREG and PREG attributes to 1 when performing multiply functions.
WARNING: [DRC DPOP-2] MREG Output pipelining: DSP i_ariane/i_cva6/ex_stage_i/i_mult/i_multiplier/mult_result_d__13 multiplier stage i_ariane/i_cva6/ex_stage_i/i_mult/i_multiplier/mult_result_d__13/P[47:0] is not pipelined (MREG=0). Pipelining the multiplier function will improve performance and will save significant power so it is suggested whenever possible to fully pipeline this function.  If this multiplier was inferred, it is suggested to describe an additional register stage after this function.  If there is no registered adder/accumulator following the multiply function, two pipeline stages are suggested to allow both the MREG and PREG registers to be used.  If the DSP48 was instantiated in the design, it is suggested to set both the MREG and PREG attributes to 1 when performing multiply functions.
WARNING: [DRC DPOP-2] MREG Output pipelining: DSP i_ariane/i_cva6/ex_stage_i/i_mult/i_multiplier/mult_result_d__14 multiplier stage i_ariane/i_cva6/ex_stage_i/i_mult/i_multiplier/mult_result_d__14/P[47:0] is not pipelined (MREG=0). Pipelining the multiplier function will improve performance and will save significant power so it is suggested whenever possible to fully pipeline this function.  If this multiplier was inferred, it is suggested to describe an additional register stage after this function.  If there is no registered adder/accumulator following the multiply function, two pipeline stages are suggested to allow both the MREG and PREG registers to be used.  If the DSP48 was instantiated in the design, it is suggested to set both the MREG and PREG attributes to 1 when performing multiply functions.
WARNING: [DRC DPOP-2] MREG Output pipelining: DSP i_ariane/i_cva6/ex_stage_i/i_mult/i_multiplier/mult_result_d__2 multiplier stage i_ariane/i_cva6/ex_stage_i/i_mult/i_multiplier/mult_result_d__2/P[47:0] is not pipelined (MREG=0). Pipelining the multiplier function will improve performance and will save significant power so it is suggested whenever possible to fully pipeline this function.  If this multiplier was inferred, it is suggested to describe an additional register stage after this function.  If there is no registered adder/accumulator following the multiply function, two pipeline stages are suggested to allow both the MREG and PREG registers to be used.  If the DSP48 was instantiated in the design, it is suggested to set both the MREG and PREG attributes to 1 when performing multiply functions.
WARNING: [DRC DPOP-2] MREG Output pipelining: DSP i_ariane/i_cva6/ex_stage_i/i_mult/i_multiplier/mult_result_d__4 multiplier stage i_ariane/i_cva6/ex_stage_i/i_mult/i_multiplier/mult_result_d__4/P[47:0] is not pipelined (MREG=0). Pipelining the multiplier function will improve performance and will save significant power so it is suggested whenever possible to fully pipeline this function.  If this multiplier was inferred, it is suggested to describe an additional register stage after this function.  If there is no registered adder/accumulator following the multiply function, two pipeline stages are suggested to allow both the MREG and PREG registers to be used.  If the DSP48 was instantiated in the design, it is suggested to set both the MREG and PREG attributes to 1 when performing multiply functions.
WARNING: [DRC DPOP-2] MREG Output pipelining: DSP i_ariane/i_cva6/ex_stage_i/i_mult/i_multiplier/mult_result_d__6 multiplier stage i_ariane/i_cva6/ex_stage_i/i_mult/i_multiplier/mult_result_d__6/P[47:0] is not pipelined (MREG=0). Pipelining the multiplier function will improve performance and will save significant power so it is suggested whenever possible to fully pipeline this function.  If this multiplier was inferred, it is suggested to describe an additional register stage after this function.  If there is no registered adder/accumulator following the multiply function, two pipeline stages are suggested to allow both the MREG and PREG registers to be used.  If the DSP48 was instantiated in the design, it is suggested to set both the MREG and PREG attributes to 1 when performing multiply functions.
WARNING: [DRC DPOP-2] MREG Output pipelining: DSP i_ariane/i_cva6/ex_stage_i/i_mult/i_multiplier/mult_result_d__8 multiplier stage i_ariane/i_cva6/ex_stage_i/i_mult/i_multiplier/mult_result_d__8/P[47:0] is not pipelined (MREG=0). Pipelining the multiplier function will improve performance and will save significant power so it is suggested whenever possible to fully pipeline this function.  If this multiplier was inferred, it is suggested to describe an additional register stage after this function.  If there is no registered adder/accumulator following the multiply function, two pipeline stages are suggested to allow both the MREG and PREG registers to be used.  If the DSP48 was instantiated in the design, it is suggested to set both the MREG and PREG attributes to 1 when performing multiply functions.
WARNING: [DRC DPOR-1] Asynchronous load check: DSP i_ariane/i_cva6/ex_stage_i/i_mult/i_multiplier/mult_result_d output is connected to registers with an asynchronous reset (i_ariane/i_cva6/ex_stage_i/i_mult/i_multiplier/mult_result_q_reg[0]). This is preventing the possibility of merging these registers in to the DSP Block since the DSP block registers only possess synchronous reset capability.  It is suggested to recode or change these registers to remove the reset or use a synchronous reset to get the best optimization for performance, power and area.
WARNING: [DRC DPOR-1] Asynchronous load check: DSP i_ariane/i_cva6/ex_stage_i/i_mult/i_multiplier/mult_result_d output is connected to registers with an asynchronous reset (i_ariane/i_cva6/ex_stage_i/i_mult/i_multiplier/mult_result_q_reg[10]). This is preventing the possibility of merging these registers in to the DSP Block since the DSP block registers only possess synchronous reset capability.  It is suggested to recode or change these registers to remove the reset or use a synchronous reset to get the best optimization for performance, power and area.
WARNING: [DRC DPOR-1] Asynchronous load check: DSP i_ariane/i_cva6/ex_stage_i/i_mult/i_multiplier/mult_result_d output is connected to registers with an asynchronous reset (i_ariane/i_cva6/ex_stage_i/i_mult/i_multiplier/mult_result_q_reg[11]). This is preventing the possibility of merging these registers in to the DSP Block since the DSP block registers only possess synchronous reset capability.  It is suggested to recode or change these registers to remove the reset or use a synchronous reset to get the best optimization for performance, power and area.
WARNING: [DRC DPOR-1] Asynchronous load check: DSP i_ariane/i_cva6/ex_stage_i/i_mult/i_multiplier/mult_result_d output is connected to registers with an asynchronous reset (i_ariane/i_cva6/ex_stage_i/i_mult/i_multiplier/mult_result_q_reg[12]). This is preventing the possibility of merging these registers in to the DSP Block since the DSP block registers only possess synchronous reset capability.  It is suggested to recode or change these registers to remove the reset or use a synchronous reset to get the best optimization for performance, power and area.
WARNING: [DRC DPOR-1] Asynchronous load check: DSP i_ariane/i_cva6/ex_stage_i/i_mult/i_multiplier/mult_result_d output is connected to registers with an asynchronous reset (i_ariane/i_cva6/ex_stage_i/i_mult/i_multiplier/mult_result_q_reg[13]). This is preventing the possibility of merging these registers in to the DSP Block since the DSP block registers only possess synchronous reset capability.  It is suggested to recode or change these registers to remove the reset or use a synchronous reset to get the best optimization for performance, power and area.
WARNING: [DRC DPOR-1] Asynchronous load check: DSP i_ariane/i_cva6/ex_stage_i/i_mult/i_multiplier/mult_result_d output is connected to registers with an asynchronous reset (i_ariane/i_cva6/ex_stage_i/i_mult/i_multiplier/mult_result_q_reg[14]). This is preventing the possibility of merging these registers in to the DSP Block since the DSP block registers only possess synchronous reset capability.  It is suggested to recode or change these registers to remove the reset or use a synchronous reset to get the best optimization for performance, power and area.
WARNING: [DRC DPOR-1] Asynchronous load check: DSP i_ariane/i_cva6/ex_stage_i/i_mult/i_multiplier/mult_result_d output is connected to registers with an asynchronous reset (i_ariane/i_cva6/ex_stage_i/i_mult/i_multiplier/mult_result_q_reg[15]). This is preventing the possibility of merging these registers in to the DSP Block since the DSP block registers only possess synchronous reset capability.  It is suggested to recode or change these registers to remove the reset or use a synchronous reset to get the best optimization for performance, power and area.
WARNING: [DRC DPOR-1] Asynchronous load check: DSP i_ariane/i_cva6/ex_stage_i/i_mult/i_multiplier/mult_result_d output is connected to registers with an asynchronous reset (i_ariane/i_cva6/ex_stage_i/i_mult/i_multiplier/mult_result_q_reg[16]). This is preventing the possibility of merging these registers in to the DSP Block since the DSP block registers only possess synchronous reset capability.  It is suggested to recode or change these registers to remove the reset or use a synchronous reset to get the best optimization for performance, power and area.
WARNING: [DRC DPOR-1] Asynchronous load check: DSP i_ariane/i_cva6/ex_stage_i/i_mult/i_multiplier/mult_result_d output is connected to registers with an asynchronous reset (i_ariane/i_cva6/ex_stage_i/i_mult/i_multiplier/mult_result_q_reg[1]). This is preventing the possibility of merging these registers in to the DSP Block since the DSP block registers only possess synchronous reset capability.  It is suggested to recode or change these registers to remove the reset or use a synchronous reset to get the best optimization for performance, power and area.
WARNING: [DRC DPOR-1] Asynchronous load check: DSP i_ariane/i_cva6/ex_stage_i/i_mult/i_multiplier/mult_result_d output is connected to registers with an asynchronous reset (i_ariane/i_cva6/ex_stage_i/i_mult/i_multiplier/mult_result_q_reg[2]). This is preventing the possibility of merging these registers in to the DSP Block since the DSP block registers only possess synchronous reset capability.  It is suggested to recode or change these registers to remove the reset or use a synchronous reset to get the best optimization for performance, power and area.
WARNING: [DRC DPOR-1] Asynchronous load check: DSP i_ariane/i_cva6/ex_stage_i/i_mult/i_multiplier/mult_result_d output is connected to registers with an asynchronous reset (i_ariane/i_cva6/ex_stage_i/i_mult/i_multiplier/mult_result_q_reg[3]). This is preventing the possibility of merging these registers in to the DSP Block since the DSP block registers only possess synchronous reset capability.  It is suggested to recode or change these registers to remove the reset or use a synchronous reset to get the best optimization for performance, power and area.
WARNING: [DRC DPOR-1] Asynchronous load check: DSP i_ariane/i_cva6/ex_stage_i/i_mult/i_multiplier/mult_result_d output is connected to registers with an asynchronous reset (i_ariane/i_cva6/ex_stage_i/i_mult/i_multiplier/mult_result_q_reg[4]). This is preventing the possibility of merging these registers in to the DSP Block since the DSP block registers only possess synchronous reset capability.  It is suggested to recode or change these registers to remove the reset or use a synchronous reset to get the best optimization for performance, power and area.
WARNING: [DRC DPOR-1] Asynchronous load check: DSP i_ariane/i_cva6/ex_stage_i/i_mult/i_multiplier/mult_result_d output is connected to registers with an asynchronous reset (i_ariane/i_cva6/ex_stage_i/i_mult/i_multiplier/mult_result_q_reg[5]). This is preventing the possibility of merging these registers in to the DSP Block since the DSP block registers only possess synchronous reset capability.  It is suggested to recode or change these registers to remove the reset or use a synchronous reset to get the best optimization for performance, power and area.
WARNING: [DRC DPOR-1] Asynchronous load check: DSP i_ariane/i_cva6/ex_stage_i/i_mult/i_multiplier/mult_result_d output is connected to registers with an asynchronous reset (i_ariane/i_cva6/ex_stage_i/i_mult/i_multiplier/mult_result_q_reg[6]). This is preventing the possibility of merging these registers in to the DSP Block since the DSP block registers only possess synchronous reset capability.  It is suggested to recode or change these registers to remove the reset or use a synchronous reset to get the best optimization for performance, power and area.
WARNING: [DRC DPOR-1] Asynchronous load check: DSP i_ariane/i_cva6/ex_stage_i/i_mult/i_multiplier/mult_result_d output is connected to registers with an asynchronous reset (i_ariane/i_cva6/ex_stage_i/i_mult/i_multiplier/mult_result_q_reg[7]). This is preventing the possibility of merging these registers in to the DSP Block since the DSP block registers only possess synchronous reset capability.  It is suggested to recode or change these registers to remove the reset or use a synchronous reset to get the best optimization for performance, power and area.
WARNING: [DRC DPOR-1] Asynchronous load check: DSP i_ariane/i_cva6/ex_stage_i/i_mult/i_multiplier/mult_result_d output is connected to registers with an asynchronous reset (i_ariane/i_cva6/ex_stage_i/i_mult/i_multiplier/mult_result_q_reg[8]). This is preventing the possibility of merging these registers in to the DSP Block since the DSP block registers only possess synchronous reset capability.  It is suggested to recode or change these registers to remove the reset or use a synchronous reset to get the best optimization for performance, power and area.
WARNING: [DRC DPOR-1] Asynchronous load check: DSP i_ariane/i_cva6/ex_stage_i/i_mult/i_multiplier/mult_result_d output is connected to registers with an asynchronous reset (i_ariane/i_cva6/ex_stage_i/i_mult/i_multiplier/mult_result_q_reg[9]). This is preventing the possibility of merging these registers in to the DSP Block since the DSP block registers only possess synchronous reset capability.  It is suggested to recode or change these registers to remove the reset or use a synchronous reset to get the best optimization for performance, power and area.
WARNING: [DRC DPOR-1] Asynchronous load check: DSP i_ariane/i_cva6/ex_stage_i/i_mult/i_multiplier/mult_result_d__1 output is connected to registers with an asynchronous reset (i_ariane/i_cva6/ex_stage_i/i_mult/i_multiplier/mult_result_q_reg[0]__0). This is preventing the possibility of merging these registers in to the DSP Block since the DSP block registers only possess synchronous reset capability.  It is suggested to recode or change these registers to remove the reset or use a synchronous reset to get the best optimization for performance, power and area.
WARNING: [DRC DPOR-1] Asynchronous load check: DSP i_ariane/i_cva6/ex_stage_i/i_mult/i_multiplier/mult_result_d__1 output is connected to registers with an asynchronous reset (i_ariane/i_cva6/ex_stage_i/i_mult/i_multiplier/mult_result_q_reg[10]__0). This is preventing the possibility of merging these registers in to the DSP Block since the DSP block registers only possess synchronous reset capability.  It is suggested to recode or change these registers to remove the reset or use a synchronous reset to get the best optimization for performance, power and area.
WARNING: [DRC DPOR-1] Asynchronous load check: DSP i_ariane/i_cva6/ex_stage_i/i_mult/i_multiplier/mult_result_d__1 output is connected to registers with an asynchronous reset (i_ariane/i_cva6/ex_stage_i/i_mult/i_multiplier/mult_result_q_reg[11]__0). This is preventing the possibility of merging these registers in to the DSP Block since the DSP block registers only possess synchronous reset capability.  It is suggested to recode or change these registers to remove the reset or use a synchronous reset to get the best optimization for performance, power and area.
WARNING: [DRC DPOR-1] Asynchronous load check: DSP i_ariane/i_cva6/ex_stage_i/i_mult/i_multiplier/mult_result_d__1 output is connected to registers with an asynchronous reset (i_ariane/i_cva6/ex_stage_i/i_mult/i_multiplier/mult_result_q_reg[12]__0). This is preventing the possibility of merging these registers in to the DSP Block since the DSP block registers only possess synchronous reset capability.  It is suggested to recode or change these registers to remove the reset or use a synchronous reset to get the best optimization for performance, power and area.
WARNING: [DRC DPOR-1] Asynchronous load check: DSP i_ariane/i_cva6/ex_stage_i/i_mult/i_multiplier/mult_result_d__1 output is connected to registers with an asynchronous reset (i_ariane/i_cva6/ex_stage_i/i_mult/i_multiplier/mult_result_q_reg[13]__0). This is preventing the possibility of merging these registers in to the DSP Block since the DSP block registers only possess synchronous reset capability.  It is suggested to recode or change these registers to remove the reset or use a synchronous reset to get the best optimization for performance, power and area.
WARNING: [DRC DPOR-1] Asynchronous load check: DSP i_ariane/i_cva6/ex_stage_i/i_mult/i_multiplier/mult_result_d__1 output is connected to registers with an asynchronous reset (i_ariane/i_cva6/ex_stage_i/i_mult/i_multiplier/mult_result_q_reg[14]__0). This is preventing the possibility of merging these registers in to the DSP Block since the DSP block registers only possess synchronous reset capability.  It is suggested to recode or change these registers to remove the reset or use a synchronous reset to get the best optimization for performance, power and area.
WARNING: [DRC DPOR-1] Asynchronous load check: DSP i_ariane/i_cva6/ex_stage_i/i_mult/i_multiplier/mult_result_d__1 output is connected to registers with an asynchronous reset (i_ariane/i_cva6/ex_stage_i/i_mult/i_multiplier/mult_result_q_reg[15]__0). This is preventing the possibility of merging these registers in to the DSP Block since the DSP block registers only possess synchronous reset capability.  It is suggested to recode or change these registers to remove the reset or use a synchronous reset to get the best optimization for performance, power and area.
WARNING: [DRC DPOR-1] Asynchronous load check: DSP i_ariane/i_cva6/ex_stage_i/i_mult/i_multiplier/mult_result_d__1 output is connected to registers with an asynchronous reset (i_ariane/i_cva6/ex_stage_i/i_mult/i_multiplier/mult_result_q_reg[16]__0). This is preventing the possibility of merging these registers in to the DSP Block since the DSP block registers only possess synchronous reset capability.  It is suggested to recode or change these registers to remove the reset or use a synchronous reset to get the best optimization for performance, power and area.
WARNING: [DRC DPOR-1] Asynchronous load check: DSP i_ariane/i_cva6/ex_stage_i/i_mult/i_multiplier/mult_result_d__1 output is connected to registers with an asynchronous reset (i_ariane/i_cva6/ex_stage_i/i_mult/i_multiplier/mult_result_q_reg[1]__0). This is preventing the possibility of merging these registers in to the DSP Block since the DSP block registers only possess synchronous reset capability.  It is suggested to recode or change these registers to remove the reset or use a synchronous reset to get the best optimization for performance, power and area.
WARNING: [DRC DPOR-1] Asynchronous load check: DSP i_ariane/i_cva6/ex_stage_i/i_mult/i_multiplier/mult_result_d__1 output is connected to registers with an asynchronous reset (i_ariane/i_cva6/ex_stage_i/i_mult/i_multiplier/mult_result_q_reg[2]__0). This is preventing the possibility of merging these registers in to the DSP Block since the DSP block registers only possess synchronous reset capability.  It is suggested to recode or change these registers to remove the reset or use a synchronous reset to get the best optimization for performance, power and area.
WARNING: [DRC DPOR-1] Asynchronous load check: DSP i_ariane/i_cva6/ex_stage_i/i_mult/i_multiplier/mult_result_d__1 output is connected to registers with an asynchronous reset (i_ariane/i_cva6/ex_stage_i/i_mult/i_multiplier/mult_result_q_reg[3]__0). This is preventing the possibility of merging these registers in to the DSP Block since the DSP block registers only possess synchronous reset capability.  It is suggested to recode or change these registers to remove the reset or use a synchronous reset to get the best optimization for performance, power and area.
WARNING: [DRC DPOR-1] Asynchronous load check: DSP i_ariane/i_cva6/ex_stage_i/i_mult/i_multiplier/mult_result_d__1 output is connected to registers with an asynchronous reset (i_ariane/i_cva6/ex_stage_i/i_mult/i_multiplier/mult_result_q_reg[4]__0). This is preventing the possibility of merging these registers in to the DSP Block since the DSP block registers only possess synchronous reset capability.  It is suggested to recode or change these registers to remove the reset or use a synchronous reset to get the best optimization for performance, power and area.
WARNING: [DRC DPOR-1] Asynchronous load check: DSP i_ariane/i_cva6/ex_stage_i/i_mult/i_multiplier/mult_result_d__1 output is connected to registers with an asynchronous reset (i_ariane/i_cva6/ex_stage_i/i_mult/i_multiplier/mult_result_q_reg[5]__0). This is preventing the possibility of merging these registers in to the DSP Block since the DSP block registers only possess synchronous reset capability.  It is suggested to recode or change these registers to remove the reset or use a synchronous reset to get the best optimization for performance, power and area.
WARNING: [DRC DPOR-1] Asynchronous load check: DSP i_ariane/i_cva6/ex_stage_i/i_mult/i_multiplier/mult_result_d__1 output is connected to registers with an asynchronous reset (i_ariane/i_cva6/ex_stage_i/i_mult/i_multiplier/mult_result_q_reg[6]__0). This is preventing the possibility of merging these registers in to the DSP Block since the DSP block registers only possess synchronous reset capability.  It is suggested to recode or change these registers to remove the reset or use a synchronous reset to get the best optimization for performance, power and area.
WARNING: [DRC DPOR-1] Asynchronous load check: DSP i_ariane/i_cva6/ex_stage_i/i_mult/i_multiplier/mult_result_d__1 output is connected to registers with an asynchronous reset (i_ariane/i_cva6/ex_stage_i/i_mult/i_multiplier/mult_result_q_reg[7]__0). This is preventing the possibility of merging these registers in to the DSP Block since the DSP block registers only possess synchronous reset capability.  It is suggested to recode or change these registers to remove the reset or use a synchronous reset to get the best optimization for performance, power and area.
WARNING: [DRC DPOR-1] Asynchronous load check: DSP i_ariane/i_cva6/ex_stage_i/i_mult/i_multiplier/mult_result_d__1 output is connected to registers with an asynchronous reset (i_ariane/i_cva6/ex_stage_i/i_mult/i_multiplier/mult_result_q_reg[8]__0). This is preventing the possibility of merging these registers in to the DSP Block since the DSP block registers only possess synchronous reset capability.  It is suggested to recode or change these registers to remove the reset or use a synchronous reset to get the best optimization for performance, power and area.
WARNING: [DRC DPOR-1] Asynchronous load check: DSP i_ariane/i_cva6/ex_stage_i/i_mult/i_multiplier/mult_result_d__1 output is connected to registers with an asynchronous reset (i_ariane/i_cva6/ex_stage_i/i_mult/i_multiplier/mult_result_q_reg[9]__0). This is preventing the possibility of merging these registers in to the DSP Block since the DSP block registers only possess synchronous reset capability.  It is suggested to recode or change these registers to remove the reset or use a synchronous reset to get the best optimization for performance, power and area.
WARNING: [DRC DPOR-1] Asynchronous load check: DSP i_ariane/i_cva6/ex_stage_i/i_mult/i_multiplier/mult_result_d__11 output is connected to registers with an asynchronous reset (i_ariane/i_cva6/ex_stage_i/i_mult/i_multiplier/mult_result_q_reg[0]__6). This is preventing the possibility of merging these registers in to the DSP Block since the DSP block registers only possess synchronous reset capability.  It is suggested to recode or change these registers to remove the reset or use a synchronous reset to get the best optimization for performance, power and area.
WARNING: [DRC DPOR-1] Asynchronous load check: DSP i_ariane/i_cva6/ex_stage_i/i_mult/i_multiplier/mult_result_d__11 output is connected to registers with an asynchronous reset (i_ariane/i_cva6/ex_stage_i/i_mult/i_multiplier/mult_result_q_reg[10]__6). This is preventing the possibility of merging these registers in to the DSP Block since the DSP block registers only possess synchronous reset capability.  It is suggested to recode or change these registers to remove the reset or use a synchronous reset to get the best optimization for performance, power and area.
WARNING: [DRC DPOR-1] Asynchronous load check: DSP i_ariane/i_cva6/ex_stage_i/i_mult/i_multiplier/mult_result_d__11 output is connected to registers with an asynchronous reset (i_ariane/i_cva6/ex_stage_i/i_mult/i_multiplier/mult_result_q_reg[11]__6). This is preventing the possibility of merging these registers in to the DSP Block since the DSP block registers only possess synchronous reset capability.  It is suggested to recode or change these registers to remove the reset or use a synchronous reset to get the best optimization for performance, power and area.
WARNING: [DRC DPOR-1] Asynchronous load check: DSP i_ariane/i_cva6/ex_stage_i/i_mult/i_multiplier/mult_result_d__11 output is connected to registers with an asynchronous reset (i_ariane/i_cva6/ex_stage_i/i_mult/i_multiplier/mult_result_q_reg[12]__6). This is preventing the possibility of merging these registers in to the DSP Block since the DSP block registers only possess synchronous reset capability.  It is suggested to recode or change these registers to remove the reset or use a synchronous reset to get the best optimization for performance, power and area.
WARNING: [DRC DPOR-1] Asynchronous load check: DSP i_ariane/i_cva6/ex_stage_i/i_mult/i_multiplier/mult_result_d__11 output is connected to registers with an asynchronous reset (i_ariane/i_cva6/ex_stage_i/i_mult/i_multiplier/mult_result_q_reg[13]__6). This is preventing the possibility of merging these registers in to the DSP Block since the DSP block registers only possess synchronous reset capability.  It is suggested to recode or change these registers to remove the reset or use a synchronous reset to get the best optimization for performance, power and area.
WARNING: [DRC DPOR-1] Asynchronous load check: DSP i_ariane/i_cva6/ex_stage_i/i_mult/i_multiplier/mult_result_d__11 output is connected to registers with an asynchronous reset (i_ariane/i_cva6/ex_stage_i/i_mult/i_multiplier/mult_result_q_reg[14]__6). This is preventing the possibility of merging these registers in to the DSP Block since the DSP block registers only possess synchronous reset capability.  It is suggested to recode or change these registers to remove the reset or use a synchronous reset to get the best optimization for performance, power and area.
WARNING: [DRC DPOR-1] Asynchronous load check: DSP i_ariane/i_cva6/ex_stage_i/i_mult/i_multiplier/mult_result_d__11 output is connected to registers with an asynchronous reset (i_ariane/i_cva6/ex_stage_i/i_mult/i_multiplier/mult_result_q_reg[15]__6). This is preventing the possibility of merging these registers in to the DSP Block since the DSP block registers only possess synchronous reset capability.  It is suggested to recode or change these registers to remove the reset or use a synchronous reset to get the best optimization for performance, power and area.
WARNING: [DRC DPOR-1] Asynchronous load check: DSP i_ariane/i_cva6/ex_stage_i/i_mult/i_multiplier/mult_result_d__11 output is connected to registers with an asynchronous reset (i_ariane/i_cva6/ex_stage_i/i_mult/i_multiplier/mult_result_q_reg[16]__6). This is preventing the possibility of merging these registers in to the DSP Block since the DSP block registers only possess synchronous reset capability.  It is suggested to recode or change these registers to remove the reset or use a synchronous reset to get the best optimization for performance, power and area.
WARNING: [DRC DPOR-1] Asynchronous load check: DSP i_ariane/i_cva6/ex_stage_i/i_mult/i_multiplier/mult_result_d__11 output is connected to registers with an asynchronous reset (i_ariane/i_cva6/ex_stage_i/i_mult/i_multiplier/mult_result_q_reg[1]__6). This is preventing the possibility of merging these registers in to the DSP Block since the DSP block registers only possess synchronous reset capability.  It is suggested to recode or change these registers to remove the reset or use a synchronous reset to get the best optimization for performance, power and area.
WARNING: [DRC DPOR-1] Asynchronous load check: DSP i_ariane/i_cva6/ex_stage_i/i_mult/i_multiplier/mult_result_d__11 output is connected to registers with an asynchronous reset (i_ariane/i_cva6/ex_stage_i/i_mult/i_multiplier/mult_result_q_reg[2]__6). This is preventing the possibility of merging these registers in to the DSP Block since the DSP block registers only possess synchronous reset capability.  It is suggested to recode or change these registers to remove the reset or use a synchronous reset to get the best optimization for performance, power and area.
WARNING: [DRC DPOR-1] Asynchronous load check: DSP i_ariane/i_cva6/ex_stage_i/i_mult/i_multiplier/mult_result_d__11 output is connected to registers with an asynchronous reset (i_ariane/i_cva6/ex_stage_i/i_mult/i_multiplier/mult_result_q_reg[3]__6). This is preventing the possibility of merging these registers in to the DSP Block since the DSP block registers only possess synchronous reset capability.  It is suggested to recode or change these registers to remove the reset or use a synchronous reset to get the best optimization for performance, power and area.
WARNING: [DRC DPOR-1] Asynchronous load check: DSP i_ariane/i_cva6/ex_stage_i/i_mult/i_multiplier/mult_result_d__11 output is connected to registers with an asynchronous reset (i_ariane/i_cva6/ex_stage_i/i_mult/i_multiplier/mult_result_q_reg[4]__6). This is preventing the possibility of merging these registers in to the DSP Block since the DSP block registers only possess synchronous reset capability.  It is suggested to recode or change these registers to remove the reset or use a synchronous reset to get the best optimization for performance, power and area.
WARNING: [DRC DPOR-1] Asynchronous load check: DSP i_ariane/i_cva6/ex_stage_i/i_mult/i_multiplier/mult_result_d__11 output is connected to registers with an asynchronous reset (i_ariane/i_cva6/ex_stage_i/i_mult/i_multiplier/mult_result_q_reg[5]__6). This is preventing the possibility of merging these registers in to the DSP Block since the DSP block registers only possess synchronous reset capability.  It is suggested to recode or change these registers to remove the reset or use a synchronous reset to get the best optimization for performance, power and area.
WARNING: [DRC DPOR-1] Asynchronous load check: DSP i_ariane/i_cva6/ex_stage_i/i_mult/i_multiplier/mult_result_d__11 output is connected to registers with an asynchronous reset (i_ariane/i_cva6/ex_stage_i/i_mult/i_multiplier/mult_result_q_reg[6]__6). This is preventing the possibility of merging these registers in to the DSP Block since the DSP block registers only possess synchronous reset capability.  It is suggested to recode or change these registers to remove the reset or use a synchronous reset to get the best optimization for performance, power and area.
WARNING: [DRC DPOR-1] Asynchronous load check: DSP i_ariane/i_cva6/ex_stage_i/i_mult/i_multiplier/mult_result_d__11 output is connected to registers with an asynchronous reset (i_ariane/i_cva6/ex_stage_i/i_mult/i_multiplier/mult_result_q_reg[7]__6). This is preventing the possibility of merging these registers in to the DSP Block since the DSP block registers only possess synchronous reset capability.  It is suggested to recode or change these registers to remove the reset or use a synchronous reset to get the best optimization for performance, power and area.
WARNING: [DRC DPOR-1] Asynchronous load check: DSP i_ariane/i_cva6/ex_stage_i/i_mult/i_multiplier/mult_result_d__11 output is connected to registers with an asynchronous reset (i_ariane/i_cva6/ex_stage_i/i_mult/i_multiplier/mult_result_q_reg[8]__6). This is preventing the possibility of merging these registers in to the DSP Block since the DSP block registers only possess synchronous reset capability.  It is suggested to recode or change these registers to remove the reset or use a synchronous reset to get the best optimization for performance, power and area.
WARNING: [DRC DPOR-1] Asynchronous load check: DSP i_ariane/i_cva6/ex_stage_i/i_mult/i_multiplier/mult_result_d__11 output is connected to registers with an asynchronous reset (i_ariane/i_cva6/ex_stage_i/i_mult/i_multiplier/mult_result_q_reg[9]__6). This is preventing the possibility of merging these registers in to the DSP Block since the DSP block registers only possess synchronous reset capability.  It is suggested to recode or change these registers to remove the reset or use a synchronous reset to get the best optimization for performance, power and area.
WARNING: [DRC DPOR-1] Asynchronous load check: DSP i_ariane/i_cva6/ex_stage_i/i_mult/i_multiplier/mult_result_d__13 output is connected to registers with an asynchronous reset (i_ariane/i_cva6/ex_stage_i/i_mult/i_multiplier/mult_result_q_reg[0]__7). This is preventing the possibility of merging these registers in to the DSP Block since the DSP block registers only possess synchronous reset capability.  It is suggested to recode or change these registers to remove the reset or use a synchronous reset to get the best optimization for performance, power and area.
WARNING: [DRC DPOR-1] Asynchronous load check: DSP i_ariane/i_cva6/ex_stage_i/i_mult/i_multiplier/mult_result_d__13 output is connected to registers with an asynchronous reset (i_ariane/i_cva6/ex_stage_i/i_mult/i_multiplier/mult_result_q_reg[10]__7). This is preventing the possibility of merging these registers in to the DSP Block since the DSP block registers only possess synchronous reset capability.  It is suggested to recode or change these registers to remove the reset or use a synchronous reset to get the best optimization for performance, power and area.
WARNING: [DRC DPOR-1] Asynchronous load check: DSP i_ariane/i_cva6/ex_stage_i/i_mult/i_multiplier/mult_result_d__13 output is connected to registers with an asynchronous reset (i_ariane/i_cva6/ex_stage_i/i_mult/i_multiplier/mult_result_q_reg[11]__7). This is preventing the possibility of merging these registers in to the DSP Block since the DSP block registers only possess synchronous reset capability.  It is suggested to recode or change these registers to remove the reset or use a synchronous reset to get the best optimization for performance, power and area.
WARNING: [DRC DPOR-1] Asynchronous load check: DSP i_ariane/i_cva6/ex_stage_i/i_mult/i_multiplier/mult_result_d__13 output is connected to registers with an asynchronous reset (i_ariane/i_cva6/ex_stage_i/i_mult/i_multiplier/mult_result_q_reg[12]__7). This is preventing the possibility of merging these registers in to the DSP Block since the DSP block registers only possess synchronous reset capability.  It is suggested to recode or change these registers to remove the reset or use a synchronous reset to get the best optimization for performance, power and area.
WARNING: [DRC DPOR-1] Asynchronous load check: DSP i_ariane/i_cva6/ex_stage_i/i_mult/i_multiplier/mult_result_d__13 output is connected to registers with an asynchronous reset (i_ariane/i_cva6/ex_stage_i/i_mult/i_multiplier/mult_result_q_reg[13]__7). This is preventing the possibility of merging these registers in to the DSP Block since the DSP block registers only possess synchronous reset capability.  It is suggested to recode or change these registers to remove the reset or use a synchronous reset to get the best optimization for performance, power and area.
WARNING: [DRC DPOR-1] Asynchronous load check: DSP i_ariane/i_cva6/ex_stage_i/i_mult/i_multiplier/mult_result_d__13 output is connected to registers with an asynchronous reset (i_ariane/i_cva6/ex_stage_i/i_mult/i_multiplier/mult_result_q_reg[14]__7). This is preventing the possibility of merging these registers in to the DSP Block since the DSP block registers only possess synchronous reset capability.  It is suggested to recode or change these registers to remove the reset or use a synchronous reset to get the best optimization for performance, power and area.
WARNING: [DRC DPOR-1] Asynchronous load check: DSP i_ariane/i_cva6/ex_stage_i/i_mult/i_multiplier/mult_result_d__13 output is connected to registers with an asynchronous reset (i_ariane/i_cva6/ex_stage_i/i_mult/i_multiplier/mult_result_q_reg[15]__7). This is preventing the possibility of merging these registers in to the DSP Block since the DSP block registers only possess synchronous reset capability.  It is suggested to recode or change these registers to remove the reset or use a synchronous reset to get the best optimization for performance, power and area.
WARNING: [DRC DPOR-1] Asynchronous load check: DSP i_ariane/i_cva6/ex_stage_i/i_mult/i_multiplier/mult_result_d__13 output is connected to registers with an asynchronous reset (i_ariane/i_cva6/ex_stage_i/i_mult/i_multiplier/mult_result_q_reg[16]__7). This is preventing the possibility of merging these registers in to the DSP Block since the DSP block registers only possess synchronous reset capability.  It is suggested to recode or change these registers to remove the reset or use a synchronous reset to get the best optimization for performance, power and area.
WARNING: [DRC DPOR-1] Asynchronous load check: DSP i_ariane/i_cva6/ex_stage_i/i_mult/i_multiplier/mult_result_d__13 output is connected to registers with an asynchronous reset (i_ariane/i_cva6/ex_stage_i/i_mult/i_multiplier/mult_result_q_reg[1]__7). This is preventing the possibility of merging these registers in to the DSP Block since the DSP block registers only possess synchronous reset capability.  It is suggested to recode or change these registers to remove the reset or use a synchronous reset to get the best optimization for performance, power and area.
WARNING: [DRC DPOR-1] Asynchronous load check: DSP i_ariane/i_cva6/ex_stage_i/i_mult/i_multiplier/mult_result_d__13 output is connected to registers with an asynchronous reset (i_ariane/i_cva6/ex_stage_i/i_mult/i_multiplier/mult_result_q_reg[2]__7). This is preventing the possibility of merging these registers in to the DSP Block since the DSP block registers only possess synchronous reset capability.  It is suggested to recode or change these registers to remove the reset or use a synchronous reset to get the best optimization for performance, power and area.
WARNING: [DRC DPOR-1] Asynchronous load check: DSP i_ariane/i_cva6/ex_stage_i/i_mult/i_multiplier/mult_result_d__13 output is connected to registers with an asynchronous reset (i_ariane/i_cva6/ex_stage_i/i_mult/i_multiplier/mult_result_q_reg[3]__7). This is preventing the possibility of merging these registers in to the DSP Block since the DSP block registers only possess synchronous reset capability.  It is suggested to recode or change these registers to remove the reset or use a synchronous reset to get the best optimization for performance, power and area.
WARNING: [DRC DPOR-1] Asynchronous load check: DSP i_ariane/i_cva6/ex_stage_i/i_mult/i_multiplier/mult_result_d__13 output is connected to registers with an asynchronous reset (i_ariane/i_cva6/ex_stage_i/i_mult/i_multiplier/mult_result_q_reg[4]__7). This is preventing the possibility of merging these registers in to the DSP Block since the DSP block registers only possess synchronous reset capability.  It is suggested to recode or change these registers to remove the reset or use a synchronous reset to get the best optimization for performance, power and area.
WARNING: [DRC DPOR-1] Asynchronous load check: DSP i_ariane/i_cva6/ex_stage_i/i_mult/i_multiplier/mult_result_d__13 output is connected to registers with an asynchronous reset (i_ariane/i_cva6/ex_stage_i/i_mult/i_multiplier/mult_result_q_reg[5]__7). This is preventing the possibility of merging these registers in to the DSP Block since the DSP block registers only possess synchronous reset capability.  It is suggested to recode or change these registers to remove the reset or use a synchronous reset to get the best optimization for performance, power and area.
WARNING: [DRC DPOR-1] Asynchronous load check: DSP i_ariane/i_cva6/ex_stage_i/i_mult/i_multiplier/mult_result_d__13 output is connected to registers with an asynchronous reset (i_ariane/i_cva6/ex_stage_i/i_mult/i_multiplier/mult_result_q_reg[6]__7). This is preventing the possibility of merging these registers in to the DSP Block since the DSP block registers only possess synchronous reset capability.  It is suggested to recode or change these registers to remove the reset or use a synchronous reset to get the best optimization for performance, power and area.
WARNING: [DRC DPOR-1] Asynchronous load check: DSP i_ariane/i_cva6/ex_stage_i/i_mult/i_multiplier/mult_result_d__13 output is connected to registers with an asynchronous reset (i_ariane/i_cva6/ex_stage_i/i_mult/i_multiplier/mult_result_q_reg[7]__7). This is preventing the possibility of merging these registers in to the DSP Block since the DSP block registers only possess synchronous reset capability.  It is suggested to recode or change these registers to remove the reset or use a synchronous reset to get the best optimization for performance, power and area.
WARNING: [DRC DPOR-1] Asynchronous load check: DSP i_ariane/i_cva6/ex_stage_i/i_mult/i_multiplier/mult_result_d__13 output is connected to registers with an asynchronous reset (i_ariane/i_cva6/ex_stage_i/i_mult/i_multiplier/mult_result_q_reg[8]__7). This is preventing the possibility of merging these registers in to the DSP Block since the DSP block registers only possess synchronous reset capability.  It is suggested to recode or change these registers to remove the reset or use a synchronous reset to get the best optimization for performance, power and area.
WARNING: [DRC DPOR-1] Asynchronous load check: DSP i_ariane/i_cva6/ex_stage_i/i_mult/i_multiplier/mult_result_d__13 output is connected to registers with an asynchronous reset (i_ariane/i_cva6/ex_stage_i/i_mult/i_multiplier/mult_result_q_reg[9]__7). This is preventing the possibility of merging these registers in to the DSP Block since the DSP block registers only possess synchronous reset capability.  It is suggested to recode or change these registers to remove the reset or use a synchronous reset to get the best optimization for performance, power and area.
WARNING: [DRC DPOR-1] Asynchronous load check: DSP i_ariane/i_cva6/ex_stage_i/i_mult/i_multiplier/mult_result_d__4 output is connected to registers with an asynchronous reset (i_ariane/i_cva6/ex_stage_i/i_mult/i_multiplier/mult_result_q_reg[0]__2). This is preventing the possibility of merging these registers in to the DSP Block since the DSP block registers only possess synchronous reset capability.  It is suggested to recode or change these registers to remove the reset or use a synchronous reset to get the best optimization for performance, power and area.
WARNING: [DRC DPOR-1] Asynchronous load check: DSP i_ariane/i_cva6/ex_stage_i/i_mult/i_multiplier/mult_result_d__4 output is connected to registers with an asynchronous reset (i_ariane/i_cva6/ex_stage_i/i_mult/i_multiplier/mult_result_q_reg[10]__2). This is preventing the possibility of merging these registers in to the DSP Block since the DSP block registers only possess synchronous reset capability.  It is suggested to recode or change these registers to remove the reset or use a synchronous reset to get the best optimization for performance, power and area.
WARNING: [DRC DPOR-1] Asynchronous load check: DSP i_ariane/i_cva6/ex_stage_i/i_mult/i_multiplier/mult_result_d__4 output is connected to registers with an asynchronous reset (i_ariane/i_cva6/ex_stage_i/i_mult/i_multiplier/mult_result_q_reg[11]__2). This is preventing the possibility of merging these registers in to the DSP Block since the DSP block registers only possess synchronous reset capability.  It is suggested to recode or change these registers to remove the reset or use a synchronous reset to get the best optimization for performance, power and area.
WARNING: [DRC DPOR-1] Asynchronous load check: DSP i_ariane/i_cva6/ex_stage_i/i_mult/i_multiplier/mult_result_d__4 output is connected to registers with an asynchronous reset (i_ariane/i_cva6/ex_stage_i/i_mult/i_multiplier/mult_result_q_reg[12]__2). This is preventing the possibility of merging these registers in to the DSP Block since the DSP block registers only possess synchronous reset capability.  It is suggested to recode or change these registers to remove the reset or use a synchronous reset to get the best optimization for performance, power and area.
WARNING: [DRC DPOR-1] Asynchronous load check: DSP i_ariane/i_cva6/ex_stage_i/i_mult/i_multiplier/mult_result_d__4 output is connected to registers with an asynchronous reset (i_ariane/i_cva6/ex_stage_i/i_mult/i_multiplier/mult_result_q_reg[13]__2). This is preventing the possibility of merging these registers in to the DSP Block since the DSP block registers only possess synchronous reset capability.  It is suggested to recode or change these registers to remove the reset or use a synchronous reset to get the best optimization for performance, power and area.
WARNING: [DRC DPOR-1] Asynchronous load check: DSP i_ariane/i_cva6/ex_stage_i/i_mult/i_multiplier/mult_result_d__4 output is connected to registers with an asynchronous reset (i_ariane/i_cva6/ex_stage_i/i_mult/i_multiplier/mult_result_q_reg[14]__2). This is preventing the possibility of merging these registers in to the DSP Block since the DSP block registers only possess synchronous reset capability.  It is suggested to recode or change these registers to remove the reset or use a synchronous reset to get the best optimization for performance, power and area.
WARNING: [DRC DPOR-1] Asynchronous load check: DSP i_ariane/i_cva6/ex_stage_i/i_mult/i_multiplier/mult_result_d__4 output is connected to registers with an asynchronous reset (i_ariane/i_cva6/ex_stage_i/i_mult/i_multiplier/mult_result_q_reg[15]__2). This is preventing the possibility of merging these registers in to the DSP Block since the DSP block registers only possess synchronous reset capability.  It is suggested to recode or change these registers to remove the reset or use a synchronous reset to get the best optimization for performance, power and area.
WARNING: [DRC DPOR-1] Asynchronous load check: DSP i_ariane/i_cva6/ex_stage_i/i_mult/i_multiplier/mult_result_d__4 output is connected to registers with an asynchronous reset (i_ariane/i_cva6/ex_stage_i/i_mult/i_multiplier/mult_result_q_reg[16]__2). This is preventing the possibility of merging these registers in to the DSP Block since the DSP block registers only possess synchronous reset capability.  It is suggested to recode or change these registers to remove the reset or use a synchronous reset to get the best optimization for performance, power and area.
WARNING: [DRC DPOR-1] Asynchronous load check: DSP i_ariane/i_cva6/ex_stage_i/i_mult/i_multiplier/mult_result_d__4 output is connected to registers with an asynchronous reset (i_ariane/i_cva6/ex_stage_i/i_mult/i_multiplier/mult_result_q_reg[1]__2). This is preventing the possibility of merging these registers in to the DSP Block since the DSP block registers only possess synchronous reset capability.  It is suggested to recode or change these registers to remove the reset or use a synchronous reset to get the best optimization for performance, power and area.
WARNING: [DRC DPOR-1] Asynchronous load check: DSP i_ariane/i_cva6/ex_stage_i/i_mult/i_multiplier/mult_result_d__4 output is connected to registers with an asynchronous reset (i_ariane/i_cva6/ex_stage_i/i_mult/i_multiplier/mult_result_q_reg[2]__2). This is preventing the possibility of merging these registers in to the DSP Block since the DSP block registers only possess synchronous reset capability.  It is suggested to recode or change these registers to remove the reset or use a synchronous reset to get the best optimization for performance, power and area.
WARNING: [DRC DPOR-1] Asynchronous load check: DSP i_ariane/i_cva6/ex_stage_i/i_mult/i_multiplier/mult_result_d__4 output is connected to registers with an asynchronous reset (i_ariane/i_cva6/ex_stage_i/i_mult/i_multiplier/mult_result_q_reg[3]__2). This is preventing the possibility of merging these registers in to the DSP Block since the DSP block registers only possess synchronous reset capability.  It is suggested to recode or change these registers to remove the reset or use a synchronous reset to get the best optimization for performance, power and area.
WARNING: [DRC DPOR-1] Asynchronous load check: DSP i_ariane/i_cva6/ex_stage_i/i_mult/i_multiplier/mult_result_d__4 output is connected to registers with an asynchronous reset (i_ariane/i_cva6/ex_stage_i/i_mult/i_multiplier/mult_result_q_reg[4]__2). This is preventing the possibility of merging these registers in to the DSP Block since the DSP block registers only possess synchronous reset capability.  It is suggested to recode or change these registers to remove the reset or use a synchronous reset to get the best optimization for performance, power and area.
WARNING: [DRC DPOR-1] Asynchronous load check: DSP i_ariane/i_cva6/ex_stage_i/i_mult/i_multiplier/mult_result_d__4 output is connected to registers with an asynchronous reset (i_ariane/i_cva6/ex_stage_i/i_mult/i_multiplier/mult_result_q_reg[5]__2). This is preventing the possibility of merging these registers in to the DSP Block since the DSP block registers only possess synchronous reset capability.  It is suggested to recode or change these registers to remove the reset or use a synchronous reset to get the best optimization for performance, power and area.
WARNING: [DRC DPOR-1] Asynchronous load check: DSP i_ariane/i_cva6/ex_stage_i/i_mult/i_multiplier/mult_result_d__4 output is connected to registers with an asynchronous reset (i_ariane/i_cva6/ex_stage_i/i_mult/i_multiplier/mult_result_q_reg[6]__2). This is preventing the possibility of merging these registers in to the DSP Block since the DSP block registers only possess synchronous reset capability.  It is suggested to recode or change these registers to remove the reset or use a synchronous reset to get the best optimization for performance, power and area.
WARNING: [DRC DPOR-1] Asynchronous load check: DSP i_ariane/i_cva6/ex_stage_i/i_mult/i_multiplier/mult_result_d__4 output is connected to registers with an asynchronous reset (i_ariane/i_cva6/ex_stage_i/i_mult/i_multiplier/mult_result_q_reg[7]__2). This is preventing the possibility of merging these registers in to the DSP Block since the DSP block registers only possess synchronous reset capability.  It is suggested to recode or change these registers to remove the reset or use a synchronous reset to get the best optimization for performance, power and area.
WARNING: [DRC DPOR-1] Asynchronous load check: DSP i_ariane/i_cva6/ex_stage_i/i_mult/i_multiplier/mult_result_d__4 output is connected to registers with an asynchronous reset (i_ariane/i_cva6/ex_stage_i/i_mult/i_multiplier/mult_result_q_reg[8]__2). This is preventing the possibility of merging these registers in to the DSP Block since the DSP block registers only possess synchronous reset capability.  It is suggested to recode or change these registers to remove the reset or use a synchronous reset to get the best optimization for performance, power and area.
WARNING: [DRC DPOR-1] Asynchronous load check: DSP i_ariane/i_cva6/ex_stage_i/i_mult/i_multiplier/mult_result_d__4 output is connected to registers with an asynchronous reset (i_ariane/i_cva6/ex_stage_i/i_mult/i_multiplier/mult_result_q_reg[9]__2). This is preventing the possibility of merging these registers in to the DSP Block since the DSP block registers only possess synchronous reset capability.  It is suggested to recode or change these registers to remove the reset or use a synchronous reset to get the best optimization for performance, power and area.
WARNING: [DRC DPOR-1] Asynchronous load check: DSP i_ariane/i_cva6/ex_stage_i/i_mult/i_multiplier/mult_result_d__8 output is connected to registers with an asynchronous reset (i_ariane/i_cva6/ex_stage_i/i_mult/i_multiplier/mult_result_q_reg[0]__4). This is preventing the possibility of merging these registers in to the DSP Block since the DSP block registers only possess synchronous reset capability.  It is suggested to recode or change these registers to remove the reset or use a synchronous reset to get the best optimization for performance, power and area.
WARNING: [DRC DPOR-1] Asynchronous load check: DSP i_ariane/i_cva6/ex_stage_i/i_mult/i_multiplier/mult_result_d__8 output is connected to registers with an asynchronous reset (i_ariane/i_cva6/ex_stage_i/i_mult/i_multiplier/mult_result_q_reg[10]__4). This is preventing the possibility of merging these registers in to the DSP Block since the DSP block registers only possess synchronous reset capability.  It is suggested to recode or change these registers to remove the reset or use a synchronous reset to get the best optimization for performance, power and area.
WARNING: [DRC DPOR-1] Asynchronous load check: DSP i_ariane/i_cva6/ex_stage_i/i_mult/i_multiplier/mult_result_d__8 output is connected to registers with an asynchronous reset (i_ariane/i_cva6/ex_stage_i/i_mult/i_multiplier/mult_result_q_reg[11]__4). This is preventing the possibility of merging these registers in to the DSP Block since the DSP block registers only possess synchronous reset capability.  It is suggested to recode or change these registers to remove the reset or use a synchronous reset to get the best optimization for performance, power and area.
WARNING: [DRC DPOR-1] Asynchronous load check: DSP i_ariane/i_cva6/ex_stage_i/i_mult/i_multiplier/mult_result_d__8 output is connected to registers with an asynchronous reset (i_ariane/i_cva6/ex_stage_i/i_mult/i_multiplier/mult_result_q_reg[12]__4). This is preventing the possibility of merging these registers in to the DSP Block since the DSP block registers only possess synchronous reset capability.  It is suggested to recode or change these registers to remove the reset or use a synchronous reset to get the best optimization for performance, power and area.
WARNING: [DRC DPOR-1] Asynchronous load check: DSP i_ariane/i_cva6/ex_stage_i/i_mult/i_multiplier/mult_result_d__8 output is connected to registers with an asynchronous reset (i_ariane/i_cva6/ex_stage_i/i_mult/i_multiplier/mult_result_q_reg[13]__4). This is preventing the possibility of merging these registers in to the DSP Block since the DSP block registers only possess synchronous reset capability.  It is suggested to recode or change these registers to remove the reset or use a synchronous reset to get the best optimization for performance, power and area.
WARNING: [DRC DPOR-1] Asynchronous load check: DSP i_ariane/i_cva6/ex_stage_i/i_mult/i_multiplier/mult_result_d__8 output is connected to registers with an asynchronous reset (i_ariane/i_cva6/ex_stage_i/i_mult/i_multiplier/mult_result_q_reg[14]__4). This is preventing the possibility of merging these registers in to the DSP Block since the DSP block registers only possess synchronous reset capability.  It is suggested to recode or change these registers to remove the reset or use a synchronous reset to get the best optimization for performance, power and area.
WARNING: [DRC DPOR-1] Asynchronous load check: DSP i_ariane/i_cva6/ex_stage_i/i_mult/i_multiplier/mult_result_d__8 output is connected to registers with an asynchronous reset (i_ariane/i_cva6/ex_stage_i/i_mult/i_multiplier/mult_result_q_reg[15]__4). This is preventing the possibility of merging these registers in to the DSP Block since the DSP block registers only possess synchronous reset capability.  It is suggested to recode or change these registers to remove the reset or use a synchronous reset to get the best optimization for performance, power and area.
WARNING: [DRC DPOR-1] Asynchronous load check: DSP i_ariane/i_cva6/ex_stage_i/i_mult/i_multiplier/mult_result_d__8 output is connected to registers with an asynchronous reset (i_ariane/i_cva6/ex_stage_i/i_mult/i_multiplier/mult_result_q_reg[16]__4). This is preventing the possibility of merging these registers in to the DSP Block since the DSP block registers only possess synchronous reset capability.  It is suggested to recode or change these registers to remove the reset or use a synchronous reset to get the best optimization for performance, power and area.
WARNING: [DRC DPOR-1] Asynchronous load check: DSP i_ariane/i_cva6/ex_stage_i/i_mult/i_multiplier/mult_result_d__8 output is connected to registers with an asynchronous reset (i_ariane/i_cva6/ex_stage_i/i_mult/i_multiplier/mult_result_q_reg[1]__4). This is preventing the possibility of merging these registers in to the DSP Block since the DSP block registers only possess synchronous reset capability.  It is suggested to recode or change these registers to remove the reset or use a synchronous reset to get the best optimization for performance, power and area.
WARNING: [DRC DPOR-1] Asynchronous load check: DSP i_ariane/i_cva6/ex_stage_i/i_mult/i_multiplier/mult_result_d__8 output is connected to registers with an asynchronous reset (i_ariane/i_cva6/ex_stage_i/i_mult/i_multiplier/mult_result_q_reg[2]__4). This is preventing the possibility of merging these registers in to the DSP Block since the DSP block registers only possess synchronous reset capability.  It is suggested to recode or change these registers to remove the reset or use a synchronous reset to get the best optimization for performance, power and area.
WARNING: [DRC DPOR-1] Asynchronous load check: DSP i_ariane/i_cva6/ex_stage_i/i_mult/i_multiplier/mult_result_d__8 output is connected to registers with an asynchronous reset (i_ariane/i_cva6/ex_stage_i/i_mult/i_multiplier/mult_result_q_reg[3]__4). This is preventing the possibility of merging these registers in to the DSP Block since the DSP block registers only possess synchronous reset capability.  It is suggested to recode or change these registers to remove the reset or use a synchronous reset to get the best optimization for performance, power and area.
WARNING: [DRC DPOR-1] Asynchronous load check: DSP i_ariane/i_cva6/ex_stage_i/i_mult/i_multiplier/mult_result_d__8 output is connected to registers with an asynchronous reset (i_ariane/i_cva6/ex_stage_i/i_mult/i_multiplier/mult_result_q_reg[4]__4). This is preventing the possibility of merging these registers in to the DSP Block since the DSP block registers only possess synchronous reset capability.  It is suggested to recode or change these registers to remove the reset or use a synchronous reset to get the best optimization for performance, power and area.
WARNING: [DRC DPOR-1] Asynchronous load check: DSP i_ariane/i_cva6/ex_stage_i/i_mult/i_multiplier/mult_result_d__8 output is connected to registers with an asynchronous reset (i_ariane/i_cva6/ex_stage_i/i_mult/i_multiplier/mult_result_q_reg[5]__4). This is preventing the possibility of merging these registers in to the DSP Block since the DSP block registers only possess synchronous reset capability.  It is suggested to recode or change these registers to remove the reset or use a synchronous reset to get the best optimization for performance, power and area.
WARNING: [DRC DPOR-1] Asynchronous load check: DSP i_ariane/i_cva6/ex_stage_i/i_mult/i_multiplier/mult_result_d__8 output is connected to registers with an asynchronous reset (i_ariane/i_cva6/ex_stage_i/i_mult/i_multiplier/mult_result_q_reg[6]__4). This is preventing the possibility of merging these registers in to the DSP Block since the DSP block registers only possess synchronous reset capability.  It is suggested to recode or change these registers to remove the reset or use a synchronous reset to get the best optimization for performance, power and area.
WARNING: [DRC DPOR-1] Asynchronous load check: DSP i_ariane/i_cva6/ex_stage_i/i_mult/i_multiplier/mult_result_d__8 output is connected to registers with an asynchronous reset (i_ariane/i_cva6/ex_stage_i/i_mult/i_multiplier/mult_result_q_reg[7]__4). This is preventing the possibility of merging these registers in to the DSP Block since the DSP block registers only possess synchronous reset capability.  It is suggested to recode or change these registers to remove the reset or use a synchronous reset to get the best optimization for performance, power and area.
INFO: [Common 17-14] Message 'DRC DPOR-1' appears 100 times and further instances of the messages will be disabled. Use the Tcl command set_msg_config to change the current settings.
WARNING: [DRC IOSR-1] IOB set reset sharing: IO btnc_i connects to flops which have these i_ariane_peripherals/gen_dma.gen_accel2.i_boundary_cfg_accel2/gen_registered.s\\.b_valid_i_1_n_0, and i_ariane_peripherals/gen_dma.i_boundary_cfg_accel1/gen_registered.s\\.b_valid_i_1_n_0 set/reset signals.  For optimal IOB flop packing there should be only one set/reset signal coming into the IOB.
WARNING: [DRC IOSR-1] IOB set reset sharing: IO btnd_i connects to flops which have these i_ariane_peripherals/gen_dma.gen_accel2.i_boundary_cfg_accel2/gen_registered.s\\.b_valid_i_1_n_0, and i_ariane_peripherals/gen_dma.i_boundary_cfg_accel1/gen_registered.s\\.b_valid_i_1_n_0 set/reset signals.  For optimal IOB flop packing there should be only one set/reset signal coming into the IOB.
WARNING: [DRC IOSR-1] IOB set reset sharing: IO btnl_i connects to flops which have these i_ariane_peripherals/gen_dma.gen_accel2.i_boundary_cfg_accel2/gen_registered.s\\.b_valid_i_1_n_0, and i_ariane_peripherals/gen_dma.i_boundary_cfg_accel1/gen_registered.s\\.b_valid_i_1_n_0 set/reset signals.  For optimal IOB flop packing there should be only one set/reset signal coming into the IOB.
WARNING: [DRC IOSR-1] IOB set reset sharing: IO btnr_i connects to flops which have these i_ariane_peripherals/gen_dma.gen_accel2.i_boundary_cfg_accel2/gen_registered.s\\.b_valid_i_1_n_0, and i_ariane_peripherals/gen_dma.i_boundary_cfg_accel1/gen_registered.s\\.b_valid_i_1_n_0 set/reset signals.  For optimal IOB flop packing there should be only one set/reset signal coming into the IOB.
WARNING: [DRC IOSR-1] IOB set reset sharing: IO btnu_i connects to flops which have these i_ariane_peripherals/gen_dma.gen_accel2.i_boundary_cfg_accel2/gen_registered.s\\.b_valid_i_1_n_0, and i_ariane_peripherals/gen_dma.i_boundary_cfg_accel1/gen_registered.s\\.b_valid_i_1_n_0 set/reset signals.  For optimal IOB flop packing there should be only one set/reset signal coming into the IOB.
WARNING: [DRC PDCN-1569] LUT equation term check: Used physical LUT pin 'A2' of cell i_xlnx_axi_clock_converter_ddr/inst/gen_clock_conv.gen_async_conv.asyncfifo_axi/inst_fifo_gen/gaxi_full_lite.gread_ch.grdch2.axi_rdch/grf.rf/gntv_or_sync_fifo.gl0.rd/gr1.gr1_int.rfwft/gpregsm1.user_valid_i_1 (pin i_xlnx_axi_clock_converter_ddr/inst/gen_clock_conv.gen_async_conv.asyncfifo_axi/inst_fifo_gen/gaxi_full_lite.gread_ch.grdch2.axi_rdch/grf.rf/gntv_or_sync_fifo.gl0.rd/gr1.gr1_int.rfwft/gpregsm1.user_valid_i_1/I1) is not included in the LUT equation: 'O6=(A5)+((~A5)*(~A1)*A4)'. If this cell is a user instantiated LUT in the design, please remove connectivity to the pin or change the equation and/or INIT string of the LUT to prevent this issue. If the cell is inferred or IP created LUT, please regenerate the IP and/or resynthesize the design to attempt to correct the issue.
WARNING: [DRC PDCN-1569] LUT equation term check: Used physical LUT pin 'A3' of cell i_ariane_peripherals/gen_gpio.i_xlnx_axi_dwidth_converter_gpio/inst/gen_downsizer.gen_simple_downsizer.axi_downsizer_inst/USE_WRITE.write_addr_inst/USE_B_CHANNEL.cmd_b_queue/inst/fifo_gen_inst/inst_fifo_gen/gconvfifo.rf/grf.rf/gntv_or_sync_fifo.gl0.rd/gr1.gr1_int.rfwft/gpregsm1.user_valid_i_1 (pin i_ariane_peripherals/gen_gpio.i_xlnx_axi_dwidth_converter_gpio/inst/gen_downsizer.gen_simple_downsizer.axi_downsizer_inst/USE_WRITE.write_addr_inst/USE_B_CHANNEL.cmd_b_queue/inst/fifo_gen_inst/inst_fifo_gen/gconvfifo.rf/grf.rf/gntv_or_sync_fifo.gl0.rd/gr1.gr1_int.rfwft/gpregsm1.user_valid_i_1/I1) is not included in the LUT equation: 'O6=(A2)+((~A2)*(~A1)*A5)'. If this cell is a user instantiated LUT in the design, please remove connectivity to the pin or change the equation and/or INIT string of the LUT to prevent this issue. If the cell is inferred or IP created LUT, please regenerate the IP and/or resynthesize the design to attempt to correct the issue.
WARNING: [DRC PDCN-1569] LUT equation term check: Used physical LUT pin 'A3' of cell i_xlnx_axi_clock_converter_ddr/inst/gen_clock_conv.gen_async_conv.asyncfifo_axi/inst_fifo_gen/gaxi_full_lite.gwrite_ch.gwach2.axi_wach/grf.rf/gntv_or_sync_fifo.gl0.rd/gr1.gr1_int.rfwft/gpregsm1.user_valid_i_1 (pin i_xlnx_axi_clock_converter_ddr/inst/gen_clock_conv.gen_async_conv.asyncfifo_axi/inst_fifo_gen/gaxi_full_lite.gwrite_ch.gwach2.axi_wach/grf.rf/gntv_or_sync_fifo.gl0.rd/gr1.gr1_int.rfwft/gpregsm1.user_valid_i_1/I1) is not included in the LUT equation: 'O6=(A2)+((~A2)*(~A6)*A1)'. If this cell is a user instantiated LUT in the design, please remove connectivity to the pin or change the equation and/or INIT string of the LUT to prevent this issue. If the cell is inferred or IP created LUT, please regenerate the IP and/or resynthesize the design to attempt to correct the issue.
WARNING: [DRC PDCN-1569] LUT equation term check: Used physical LUT pin 'A3' of cell i_xlnx_axi_clock_converter_ddr/inst/gen_clock_conv.gen_async_conv.asyncfifo_axi/inst_fifo_gen/gaxi_full_lite.gwrite_ch.gwrch2.axi_wrch/grf.rf/gntv_or_sync_fifo.gl0.rd/gr1.gr1_int.rfwft/gpregsm1.user_valid_i_1 (pin i_xlnx_axi_clock_converter_ddr/inst/gen_clock_conv.gen_async_conv.asyncfifo_axi/inst_fifo_gen/gaxi_full_lite.gwrite_ch.gwrch2.axi_wrch/grf.rf/gntv_or_sync_fifo.gl0.rd/gr1.gr1_int.rfwft/gpregsm1.user_valid_i_1/I1) is not included in the LUT equation: 'O6=(A2)+((~A2)*(~A5)*A6)'. If this cell is a user instantiated LUT in the design, please remove connectivity to the pin or change the equation and/or INIT string of the LUT to prevent this issue. If the cell is inferred or IP created LUT, please regenerate the IP and/or resynthesize the design to attempt to correct the issue.
WARNING: [DRC PDCN-1569] LUT equation term check: Used physical LUT pin 'A4' of cell i_ariane_peripherals/gen_gpio.i_xlnx_axi_dwidth_converter_gpio/inst/gen_downsizer.gen_simple_downsizer.axi_downsizer_inst/USE_WRITE.write_addr_inst/cmd_queue/inst/fifo_gen_inst/inst_fifo_gen/gconvfifo.rf/grf.rf/gntv_or_sync_fifo.gl0.rd/gr1.gr1_int.rfwft/gpregsm1.user_valid_i_1 (pin i_ariane_peripherals/gen_gpio.i_xlnx_axi_dwidth_converter_gpio/inst/gen_downsizer.gen_simple_downsizer.axi_downsizer_inst/USE_WRITE.write_addr_inst/cmd_queue/inst/fifo_gen_inst/inst_fifo_gen/gconvfifo.rf/grf.rf/gntv_or_sync_fifo.gl0.rd/gr1.gr1_int.rfwft/gpregsm1.user_valid_i_1/I1) is not included in the LUT equation: 'O6=(A5)+((~A5)*(~A2)*A3)'. If this cell is a user instantiated LUT in the design, please remove connectivity to the pin or change the equation and/or INIT string of the LUT to prevent this issue. If the cell is inferred or IP created LUT, please regenerate the IP and/or resynthesize the design to attempt to correct the issue.
WARNING: [DRC PDCN-1569] LUT equation term check: Used physical LUT pin 'A4' of cell i_ariane_peripherals/gen_spi.i_xlnx_axi_dwidth_converter_spi/inst/gen_downsizer.gen_simple_downsizer.axi_downsizer_inst/USE_WRITE.write_addr_inst/cmd_queue/inst/fifo_gen_inst/inst_fifo_gen/gconvfifo.rf/grf.rf/gntv_or_sync_fifo.gl0.rd/gr1.gr1_int.rfwft/gpregsm1.user_valid_i_1 (pin i_ariane_peripherals/gen_spi.i_xlnx_axi_dwidth_converter_spi/inst/gen_downsizer.gen_simple_downsizer.axi_downsizer_inst/USE_WRITE.write_addr_inst/cmd_queue/inst/fifo_gen_inst/inst_fifo_gen/gconvfifo.rf/grf.rf/gntv_or_sync_fifo.gl0.rd/gr1.gr1_int.rfwft/gpregsm1.user_valid_i_1/I1) is not included in the LUT equation: 'O6=(A1)+((~A1)*(~A5)*A2)'. If this cell is a user instantiated LUT in the design, please remove connectivity to the pin or change the equation and/or INIT string of the LUT to prevent this issue. If the cell is inferred or IP created LUT, please regenerate the IP and/or resynthesize the design to attempt to correct the issue.
WARNING: [DRC PDCN-1569] LUT equation term check: Used physical LUT pin 'A5' of cell i_ariane_peripherals/gen_gpio.i_xlnx_axi_dwidth_converter_gpio/inst/gen_downsizer.gen_simple_downsizer.axi_downsizer_inst/USE_READ.read_addr_inst/cmd_queue/inst/fifo_gen_inst/inst_fifo_gen/gconvfifo.rf/grf.rf/gntv_or_sync_fifo.gl0.rd/gr1.gr1_int.rfwft/gpregsm1.user_valid_i_1 (pin i_ariane_peripherals/gen_gpio.i_xlnx_axi_dwidth_converter_gpio/inst/gen_downsizer.gen_simple_downsizer.axi_downsizer_inst/USE_READ.read_addr_inst/cmd_queue/inst/fifo_gen_inst/inst_fifo_gen/gconvfifo.rf/grf.rf/gntv_or_sync_fifo.gl0.rd/gr1.gr1_int.rfwft/gpregsm1.user_valid_i_1/I1) is not included in the LUT equation: 'O6=(A3)+((~A3)*(~A1)*A6)'. If this cell is a user instantiated LUT in the design, please remove connectivity to the pin or change the equation and/or INIT string of the LUT to prevent this issue. If the cell is inferred or IP created LUT, please regenerate the IP and/or resynthesize the design to attempt to correct the issue.
WARNING: [DRC PDCN-1569] LUT equation term check: Used physical LUT pin 'A5' of cell i_ariane_peripherals/gen_spi.i_xlnx_axi_dwidth_converter_spi/inst/gen_downsizer.gen_simple_downsizer.axi_downsizer_inst/USE_WRITE.write_addr_inst/USE_B_CHANNEL.cmd_b_queue/inst/fifo_gen_inst/inst_fifo_gen/gconvfifo.rf/grf.rf/gntv_or_sync_fifo.gl0.rd/gr1.gr1_int.rfwft/gpregsm1.user_valid_i_1 (pin i_ariane_peripherals/gen_spi.i_xlnx_axi_dwidth_converter_spi/inst/gen_downsizer.gen_simple_downsizer.axi_downsizer_inst/USE_WRITE.write_addr_inst/USE_B_CHANNEL.cmd_b_queue/inst/fifo_gen_inst/inst_fifo_gen/gconvfifo.rf/grf.rf/gntv_or_sync_fifo.gl0.rd/gr1.gr1_int.rfwft/gpregsm1.user_valid_i_1/I1) is not included in the LUT equation: 'O6=(A4)+((~A4)*(~A3)*A2)'. If this cell is a user instantiated LUT in the design, please remove connectivity to the pin or change the equation and/or INIT string of the LUT to prevent this issue. If the cell is inferred or IP created LUT, please regenerate the IP and/or resynthesize the design to attempt to correct the issue.
WARNING: [DRC PDCN-1569] LUT equation term check: Used physical LUT pin 'A5' of cell i_xlnx_axi_clock_converter_ddr/inst/gen_clock_conv.gen_async_conv.asyncfifo_axi/inst_fifo_gen/gaxi_full_lite.gread_ch.grach2.axi_rach/grf.rf/gntv_or_sync_fifo.gl0.rd/gr1.gr1_int.rfwft/gpregsm1.user_valid_i_1 (pin i_xlnx_axi_clock_converter_ddr/inst/gen_clock_conv.gen_async_conv.asyncfifo_axi/inst_fifo_gen/gaxi_full_lite.gread_ch.grach2.axi_rach/grf.rf/gntv_or_sync_fifo.gl0.rd/gr1.gr1_int.rfwft/gpregsm1.user_valid_i_1/I1) is not included in the LUT equation: 'O6=(A2)+((~A2)*(~A4)*A3)'. If this cell is a user instantiated LUT in the design, please remove connectivity to the pin or change the equation and/or INIT string of the LUT to prevent this issue. If the cell is inferred or IP created LUT, please regenerate the IP and/or resynthesize the design to attempt to correct the issue.
WARNING: [DRC PDCN-1569] LUT equation term check: Used physical LUT pin 'A5' of cell i_xlnx_axi_clock_converter_ddr/inst/gen_clock_conv.gen_async_conv.asyncfifo_axi/inst_fifo_gen/gaxi_full_lite.gwrite_ch.gwdch2.axi_wdch/grf.rf/gntv_or_sync_fifo.gl0.rd/gr1.gr1_int.rfwft/gpregsm1.user_valid_i_1 (pin i_xlnx_axi_clock_converter_ddr/inst/gen_clock_conv.gen_async_conv.asyncfifo_axi/inst_fifo_gen/gaxi_full_lite.gwrite_ch.gwdch2.axi_wdch/grf.rf/gntv_or_sync_fifo.gl0.rd/gr1.gr1_int.rfwft/gpregsm1.user_valid_i_1/I1) is not included in the LUT equation: 'O6=(A6)+((~A6)*(~A4)*A3)'. If this cell is a user instantiated LUT in the design, please remove connectivity to the pin or change the equation and/or INIT string of the LUT to prevent this issue. If the cell is inferred or IP created LUT, please regenerate the IP and/or resynthesize the design to attempt to correct the issue.
WARNING: [DRC PDCN-1569] LUT equation term check: Used physical LUT pin 'A6' of cell i_ariane_peripherals/gen_spi.i_xlnx_axi_dwidth_converter_spi/inst/gen_downsizer.gen_simple_downsizer.axi_downsizer_inst/USE_READ.read_addr_inst/cmd_queue/inst/fifo_gen_inst/inst_fifo_gen/gconvfifo.rf/grf.rf/gntv_or_sync_fifo.gl0.rd/gr1.gr1_int.rfwft/gpregsm1.user_valid_i_1 (pin i_ariane_peripherals/gen_spi.i_xlnx_axi_dwidth_converter_spi/inst/gen_downsizer.gen_simple_downsizer.axi_downsizer_inst/USE_READ.read_addr_inst/cmd_queue/inst/fifo_gen_inst/inst_fifo_gen/gconvfifo.rf/grf.rf/gntv_or_sync_fifo.gl0.rd/gr1.gr1_int.rfwft/gpregsm1.user_valid_i_1/I1) is not included in the LUT equation: 'O6=(A1)+((~A1)*(~A2)*A4)'. If this cell is a user instantiated LUT in the design, please remove connectivity to the pin or change the equation and/or INIT string of the LUT to prevent this issue. If the cell is inferred or IP created LUT, please regenerate the IP and/or resynthesize the design to attempt to correct the issue.
WARNING: [DRC REQP-1709] Clock output buffering: PLLE2_ADV connectivity violation. The signal i_ddr/u_xlnx_mig_7_ddr3_mig/u_ddr3_infrastructure/pll_clk3_out on the i_ddr/u_xlnx_mig_7_ddr3_mig/u_ddr3_infrastructure/plle2_i/CLKOUT3 pin of i_ddr/u_xlnx_mig_7_ddr3_mig/u_ddr3_infrastructure/plle2_i does not drive the same kind of BUFFER load as the other CLKOUT pins. Routing from the different buffer types will not be phase aligned.
WARNING: [DRC REQP-1839] RAMB36 async control check: The RAMB36E1 i_ariane_peripherals/gen_ethernet.eth_rgmii/RAMB16_inst_rx/genblk1[0].RAMB16_S9_S36_inst has an input control pin i_ariane_peripherals/gen_ethernet.eth_rgmii/RAMB16_inst_rx/genblk1[0].RAMB16_S9_S36_inst/ADDRBWRADDR[13] (net: i_ariane_peripherals/gen_ethernet.eth_rgmii/RAMB16_inst_rx/addrb[8]) which is driven by a register (i_ariane_peripherals/gen_ethernet.i_axi2rom/ax_req_q_reg[addr][10]) that has an active asychronous set or reset. This may cause corruption of the memory contents and/or read values when the set/reset is asserted and is not analyzed by the default static timing analysis. It is suggested to eliminate the use of a set/reset to registers driving this RAMB pin or else use a synchronous reset in which the assertion of the reset is timed by default.
WARNING: [DRC REQP-1839] RAMB36 async control check: The RAMB36E1 i_ariane_peripherals/gen_ethernet.eth_rgmii/RAMB16_inst_rx/genblk1[0].RAMB16_S9_S36_inst has an input control pin i_ariane_peripherals/gen_ethernet.eth_rgmii/RAMB16_inst_rx/genblk1[0].RAMB16_S9_S36_inst/ADDRBWRADDR[13] (net: i_ariane_peripherals/gen_ethernet.eth_rgmii/RAMB16_inst_rx/addrb[8]) which is driven by a register (i_ariane_peripherals/gen_ethernet.i_axi2rom/ax_req_q_reg[addr][11]) that has an active asychronous set or reset. This may cause corruption of the memory contents and/or read values when the set/reset is asserted and is not analyzed by the default static timing analysis. It is suggested to eliminate the use of a set/reset to registers driving this RAMB pin or else use a synchronous reset in which the assertion of the reset is timed by default.
WARNING: [DRC REQP-1839] RAMB36 async control check: The RAMB36E1 i_ariane_peripherals/gen_ethernet.eth_rgmii/RAMB16_inst_rx/genblk1[0].RAMB16_S9_S36_inst has an input control pin i_ariane_peripherals/gen_ethernet.eth_rgmii/RAMB16_inst_rx/genblk1[0].RAMB16_S9_S36_inst/ADDRBWRADDR[13] (net: i_ariane_peripherals/gen_ethernet.eth_rgmii/RAMB16_inst_rx/addrb[8]) which is driven by a register (i_ariane_peripherals/gen_ethernet.i_axi2rom/ax_req_q_reg[addr][12]) that has an active asychronous set or reset. This may cause corruption of the memory contents and/or read values when the set/reset is asserted and is not analyzed by the default static timing analysis. It is suggested to eliminate the use of a set/reset to registers driving this RAMB pin or else use a synchronous reset in which the assertion of the reset is timed by default.
WARNING: [DRC REQP-1839] RAMB36 async control check: The RAMB36E1 i_ariane_peripherals/gen_ethernet.eth_rgmii/RAMB16_inst_rx/genblk1[0].RAMB16_S9_S36_inst has an input control pin i_ariane_peripherals/gen_ethernet.eth_rgmii/RAMB16_inst_rx/genblk1[0].RAMB16_S9_S36_inst/ADDRBWRADDR[13] (net: i_ariane_peripherals/gen_ethernet.eth_rgmii/RAMB16_inst_rx/addrb[8]) which is driven by a register (i_ariane_peripherals/gen_ethernet.i_axi2rom/ax_req_q_reg[addr][13]) that has an active asychronous set or reset. This may cause corruption of the memory contents and/or read values when the set/reset is asserted and is not analyzed by the default static timing analysis. It is suggested to eliminate the use of a set/reset to registers driving this RAMB pin or else use a synchronous reset in which the assertion of the reset is timed by default.
WARNING: [DRC REQP-1839] RAMB36 async control check: The RAMB36E1 i_ariane_peripherals/gen_ethernet.eth_rgmii/RAMB16_inst_rx/genblk1[0].RAMB16_S9_S36_inst has an input control pin i_ariane_peripherals/gen_ethernet.eth_rgmii/RAMB16_inst_rx/genblk1[0].RAMB16_S9_S36_inst/ADDRBWRADDR[13] (net: i_ariane_peripherals/gen_ethernet.eth_rgmii/RAMB16_inst_rx/addrb[8]) which is driven by a register (i_ariane_peripherals/gen_ethernet.i_axi2rom/ax_req_q_reg[addr][3]) that has an active asychronous set or reset. This may cause corruption of the memory contents and/or read values when the set/reset is asserted and is not analyzed by the default static timing analysis. It is suggested to eliminate the use of a set/reset to registers driving this RAMB pin or else use a synchronous reset in which the assertion of the reset is timed by default.
WARNING: [DRC REQP-1839] RAMB36 async control check: The RAMB36E1 i_ariane_peripherals/gen_ethernet.eth_rgmii/RAMB16_inst_rx/genblk1[0].RAMB16_S9_S36_inst has an input control pin i_ariane_peripherals/gen_ethernet.eth_rgmii/RAMB16_inst_rx/genblk1[0].RAMB16_S9_S36_inst/ADDRBWRADDR[13] (net: i_ariane_peripherals/gen_ethernet.eth_rgmii/RAMB16_inst_rx/addrb[8]) which is driven by a register (i_ariane_peripherals/gen_ethernet.i_axi2rom/ax_req_q_reg[addr][4]) that has an active asychronous set or reset. This may cause corruption of the memory contents and/or read values when the set/reset is asserted and is not analyzed by the default static timing analysis. It is suggested to eliminate the use of a set/reset to registers driving this RAMB pin or else use a synchronous reset in which the assertion of the reset is timed by default.
WARNING: [DRC REQP-1839] RAMB36 async control check: The RAMB36E1 i_ariane_peripherals/gen_ethernet.eth_rgmii/RAMB16_inst_rx/genblk1[0].RAMB16_S9_S36_inst has an input control pin i_ariane_peripherals/gen_ethernet.eth_rgmii/RAMB16_inst_rx/genblk1[0].RAMB16_S9_S36_inst/ADDRBWRADDR[13] (net: i_ariane_peripherals/gen_ethernet.eth_rgmii/RAMB16_inst_rx/addrb[8]) which is driven by a register (i_ariane_peripherals/gen_ethernet.i_axi2rom/ax_req_q_reg[addr][5]) that has an active asychronous set or reset. This may cause corruption of the memory contents and/or read values when the set/reset is asserted and is not analyzed by the default static timing analysis. It is suggested to eliminate the use of a set/reset to registers driving this RAMB pin or else use a synchronous reset in which the assertion of the reset is timed by default.
WARNING: [DRC REQP-1839] RAMB36 async control check: The RAMB36E1 i_ariane_peripherals/gen_ethernet.eth_rgmii/RAMB16_inst_rx/genblk1[0].RAMB16_S9_S36_inst has an input control pin i_ariane_peripherals/gen_ethernet.eth_rgmii/RAMB16_inst_rx/genblk1[0].RAMB16_S9_S36_inst/ADDRBWRADDR[13] (net: i_ariane_peripherals/gen_ethernet.eth_rgmii/RAMB16_inst_rx/addrb[8]) which is driven by a register (i_ariane_peripherals/gen_ethernet.i_axi2rom/ax_req_q_reg[addr][6]) that has an active asychronous set or reset. This may cause corruption of the memory contents and/or read values when the set/reset is asserted and is not analyzed by the default static timing analysis. It is suggested to eliminate the use of a set/reset to registers driving this RAMB pin or else use a synchronous reset in which the assertion of the reset is timed by default.
WARNING: [DRC REQP-1839] RAMB36 async control check: The RAMB36E1 i_ariane_peripherals/gen_ethernet.eth_rgmii/RAMB16_inst_rx/genblk1[0].RAMB16_S9_S36_inst has an input control pin i_ariane_peripherals/gen_ethernet.eth_rgmii/RAMB16_inst_rx/genblk1[0].RAMB16_S9_S36_inst/ADDRBWRADDR[13] (net: i_ariane_peripherals/gen_ethernet.eth_rgmii/RAMB16_inst_rx/addrb[8]) which is driven by a register (i_axi_xbar/i_xbar/gen_mst_port_mux[7].i_axi_mux/gen_mux.i_ar_spill_reg/spill_register_flushable_i/gen_spill_reg.a_data_q_reg[addr][11]) that has an active asychronous set or reset. This may cause corruption of the memory contents and/or read values when the set/reset is asserted and is not analyzed by the default static timing analysis. It is suggested to eliminate the use of a set/reset to registers driving this RAMB pin or else use a synchronous reset in which the assertion of the reset is timed by default.
WARNING: [DRC REQP-1839] RAMB36 async control check: The RAMB36E1 i_ariane_peripherals/gen_ethernet.eth_rgmii/RAMB16_inst_rx/genblk1[0].RAMB16_S9_S36_inst has an input control pin i_ariane_peripherals/gen_ethernet.eth_rgmii/RAMB16_inst_rx/genblk1[0].RAMB16_S9_S36_inst/ADDRBWRADDR[13] (net: i_ariane_peripherals/gen_ethernet.eth_rgmii/RAMB16_inst_rx/addrb[8]) which is driven by a register (i_axi_xbar/i_xbar/gen_mst_port_mux[7].i_axi_mux/gen_mux.i_ar_spill_reg/spill_register_flushable_i/gen_spill_reg.a_full_q_reg) that has an active asychronous set or reset. This may cause corruption of the memory contents and/or read values when the set/reset is asserted and is not analyzed by the default static timing analysis. It is suggested to eliminate the use of a set/reset to registers driving this RAMB pin or else use a synchronous reset in which the assertion of the reset is timed by default.
WARNING: [DRC REQP-1839] RAMB36 async control check: The RAMB36E1 i_ariane_peripherals/gen_ethernet.eth_rgmii/RAMB16_inst_rx/genblk1[0].RAMB16_S9_S36_inst has an input control pin i_ariane_peripherals/gen_ethernet.eth_rgmii/RAMB16_inst_rx/genblk1[0].RAMB16_S9_S36_inst/ADDRBWRADDR[13] (net: i_ariane_peripherals/gen_ethernet.eth_rgmii/RAMB16_inst_rx/addrb[8]) which is driven by a register (i_axi_xbar/i_xbar/gen_mst_port_mux[7].i_axi_mux/gen_mux.i_ar_spill_reg/spill_register_flushable_i/gen_spill_reg.b_data_q_reg[addr][11]) that has an active asychronous set or reset. This may cause corruption of the memory contents and/or read values when the set/reset is asserted and is not analyzed by the default static timing analysis. It is suggested to eliminate the use of a set/reset to registers driving this RAMB pin or else use a synchronous reset in which the assertion of the reset is timed by default.
WARNING: [DRC REQP-1839] RAMB36 async control check: The RAMB36E1 i_ariane_peripherals/gen_ethernet.eth_rgmii/RAMB16_inst_rx/genblk1[0].RAMB16_S9_S36_inst has an input control pin i_ariane_peripherals/gen_ethernet.eth_rgmii/RAMB16_inst_rx/genblk1[0].RAMB16_S9_S36_inst/ADDRBWRADDR[13] (net: i_ariane_peripherals/gen_ethernet.eth_rgmii/RAMB16_inst_rx/addrb[8]) which is driven by a register (i_axi_xbar/i_xbar/gen_mst_port_mux[7].i_axi_mux/gen_mux.i_ar_spill_reg/spill_register_flushable_i/gen_spill_reg.b_full_q_reg) that has an active asychronous set or reset. This may cause corruption of the memory contents and/or read values when the set/reset is asserted and is not analyzed by the default static timing analysis. It is suggested to eliminate the use of a set/reset to registers driving this RAMB pin or else use a synchronous reset in which the assertion of the reset is timed by default.
WARNING: [DRC REQP-1839] RAMB36 async control check: The RAMB36E1 i_ariane_peripherals/gen_ethernet.eth_rgmii/RAMB16_inst_rx/genblk1[0].RAMB16_S9_S36_inst has an input control pin i_ariane_peripherals/gen_ethernet.eth_rgmii/RAMB16_inst_rx/genblk1[0].RAMB16_S9_S36_inst/ADDRBWRADDR[13] (net: i_ariane_peripherals/gen_ethernet.eth_rgmii/RAMB16_inst_rx/addrb[8]) which is driven by a register (i_axi_xbar/i_xbar/gen_mst_port_mux[7].i_axi_mux/gen_mux.i_aw_spill_reg/spill_register_flushable_i/gen_spill_reg.a_data_q_reg[addr][11]) that has an active asychronous set or reset. This may cause corruption of the memory contents and/or read values when the set/reset is asserted and is not analyzed by the default static timing analysis. It is suggested to eliminate the use of a set/reset to registers driving this RAMB pin or else use a synchronous reset in which the assertion of the reset is timed by default.
WARNING: [DRC REQP-1839] RAMB36 async control check: The RAMB36E1 i_ariane_peripherals/gen_ethernet.eth_rgmii/RAMB16_inst_rx/genblk1[0].RAMB16_S9_S36_inst has an input control pin i_ariane_peripherals/gen_ethernet.eth_rgmii/RAMB16_inst_rx/genblk1[0].RAMB16_S9_S36_inst/ADDRBWRADDR[13] (net: i_ariane_peripherals/gen_ethernet.eth_rgmii/RAMB16_inst_rx/addrb[8]) which is driven by a register (i_axi_xbar/i_xbar/gen_mst_port_mux[7].i_axi_mux/gen_mux.i_aw_spill_reg/spill_register_flushable_i/gen_spill_reg.a_full_q_reg) that has an active asychronous set or reset. This may cause corruption of the memory contents and/or read values when the set/reset is asserted and is not analyzed by the default static timing analysis. It is suggested to eliminate the use of a set/reset to registers driving this RAMB pin or else use a synchronous reset in which the assertion of the reset is timed by default.
WARNING: [DRC REQP-1839] RAMB36 async control check: The RAMB36E1 i_ariane_peripherals/gen_ethernet.eth_rgmii/RAMB16_inst_rx/genblk1[0].RAMB16_S9_S36_inst has an input control pin i_ariane_peripherals/gen_ethernet.eth_rgmii/RAMB16_inst_rx/genblk1[0].RAMB16_S9_S36_inst/ADDRBWRADDR[13] (net: i_ariane_peripherals/gen_ethernet.eth_rgmii/RAMB16_inst_rx/addrb[8]) which is driven by a register (i_axi_xbar/i_xbar/gen_mst_port_mux[7].i_axi_mux/gen_mux.i_aw_spill_reg/spill_register_flushable_i/gen_spill_reg.b_data_q_reg[addr][11]) that has an active asychronous set or reset. This may cause corruption of the memory contents and/or read values when the set/reset is asserted and is not analyzed by the default static timing analysis. It is suggested to eliminate the use of a set/reset to registers driving this RAMB pin or else use a synchronous reset in which the assertion of the reset is timed by default.
WARNING: [DRC REQP-1839] RAMB36 async control check: The RAMB36E1 i_ariane_peripherals/gen_ethernet.eth_rgmii/RAMB16_inst_rx/genblk1[0].RAMB16_S9_S36_inst has an input control pin i_ariane_peripherals/gen_ethernet.eth_rgmii/RAMB16_inst_rx/genblk1[0].RAMB16_S9_S36_inst/ADDRBWRADDR[13] (net: i_ariane_peripherals/gen_ethernet.eth_rgmii/RAMB16_inst_rx/addrb[8]) which is driven by a register (i_axi_xbar/i_xbar/gen_mst_port_mux[7].i_axi_mux/gen_mux.i_aw_spill_reg/spill_register_flushable_i/gen_spill_reg.b_full_q_reg) that has an active asychronous set or reset. This may cause corruption of the memory contents and/or read values when the set/reset is asserted and is not analyzed by the default static timing analysis. It is suggested to eliminate the use of a set/reset to registers driving this RAMB pin or else use a synchronous reset in which the assertion of the reset is timed by default.
WARNING: [DRC REQP-1839] RAMB36 async control check: The RAMB36E1 i_ariane_peripherals/gen_ethernet.eth_rgmii/RAMB16_inst_rx/genblk1[0].RAMB16_S9_S36_inst has an input control pin i_ariane_peripherals/gen_ethernet.eth_rgmii/RAMB16_inst_rx/genblk1[0].RAMB16_S9_S36_inst/ADDRBWRADDR[13] (net: i_ariane_peripherals/gen_ethernet.eth_rgmii/RAMB16_inst_rx/addrb[8]) which is driven by a register (i_axi_xbar/i_xbar/gen_mst_port_mux[7].i_axi_mux/gen_mux.i_r_spill_reg/spill_register_flushable_i/gen_spill_reg.a_full_q_reg) that has an active asychronous set or reset. This may cause corruption of the memory contents and/or read values when the set/reset is asserted and is not analyzed by the default static timing analysis. It is suggested to eliminate the use of a set/reset to registers driving this RAMB pin or else use a synchronous reset in which the assertion of the reset is timed by default.
WARNING: [DRC REQP-1839] RAMB36 async control check: The RAMB36E1 i_ariane_peripherals/gen_ethernet.eth_rgmii/RAMB16_inst_rx/genblk1[0].RAMB16_S9_S36_inst has an input control pin i_ariane_peripherals/gen_ethernet.eth_rgmii/RAMB16_inst_rx/genblk1[0].RAMB16_S9_S36_inst/ADDRBWRADDR[13] (net: i_ariane_peripherals/gen_ethernet.eth_rgmii/RAMB16_inst_rx/addrb[8]) which is driven by a register (i_axi_xbar/i_xbar/gen_mst_port_mux[7].i_axi_mux/gen_mux.i_r_spill_reg/spill_register_flushable_i/gen_spill_reg.b_full_q_reg) that has an active asychronous set or reset. This may cause corruption of the memory contents and/or read values when the set/reset is asserted and is not analyzed by the default static timing analysis. It is suggested to eliminate the use of a set/reset to registers driving this RAMB pin or else use a synchronous reset in which the assertion of the reset is timed by default.
WARNING: [DRC REQP-1839] RAMB36 async control check: The RAMB36E1 i_ariane_peripherals/gen_ethernet.eth_rgmii/RAMB16_inst_rx/genblk1[0].RAMB16_S9_S36_inst has an input control pin i_ariane_peripherals/gen_ethernet.eth_rgmii/RAMB16_inst_rx/genblk1[0].RAMB16_S9_S36_inst/ADDRBWRADDR[13] (net: i_ariane_peripherals/gen_ethernet.eth_rgmii/RAMB16_inst_rx/addrb[8]) which is driven by a register (i_axi_xbar/i_xbar/gen_mst_port_mux[7].i_axi_mux/gen_mux.i_w_spill_reg/spill_register_flushable_i/gen_spill_reg.a_full_q_reg) that has an active asychronous set or reset. This may cause corruption of the memory contents and/or read values when the set/reset is asserted and is not analyzed by the default static timing analysis. It is suggested to eliminate the use of a set/reset to registers driving this RAMB pin or else use a synchronous reset in which the assertion of the reset is timed by default.
WARNING: [DRC REQP-1839] RAMB36 async control check: The RAMB36E1 i_ariane_peripherals/gen_ethernet.eth_rgmii/RAMB16_inst_rx/genblk1[0].RAMB16_S9_S36_inst has an input control pin i_ariane_peripherals/gen_ethernet.eth_rgmii/RAMB16_inst_rx/genblk1[0].RAMB16_S9_S36_inst/ADDRBWRADDR[13] (net: i_ariane_peripherals/gen_ethernet.eth_rgmii/RAMB16_inst_rx/addrb[8]) which is driven by a register (i_axi_xbar/i_xbar/gen_mst_port_mux[7].i_axi_mux/gen_mux.i_w_spill_reg/spill_register_flushable_i/gen_spill_reg.b_full_q_reg) that has an active asychronous set or reset. This may cause corruption of the memory contents and/or read values when the set/reset is asserted and is not analyzed by the default static timing analysis. It is suggested to eliminate the use of a set/reset to registers driving this RAMB pin or else use a synchronous reset in which the assertion of the reset is timed by default.
WARNING: [DRC REQP-1840] RAMB18 async control check: The RAMB18E1 i_ariane_peripherals/gen_spi.i_xlnx_axi_quad_spi/U0/NO_DUAL_QUAD_MODE.QSPI_NORMAL/QSPI_ENHANCED_MD_GEN.QSPI_CORE_INTERFACE_I/FIFO_EXISTS.RX_FIFO_II/gnuram_async_fifo.xpm_fifo_base_inst/gen_sdpram.xpm_memory_base_inst/gen_wr_a.gen_word_narrow.mem_reg has an input control pin i_ariane_peripherals/gen_spi.i_xlnx_axi_quad_spi/U0/NO_DUAL_QUAD_MODE.QSPI_NORMAL/QSPI_ENHANCED_MD_GEN.QSPI_CORE_INTERFACE_I/FIFO_EXISTS.RX_FIFO_II/gnuram_async_fifo.xpm_fifo_base_inst/gen_sdpram.xpm_memory_base_inst/gen_wr_a.gen_word_narrow.mem_reg/ENBWREN (net: i_ariane_peripherals/gen_spi.i_xlnx_axi_quad_spi/U0/NO_DUAL_QUAD_MODE.QSPI_NORMAL/QSPI_ENHANCED_MD_GEN.QSPI_CORE_INTERFACE_I/FIFO_EXISTS.RX_FIFO_II/gnuram_async_fifo.xpm_fifo_base_inst/gen_sdpram.xpm_memory_base_inst/enb) which is driven by a register (i_ariane_peripherals/gen_spi.i_xlnx_axi_dwidth_converter_spi/inst/gen_downsizer.gen_simple_downsizer.axi_downsizer_inst/USE_READ.read_addr_inst/cmd_queue/inst/fifo_gen_inst/inst_fifo_gen/gconvfifo.rf/grf.rf/gntv_or_sync_fifo.gl0.rd/gr1.gr1_int.rfwft/empty_fwft_i_reg) that has an active asychronous set or reset. This may cause corruption of the memory contents and/or read values when the set/reset is asserted and is not analyzed by the default static timing analysis. It is suggested to eliminate the use of a set/reset to registers driving this RAMB pin or else use a synchronous reset in which the assertion of the reset is timed by default.
WARNING: [DRC REQP-1840] RAMB18 async control check: The RAMB18E1 i_ariane_peripherals/gen_spi.i_xlnx_axi_quad_spi/U0/NO_DUAL_QUAD_MODE.QSPI_NORMAL/QSPI_ENHANCED_MD_GEN.QSPI_CORE_INTERFACE_I/FIFO_EXISTS.RX_FIFO_II/gnuram_async_fifo.xpm_fifo_base_inst/gen_sdpram.xpm_memory_base_inst/gen_wr_a.gen_word_narrow.mem_reg has an input control pin i_ariane_peripherals/gen_spi.i_xlnx_axi_quad_spi/U0/NO_DUAL_QUAD_MODE.QSPI_NORMAL/QSPI_ENHANCED_MD_GEN.QSPI_CORE_INTERFACE_I/FIFO_EXISTS.RX_FIFO_II/gnuram_async_fifo.xpm_fifo_base_inst/gen_sdpram.xpm_memory_base_inst/gen_wr_a.gen_word_narrow.mem_reg/ENBWREN (net: i_ariane_peripherals/gen_spi.i_xlnx_axi_quad_spi/U0/NO_DUAL_QUAD_MODE.QSPI_NORMAL/QSPI_ENHANCED_MD_GEN.QSPI_CORE_INTERFACE_I/FIFO_EXISTS.RX_FIFO_II/gnuram_async_fifo.xpm_fifo_base_inst/gen_sdpram.xpm_memory_base_inst/enb) which is driven by a register (i_axi_xbar/i_xbar/gen_mst_port_mux[8].i_axi_mux/gen_mux.i_r_spill_reg/spill_register_flushable_i/gen_spill_reg.a_full_q_reg) that has an active asychronous set or reset. This may cause corruption of the memory contents and/or read values when the set/reset is asserted and is not analyzed by the default static timing analysis. It is suggested to eliminate the use of a set/reset to registers driving this RAMB pin or else use a synchronous reset in which the assertion of the reset is timed by default.
WARNING: [DRC REQP-1840] RAMB18 async control check: The RAMB18E1 i_ariane_peripherals/gen_spi.i_xlnx_axi_quad_spi/U0/NO_DUAL_QUAD_MODE.QSPI_NORMAL/QSPI_ENHANCED_MD_GEN.QSPI_CORE_INTERFACE_I/FIFO_EXISTS.RX_FIFO_II/gnuram_async_fifo.xpm_fifo_base_inst/gen_sdpram.xpm_memory_base_inst/gen_wr_a.gen_word_narrow.mem_reg has an input control pin i_ariane_peripherals/gen_spi.i_xlnx_axi_quad_spi/U0/NO_DUAL_QUAD_MODE.QSPI_NORMAL/QSPI_ENHANCED_MD_GEN.QSPI_CORE_INTERFACE_I/FIFO_EXISTS.RX_FIFO_II/gnuram_async_fifo.xpm_fifo_base_inst/gen_sdpram.xpm_memory_base_inst/gen_wr_a.gen_word_narrow.mem_reg/ENBWREN (net: i_ariane_peripherals/gen_spi.i_xlnx_axi_quad_spi/U0/NO_DUAL_QUAD_MODE.QSPI_NORMAL/QSPI_ENHANCED_MD_GEN.QSPI_CORE_INTERFACE_I/FIFO_EXISTS.RX_FIFO_II/gnuram_async_fifo.xpm_fifo_base_inst/gen_sdpram.xpm_memory_base_inst/enb) which is driven by a register (i_axi_xbar/i_xbar/gen_mst_port_mux[8].i_axi_mux/gen_mux.i_r_spill_reg/spill_register_flushable_i/gen_spill_reg.b_full_q_reg) that has an active asychronous set or reset. This may cause corruption of the memory contents and/or read values when the set/reset is asserted and is not analyzed by the default static timing analysis. It is suggested to eliminate the use of a set/reset to registers driving this RAMB pin or else use a synchronous reset in which the assertion of the reset is timed by default.
WARNING: [DRC REQP-1840] RAMB18 async control check: The RAMB18E1 i_ariane_peripherals/gen_spi.i_xlnx_axi_quad_spi/U0/NO_DUAL_QUAD_MODE.QSPI_NORMAL/QSPI_ENHANCED_MD_GEN.QSPI_CORE_INTERFACE_I/FIFO_EXISTS.TX_FIFO_II/xpm_fifo_instance.xpm_fifo_async_inst/gnuram_async_fifo.xpm_fifo_base_inst/gen_sdpram.xpm_memory_base_inst/gen_wr_a.gen_word_narrow.mem_reg has an input control pin i_ariane_peripherals/gen_spi.i_xlnx_axi_quad_spi/U0/NO_DUAL_QUAD_MODE.QSPI_NORMAL/QSPI_ENHANCED_MD_GEN.QSPI_CORE_INTERFACE_I/FIFO_EXISTS.TX_FIFO_II/xpm_fifo_instance.xpm_fifo_async_inst/gnuram_async_fifo.xpm_fifo_base_inst/gen_sdpram.xpm_memory_base_inst/gen_wr_a.gen_word_narrow.mem_reg/ENARDEN (net: i_ariane_peripherals/gen_spi.i_xlnx_axi_quad_spi/U0/NO_DUAL_QUAD_MODE.QSPI_NORMAL/QSPI_ENHANCED_MD_GEN.QSPI_CORE_INTERFACE_I/FIFO_EXISTS.TX_FIFO_II/xpm_fifo_instance.xpm_fifo_async_inst/gnuram_async_fifo.xpm_fifo_base_inst/gen_sdpram.xpm_memory_base_inst/ena) which is driven by a register (i_ariane_peripherals/gen_spi.i_xlnx_axi_dwidth_converter_spi/inst/gen_downsizer.gen_simple_downsizer.axi_downsizer_inst/USE_WRITE.write_addr_inst/cmd_queue/inst/fifo_gen_inst/inst_fifo_gen/gconvfifo.rf/grf.rf/gntv_or_sync_fifo.gl0.rd/gr1.gr1_int.rfwft/empty_fwft_i_reg) that has an active asychronous set or reset. This may cause corruption of the memory contents and/or read values when the set/reset is asserted and is not analyzed by the default static timing analysis. It is suggested to eliminate the use of a set/reset to registers driving this RAMB pin or else use a synchronous reset in which the assertion of the reset is timed by default.
WARNING: [DRC REQP-1840] RAMB18 async control check: The RAMB18E1 i_ariane_peripherals/gen_spi.i_xlnx_axi_quad_spi/U0/NO_DUAL_QUAD_MODE.QSPI_NORMAL/QSPI_ENHANCED_MD_GEN.QSPI_CORE_INTERFACE_I/FIFO_EXISTS.TX_FIFO_II/xpm_fifo_instance.xpm_fifo_async_inst/gnuram_async_fifo.xpm_fifo_base_inst/gen_sdpram.xpm_memory_base_inst/gen_wr_a.gen_word_narrow.mem_reg has an input control pin i_ariane_peripherals/gen_spi.i_xlnx_axi_quad_spi/U0/NO_DUAL_QUAD_MODE.QSPI_NORMAL/QSPI_ENHANCED_MD_GEN.QSPI_CORE_INTERFACE_I/FIFO_EXISTS.TX_FIFO_II/xpm_fifo_instance.xpm_fifo_async_inst/gnuram_async_fifo.xpm_fifo_base_inst/gen_sdpram.xpm_memory_base_inst/gen_wr_a.gen_word_narrow.mem_reg/ENARDEN (net: i_ariane_peripherals/gen_spi.i_xlnx_axi_quad_spi/U0/NO_DUAL_QUAD_MODE.QSPI_NORMAL/QSPI_ENHANCED_MD_GEN.QSPI_CORE_INTERFACE_I/FIFO_EXISTS.TX_FIFO_II/xpm_fifo_instance.xpm_fifo_async_inst/gnuram_async_fifo.xpm_fifo_base_inst/gen_sdpram.xpm_memory_base_inst/ena) which is driven by a register (i_axi_xbar/i_xbar/gen_mst_port_mux[8].i_axi_mux/gen_mux.i_w_spill_reg/spill_register_flushable_i/gen_spill_reg.a_full_q_reg) that has an active asychronous set or reset. This may cause corruption of the memory contents and/or read values when the set/reset is asserted and is not analyzed by the default static timing analysis. It is suggested to eliminate the use of a set/reset to registers driving this RAMB pin or else use a synchronous reset in which the assertion of the reset is timed by default.
WARNING: [DRC REQP-1840] RAMB18 async control check: The RAMB18E1 i_ariane_peripherals/gen_spi.i_xlnx_axi_quad_spi/U0/NO_DUAL_QUAD_MODE.QSPI_NORMAL/QSPI_ENHANCED_MD_GEN.QSPI_CORE_INTERFACE_I/FIFO_EXISTS.TX_FIFO_II/xpm_fifo_instance.xpm_fifo_async_inst/gnuram_async_fifo.xpm_fifo_base_inst/gen_sdpram.xpm_memory_base_inst/gen_wr_a.gen_word_narrow.mem_reg has an input control pin i_ariane_peripherals/gen_spi.i_xlnx_axi_quad_spi/U0/NO_DUAL_QUAD_MODE.QSPI_NORMAL/QSPI_ENHANCED_MD_GEN.QSPI_CORE_INTERFACE_I/FIFO_EXISTS.TX_FIFO_II/xpm_fifo_instance.xpm_fifo_async_inst/gnuram_async_fifo.xpm_fifo_base_inst/gen_sdpram.xpm_memory_base_inst/gen_wr_a.gen_word_narrow.mem_reg/ENARDEN (net: i_ariane_peripherals/gen_spi.i_xlnx_axi_quad_spi/U0/NO_DUAL_QUAD_MODE.QSPI_NORMAL/QSPI_ENHANCED_MD_GEN.QSPI_CORE_INTERFACE_I/FIFO_EXISTS.TX_FIFO_II/xpm_fifo_instance.xpm_fifo_async_inst/gnuram_async_fifo.xpm_fifo_base_inst/gen_sdpram.xpm_memory_base_inst/ena) which is driven by a register (i_axi_xbar/i_xbar/gen_mst_port_mux[8].i_axi_mux/gen_mux.i_w_spill_reg/spill_register_flushable_i/gen_spill_reg.b_full_q_reg) that has an active asychronous set or reset. This may cause corruption of the memory contents and/or read values when the set/reset is asserted and is not analyzed by the default static timing analysis. It is suggested to eliminate the use of a set/reset to registers driving this RAMB pin or else use a synchronous reset in which the assertion of the reset is timed by default.
WARNING: [DRC REQP-1840] RAMB18 async control check: The RAMB18E1 i_ariane_peripherals/gen_spi.i_xlnx_axi_quad_spi/U0/NO_DUAL_QUAD_MODE.QSPI_NORMAL/QSPI_ENHANCED_MD_GEN.QSPI_CORE_INTERFACE_I/FIFO_EXISTS.TX_FIFO_II/xpm_fifo_instance.xpm_fifo_async_inst/gnuram_async_fifo.xpm_fifo_base_inst/gen_sdpram.xpm_memory_base_inst/gen_wr_a.gen_word_narrow.mem_reg has an input control pin i_ariane_peripherals/gen_spi.i_xlnx_axi_quad_spi/U0/NO_DUAL_QUAD_MODE.QSPI_NORMAL/QSPI_ENHANCED_MD_GEN.QSPI_CORE_INTERFACE_I/FIFO_EXISTS.TX_FIFO_II/xpm_fifo_instance.xpm_fifo_async_inst/gnuram_async_fifo.xpm_fifo_base_inst/gen_sdpram.xpm_memory_base_inst/gen_wr_a.gen_word_narrow.mem_reg/WEA[0] (net: i_ariane_peripherals/gen_spi.i_xlnx_axi_quad_spi/U0/NO_DUAL_QUAD_MODE.QSPI_NORMAL/QSPI_ENHANCED_MD_GEN.QSPI_CORE_INTERFACE_I/FIFO_EXISTS.TX_FIFO_II/xpm_fifo_instance.xpm_fifo_async_inst/gnuram_async_fifo.xpm_fifo_base_inst/gen_sdpram.xpm_memory_base_inst/ena) which is driven by a register (i_ariane_peripherals/gen_spi.i_xlnx_axi_dwidth_converter_spi/inst/gen_downsizer.gen_simple_downsizer.axi_downsizer_inst/USE_WRITE.write_addr_inst/cmd_queue/inst/fifo_gen_inst/inst_fifo_gen/gconvfifo.rf/grf.rf/gntv_or_sync_fifo.gl0.rd/gr1.gr1_int.rfwft/empty_fwft_i_reg) that has an active asychronous set or reset. This may cause corruption of the memory contents and/or read values when the set/reset is asserted and is not analyzed by the default static timing analysis. It is suggested to eliminate the use of a set/reset to registers driving this RAMB pin or else use a synchronous reset in which the assertion of the reset is timed by default.
WARNING: [DRC REQP-1840] RAMB18 async control check: The RAMB18E1 i_ariane_peripherals/gen_spi.i_xlnx_axi_quad_spi/U0/NO_DUAL_QUAD_MODE.QSPI_NORMAL/QSPI_ENHANCED_MD_GEN.QSPI_CORE_INTERFACE_I/FIFO_EXISTS.TX_FIFO_II/xpm_fifo_instance.xpm_fifo_async_inst/gnuram_async_fifo.xpm_fifo_base_inst/gen_sdpram.xpm_memory_base_inst/gen_wr_a.gen_word_narrow.mem_reg has an input control pin i_ariane_peripherals/gen_spi.i_xlnx_axi_quad_spi/U0/NO_DUAL_QUAD_MODE.QSPI_NORMAL/QSPI_ENHANCED_MD_GEN.QSPI_CORE_INTERFACE_I/FIFO_EXISTS.TX_FIFO_II/xpm_fifo_instance.xpm_fifo_async_inst/gnuram_async_fifo.xpm_fifo_base_inst/gen_sdpram.xpm_memory_base_inst/gen_wr_a.gen_word_narrow.mem_reg/WEA[0] (net: i_ariane_peripherals/gen_spi.i_xlnx_axi_quad_spi/U0/NO_DUAL_QUAD_MODE.QSPI_NORMAL/QSPI_ENHANCED_MD_GEN.QSPI_CORE_INTERFACE_I/FIFO_EXISTS.TX_FIFO_II/xpm_fifo_instance.xpm_fifo_async_inst/gnuram_async_fifo.xpm_fifo_base_inst/gen_sdpram.xpm_memory_base_inst/ena) which is driven by a register (i_axi_xbar/i_xbar/gen_mst_port_mux[8].i_axi_mux/gen_mux.i_w_spill_reg/spill_register_flushable_i/gen_spill_reg.a_full_q_reg) that has an active asychronous set or reset. This may cause corruption of the memory contents and/or read values when the set/reset is asserted and is not analyzed by the default static timing analysis. It is suggested to eliminate the use of a set/reset to registers driving this RAMB pin or else use a synchronous reset in which the assertion of the reset is timed by default.
WARNING: [DRC REQP-1840] RAMB18 async control check: The RAMB18E1 i_ariane_peripherals/gen_spi.i_xlnx_axi_quad_spi/U0/NO_DUAL_QUAD_MODE.QSPI_NORMAL/QSPI_ENHANCED_MD_GEN.QSPI_CORE_INTERFACE_I/FIFO_EXISTS.TX_FIFO_II/xpm_fifo_instance.xpm_fifo_async_inst/gnuram_async_fifo.xpm_fifo_base_inst/gen_sdpram.xpm_memory_base_inst/gen_wr_a.gen_word_narrow.mem_reg has an input control pin i_ariane_peripherals/gen_spi.i_xlnx_axi_quad_spi/U0/NO_DUAL_QUAD_MODE.QSPI_NORMAL/QSPI_ENHANCED_MD_GEN.QSPI_CORE_INTERFACE_I/FIFO_EXISTS.TX_FIFO_II/xpm_fifo_instance.xpm_fifo_async_inst/gnuram_async_fifo.xpm_fifo_base_inst/gen_sdpram.xpm_memory_base_inst/gen_wr_a.gen_word_narrow.mem_reg/WEA[0] (net: i_ariane_peripherals/gen_spi.i_xlnx_axi_quad_spi/U0/NO_DUAL_QUAD_MODE.QSPI_NORMAL/QSPI_ENHANCED_MD_GEN.QSPI_CORE_INTERFACE_I/FIFO_EXISTS.TX_FIFO_II/xpm_fifo_instance.xpm_fifo_async_inst/gnuram_async_fifo.xpm_fifo_base_inst/gen_sdpram.xpm_memory_base_inst/ena) which is driven by a register (i_axi_xbar/i_xbar/gen_mst_port_mux[8].i_axi_mux/gen_mux.i_w_spill_reg/spill_register_flushable_i/gen_spill_reg.b_full_q_reg) that has an active asychronous set or reset. This may cause corruption of the memory contents and/or read values when the set/reset is asserted and is not analyzed by the default static timing analysis. It is suggested to eliminate the use of a set/reset to registers driving this RAMB pin or else use a synchronous reset in which the assertion of the reset is timed by default.
WARNING: [DRC REQP-1840] RAMB18 async control check: The RAMB18E1 i_ariane_peripherals/gen_spi.i_xlnx_axi_quad_spi/U0/NO_DUAL_QUAD_MODE.QSPI_NORMAL/QSPI_ENHANCED_MD_GEN.QSPI_CORE_INTERFACE_I/FIFO_EXISTS.TX_FIFO_II/xpm_fifo_instance.xpm_fifo_async_inst/gnuram_async_fifo.xpm_fifo_base_inst/gen_sdpram.xpm_memory_base_inst/gen_wr_a.gen_word_narrow.mem_reg has an input control pin i_ariane_peripherals/gen_spi.i_xlnx_axi_quad_spi/U0/NO_DUAL_QUAD_MODE.QSPI_NORMAL/QSPI_ENHANCED_MD_GEN.QSPI_CORE_INTERFACE_I/FIFO_EXISTS.TX_FIFO_II/xpm_fifo_instance.xpm_fifo_async_inst/gnuram_async_fifo.xpm_fifo_base_inst/gen_sdpram.xpm_memory_base_inst/gen_wr_a.gen_word_narrow.mem_reg/WEA[1] (net: i_ariane_peripherals/gen_spi.i_xlnx_axi_quad_spi/U0/NO_DUAL_QUAD_MODE.QSPI_NORMAL/QSPI_ENHANCED_MD_GEN.QSPI_CORE_INTERFACE_I/FIFO_EXISTS.TX_FIFO_II/xpm_fifo_instance.xpm_fifo_async_inst/gnuram_async_fifo.xpm_fifo_base_inst/gen_sdpram.xpm_memory_base_inst/ena) which is driven by a register (i_ariane_peripherals/gen_spi.i_xlnx_axi_dwidth_converter_spi/inst/gen_downsizer.gen_simple_downsizer.axi_downsizer_inst/USE_WRITE.write_addr_inst/cmd_queue/inst/fifo_gen_inst/inst_fifo_gen/gconvfifo.rf/grf.rf/gntv_or_sync_fifo.gl0.rd/gr1.gr1_int.rfwft/empty_fwft_i_reg) that has an active asychronous set or reset. This may cause corruption of the memory contents and/or read values when the set/reset is asserted and is not analyzed by the default static timing analysis. It is suggested to eliminate the use of a set/reset to registers driving this RAMB pin or else use a synchronous reset in which the assertion of the reset is timed by default.
WARNING: [DRC REQP-1840] RAMB18 async control check: The RAMB18E1 i_ariane_peripherals/gen_spi.i_xlnx_axi_quad_spi/U0/NO_DUAL_QUAD_MODE.QSPI_NORMAL/QSPI_ENHANCED_MD_GEN.QSPI_CORE_INTERFACE_I/FIFO_EXISTS.TX_FIFO_II/xpm_fifo_instance.xpm_fifo_async_inst/gnuram_async_fifo.xpm_fifo_base_inst/gen_sdpram.xpm_memory_base_inst/gen_wr_a.gen_word_narrow.mem_reg has an input control pin i_ariane_peripherals/gen_spi.i_xlnx_axi_quad_spi/U0/NO_DUAL_QUAD_MODE.QSPI_NORMAL/QSPI_ENHANCED_MD_GEN.QSPI_CORE_INTERFACE_I/FIFO_EXISTS.TX_FIFO_II/xpm_fifo_instance.xpm_fifo_async_inst/gnuram_async_fifo.xpm_fifo_base_inst/gen_sdpram.xpm_memory_base_inst/gen_wr_a.gen_word_narrow.mem_reg/WEA[1] (net: i_ariane_peripherals/gen_spi.i_xlnx_axi_quad_spi/U0/NO_DUAL_QUAD_MODE.QSPI_NORMAL/QSPI_ENHANCED_MD_GEN.QSPI_CORE_INTERFACE_I/FIFO_EXISTS.TX_FIFO_II/xpm_fifo_instance.xpm_fifo_async_inst/gnuram_async_fifo.xpm_fifo_base_inst/gen_sdpram.xpm_memory_base_inst/ena) which is driven by a register (i_axi_xbar/i_xbar/gen_mst_port_mux[8].i_axi_mux/gen_mux.i_w_spill_reg/spill_register_flushable_i/gen_spill_reg.a_full_q_reg) that has an active asychronous set or reset. This may cause corruption of the memory contents and/or read values when the set/reset is asserted and is not analyzed by the default static timing analysis. It is suggested to eliminate the use of a set/reset to registers driving this RAMB pin or else use a synchronous reset in which the assertion of the reset is timed by default.
WARNING: [DRC REQP-1840] RAMB18 async control check: The RAMB18E1 i_ariane_peripherals/gen_spi.i_xlnx_axi_quad_spi/U0/NO_DUAL_QUAD_MODE.QSPI_NORMAL/QSPI_ENHANCED_MD_GEN.QSPI_CORE_INTERFACE_I/FIFO_EXISTS.TX_FIFO_II/xpm_fifo_instance.xpm_fifo_async_inst/gnuram_async_fifo.xpm_fifo_base_inst/gen_sdpram.xpm_memory_base_inst/gen_wr_a.gen_word_narrow.mem_reg has an input control pin i_ariane_peripherals/gen_spi.i_xlnx_axi_quad_spi/U0/NO_DUAL_QUAD_MODE.QSPI_NORMAL/QSPI_ENHANCED_MD_GEN.QSPI_CORE_INTERFACE_I/FIFO_EXISTS.TX_FIFO_II/xpm_fifo_instance.xpm_fifo_async_inst/gnuram_async_fifo.xpm_fifo_base_inst/gen_sdpram.xpm_memory_base_inst/gen_wr_a.gen_word_narrow.mem_reg/WEA[1] (net: i_ariane_peripherals/gen_spi.i_xlnx_axi_quad_spi/U0/NO_DUAL_QUAD_MODE.QSPI_NORMAL/QSPI_ENHANCED_MD_GEN.QSPI_CORE_INTERFACE_I/FIFO_EXISTS.TX_FIFO_II/xpm_fifo_instance.xpm_fifo_async_inst/gnuram_async_fifo.xpm_fifo_base_inst/gen_sdpram.xpm_memory_base_inst/ena) which is driven by a register (i_axi_xbar/i_xbar/gen_mst_port_mux[8].i_axi_mux/gen_mux.i_w_spill_reg/spill_register_flushable_i/gen_spill_reg.b_full_q_reg) that has an active asychronous set or reset. This may cause corruption of the memory contents and/or read values when the set/reset is asserted and is not analyzed by the default static timing analysis. It is suggested to eliminate the use of a set/reset to registers driving this RAMB pin or else use a synchronous reset in which the assertion of the reset is timed by default.
WARNING: [DRC RTSTAT-10] No routable loads: 113 net(s) have no routable loads. The problem bus(es) and/or net(s) are i_ariane_peripherals/gen_spi.i_xlnx_axi_dwidth_converter_spi/inst/gen_downsizer.gen_simple_downsizer.axi_downsizer_inst/USE_WRITE.write_addr_inst/cmd_queue/inst/fifo_gen_inst/inst_fifo_gen/gconvfifo.rf/grf.rf/gntv_or_sync_fifo.gl0.rd/gr1.gr1_int.rfwft/aempty_fwft_i, i_xlnx_axi_clock_converter_ddr/inst/gen_clock_conv.gen_async_conv.asyncfifo_axi/inst_fifo_gen/gaxi_full_lite.gwrite_ch.gwach2.axi_wach/grf.rf/gntv_or_sync_fifo.gl0.rd/gr1.gr1_int.rfwft/aempty_fwft_i, i_xlnx_axi_clock_converter_ddr/inst/gen_clock_conv.gen_async_conv.asyncfifo_axi/inst_fifo_gen/gaxi_full_lite.gwrite_ch.gwdch2.axi_wdch/grf.rf/gntv_or_sync_fifo.gl0.rd/gr1.gr1_int.rfwft/aempty_fwft_i, i_ariane_peripherals/gen_gpio.i_xlnx_axi_dwidth_converter_gpio/inst/gen_downsizer.gen_simple_downsizer.axi_downsizer_inst/USE_WRITE.write_addr_inst/USE_B_CHANNEL.cmd_b_queue/inst/fifo_gen_inst/inst_fifo_gen/gconvfifo.rf/grf.rf/gntv_or_sync_fifo.gl0.rd/gr1.gr1_int.rfwft/aempty_fwft_i, i_ariane_peripherals/gen_gpio.i_xlnx_axi_dwidth_converter_gpio/inst/gen_downsizer.gen_simple_downsizer.axi_downsizer_inst/USE_WRITE.write_addr_inst/cmd_queue/inst/fifo_gen_inst/inst_fifo_gen/gconvfifo.rf/grf.rf/gntv_or_sync_fifo.gl0.rd/gr1.gr1_int.rfwft/aempty_fwft_i, i_ariane_peripherals/gen_spi.i_xlnx_axi_dwidth_converter_spi/inst/gen_downsizer.gen_simple_downsizer.axi_downsizer_inst/USE_WRITE.write_addr_inst/USE_B_CHANNEL.cmd_b_queue/inst/fifo_gen_inst/inst_fifo_gen/gconvfifo.rf/grf.rf/gntv_or_sync_fifo.gl0.rd/gr1.gr1_int.rfwft/aempty_fwft_i, i_xlnx_axi_clock_converter_ddr/inst/gen_clock_conv.gen_async_conv.asyncfifo_axi/inst_fifo_gen/gaxi_full_lite.gread_ch.grach2.axi_rach/grf.rf/gntv_or_sync_fifo.gl0.rd/gr1.gr1_int.rfwft/aempty_fwft_i, i_xlnx_axi_clock_converter_ddr/inst/gen_clock_conv.gen_async_conv.asyncfifo_axi/inst_fifo_gen/gaxi_full_lite.gwrite_ch.gwrch2.axi_wrch/grf.rf/gntv_or_sync_fifo.gl0.rd/gr1.gr1_int.rfwft/aempty_fwft_i, i_ariane_peripherals/gen_spi.i_xlnx_axi_dwidth_converter_spi/inst/gen_downsizer.gen_simple_downsizer.axi_downsizer_inst/USE_READ.read_addr_inst/cmd_queue/inst/fifo_gen_inst/inst_fifo_gen/gconvfifo.rf/grf.rf/gntv_or_sync_fifo.gl0.rd/gr1.gr1_int.rfwft/aempty_fwft_i, i_ariane_peripherals/gen_gpio.i_xlnx_axi_dwidth_converter_gpio/inst/gen_downsizer.gen_simple_downsizer.axi_downsizer_inst/USE_READ.read_addr_inst/cmd_queue/inst/fifo_gen_inst/inst_fifo_gen/gconvfifo.rf/grf.rf/gntv_or_sync_fifo.gl0.rd/gr1.gr1_int.rfwft/aempty_fwft_i, i_xlnx_axi_clock_converter_ddr/inst/gen_clock_conv.gen_async_conv.asyncfifo_axi/inst_fifo_gen/gaxi_full_lite.gread_ch.grdch2.axi_rdch/grf.rf/gntv_or_sync_fifo.gl0.rd/gr1.gr1_int.rfwft/aempty_fwft_i, i_dmi_jtag/i_dmi_cdc/i_cdc_resp/i_dst/data_dst_q[resp][1:0], i_xlnx_axi_clock_converter_ddr/inst/gen_clock_conv.gen_async_conv.asyncfifo_axi/inst_fifo_gen/gaxi_full_lite.gwrite_ch.gwdch2.axi_wdch/grf.rf/rstblk/ngwrdrst.grst.rd_rst_reg[2:0], i_ariane_peripherals/gen_spi.i_xlnx_axi_dwidth_converter_spi/inst/gen_downsizer.gen_simple_downsizer.axi_downsizer_inst/USE_WRITE.write_addr_inst/cmd_queue/inst/fifo_gen_inst/inst_fifo_gen/gconvfifo.rf/grf.rf/rstblk/ngwrdrst.grst.rd_rst_reg[2:0], i_xlnx_axi_clock_converter_ddr/inst/gen_clock_conv.gen_async_conv.asyncfifo_axi/inst_fifo_gen/gaxi_full_lite.gwrite_ch.gwach2.axi_wach/grf.rf/rstblk/ngwrdrst.grst.rd_rst_reg[2:0]... and (the first 15 of 68 listed).
INFO: [DRC REQP-165] writefirst: Synchronous clocking is detected for BRAM (i_ariane_peripherals/gen_hwicap.i_hwicap/U0/ICAP_NOT_SHARED.HWICAP_CTRL_I/IPIC_IF_I/RD_FIFO.RDDATA_FIFO_I/xpm_fifo_instance.xpm_fifo_async_inst/gnuram_async_fifo.xpm_fifo_base_inst/gen_sdpram.xpm_memory_base_inst/gen_wr_a.gen_word_narrow.mem_reg) in SDP mode with WRITE_FIRST write-mode. This is the preferred mode for best power characteristics, however it may exhibit address collisions if the same address appears on both read and write ports resulting in unknown or corrupted read data. It is suggested to confirm via simulation that an address collision never occurs and if so it is suggested to try and avoid this situation. If address collisions cannot be avoided, the write-mode may be set to READ_FIRST which guarantees that the read data is the prior contents of the memory at the cost of additional power in the design. See the FPGA Memory Resources User Guide for additional information.
INFO: [DRC REQP-165] writefirst: Synchronous clocking is detected for BRAM (i_ariane_peripherals/gen_hwicap.i_hwicap/U0/ICAP_NOT_SHARED.HWICAP_CTRL_I/IPIC_IF_I/WRFIFO.WRDATA_FIFO_I/xpm_fifo_instance.xpm_fifo_async_inst/gnuram_async_fifo.xpm_fifo_base_inst/gen_sdpram.xpm_memory_base_inst/gen_wr_a.gen_word_narrow.mem_reg) in SDP mode with WRITE_FIRST write-mode. This is the preferred mode for best power characteristics, however it may exhibit address collisions if the same address appears on both read and write ports resulting in unknown or corrupted read data. It is suggested to confirm via simulation that an address collision never occurs and if so it is suggested to try and avoid this situation. If address collisions cannot be avoided, the write-mode may be set to READ_FIRST which guarantees that the read data is the prior contents of the memory at the cost of additional power in the design. See the FPGA Memory Resources User Guide for additional information.
INFO: [Vivado 12-3199] DRC finished with 0 Errors, 238 Warnings, 2 Advisories
INFO: [Vivado 12-3200] Please refer to the DRC report (report_drc) for more information.
Partition "pblock_accel2" Reconfigurable Module "i_ariane_peripherals/gen_dma.gen_accel2.i_accel2"
Partition "pblock_accel1" Reconfigurable Module "i_ariane_peripherals/gen_dma.i_accel1"
INFO: [Designutils 20-2272] Running write_bitstream with 8 threads.
Loading data files...
Loading site data...
Loading route data...
Processing options...
Creating bitmap...
Creating bitstream...
Writing bitstream /home/jc/tmp/riscv-iommu-demo/cva6/corev_apu/fpga/work-dpr/full_accel_A.bit...
Process Partition "pblock_accel2"
INFO: [Designutils 20-2272] Running write_bitstream with 8 threads.
Loading data files...
Loading site data...
Loading route data...
Processing options...
Creating bitmap...
Creating bitstream...
Partial bitstream contains 32966848 bits.
Writing bitstream /home/jc/tmp/riscv-iommu-demo/cva6/corev_apu/fpga/work-dpr/full_accel_A_pblock_accel2_partial.bit...
Process Partition "pblock_accel1"
INFO: [Designutils 20-2272] Running write_bitstream with 8 threads.
Loading data files...
Loading site data...
Loading route data...
Processing options...
Creating bitmap...
Creating bitstream...
Partial bitstream contains 17114560 bits.
Writing bitstream /home/jc/tmp/riscv-iommu-demo/cva6/corev_apu/fpga/work-dpr/full_accel_A_pblock_accel1_partial.bit...
INFO: [Vivado 12-1842] Bitgen Completed Successfully.
INFO: [Common 17-83] Releasing license: Implementation
16 Infos, 237 Warnings, 0 Critical Warnings and 0 Errors encountered.
write_bitstream completed successfully
write_bitstream: Time (s): cpu = 00:05:32 ; elapsed = 00:03:35 . Memory (MB): peak = 5493.184 ; gain = 43.801 ; free physical = 30824 ; free virtual = 41906
# puts "OK: $work_dpr/full_${rm_name}.bit"
OK: /home/jc/tmp/riscv-iommu-demo/cva6/corev_apu/fpga/work-dpr/full_accel_A.bit
# set cell1 [get_cells -quiet i_ariane_peripherals/gen_dma.i_accel1]
# set cell2 [get_cells -quiet i_ariane_peripherals/gen_dma.gen_accel2.i_accel2]
# write_bitstream -force -cell $cell1 \
#     $work_dpr/partial_${rm_name}_accel1.bit
Command: write_bitstream -force -cell [get_cells -quiet i_ariane_peripherals/gen_dma.i_accel1] /home/jc/tmp/riscv-iommu-demo/cva6/corev_apu/fpga/work-dpr/partial_accel_A_accel1.bit
Attempting to get a license for feature 'Implementation' and/or device 'xc7k325t'
INFO: [Common 17-349] Got license for feature 'Implementation' and/or device 'xc7k325t'
INFO: [Common 17-1540] The version limit for your license is '2025.06' and has expired for new software. A version limit expiration means that, although you may be able to continue to use the current version of tools or IP with this license, you will not be eligible for new releases.
Running DRC as a precondition to command write_bitstream
INFO: [IP_Flow 19-1839] IP Catalog is up to date.
INFO: [DRC 23-27] Running DRC with 8 threads
GCIO site IOB_X0Y22
GCIO site IOB_X0Y24
GCIO site IOB_X0Y26
GCIO site IOB_X0Y28
GCIO site IOB_X1Y22
GCIO site IOB_X1Y24
GCIO site IOB_X1Y26
GCIO site IOB_X1Y28
GCIO site IOB_X0Y72
GCIO site IOB_X0Y74
GCIO site IOB_X0Y76
GCIO site IOB_X0Y78
GCIO site IOB_X1Y72
GCIO site IOB_X1Y74
GCIO site IOB_X1Y76
GCIO site IOB_X1Y78
GCIO site IOB_X0Y122
GCIO site IOB_X0Y124
GCIO site IOB_X0Y126
GCIO site IOB_X0Y128
GCIO site IOB_X1Y122
GCIO site IOB_X1Y124
GCIO site IOB_X1Y126
GCIO site IOB_X1Y128
GCIO site IOB_X0Y172
GCIO site IOB_X0Y174
GCIO site IOB_X0Y176
GCIO site IOB_X0Y178
GCIO site IOB_X0Y222
GCIO site IOB_X0Y224
GCIO site IOB_X0Y226
GCIO site IOB_X0Y228
GCIO site IOB_X0Y272
GCIO site IOB_X0Y274
GCIO site IOB_X0Y276
GCIO site IOB_X0Y278
GCIO site IOB_X0Y322
GCIO site IOB_X0Y324
GCIO site IOB_X0Y326
GCIO site IOB_X0Y328
WARNING: [DRC 23-804] Only the first 20 REQP-1839 messages were issued by report_drc. An additional 1 messages have not been issued. Use 'set_property MAX_MESSAGES <number> [get_drc_check REQP-1839]' to change the number of messages that should be reported.
WARNING: [DRC CFGBVS-1] Missing CFGBVS and CONFIG_VOLTAGE Design Properties: Neither the CFGBVS nor CONFIG_VOLTAGE voltage property is set in the current_design.  Configuration bank voltage select (CFGBVS) must be set to VCCO or GND, and CONFIG_VOLTAGE must be set to the correct configuration voltage, in order to determine the I/O voltage support for the pins in bank 0.  It is suggested to specify these either using the 'Edit Device Properties' function in the GUI or directly in the XDC file using the following syntax:

 set_property CFGBVS value1 [current_design]
 #where value1 is either VCCO or GND

 set_property CONFIG_VOLTAGE value2 [current_design]
 #where value2 is the voltage provided to configuration bank 0

Refer to the device configuration user guide for more information.
WARNING: [DRC CHECK-3] Report rule limit reached: REQP-1839 rule limit reached: 20 violations have been found.
WARNING: [DRC CHECK-3] Report rule limit reached: REQP-1839 rule limit reached: 20 violations have been found.
WARNING: [DRC DPIP-1] Input pipelining: DSP i_ariane/i_cva6/ex_stage_i/fpu_gen.fpu_i/fpu_gen.i_fpnew_bulk/gen_operation_groups[0].i_opgroup_block/gen_parallel_slices[0].active_format.i_fmt_slice/gen_num_lanes[0].active_lane.lane_instance.i_fma/product input i_ariane/i_cva6/ex_stage_i/fpu_gen.fpu_i/fpu_gen.i_fpnew_bulk/gen_operation_groups[0].i_opgroup_block/gen_parallel_slices[0].active_format.i_fmt_slice/gen_num_lanes[0].active_lane.lane_instance.i_fma/product/A[29:0] is not pipelined. Pipelining DSP48 input will improve performance.
WARNING: [DRC DPIP-1] Input pipelining: DSP i_ariane/i_cva6/ex_stage_i/fpu_gen.fpu_i/fpu_gen.i_fpnew_bulk/gen_operation_groups[0].i_opgroup_block/gen_parallel_slices[0].active_format.i_fmt_slice/gen_num_lanes[0].active_lane.lane_instance.i_fma/product input i_ariane/i_cva6/ex_stage_i/fpu_gen.fpu_i/fpu_gen.i_fpnew_bulk/gen_operation_groups[0].i_opgroup_block/gen_parallel_slices[0].active_format.i_fmt_slice/gen_num_lanes[0].active_lane.lane_instance.i_fma/product/B[17:0] is not pipelined. Pipelining DSP48 input will improve performance.
WARNING: [DRC DPIP-1] Input pipelining: DSP i_ariane/i_cva6/ex_stage_i/fpu_gen.fpu_i/fpu_gen.i_fpnew_bulk/gen_operation_groups[0].i_opgroup_block/gen_parallel_slices[0].active_format.i_fmt_slice/gen_num_lanes[0].active_lane.lane_instance.i_fma/product__0 input i_ariane/i_cva6/ex_stage_i/fpu_gen.fpu_i/fpu_gen.i_fpnew_bulk/gen_operation_groups[0].i_opgroup_block/gen_parallel_slices[0].active_format.i_fmt_slice/gen_num_lanes[0].active_lane.lane_instance.i_fma/product__0/B[17:0] is not pipelined. Pipelining DSP48 input will improve performance.
WARNING: [DRC DPIP-1] Input pipelining: DSP i_ariane/i_cva6/ex_stage_i/fpu_gen.fpu_i/fpu_gen.i_fpnew_bulk/gen_operation_groups[0].i_opgroup_block/gen_parallel_slices[1].active_format.i_fmt_slice/gen_num_lanes[0].active_lane.lane_instance.i_fma/product input i_ariane/i_cva6/ex_stage_i/fpu_gen.fpu_i/fpu_gen.i_fpnew_bulk/gen_operation_groups[0].i_opgroup_block/gen_parallel_slices[1].active_format.i_fmt_slice/gen_num_lanes[0].active_lane.lane_instance.i_fma/product/A[29:0] is not pipelined. Pipelining DSP48 input will improve performance.
WARNING: [DRC DPIP-1] Input pipelining: DSP i_ariane/i_cva6/ex_stage_i/fpu_gen.fpu_i/fpu_gen.i_fpnew_bulk/gen_operation_groups[0].i_opgroup_block/gen_parallel_slices[1].active_format.i_fmt_slice/gen_num_lanes[0].active_lane.lane_instance.i_fma/product input i_ariane/i_cva6/ex_stage_i/fpu_gen.fpu_i/fpu_gen.i_fpnew_bulk/gen_operation_groups[0].i_opgroup_block/gen_parallel_slices[1].active_format.i_fmt_slice/gen_num_lanes[0].active_lane.lane_instance.i_fma/product/B[17:0] is not pipelined. Pipelining DSP48 input will improve performance.
WARNING: [DRC DPIP-1] Input pipelining: DSP i_ariane/i_cva6/ex_stage_i/fpu_gen.fpu_i/fpu_gen.i_fpnew_bulk/gen_operation_groups[0].i_opgroup_block/gen_parallel_slices[1].active_format.i_fmt_slice/gen_num_lanes[0].active_lane.lane_instance.i_fma/product__0 input i_ariane/i_cva6/ex_stage_i/fpu_gen.fpu_i/fpu_gen.i_fpnew_bulk/gen_operation_groups[0].i_opgroup_block/gen_parallel_slices[1].active_format.i_fmt_slice/gen_num_lanes[0].active_lane.lane_instance.i_fma/product__0/A[29:0] is not pipelined. Pipelining DSP48 input will improve performance.
WARNING: [DRC DPIP-1] Input pipelining: DSP i_ariane/i_cva6/ex_stage_i/fpu_gen.fpu_i/fpu_gen.i_fpnew_bulk/gen_operation_groups[0].i_opgroup_block/gen_parallel_slices[1].active_format.i_fmt_slice/gen_num_lanes[0].active_lane.lane_instance.i_fma/product__0 input i_ariane/i_cva6/ex_stage_i/fpu_gen.fpu_i/fpu_gen.i_fpnew_bulk/gen_operation_groups[0].i_opgroup_block/gen_parallel_slices[1].active_format.i_fmt_slice/gen_num_lanes[0].active_lane.lane_instance.i_fma/product__0/B[17:0] is not pipelined. Pipelining DSP48 input will improve performance.
WARNING: [DRC DPIP-1] Input pipelining: DSP i_ariane/i_cva6/ex_stage_i/fpu_gen.fpu_i/fpu_gen.i_fpnew_bulk/gen_operation_groups[0].i_opgroup_block/gen_parallel_slices[1].active_format.i_fmt_slice/gen_num_lanes[0].active_lane.lane_instance.i_fma/product__1 input i_ariane/i_cva6/ex_stage_i/fpu_gen.fpu_i/fpu_gen.i_fpnew_bulk/gen_operation_groups[0].i_opgroup_block/gen_parallel_slices[1].active_format.i_fmt_slice/gen_num_lanes[0].active_lane.lane_instance.i_fma/product__1/A[29:0] is not pipelined. Pipelining DSP48 input will improve performance.
WARNING: [DRC DPIP-1] Input pipelining: DSP i_ariane/i_cva6/ex_stage_i/fpu_gen.fpu_i/fpu_gen.i_fpnew_bulk/gen_operation_groups[0].i_opgroup_block/gen_parallel_slices[1].active_format.i_fmt_slice/gen_num_lanes[0].active_lane.lane_instance.i_fma/product__1 input i_ariane/i_cva6/ex_stage_i/fpu_gen.fpu_i/fpu_gen.i_fpnew_bulk/gen_operation_groups[0].i_opgroup_block/gen_parallel_slices[1].active_format.i_fmt_slice/gen_num_lanes[0].active_lane.lane_instance.i_fma/product__1/B[17:0] is not pipelined. Pipelining DSP48 input will improve performance.
WARNING: [DRC DPIP-1] Input pipelining: DSP i_ariane/i_cva6/ex_stage_i/fpu_gen.fpu_i/fpu_gen.i_fpnew_bulk/gen_operation_groups[0].i_opgroup_block/gen_parallel_slices[1].active_format.i_fmt_slice/gen_num_lanes[0].active_lane.lane_instance.i_fma/product__2 input i_ariane/i_cva6/ex_stage_i/fpu_gen.fpu_i/fpu_gen.i_fpnew_bulk/gen_operation_groups[0].i_opgroup_block/gen_parallel_slices[1].active_format.i_fmt_slice/gen_num_lanes[0].active_lane.lane_instance.i_fma/product__2/A[29:0] is not pipelined. Pipelining DSP48 input will improve performance.
WARNING: [DRC DPIP-1] Input pipelining: DSP i_ariane/i_cva6/ex_stage_i/fpu_gen.fpu_i/fpu_gen.i_fpnew_bulk/gen_operation_groups[0].i_opgroup_block/gen_parallel_slices[1].active_format.i_fmt_slice/gen_num_lanes[0].active_lane.lane_instance.i_fma/product__2 input i_ariane/i_cva6/ex_stage_i/fpu_gen.fpu_i/fpu_gen.i_fpnew_bulk/gen_operation_groups[0].i_opgroup_block/gen_parallel_slices[1].active_format.i_fmt_slice/gen_num_lanes[0].active_lane.lane_instance.i_fma/product__2/B[17:0] is not pipelined. Pipelining DSP48 input will improve performance.
WARNING: [DRC DPIP-1] Input pipelining: DSP i_ariane/i_cva6/ex_stage_i/fpu_gen.fpu_i/fpu_gen.i_fpnew_bulk/gen_operation_groups[0].i_opgroup_block/gen_parallel_slices[1].active_format.i_fmt_slice/gen_num_lanes[0].active_lane.lane_instance.i_fma/product__3 input i_ariane/i_cva6/ex_stage_i/fpu_gen.fpu_i/fpu_gen.i_fpnew_bulk/gen_operation_groups[0].i_opgroup_block/gen_parallel_slices[1].active_format.i_fmt_slice/gen_num_lanes[0].active_lane.lane_instance.i_fma/product__3/A[29:0] is not pipelined. Pipelining DSP48 input will improve performance.
WARNING: [DRC DPIP-1] Input pipelining: DSP i_ariane/i_cva6/ex_stage_i/fpu_gen.fpu_i/fpu_gen.i_fpnew_bulk/gen_operation_groups[0].i_opgroup_block/gen_parallel_slices[1].active_format.i_fmt_slice/gen_num_lanes[0].active_lane.lane_instance.i_fma/product__3 input i_ariane/i_cva6/ex_stage_i/fpu_gen.fpu_i/fpu_gen.i_fpnew_bulk/gen_operation_groups[0].i_opgroup_block/gen_parallel_slices[1].active_format.i_fmt_slice/gen_num_lanes[0].active_lane.lane_instance.i_fma/product__3/B[17:0] is not pipelined. Pipelining DSP48 input will improve performance.
WARNING: [DRC DPIP-1] Input pipelining: DSP i_ariane/i_cva6/ex_stage_i/fpu_gen.fpu_i/fpu_gen.i_fpnew_bulk/gen_operation_groups[0].i_opgroup_block/gen_parallel_slices[1].active_format.i_fmt_slice/gen_num_lanes[0].active_lane.lane_instance.i_fma/product__4 input i_ariane/i_cva6/ex_stage_i/fpu_gen.fpu_i/fpu_gen.i_fpnew_bulk/gen_operation_groups[0].i_opgroup_block/gen_parallel_slices[1].active_format.i_fmt_slice/gen_num_lanes[0].active_lane.lane_instance.i_fma/product__4/A[29:0] is not pipelined. Pipelining DSP48 input will improve performance.
WARNING: [DRC DPIP-1] Input pipelining: DSP i_ariane/i_cva6/ex_stage_i/fpu_gen.fpu_i/fpu_gen.i_fpnew_bulk/gen_operation_groups[0].i_opgroup_block/gen_parallel_slices[1].active_format.i_fmt_slice/gen_num_lanes[0].active_lane.lane_instance.i_fma/product__4 input i_ariane/i_cva6/ex_stage_i/fpu_gen.fpu_i/fpu_gen.i_fpnew_bulk/gen_operation_groups[0].i_opgroup_block/gen_parallel_slices[1].active_format.i_fmt_slice/gen_num_lanes[0].active_lane.lane_instance.i_fma/product__4/B[17:0] is not pipelined. Pipelining DSP48 input will improve performance.
WARNING: [DRC DPIP-1] Input pipelining: DSP i_ariane/i_cva6/ex_stage_i/fpu_gen.fpu_i/fpu_gen.i_fpnew_bulk/gen_operation_groups[0].i_opgroup_block/gen_parallel_slices[1].active_format.i_fmt_slice/gen_num_lanes[0].active_lane.lane_instance.i_fma/product__5 input i_ariane/i_cva6/ex_stage_i/fpu_gen.fpu_i/fpu_gen.i_fpnew_bulk/gen_operation_groups[0].i_opgroup_block/gen_parallel_slices[1].active_format.i_fmt_slice/gen_num_lanes[0].active_lane.lane_instance.i_fma/product__5/A[29:0] is not pipelined. Pipelining DSP48 input will improve performance.
WARNING: [DRC DPIP-1] Input pipelining: DSP i_ariane/i_cva6/ex_stage_i/fpu_gen.fpu_i/fpu_gen.i_fpnew_bulk/gen_operation_groups[0].i_opgroup_block/gen_parallel_slices[1].active_format.i_fmt_slice/gen_num_lanes[0].active_lane.lane_instance.i_fma/product__5 input i_ariane/i_cva6/ex_stage_i/fpu_gen.fpu_i/fpu_gen.i_fpnew_bulk/gen_operation_groups[0].i_opgroup_block/gen_parallel_slices[1].active_format.i_fmt_slice/gen_num_lanes[0].active_lane.lane_instance.i_fma/product__5/B[17:0] is not pipelined. Pipelining DSP48 input will improve performance.
WARNING: [DRC DPIP-1] Input pipelining: DSP i_ariane/i_cva6/ex_stage_i/fpu_gen.fpu_i/fpu_gen.i_fpnew_bulk/gen_operation_groups[0].i_opgroup_block/gen_parallel_slices[1].active_format.i_fmt_slice/gen_num_lanes[0].active_lane.lane_instance.i_fma/product__6 input i_ariane/i_cva6/ex_stage_i/fpu_gen.fpu_i/fpu_gen.i_fpnew_bulk/gen_operation_groups[0].i_opgroup_block/gen_parallel_slices[1].active_format.i_fmt_slice/gen_num_lanes[0].active_lane.lane_instance.i_fma/product__6/A[29:0] is not pipelined. Pipelining DSP48 input will improve performance.
WARNING: [DRC DPIP-1] Input pipelining: DSP i_ariane/i_cva6/ex_stage_i/fpu_gen.fpu_i/fpu_gen.i_fpnew_bulk/gen_operation_groups[0].i_opgroup_block/gen_parallel_slices[1].active_format.i_fmt_slice/gen_num_lanes[0].active_lane.lane_instance.i_fma/product__6 input i_ariane/i_cva6/ex_stage_i/fpu_gen.fpu_i/fpu_gen.i_fpnew_bulk/gen_operation_groups[0].i_opgroup_block/gen_parallel_slices[1].active_format.i_fmt_slice/gen_num_lanes[0].active_lane.lane_instance.i_fma/product__6/B[17:0] is not pipelined. Pipelining DSP48 input will improve performance.
WARNING: [DRC DPIP-1] Input pipelining: DSP i_ariane/i_cva6/ex_stage_i/fpu_gen.fpu_i/fpu_gen.i_fpnew_bulk/gen_operation_groups[0].i_opgroup_block/gen_parallel_slices[1].active_format.i_fmt_slice/gen_num_lanes[0].active_lane.lane_instance.i_fma/product__7 input i_ariane/i_cva6/ex_stage_i/fpu_gen.fpu_i/fpu_gen.i_fpnew_bulk/gen_operation_groups[0].i_opgroup_block/gen_parallel_slices[1].active_format.i_fmt_slice/gen_num_lanes[0].active_lane.lane_instance.i_fma/product__7/A[29:0] is not pipelined. Pipelining DSP48 input will improve performance.
WARNING: [DRC DPIP-1] Input pipelining: DSP i_ariane/i_cva6/ex_stage_i/fpu_gen.fpu_i/fpu_gen.i_fpnew_bulk/gen_operation_groups[0].i_opgroup_block/gen_parallel_slices[1].active_format.i_fmt_slice/gen_num_lanes[0].active_lane.lane_instance.i_fma/product__7 input i_ariane/i_cva6/ex_stage_i/fpu_gen.fpu_i/fpu_gen.i_fpnew_bulk/gen_operation_groups[0].i_opgroup_block/gen_parallel_slices[1].active_format.i_fmt_slice/gen_num_lanes[0].active_lane.lane_instance.i_fma/product__7/B[17:0] is not pipelined. Pipelining DSP48 input will improve performance.
WARNING: [DRC DPIP-1] Input pipelining: DSP i_ariane/i_cva6/ex_stage_i/i_mult/i_multiplier/mult_result_d input i_ariane/i_cva6/ex_stage_i/i_mult/i_multiplier/mult_result_d/A[29:0] is not pipelined. Pipelining DSP48 input will improve performance.
WARNING: [DRC DPIP-1] Input pipelining: DSP i_ariane/i_cva6/ex_stage_i/i_mult/i_multiplier/mult_result_d input i_ariane/i_cva6/ex_stage_i/i_mult/i_multiplier/mult_result_d/B[17:0] is not pipelined. Pipelining DSP48 input will improve performance.
WARNING: [DRC DPIP-1] Input pipelining: DSP i_ariane/i_cva6/ex_stage_i/i_mult/i_multiplier/mult_result_d__0 input i_ariane/i_cva6/ex_stage_i/i_mult/i_multiplier/mult_result_d__0/A[29:0] is not pipelined. Pipelining DSP48 input will improve performance.
WARNING: [DRC DPIP-1] Input pipelining: DSP i_ariane/i_cva6/ex_stage_i/i_mult/i_multiplier/mult_result_d__0 input i_ariane/i_cva6/ex_stage_i/i_mult/i_multiplier/mult_result_d__0/B[17:0] is not pipelined. Pipelining DSP48 input will improve performance.
WARNING: [DRC DPIP-1] Input pipelining: DSP i_ariane/i_cva6/ex_stage_i/i_mult/i_multiplier/mult_result_d__1 input i_ariane/i_cva6/ex_stage_i/i_mult/i_multiplier/mult_result_d__1/A[29:0] is not pipelined. Pipelining DSP48 input will improve performance.
WARNING: [DRC DPIP-1] Input pipelining: DSP i_ariane/i_cva6/ex_stage_i/i_mult/i_multiplier/mult_result_d__1 input i_ariane/i_cva6/ex_stage_i/i_mult/i_multiplier/mult_result_d__1/B[17:0] is not pipelined. Pipelining DSP48 input will improve performance.
WARNING: [DRC DPIP-1] Input pipelining: DSP i_ariane/i_cva6/ex_stage_i/i_mult/i_multiplier/mult_result_d__10 input i_ariane/i_cva6/ex_stage_i/i_mult/i_multiplier/mult_result_d__10/A[29:0] is not pipelined. Pipelining DSP48 input will improve performance.
WARNING: [DRC DPIP-1] Input pipelining: DSP i_ariane/i_cva6/ex_stage_i/i_mult/i_multiplier/mult_result_d__10 input i_ariane/i_cva6/ex_stage_i/i_mult/i_multiplier/mult_result_d__10/B[17:0] is not pipelined. Pipelining DSP48 input will improve performance.
WARNING: [DRC DPIP-1] Input pipelining: DSP i_ariane/i_cva6/ex_stage_i/i_mult/i_multiplier/mult_result_d__11 input i_ariane/i_cva6/ex_stage_i/i_mult/i_multiplier/mult_result_d__11/A[29:0] is not pipelined. Pipelining DSP48 input will improve performance.
WARNING: [DRC DPIP-1] Input pipelining: DSP i_ariane/i_cva6/ex_stage_i/i_mult/i_multiplier/mult_result_d__11 input i_ariane/i_cva6/ex_stage_i/i_mult/i_multiplier/mult_result_d__11/B[17:0] is not pipelined. Pipelining DSP48 input will improve performance.
WARNING: [DRC DPIP-1] Input pipelining: DSP i_ariane/i_cva6/ex_stage_i/i_mult/i_multiplier/mult_result_d__12 input i_ariane/i_cva6/ex_stage_i/i_mult/i_multiplier/mult_result_d__12/A[29:0] is not pipelined. Pipelining DSP48 input will improve performance.
WARNING: [DRC DPIP-1] Input pipelining: DSP i_ariane/i_cva6/ex_stage_i/i_mult/i_multiplier/mult_result_d__12 input i_ariane/i_cva6/ex_stage_i/i_mult/i_multiplier/mult_result_d__12/B[17:0] is not pipelined. Pipelining DSP48 input will improve performance.
WARNING: [DRC DPIP-1] Input pipelining: DSP i_ariane/i_cva6/ex_stage_i/i_mult/i_multiplier/mult_result_d__13 input i_ariane/i_cva6/ex_stage_i/i_mult/i_multiplier/mult_result_d__13/A[29:0] is not pipelined. Pipelining DSP48 input will improve performance.
WARNING: [DRC DPIP-1] Input pipelining: DSP i_ariane/i_cva6/ex_stage_i/i_mult/i_multiplier/mult_result_d__13 input i_ariane/i_cva6/ex_stage_i/i_mult/i_multiplier/mult_result_d__13/B[17:0] is not pipelined. Pipelining DSP48 input will improve performance.
WARNING: [DRC DPIP-1] Input pipelining: DSP i_ariane/i_cva6/ex_stage_i/i_mult/i_multiplier/mult_result_d__14 input i_ariane/i_cva6/ex_stage_i/i_mult/i_multiplier/mult_result_d__14/A[29:0] is not pipelined. Pipelining DSP48 input will improve performance.
WARNING: [DRC DPIP-1] Input pipelining: DSP i_ariane/i_cva6/ex_stage_i/i_mult/i_multiplier/mult_result_d__14 input i_ariane/i_cva6/ex_stage_i/i_mult/i_multiplier/mult_result_d__14/B[17:0] is not pipelined. Pipelining DSP48 input will improve performance.
WARNING: [DRC DPIP-1] Input pipelining: DSP i_ariane/i_cva6/ex_stage_i/i_mult/i_multiplier/mult_result_d__2 input i_ariane/i_cva6/ex_stage_i/i_mult/i_multiplier/mult_result_d__2/A[29:0] is not pipelined. Pipelining DSP48 input will improve performance.
WARNING: [DRC DPIP-1] Input pipelining: DSP i_ariane/i_cva6/ex_stage_i/i_mult/i_multiplier/mult_result_d__2 input i_ariane/i_cva6/ex_stage_i/i_mult/i_multiplier/mult_result_d__2/B[17:0] is not pipelined. Pipelining DSP48 input will improve performance.
WARNING: [DRC DPIP-1] Input pipelining: DSP i_ariane/i_cva6/ex_stage_i/i_mult/i_multiplier/mult_result_d__3 input i_ariane/i_cva6/ex_stage_i/i_mult/i_multiplier/mult_result_d__3/A[29:0] is not pipelined. Pipelining DSP48 input will improve performance.
WARNING: [DRC DPIP-1] Input pipelining: DSP i_ariane/i_cva6/ex_stage_i/i_mult/i_multiplier/mult_result_d__3 input i_ariane/i_cva6/ex_stage_i/i_mult/i_multiplier/mult_result_d__3/B[17:0] is not pipelined. Pipelining DSP48 input will improve performance.
WARNING: [DRC DPIP-1] Input pipelining: DSP i_ariane/i_cva6/ex_stage_i/i_mult/i_multiplier/mult_result_d__4 input i_ariane/i_cva6/ex_stage_i/i_mult/i_multiplier/mult_result_d__4/A[29:0] is not pipelined. Pipelining DSP48 input will improve performance.
WARNING: [DRC DPIP-1] Input pipelining: DSP i_ariane/i_cva6/ex_stage_i/i_mult/i_multiplier/mult_result_d__4 input i_ariane/i_cva6/ex_stage_i/i_mult/i_multiplier/mult_result_d__4/B[17:0] is not pipelined. Pipelining DSP48 input will improve performance.
WARNING: [DRC DPIP-1] Input pipelining: DSP i_ariane/i_cva6/ex_stage_i/i_mult/i_multiplier/mult_result_d__5 input i_ariane/i_cva6/ex_stage_i/i_mult/i_multiplier/mult_result_d__5/A[29:0] is not pipelined. Pipelining DSP48 input will improve performance.
WARNING: [DRC DPIP-1] Input pipelining: DSP i_ariane/i_cva6/ex_stage_i/i_mult/i_multiplier/mult_result_d__5 input i_ariane/i_cva6/ex_stage_i/i_mult/i_multiplier/mult_result_d__5/B[17:0] is not pipelined. Pipelining DSP48 input will improve performance.
WARNING: [DRC DPIP-1] Input pipelining: DSP i_ariane/i_cva6/ex_stage_i/i_mult/i_multiplier/mult_result_d__6 input i_ariane/i_cva6/ex_stage_i/i_mult/i_multiplier/mult_result_d__6/A[29:0] is not pipelined. Pipelining DSP48 input will improve performance.
WARNING: [DRC DPIP-1] Input pipelining: DSP i_ariane/i_cva6/ex_stage_i/i_mult/i_multiplier/mult_result_d__6 input i_ariane/i_cva6/ex_stage_i/i_mult/i_multiplier/mult_result_d__6/B[17:0] is not pipelined. Pipelining DSP48 input will improve performance.
WARNING: [DRC DPIP-1] Input pipelining: DSP i_ariane/i_cva6/ex_stage_i/i_mult/i_multiplier/mult_result_d__7 input i_ariane/i_cva6/ex_stage_i/i_mult/i_multiplier/mult_result_d__7/A[29:0] is not pipelined. Pipelining DSP48 input will improve performance.
WARNING: [DRC DPIP-1] Input pipelining: DSP i_ariane/i_cva6/ex_stage_i/i_mult/i_multiplier/mult_result_d__7 input i_ariane/i_cva6/ex_stage_i/i_mult/i_multiplier/mult_result_d__7/B[17:0] is not pipelined. Pipelining DSP48 input will improve performance.
WARNING: [DRC DPIP-1] Input pipelining: DSP i_ariane/i_cva6/ex_stage_i/i_mult/i_multiplier/mult_result_d__8 input i_ariane/i_cva6/ex_stage_i/i_mult/i_multiplier/mult_result_d__8/A[29:0] is not pipelined. Pipelining DSP48 input will improve performance.
WARNING: [DRC DPIP-1] Input pipelining: DSP i_ariane/i_cva6/ex_stage_i/i_mult/i_multiplier/mult_result_d__8 input i_ariane/i_cva6/ex_stage_i/i_mult/i_multiplier/mult_result_d__8/B[17:0] is not pipelined. Pipelining DSP48 input will improve performance.
WARNING: [DRC DPIP-1] Input pipelining: DSP i_ariane/i_cva6/ex_stage_i/i_mult/i_multiplier/mult_result_d__9 input i_ariane/i_cva6/ex_stage_i/i_mult/i_multiplier/mult_result_d__9/A[29:0] is not pipelined. Pipelining DSP48 input will improve performance.
WARNING: [DRC DPIP-1] Input pipelining: DSP i_ariane/i_cva6/ex_stage_i/i_mult/i_multiplier/mult_result_d__9 input i_ariane/i_cva6/ex_stage_i/i_mult/i_multiplier/mult_result_d__9/B[17:0] is not pipelined. Pipelining DSP48 input will improve performance.
WARNING: [DRC DPOP-1] PREG Output pipelining: DSP i_ariane/i_cva6/ex_stage_i/fpu_gen.fpu_i/fpu_gen.i_fpnew_bulk/gen_operation_groups[0].i_opgroup_block/gen_parallel_slices[0].active_format.i_fmt_slice/gen_num_lanes[0].active_lane.lane_instance.i_fma/product output i_ariane/i_cva6/ex_stage_i/fpu_gen.fpu_i/fpu_gen.i_fpnew_bulk/gen_operation_groups[0].i_opgroup_block/gen_parallel_slices[0].active_format.i_fmt_slice/gen_num_lanes[0].active_lane.lane_instance.i_fma/product/P[47:0] is not pipelined (PREG=0). Pipelining the DSP48 output will improve performance and often saves power so it is suggested whenever possible to fully pipeline this function.  If this DSP48 function was inferred, it is suggested to describe an additional register stage after this function.  If the DSP48 was instantiated in the design, it is suggested to set the PREG attribute to 1.
WARNING: [DRC DPOP-1] PREG Output pipelining: DSP i_ariane/i_cva6/ex_stage_i/fpu_gen.fpu_i/fpu_gen.i_fpnew_bulk/gen_operation_groups[0].i_opgroup_block/gen_parallel_slices[0].active_format.i_fmt_slice/gen_num_lanes[0].active_lane.lane_instance.i_fma/product__0 output i_ariane/i_cva6/ex_stage_i/fpu_gen.fpu_i/fpu_gen.i_fpnew_bulk/gen_operation_groups[0].i_opgroup_block/gen_parallel_slices[0].active_format.i_fmt_slice/gen_num_lanes[0].active_lane.lane_instance.i_fma/product__0/P[47:0] is not pipelined (PREG=0). Pipelining the DSP48 output will improve performance and often saves power so it is suggested whenever possible to fully pipeline this function.  If this DSP48 function was inferred, it is suggested to describe an additional register stage after this function.  If the DSP48 was instantiated in the design, it is suggested to set the PREG attribute to 1.
WARNING: [DRC DPOP-1] PREG Output pipelining: DSP i_ariane/i_cva6/ex_stage_i/fpu_gen.fpu_i/fpu_gen.i_fpnew_bulk/gen_operation_groups[0].i_opgroup_block/gen_parallel_slices[1].active_format.i_fmt_slice/gen_num_lanes[0].active_lane.lane_instance.i_fma/product__0 output i_ariane/i_cva6/ex_stage_i/fpu_gen.fpu_i/fpu_gen.i_fpnew_bulk/gen_operation_groups[0].i_opgroup_block/gen_parallel_slices[1].active_format.i_fmt_slice/gen_num_lanes[0].active_lane.lane_instance.i_fma/product__0/P[47:0] is not pipelined (PREG=0). Pipelining the DSP48 output will improve performance and often saves power so it is suggested whenever possible to fully pipeline this function.  If this DSP48 function was inferred, it is suggested to describe an additional register stage after this function.  If the DSP48 was instantiated in the design, it is suggested to set the PREG attribute to 1.
WARNING: [DRC DPOP-1] PREG Output pipelining: DSP i_ariane/i_cva6/ex_stage_i/fpu_gen.fpu_i/fpu_gen.i_fpnew_bulk/gen_operation_groups[0].i_opgroup_block/gen_parallel_slices[1].active_format.i_fmt_slice/gen_num_lanes[0].active_lane.lane_instance.i_fma/product__1 output i_ariane/i_cva6/ex_stage_i/fpu_gen.fpu_i/fpu_gen.i_fpnew_bulk/gen_operation_groups[0].i_opgroup_block/gen_parallel_slices[1].active_format.i_fmt_slice/gen_num_lanes[0].active_lane.lane_instance.i_fma/product__1/P[47:0] is not pipelined (PREG=0). Pipelining the DSP48 output will improve performance and often saves power so it is suggested whenever possible to fully pipeline this function.  If this DSP48 function was inferred, it is suggested to describe an additional register stage after this function.  If the DSP48 was instantiated in the design, it is suggested to set the PREG attribute to 1.
WARNING: [DRC DPOP-1] PREG Output pipelining: DSP i_ariane/i_cva6/ex_stage_i/fpu_gen.fpu_i/fpu_gen.i_fpnew_bulk/gen_operation_groups[0].i_opgroup_block/gen_parallel_slices[1].active_format.i_fmt_slice/gen_num_lanes[0].active_lane.lane_instance.i_fma/product__4 output i_ariane/i_cva6/ex_stage_i/fpu_gen.fpu_i/fpu_gen.i_fpnew_bulk/gen_operation_groups[0].i_opgroup_block/gen_parallel_slices[1].active_format.i_fmt_slice/gen_num_lanes[0].active_lane.lane_instance.i_fma/product__4/P[47:0] is not pipelined (PREG=0). Pipelining the DSP48 output will improve performance and often saves power so it is suggested whenever possible to fully pipeline this function.  If this DSP48 function was inferred, it is suggested to describe an additional register stage after this function.  If the DSP48 was instantiated in the design, it is suggested to set the PREG attribute to 1.
WARNING: [DRC DPOP-1] PREG Output pipelining: DSP i_ariane/i_cva6/ex_stage_i/fpu_gen.fpu_i/fpu_gen.i_fpnew_bulk/gen_operation_groups[0].i_opgroup_block/gen_parallel_slices[1].active_format.i_fmt_slice/gen_num_lanes[0].active_lane.lane_instance.i_fma/product__5 output i_ariane/i_cva6/ex_stage_i/fpu_gen.fpu_i/fpu_gen.i_fpnew_bulk/gen_operation_groups[0].i_opgroup_block/gen_parallel_slices[1].active_format.i_fmt_slice/gen_num_lanes[0].active_lane.lane_instance.i_fma/product__5/P[47:0] is not pipelined (PREG=0). Pipelining the DSP48 output will improve performance and often saves power so it is suggested whenever possible to fully pipeline this function.  If this DSP48 function was inferred, it is suggested to describe an additional register stage after this function.  If the DSP48 was instantiated in the design, it is suggested to set the PREG attribute to 1.
WARNING: [DRC DPOP-1] PREG Output pipelining: DSP i_ariane/i_cva6/ex_stage_i/fpu_gen.fpu_i/fpu_gen.i_fpnew_bulk/gen_operation_groups[0].i_opgroup_block/gen_parallel_slices[1].active_format.i_fmt_slice/gen_num_lanes[0].active_lane.lane_instance.i_fma/product__7 output i_ariane/i_cva6/ex_stage_i/fpu_gen.fpu_i/fpu_gen.i_fpnew_bulk/gen_operation_groups[0].i_opgroup_block/gen_parallel_slices[1].active_format.i_fmt_slice/gen_num_lanes[0].active_lane.lane_instance.i_fma/product__7/P[47:0] is not pipelined (PREG=0). Pipelining the DSP48 output will improve performance and often saves power so it is suggested whenever possible to fully pipeline this function.  If this DSP48 function was inferred, it is suggested to describe an additional register stage after this function.  If the DSP48 was instantiated in the design, it is suggested to set the PREG attribute to 1.
WARNING: [DRC DPOP-1] PREG Output pipelining: DSP i_ariane/i_cva6/ex_stage_i/i_mult/i_multiplier/mult_result_d output i_ariane/i_cva6/ex_stage_i/i_mult/i_multiplier/mult_result_d/P[47:0] is not pipelined (PREG=0). Pipelining the DSP48 output will improve performance and often saves power so it is suggested whenever possible to fully pipeline this function.  If this DSP48 function was inferred, it is suggested to describe an additional register stage after this function.  If the DSP48 was instantiated in the design, it is suggested to set the PREG attribute to 1.
WARNING: [DRC DPOP-1] PREG Output pipelining: DSP i_ariane/i_cva6/ex_stage_i/i_mult/i_multiplier/mult_result_d__1 output i_ariane/i_cva6/ex_stage_i/i_mult/i_multiplier/mult_result_d__1/P[47:0] is not pipelined (PREG=0). Pipelining the DSP48 output will improve performance and often saves power so it is suggested whenever possible to fully pipeline this function.  If this DSP48 function was inferred, it is suggested to describe an additional register stage after this function.  If the DSP48 was instantiated in the design, it is suggested to set the PREG attribute to 1.
WARNING: [DRC DPOP-1] PREG Output pipelining: DSP i_ariane/i_cva6/ex_stage_i/i_mult/i_multiplier/mult_result_d__11 output i_ariane/i_cva6/ex_stage_i/i_mult/i_multiplier/mult_result_d__11/P[47:0] is not pipelined (PREG=0). Pipelining the DSP48 output will improve performance and often saves power so it is suggested whenever possible to fully pipeline this function.  If this DSP48 function was inferred, it is suggested to describe an additional register stage after this function.  If the DSP48 was instantiated in the design, it is suggested to set the PREG attribute to 1.
WARNING: [DRC DPOP-1] PREG Output pipelining: DSP i_ariane/i_cva6/ex_stage_i/i_mult/i_multiplier/mult_result_d__13 output i_ariane/i_cva6/ex_stage_i/i_mult/i_multiplier/mult_result_d__13/P[47:0] is not pipelined (PREG=0). Pipelining the DSP48 output will improve performance and often saves power so it is suggested whenever possible to fully pipeline this function.  If this DSP48 function was inferred, it is suggested to describe an additional register stage after this function.  If the DSP48 was instantiated in the design, it is suggested to set the PREG attribute to 1.
WARNING: [DRC DPOP-1] PREG Output pipelining: DSP i_ariane/i_cva6/ex_stage_i/i_mult/i_multiplier/mult_result_d__4 output i_ariane/i_cva6/ex_stage_i/i_mult/i_multiplier/mult_result_d__4/P[47:0] is not pipelined (PREG=0). Pipelining the DSP48 output will improve performance and often saves power so it is suggested whenever possible to fully pipeline this function.  If this DSP48 function was inferred, it is suggested to describe an additional register stage after this function.  If the DSP48 was instantiated in the design, it is suggested to set the PREG attribute to 1.
WARNING: [DRC DPOP-1] PREG Output pipelining: DSP i_ariane/i_cva6/ex_stage_i/i_mult/i_multiplier/mult_result_d__8 output i_ariane/i_cva6/ex_stage_i/i_mult/i_multiplier/mult_result_d__8/P[47:0] is not pipelined (PREG=0). Pipelining the DSP48 output will improve performance and often saves power so it is suggested whenever possible to fully pipeline this function.  If this DSP48 function was inferred, it is suggested to describe an additional register stage after this function.  If the DSP48 was instantiated in the design, it is suggested to set the PREG attribute to 1.
WARNING: [DRC DPOP-2] MREG Output pipelining: DSP i_ariane/i_cva6/ex_stage_i/fpu_gen.fpu_i/fpu_gen.i_fpnew_bulk/gen_operation_groups[0].i_opgroup_block/gen_parallel_slices[0].active_format.i_fmt_slice/gen_num_lanes[0].active_lane.lane_instance.i_fma/product multiplier stage i_ariane/i_cva6/ex_stage_i/fpu_gen.fpu_i/fpu_gen.i_fpnew_bulk/gen_operation_groups[0].i_opgroup_block/gen_parallel_slices[0].active_format.i_fmt_slice/gen_num_lanes[0].active_lane.lane_instance.i_fma/product/P[47:0] is not pipelined (MREG=0). Pipelining the multiplier function will improve performance and will save significant power so it is suggested whenever possible to fully pipeline this function.  If this multiplier was inferred, it is suggested to describe an additional register stage after this function.  If there is no registered adder/accumulator following the multiply function, two pipeline stages are suggested to allow both the MREG and PREG registers to be used.  If the DSP48 was instantiated in the design, it is suggested to set both the MREG and PREG attributes to 1 when performing multiply functions.
WARNING: [DRC DPOP-2] MREG Output pipelining: DSP i_ariane/i_cva6/ex_stage_i/fpu_gen.fpu_i/fpu_gen.i_fpnew_bulk/gen_operation_groups[0].i_opgroup_block/gen_parallel_slices[0].active_format.i_fmt_slice/gen_num_lanes[0].active_lane.lane_instance.i_fma/product__0 multiplier stage i_ariane/i_cva6/ex_stage_i/fpu_gen.fpu_i/fpu_gen.i_fpnew_bulk/gen_operation_groups[0].i_opgroup_block/gen_parallel_slices[0].active_format.i_fmt_slice/gen_num_lanes[0].active_lane.lane_instance.i_fma/product__0/P[47:0] is not pipelined (MREG=0). Pipelining the multiplier function will improve performance and will save significant power so it is suggested whenever possible to fully pipeline this function.  If this multiplier was inferred, it is suggested to describe an additional register stage after this function.  If there is no registered adder/accumulator following the multiply function, two pipeline stages are suggested to allow both the MREG and PREG registers to be used.  If the DSP48 was instantiated in the design, it is suggested to set both the MREG and PREG attributes to 1 when performing multiply functions.
WARNING: [DRC DPOP-2] MREG Output pipelining: DSP i_ariane/i_cva6/ex_stage_i/fpu_gen.fpu_i/fpu_gen.i_fpnew_bulk/gen_operation_groups[0].i_opgroup_block/gen_parallel_slices[1].active_format.i_fmt_slice/gen_num_lanes[0].active_lane.lane_instance.i_fma/product__0 multiplier stage i_ariane/i_cva6/ex_stage_i/fpu_gen.fpu_i/fpu_gen.i_fpnew_bulk/gen_operation_groups[0].i_opgroup_block/gen_parallel_slices[1].active_format.i_fmt_slice/gen_num_lanes[0].active_lane.lane_instance.i_fma/product__0/P[47:0] is not pipelined (MREG=0). Pipelining the multiplier function will improve performance and will save significant power so it is suggested whenever possible to fully pipeline this function.  If this multiplier was inferred, it is suggested to describe an additional register stage after this function.  If there is no registered adder/accumulator following the multiply function, two pipeline stages are suggested to allow both the MREG and PREG registers to be used.  If the DSP48 was instantiated in the design, it is suggested to set both the MREG and PREG attributes to 1 when performing multiply functions.
WARNING: [DRC DPOP-2] MREG Output pipelining: DSP i_ariane/i_cva6/ex_stage_i/fpu_gen.fpu_i/fpu_gen.i_fpnew_bulk/gen_operation_groups[0].i_opgroup_block/gen_parallel_slices[1].active_format.i_fmt_slice/gen_num_lanes[0].active_lane.lane_instance.i_fma/product__1 multiplier stage i_ariane/i_cva6/ex_stage_i/fpu_gen.fpu_i/fpu_gen.i_fpnew_bulk/gen_operation_groups[0].i_opgroup_block/gen_parallel_slices[1].active_format.i_fmt_slice/gen_num_lanes[0].active_lane.lane_instance.i_fma/product__1/P[47:0] is not pipelined (MREG=0). Pipelining the multiplier function will improve performance and will save significant power so it is suggested whenever possible to fully pipeline this function.  If this multiplier was inferred, it is suggested to describe an additional register stage after this function.  If there is no registered adder/accumulator following the multiply function, two pipeline stages are suggested to allow both the MREG and PREG registers to be used.  If the DSP48 was instantiated in the design, it is suggested to set both the MREG and PREG attributes to 1 when performing multiply functions.
WARNING: [DRC DPOP-2] MREG Output pipelining: DSP i_ariane/i_cva6/ex_stage_i/fpu_gen.fpu_i/fpu_gen.i_fpnew_bulk/gen_operation_groups[0].i_opgroup_block/gen_parallel_slices[1].active_format.i_fmt_slice/gen_num_lanes[0].active_lane.lane_instance.i_fma/product__4 multiplier stage i_ariane/i_cva6/ex_stage_i/fpu_gen.fpu_i/fpu_gen.i_fpnew_bulk/gen_operation_groups[0].i_opgroup_block/gen_parallel_slices[1].active_format.i_fmt_slice/gen_num_lanes[0].active_lane.lane_instance.i_fma/product__4/P[47:0] is not pipelined (MREG=0). Pipelining the multiplier function will improve performance and will save significant power so it is suggested whenever possible to fully pipeline this function.  If this multiplier was inferred, it is suggested to describe an additional register stage after this function.  If there is no registered adder/accumulator following the multiply function, two pipeline stages are suggested to allow both the MREG and PREG registers to be used.  If the DSP48 was instantiated in the design, it is suggested to set both the MREG and PREG attributes to 1 when performing multiply functions.
WARNING: [DRC DPOP-2] MREG Output pipelining: DSP i_ariane/i_cva6/ex_stage_i/fpu_gen.fpu_i/fpu_gen.i_fpnew_bulk/gen_operation_groups[0].i_opgroup_block/gen_parallel_slices[1].active_format.i_fmt_slice/gen_num_lanes[0].active_lane.lane_instance.i_fma/product__5 multiplier stage i_ariane/i_cva6/ex_stage_i/fpu_gen.fpu_i/fpu_gen.i_fpnew_bulk/gen_operation_groups[0].i_opgroup_block/gen_parallel_slices[1].active_format.i_fmt_slice/gen_num_lanes[0].active_lane.lane_instance.i_fma/product__5/P[47:0] is not pipelined (MREG=0). Pipelining the multiplier function will improve performance and will save significant power so it is suggested whenever possible to fully pipeline this function.  If this multiplier was inferred, it is suggested to describe an additional register stage after this function.  If there is no registered adder/accumulator following the multiply function, two pipeline stages are suggested to allow both the MREG and PREG registers to be used.  If the DSP48 was instantiated in the design, it is suggested to set both the MREG and PREG attributes to 1 when performing multiply functions.
WARNING: [DRC DPOP-2] MREG Output pipelining: DSP i_ariane/i_cva6/ex_stage_i/fpu_gen.fpu_i/fpu_gen.i_fpnew_bulk/gen_operation_groups[0].i_opgroup_block/gen_parallel_slices[1].active_format.i_fmt_slice/gen_num_lanes[0].active_lane.lane_instance.i_fma/product__7 multiplier stage i_ariane/i_cva6/ex_stage_i/fpu_gen.fpu_i/fpu_gen.i_fpnew_bulk/gen_operation_groups[0].i_opgroup_block/gen_parallel_slices[1].active_format.i_fmt_slice/gen_num_lanes[0].active_lane.lane_instance.i_fma/product__7/P[47:0] is not pipelined (MREG=0). Pipelining the multiplier function will improve performance and will save significant power so it is suggested whenever possible to fully pipeline this function.  If this multiplier was inferred, it is suggested to describe an additional register stage after this function.  If there is no registered adder/accumulator following the multiply function, two pipeline stages are suggested to allow both the MREG and PREG registers to be used.  If the DSP48 was instantiated in the design, it is suggested to set both the MREG and PREG attributes to 1 when performing multiply functions.
WARNING: [DRC DPOP-2] MREG Output pipelining: DSP i_ariane/i_cva6/ex_stage_i/i_mult/i_multiplier/mult_result_d multiplier stage i_ariane/i_cva6/ex_stage_i/i_mult/i_multiplier/mult_result_d/P[47:0] is not pipelined (MREG=0). Pipelining the multiplier function will improve performance and will save significant power so it is suggested whenever possible to fully pipeline this function.  If this multiplier was inferred, it is suggested to describe an additional register stage after this function.  If there is no registered adder/accumulator following the multiply function, two pipeline stages are suggested to allow both the MREG and PREG registers to be used.  If the DSP48 was instantiated in the design, it is suggested to set both the MREG and PREG attributes to 1 when performing multiply functions.
WARNING: [DRC DPOP-2] MREG Output pipelining: DSP i_ariane/i_cva6/ex_stage_i/i_mult/i_multiplier/mult_result_d__1 multiplier stage i_ariane/i_cva6/ex_stage_i/i_mult/i_multiplier/mult_result_d__1/P[47:0] is not pipelined (MREG=0). Pipelining the multiplier function will improve performance and will save significant power so it is suggested whenever possible to fully pipeline this function.  If this multiplier was inferred, it is suggested to describe an additional register stage after this function.  If there is no registered adder/accumulator following the multiply function, two pipeline stages are suggested to allow both the MREG and PREG registers to be used.  If the DSP48 was instantiated in the design, it is suggested to set both the MREG and PREG attributes to 1 when performing multiply functions.
WARNING: [DRC DPOP-2] MREG Output pipelining: DSP i_ariane/i_cva6/ex_stage_i/i_mult/i_multiplier/mult_result_d__10 multiplier stage i_ariane/i_cva6/ex_stage_i/i_mult/i_multiplier/mult_result_d__10/P[47:0] is not pipelined (MREG=0). Pipelining the multiplier function will improve performance and will save significant power so it is suggested whenever possible to fully pipeline this function.  If this multiplier was inferred, it is suggested to describe an additional register stage after this function.  If there is no registered adder/accumulator following the multiply function, two pipeline stages are suggested to allow both the MREG and PREG registers to be used.  If the DSP48 was instantiated in the design, it is suggested to set both the MREG and PREG attributes to 1 when performing multiply functions.
WARNING: [DRC DPOP-2] MREG Output pipelining: DSP i_ariane/i_cva6/ex_stage_i/i_mult/i_multiplier/mult_result_d__11 multiplier stage i_ariane/i_cva6/ex_stage_i/i_mult/i_multiplier/mult_result_d__11/P[47:0] is not pipelined (MREG=0). Pipelining the multiplier function will improve performance and will save significant power so it is suggested whenever possible to fully pipeline this function.  If this multiplier was inferred, it is suggested to describe an additional register stage after this function.  If there is no registered adder/accumulator following the multiply function, two pipeline stages are suggested to allow both the MREG and PREG registers to be used.  If the DSP48 was instantiated in the design, it is suggested to set both the MREG and PREG attributes to 1 when performing multiply functions.
WARNING: [DRC DPOP-2] MREG Output pipelining: DSP i_ariane/i_cva6/ex_stage_i/i_mult/i_multiplier/mult_result_d__13 multiplier stage i_ariane/i_cva6/ex_stage_i/i_mult/i_multiplier/mult_result_d__13/P[47:0] is not pipelined (MREG=0). Pipelining the multiplier function will improve performance and will save significant power so it is suggested whenever possible to fully pipeline this function.  If this multiplier was inferred, it is suggested to describe an additional register stage after this function.  If there is no registered adder/accumulator following the multiply function, two pipeline stages are suggested to allow both the MREG and PREG registers to be used.  If the DSP48 was instantiated in the design, it is suggested to set both the MREG and PREG attributes to 1 when performing multiply functions.
WARNING: [DRC DPOP-2] MREG Output pipelining: DSP i_ariane/i_cva6/ex_stage_i/i_mult/i_multiplier/mult_result_d__14 multiplier stage i_ariane/i_cva6/ex_stage_i/i_mult/i_multiplier/mult_result_d__14/P[47:0] is not pipelined (MREG=0). Pipelining the multiplier function will improve performance and will save significant power so it is suggested whenever possible to fully pipeline this function.  If this multiplier was inferred, it is suggested to describe an additional register stage after this function.  If there is no registered adder/accumulator following the multiply function, two pipeline stages are suggested to allow both the MREG and PREG registers to be used.  If the DSP48 was instantiated in the design, it is suggested to set both the MREG and PREG attributes to 1 when performing multiply functions.
WARNING: [DRC DPOP-2] MREG Output pipelining: DSP i_ariane/i_cva6/ex_stage_i/i_mult/i_multiplier/mult_result_d__2 multiplier stage i_ariane/i_cva6/ex_stage_i/i_mult/i_multiplier/mult_result_d__2/P[47:0] is not pipelined (MREG=0). Pipelining the multiplier function will improve performance and will save significant power so it is suggested whenever possible to fully pipeline this function.  If this multiplier was inferred, it is suggested to describe an additional register stage after this function.  If there is no registered adder/accumulator following the multiply function, two pipeline stages are suggested to allow both the MREG and PREG registers to be used.  If the DSP48 was instantiated in the design, it is suggested to set both the MREG and PREG attributes to 1 when performing multiply functions.
WARNING: [DRC DPOP-2] MREG Output pipelining: DSP i_ariane/i_cva6/ex_stage_i/i_mult/i_multiplier/mult_result_d__4 multiplier stage i_ariane/i_cva6/ex_stage_i/i_mult/i_multiplier/mult_result_d__4/P[47:0] is not pipelined (MREG=0). Pipelining the multiplier function will improve performance and will save significant power so it is suggested whenever possible to fully pipeline this function.  If this multiplier was inferred, it is suggested to describe an additional register stage after this function.  If there is no registered adder/accumulator following the multiply function, two pipeline stages are suggested to allow both the MREG and PREG registers to be used.  If the DSP48 was instantiated in the design, it is suggested to set both the MREG and PREG attributes to 1 when performing multiply functions.
WARNING: [DRC DPOP-2] MREG Output pipelining: DSP i_ariane/i_cva6/ex_stage_i/i_mult/i_multiplier/mult_result_d__6 multiplier stage i_ariane/i_cva6/ex_stage_i/i_mult/i_multiplier/mult_result_d__6/P[47:0] is not pipelined (MREG=0). Pipelining the multiplier function will improve performance and will save significant power so it is suggested whenever possible to fully pipeline this function.  If this multiplier was inferred, it is suggested to describe an additional register stage after this function.  If there is no registered adder/accumulator following the multiply function, two pipeline stages are suggested to allow both the MREG and PREG registers to be used.  If the DSP48 was instantiated in the design, it is suggested to set both the MREG and PREG attributes to 1 when performing multiply functions.
WARNING: [DRC DPOP-2] MREG Output pipelining: DSP i_ariane/i_cva6/ex_stage_i/i_mult/i_multiplier/mult_result_d__8 multiplier stage i_ariane/i_cva6/ex_stage_i/i_mult/i_multiplier/mult_result_d__8/P[47:0] is not pipelined (MREG=0). Pipelining the multiplier function will improve performance and will save significant power so it is suggested whenever possible to fully pipeline this function.  If this multiplier was inferred, it is suggested to describe an additional register stage after this function.  If there is no registered adder/accumulator following the multiply function, two pipeline stages are suggested to allow both the MREG and PREG registers to be used.  If the DSP48 was instantiated in the design, it is suggested to set both the MREG and PREG attributes to 1 when performing multiply functions.
WARNING: [DRC DPOR-1] Asynchronous load check: DSP i_ariane/i_cva6/ex_stage_i/i_mult/i_multiplier/mult_result_d output is connected to registers with an asynchronous reset (i_ariane/i_cva6/ex_stage_i/i_mult/i_multiplier/mult_result_q_reg[0]). This is preventing the possibility of merging these registers in to the DSP Block since the DSP block registers only possess synchronous reset capability.  It is suggested to recode or change these registers to remove the reset or use a synchronous reset to get the best optimization for performance, power and area.
WARNING: [DRC DPOR-1] Asynchronous load check: DSP i_ariane/i_cva6/ex_stage_i/i_mult/i_multiplier/mult_result_d output is connected to registers with an asynchronous reset (i_ariane/i_cva6/ex_stage_i/i_mult/i_multiplier/mult_result_q_reg[10]). This is preventing the possibility of merging these registers in to the DSP Block since the DSP block registers only possess synchronous reset capability.  It is suggested to recode or change these registers to remove the reset or use a synchronous reset to get the best optimization for performance, power and area.
WARNING: [DRC DPOR-1] Asynchronous load check: DSP i_ariane/i_cva6/ex_stage_i/i_mult/i_multiplier/mult_result_d output is connected to registers with an asynchronous reset (i_ariane/i_cva6/ex_stage_i/i_mult/i_multiplier/mult_result_q_reg[11]). This is preventing the possibility of merging these registers in to the DSP Block since the DSP block registers only possess synchronous reset capability.  It is suggested to recode or change these registers to remove the reset or use a synchronous reset to get the best optimization for performance, power and area.
WARNING: [DRC DPOR-1] Asynchronous load check: DSP i_ariane/i_cva6/ex_stage_i/i_mult/i_multiplier/mult_result_d output is connected to registers with an asynchronous reset (i_ariane/i_cva6/ex_stage_i/i_mult/i_multiplier/mult_result_q_reg[12]). This is preventing the possibility of merging these registers in to the DSP Block since the DSP block registers only possess synchronous reset capability.  It is suggested to recode or change these registers to remove the reset or use a synchronous reset to get the best optimization for performance, power and area.
WARNING: [DRC DPOR-1] Asynchronous load check: DSP i_ariane/i_cva6/ex_stage_i/i_mult/i_multiplier/mult_result_d output is connected to registers with an asynchronous reset (i_ariane/i_cva6/ex_stage_i/i_mult/i_multiplier/mult_result_q_reg[13]). This is preventing the possibility of merging these registers in to the DSP Block since the DSP block registers only possess synchronous reset capability.  It is suggested to recode or change these registers to remove the reset or use a synchronous reset to get the best optimization for performance, power and area.
WARNING: [DRC DPOR-1] Asynchronous load check: DSP i_ariane/i_cva6/ex_stage_i/i_mult/i_multiplier/mult_result_d output is connected to registers with an asynchronous reset (i_ariane/i_cva6/ex_stage_i/i_mult/i_multiplier/mult_result_q_reg[14]). This is preventing the possibility of merging these registers in to the DSP Block since the DSP block registers only possess synchronous reset capability.  It is suggested to recode or change these registers to remove the reset or use a synchronous reset to get the best optimization for performance, power and area.
WARNING: [DRC DPOR-1] Asynchronous load check: DSP i_ariane/i_cva6/ex_stage_i/i_mult/i_multiplier/mult_result_d output is connected to registers with an asynchronous reset (i_ariane/i_cva6/ex_stage_i/i_mult/i_multiplier/mult_result_q_reg[15]). This is preventing the possibility of merging these registers in to the DSP Block since the DSP block registers only possess synchronous reset capability.  It is suggested to recode or change these registers to remove the reset or use a synchronous reset to get the best optimization for performance, power and area.
WARNING: [DRC DPOR-1] Asynchronous load check: DSP i_ariane/i_cva6/ex_stage_i/i_mult/i_multiplier/mult_result_d output is connected to registers with an asynchronous reset (i_ariane/i_cva6/ex_stage_i/i_mult/i_multiplier/mult_result_q_reg[16]). This is preventing the possibility of merging these registers in to the DSP Block since the DSP block registers only possess synchronous reset capability.  It is suggested to recode or change these registers to remove the reset or use a synchronous reset to get the best optimization for performance, power and area.
WARNING: [DRC DPOR-1] Asynchronous load check: DSP i_ariane/i_cva6/ex_stage_i/i_mult/i_multiplier/mult_result_d output is connected to registers with an asynchronous reset (i_ariane/i_cva6/ex_stage_i/i_mult/i_multiplier/mult_result_q_reg[1]). This is preventing the possibility of merging these registers in to the DSP Block since the DSP block registers only possess synchronous reset capability.  It is suggested to recode or change these registers to remove the reset or use a synchronous reset to get the best optimization for performance, power and area.
WARNING: [DRC DPOR-1] Asynchronous load check: DSP i_ariane/i_cva6/ex_stage_i/i_mult/i_multiplier/mult_result_d output is connected to registers with an asynchronous reset (i_ariane/i_cva6/ex_stage_i/i_mult/i_multiplier/mult_result_q_reg[2]). This is preventing the possibility of merging these registers in to the DSP Block since the DSP block registers only possess synchronous reset capability.  It is suggested to recode or change these registers to remove the reset or use a synchronous reset to get the best optimization for performance, power and area.
WARNING: [DRC DPOR-1] Asynchronous load check: DSP i_ariane/i_cva6/ex_stage_i/i_mult/i_multiplier/mult_result_d output is connected to registers with an asynchronous reset (i_ariane/i_cva6/ex_stage_i/i_mult/i_multiplier/mult_result_q_reg[3]). This is preventing the possibility of merging these registers in to the DSP Block since the DSP block registers only possess synchronous reset capability.  It is suggested to recode or change these registers to remove the reset or use a synchronous reset to get the best optimization for performance, power and area.
WARNING: [DRC DPOR-1] Asynchronous load check: DSP i_ariane/i_cva6/ex_stage_i/i_mult/i_multiplier/mult_result_d output is connected to registers with an asynchronous reset (i_ariane/i_cva6/ex_stage_i/i_mult/i_multiplier/mult_result_q_reg[4]). This is preventing the possibility of merging these registers in to the DSP Block since the DSP block registers only possess synchronous reset capability.  It is suggested to recode or change these registers to remove the reset or use a synchronous reset to get the best optimization for performance, power and area.
WARNING: [DRC DPOR-1] Asynchronous load check: DSP i_ariane/i_cva6/ex_stage_i/i_mult/i_multiplier/mult_result_d output is connected to registers with an asynchronous reset (i_ariane/i_cva6/ex_stage_i/i_mult/i_multiplier/mult_result_q_reg[5]). This is preventing the possibility of merging these registers in to the DSP Block since the DSP block registers only possess synchronous reset capability.  It is suggested to recode or change these registers to remove the reset or use a synchronous reset to get the best optimization for performance, power and area.
WARNING: [DRC DPOR-1] Asynchronous load check: DSP i_ariane/i_cva6/ex_stage_i/i_mult/i_multiplier/mult_result_d output is connected to registers with an asynchronous reset (i_ariane/i_cva6/ex_stage_i/i_mult/i_multiplier/mult_result_q_reg[6]). This is preventing the possibility of merging these registers in to the DSP Block since the DSP block registers only possess synchronous reset capability.  It is suggested to recode or change these registers to remove the reset or use a synchronous reset to get the best optimization for performance, power and area.
WARNING: [DRC DPOR-1] Asynchronous load check: DSP i_ariane/i_cva6/ex_stage_i/i_mult/i_multiplier/mult_result_d output is connected to registers with an asynchronous reset (i_ariane/i_cva6/ex_stage_i/i_mult/i_multiplier/mult_result_q_reg[7]). This is preventing the possibility of merging these registers in to the DSP Block since the DSP block registers only possess synchronous reset capability.  It is suggested to recode or change these registers to remove the reset or use a synchronous reset to get the best optimization for performance, power and area.
WARNING: [DRC DPOR-1] Asynchronous load check: DSP i_ariane/i_cva6/ex_stage_i/i_mult/i_multiplier/mult_result_d output is connected to registers with an asynchronous reset (i_ariane/i_cva6/ex_stage_i/i_mult/i_multiplier/mult_result_q_reg[8]). This is preventing the possibility of merging these registers in to the DSP Block since the DSP block registers only possess synchronous reset capability.  It is suggested to recode or change these registers to remove the reset or use a synchronous reset to get the best optimization for performance, power and area.
WARNING: [DRC DPOR-1] Asynchronous load check: DSP i_ariane/i_cva6/ex_stage_i/i_mult/i_multiplier/mult_result_d output is connected to registers with an asynchronous reset (i_ariane/i_cva6/ex_stage_i/i_mult/i_multiplier/mult_result_q_reg[9]). This is preventing the possibility of merging these registers in to the DSP Block since the DSP block registers only possess synchronous reset capability.  It is suggested to recode or change these registers to remove the reset or use a synchronous reset to get the best optimization for performance, power and area.
WARNING: [DRC DPOR-1] Asynchronous load check: DSP i_ariane/i_cva6/ex_stage_i/i_mult/i_multiplier/mult_result_d__1 output is connected to registers with an asynchronous reset (i_ariane/i_cva6/ex_stage_i/i_mult/i_multiplier/mult_result_q_reg[0]__0). This is preventing the possibility of merging these registers in to the DSP Block since the DSP block registers only possess synchronous reset capability.  It is suggested to recode or change these registers to remove the reset or use a synchronous reset to get the best optimization for performance, power and area.
WARNING: [DRC DPOR-1] Asynchronous load check: DSP i_ariane/i_cva6/ex_stage_i/i_mult/i_multiplier/mult_result_d__1 output is connected to registers with an asynchronous reset (i_ariane/i_cva6/ex_stage_i/i_mult/i_multiplier/mult_result_q_reg[10]__0). This is preventing the possibility of merging these registers in to the DSP Block since the DSP block registers only possess synchronous reset capability.  It is suggested to recode or change these registers to remove the reset or use a synchronous reset to get the best optimization for performance, power and area.
WARNING: [DRC DPOR-1] Asynchronous load check: DSP i_ariane/i_cva6/ex_stage_i/i_mult/i_multiplier/mult_result_d__1 output is connected to registers with an asynchronous reset (i_ariane/i_cva6/ex_stage_i/i_mult/i_multiplier/mult_result_q_reg[11]__0). This is preventing the possibility of merging these registers in to the DSP Block since the DSP block registers only possess synchronous reset capability.  It is suggested to recode or change these registers to remove the reset or use a synchronous reset to get the best optimization for performance, power and area.
WARNING: [DRC DPOR-1] Asynchronous load check: DSP i_ariane/i_cva6/ex_stage_i/i_mult/i_multiplier/mult_result_d__1 output is connected to registers with an asynchronous reset (i_ariane/i_cva6/ex_stage_i/i_mult/i_multiplier/mult_result_q_reg[12]__0). This is preventing the possibility of merging these registers in to the DSP Block since the DSP block registers only possess synchronous reset capability.  It is suggested to recode or change these registers to remove the reset or use a synchronous reset to get the best optimization for performance, power and area.
WARNING: [DRC DPOR-1] Asynchronous load check: DSP i_ariane/i_cva6/ex_stage_i/i_mult/i_multiplier/mult_result_d__1 output is connected to registers with an asynchronous reset (i_ariane/i_cva6/ex_stage_i/i_mult/i_multiplier/mult_result_q_reg[13]__0). This is preventing the possibility of merging these registers in to the DSP Block since the DSP block registers only possess synchronous reset capability.  It is suggested to recode or change these registers to remove the reset or use a synchronous reset to get the best optimization for performance, power and area.
WARNING: [DRC DPOR-1] Asynchronous load check: DSP i_ariane/i_cva6/ex_stage_i/i_mult/i_multiplier/mult_result_d__1 output is connected to registers with an asynchronous reset (i_ariane/i_cva6/ex_stage_i/i_mult/i_multiplier/mult_result_q_reg[14]__0). This is preventing the possibility of merging these registers in to the DSP Block since the DSP block registers only possess synchronous reset capability.  It is suggested to recode or change these registers to remove the reset or use a synchronous reset to get the best optimization for performance, power and area.
WARNING: [DRC DPOR-1] Asynchronous load check: DSP i_ariane/i_cva6/ex_stage_i/i_mult/i_multiplier/mult_result_d__1 output is connected to registers with an asynchronous reset (i_ariane/i_cva6/ex_stage_i/i_mult/i_multiplier/mult_result_q_reg[15]__0). This is preventing the possibility of merging these registers in to the DSP Block since the DSP block registers only possess synchronous reset capability.  It is suggested to recode or change these registers to remove the reset or use a synchronous reset to get the best optimization for performance, power and area.
WARNING: [DRC DPOR-1] Asynchronous load check: DSP i_ariane/i_cva6/ex_stage_i/i_mult/i_multiplier/mult_result_d__1 output is connected to registers with an asynchronous reset (i_ariane/i_cva6/ex_stage_i/i_mult/i_multiplier/mult_result_q_reg[16]__0). This is preventing the possibility of merging these registers in to the DSP Block since the DSP block registers only possess synchronous reset capability.  It is suggested to recode or change these registers to remove the reset or use a synchronous reset to get the best optimization for performance, power and area.
WARNING: [DRC DPOR-1] Asynchronous load check: DSP i_ariane/i_cva6/ex_stage_i/i_mult/i_multiplier/mult_result_d__1 output is connected to registers with an asynchronous reset (i_ariane/i_cva6/ex_stage_i/i_mult/i_multiplier/mult_result_q_reg[1]__0). This is preventing the possibility of merging these registers in to the DSP Block since the DSP block registers only possess synchronous reset capability.  It is suggested to recode or change these registers to remove the reset or use a synchronous reset to get the best optimization for performance, power and area.
WARNING: [DRC DPOR-1] Asynchronous load check: DSP i_ariane/i_cva6/ex_stage_i/i_mult/i_multiplier/mult_result_d__1 output is connected to registers with an asynchronous reset (i_ariane/i_cva6/ex_stage_i/i_mult/i_multiplier/mult_result_q_reg[2]__0). This is preventing the possibility of merging these registers in to the DSP Block since the DSP block registers only possess synchronous reset capability.  It is suggested to recode or change these registers to remove the reset or use a synchronous reset to get the best optimization for performance, power and area.
WARNING: [DRC DPOR-1] Asynchronous load check: DSP i_ariane/i_cva6/ex_stage_i/i_mult/i_multiplier/mult_result_d__1 output is connected to registers with an asynchronous reset (i_ariane/i_cva6/ex_stage_i/i_mult/i_multiplier/mult_result_q_reg[3]__0). This is preventing the possibility of merging these registers in to the DSP Block since the DSP block registers only possess synchronous reset capability.  It is suggested to recode or change these registers to remove the reset or use a synchronous reset to get the best optimization for performance, power and area.
WARNING: [DRC DPOR-1] Asynchronous load check: DSP i_ariane/i_cva6/ex_stage_i/i_mult/i_multiplier/mult_result_d__1 output is connected to registers with an asynchronous reset (i_ariane/i_cva6/ex_stage_i/i_mult/i_multiplier/mult_result_q_reg[4]__0). This is preventing the possibility of merging these registers in to the DSP Block since the DSP block registers only possess synchronous reset capability.  It is suggested to recode or change these registers to remove the reset or use a synchronous reset to get the best optimization for performance, power and area.
WARNING: [DRC DPOR-1] Asynchronous load check: DSP i_ariane/i_cva6/ex_stage_i/i_mult/i_multiplier/mult_result_d__1 output is connected to registers with an asynchronous reset (i_ariane/i_cva6/ex_stage_i/i_mult/i_multiplier/mult_result_q_reg[5]__0). This is preventing the possibility of merging these registers in to the DSP Block since the DSP block registers only possess synchronous reset capability.  It is suggested to recode or change these registers to remove the reset or use a synchronous reset to get the best optimization for performance, power and area.
WARNING: [DRC DPOR-1] Asynchronous load check: DSP i_ariane/i_cva6/ex_stage_i/i_mult/i_multiplier/mult_result_d__1 output is connected to registers with an asynchronous reset (i_ariane/i_cva6/ex_stage_i/i_mult/i_multiplier/mult_result_q_reg[6]__0). This is preventing the possibility of merging these registers in to the DSP Block since the DSP block registers only possess synchronous reset capability.  It is suggested to recode or change these registers to remove the reset or use a synchronous reset to get the best optimization for performance, power and area.
WARNING: [DRC DPOR-1] Asynchronous load check: DSP i_ariane/i_cva6/ex_stage_i/i_mult/i_multiplier/mult_result_d__1 output is connected to registers with an asynchronous reset (i_ariane/i_cva6/ex_stage_i/i_mult/i_multiplier/mult_result_q_reg[7]__0). This is preventing the possibility of merging these registers in to the DSP Block since the DSP block registers only possess synchronous reset capability.  It is suggested to recode or change these registers to remove the reset or use a synchronous reset to get the best optimization for performance, power and area.
WARNING: [DRC DPOR-1] Asynchronous load check: DSP i_ariane/i_cva6/ex_stage_i/i_mult/i_multiplier/mult_result_d__1 output is connected to registers with an asynchronous reset (i_ariane/i_cva6/ex_stage_i/i_mult/i_multiplier/mult_result_q_reg[8]__0). This is preventing the possibility of merging these registers in to the DSP Block since the DSP block registers only possess synchronous reset capability.  It is suggested to recode or change these registers to remove the reset or use a synchronous reset to get the best optimization for performance, power and area.
WARNING: [DRC DPOR-1] Asynchronous load check: DSP i_ariane/i_cva6/ex_stage_i/i_mult/i_multiplier/mult_result_d__1 output is connected to registers with an asynchronous reset (i_ariane/i_cva6/ex_stage_i/i_mult/i_multiplier/mult_result_q_reg[9]__0). This is preventing the possibility of merging these registers in to the DSP Block since the DSP block registers only possess synchronous reset capability.  It is suggested to recode or change these registers to remove the reset or use a synchronous reset to get the best optimization for performance, power and area.
WARNING: [DRC DPOR-1] Asynchronous load check: DSP i_ariane/i_cva6/ex_stage_i/i_mult/i_multiplier/mult_result_d__11 output is connected to registers with an asynchronous reset (i_ariane/i_cva6/ex_stage_i/i_mult/i_multiplier/mult_result_q_reg[0]__6). This is preventing the possibility of merging these registers in to the DSP Block since the DSP block registers only possess synchronous reset capability.  It is suggested to recode or change these registers to remove the reset or use a synchronous reset to get the best optimization for performance, power and area.
WARNING: [DRC DPOR-1] Asynchronous load check: DSP i_ariane/i_cva6/ex_stage_i/i_mult/i_multiplier/mult_result_d__11 output is connected to registers with an asynchronous reset (i_ariane/i_cva6/ex_stage_i/i_mult/i_multiplier/mult_result_q_reg[10]__6). This is preventing the possibility of merging these registers in to the DSP Block since the DSP block registers only possess synchronous reset capability.  It is suggested to recode or change these registers to remove the reset or use a synchronous reset to get the best optimization for performance, power and area.
WARNING: [DRC DPOR-1] Asynchronous load check: DSP i_ariane/i_cva6/ex_stage_i/i_mult/i_multiplier/mult_result_d__11 output is connected to registers with an asynchronous reset (i_ariane/i_cva6/ex_stage_i/i_mult/i_multiplier/mult_result_q_reg[11]__6). This is preventing the possibility of merging these registers in to the DSP Block since the DSP block registers only possess synchronous reset capability.  It is suggested to recode or change these registers to remove the reset or use a synchronous reset to get the best optimization for performance, power and area.
WARNING: [DRC DPOR-1] Asynchronous load check: DSP i_ariane/i_cva6/ex_stage_i/i_mult/i_multiplier/mult_result_d__11 output is connected to registers with an asynchronous reset (i_ariane/i_cva6/ex_stage_i/i_mult/i_multiplier/mult_result_q_reg[12]__6). This is preventing the possibility of merging these registers in to the DSP Block since the DSP block registers only possess synchronous reset capability.  It is suggested to recode or change these registers to remove the reset or use a synchronous reset to get the best optimization for performance, power and area.
WARNING: [DRC DPOR-1] Asynchronous load check: DSP i_ariane/i_cva6/ex_stage_i/i_mult/i_multiplier/mult_result_d__11 output is connected to registers with an asynchronous reset (i_ariane/i_cva6/ex_stage_i/i_mult/i_multiplier/mult_result_q_reg[13]__6). This is preventing the possibility of merging these registers in to the DSP Block since the DSP block registers only possess synchronous reset capability.  It is suggested to recode or change these registers to remove the reset or use a synchronous reset to get the best optimization for performance, power and area.
WARNING: [DRC DPOR-1] Asynchronous load check: DSP i_ariane/i_cva6/ex_stage_i/i_mult/i_multiplier/mult_result_d__11 output is connected to registers with an asynchronous reset (i_ariane/i_cva6/ex_stage_i/i_mult/i_multiplier/mult_result_q_reg[14]__6). This is preventing the possibility of merging these registers in to the DSP Block since the DSP block registers only possess synchronous reset capability.  It is suggested to recode or change these registers to remove the reset or use a synchronous reset to get the best optimization for performance, power and area.
WARNING: [DRC DPOR-1] Asynchronous load check: DSP i_ariane/i_cva6/ex_stage_i/i_mult/i_multiplier/mult_result_d__11 output is connected to registers with an asynchronous reset (i_ariane/i_cva6/ex_stage_i/i_mult/i_multiplier/mult_result_q_reg[15]__6). This is preventing the possibility of merging these registers in to the DSP Block since the DSP block registers only possess synchronous reset capability.  It is suggested to recode or change these registers to remove the reset or use a synchronous reset to get the best optimization for performance, power and area.
WARNING: [DRC DPOR-1] Asynchronous load check: DSP i_ariane/i_cva6/ex_stage_i/i_mult/i_multiplier/mult_result_d__11 output is connected to registers with an asynchronous reset (i_ariane/i_cva6/ex_stage_i/i_mult/i_multiplier/mult_result_q_reg[16]__6). This is preventing the possibility of merging these registers in to the DSP Block since the DSP block registers only possess synchronous reset capability.  It is suggested to recode or change these registers to remove the reset or use a synchronous reset to get the best optimization for performance, power and area.
WARNING: [DRC DPOR-1] Asynchronous load check: DSP i_ariane/i_cva6/ex_stage_i/i_mult/i_multiplier/mult_result_d__11 output is connected to registers with an asynchronous reset (i_ariane/i_cva6/ex_stage_i/i_mult/i_multiplier/mult_result_q_reg[1]__6). This is preventing the possibility of merging these registers in to the DSP Block since the DSP block registers only possess synchronous reset capability.  It is suggested to recode or change these registers to remove the reset or use a synchronous reset to get the best optimization for performance, power and area.
WARNING: [DRC DPOR-1] Asynchronous load check: DSP i_ariane/i_cva6/ex_stage_i/i_mult/i_multiplier/mult_result_d__11 output is connected to registers with an asynchronous reset (i_ariane/i_cva6/ex_stage_i/i_mult/i_multiplier/mult_result_q_reg[2]__6). This is preventing the possibility of merging these registers in to the DSP Block since the DSP block registers only possess synchronous reset capability.  It is suggested to recode or change these registers to remove the reset or use a synchronous reset to get the best optimization for performance, power and area.
WARNING: [DRC DPOR-1] Asynchronous load check: DSP i_ariane/i_cva6/ex_stage_i/i_mult/i_multiplier/mult_result_d__11 output is connected to registers with an asynchronous reset (i_ariane/i_cva6/ex_stage_i/i_mult/i_multiplier/mult_result_q_reg[3]__6). This is preventing the possibility of merging these registers in to the DSP Block since the DSP block registers only possess synchronous reset capability.  It is suggested to recode or change these registers to remove the reset or use a synchronous reset to get the best optimization for performance, power and area.
WARNING: [DRC DPOR-1] Asynchronous load check: DSP i_ariane/i_cva6/ex_stage_i/i_mult/i_multiplier/mult_result_d__11 output is connected to registers with an asynchronous reset (i_ariane/i_cva6/ex_stage_i/i_mult/i_multiplier/mult_result_q_reg[4]__6). This is preventing the possibility of merging these registers in to the DSP Block since the DSP block registers only possess synchronous reset capability.  It is suggested to recode or change these registers to remove the reset or use a synchronous reset to get the best optimization for performance, power and area.
WARNING: [DRC DPOR-1] Asynchronous load check: DSP i_ariane/i_cva6/ex_stage_i/i_mult/i_multiplier/mult_result_d__11 output is connected to registers with an asynchronous reset (i_ariane/i_cva6/ex_stage_i/i_mult/i_multiplier/mult_result_q_reg[5]__6). This is preventing the possibility of merging these registers in to the DSP Block since the DSP block registers only possess synchronous reset capability.  It is suggested to recode or change these registers to remove the reset or use a synchronous reset to get the best optimization for performance, power and area.
WARNING: [DRC DPOR-1] Asynchronous load check: DSP i_ariane/i_cva6/ex_stage_i/i_mult/i_multiplier/mult_result_d__11 output is connected to registers with an asynchronous reset (i_ariane/i_cva6/ex_stage_i/i_mult/i_multiplier/mult_result_q_reg[6]__6). This is preventing the possibility of merging these registers in to the DSP Block since the DSP block registers only possess synchronous reset capability.  It is suggested to recode or change these registers to remove the reset or use a synchronous reset to get the best optimization for performance, power and area.
WARNING: [DRC DPOR-1] Asynchronous load check: DSP i_ariane/i_cva6/ex_stage_i/i_mult/i_multiplier/mult_result_d__11 output is connected to registers with an asynchronous reset (i_ariane/i_cva6/ex_stage_i/i_mult/i_multiplier/mult_result_q_reg[7]__6). This is preventing the possibility of merging these registers in to the DSP Block since the DSP block registers only possess synchronous reset capability.  It is suggested to recode or change these registers to remove the reset or use a synchronous reset to get the best optimization for performance, power and area.
WARNING: [DRC DPOR-1] Asynchronous load check: DSP i_ariane/i_cva6/ex_stage_i/i_mult/i_multiplier/mult_result_d__11 output is connected to registers with an asynchronous reset (i_ariane/i_cva6/ex_stage_i/i_mult/i_multiplier/mult_result_q_reg[8]__6). This is preventing the possibility of merging these registers in to the DSP Block since the DSP block registers only possess synchronous reset capability.  It is suggested to recode or change these registers to remove the reset or use a synchronous reset to get the best optimization for performance, power and area.
WARNING: [DRC DPOR-1] Asynchronous load check: DSP i_ariane/i_cva6/ex_stage_i/i_mult/i_multiplier/mult_result_d__11 output is connected to registers with an asynchronous reset (i_ariane/i_cva6/ex_stage_i/i_mult/i_multiplier/mult_result_q_reg[9]__6). This is preventing the possibility of merging these registers in to the DSP Block since the DSP block registers only possess synchronous reset capability.  It is suggested to recode or change these registers to remove the reset or use a synchronous reset to get the best optimization for performance, power and area.
WARNING: [DRC DPOR-1] Asynchronous load check: DSP i_ariane/i_cva6/ex_stage_i/i_mult/i_multiplier/mult_result_d__13 output is connected to registers with an asynchronous reset (i_ariane/i_cva6/ex_stage_i/i_mult/i_multiplier/mult_result_q_reg[0]__7). This is preventing the possibility of merging these registers in to the DSP Block since the DSP block registers only possess synchronous reset capability.  It is suggested to recode or change these registers to remove the reset or use a synchronous reset to get the best optimization for performance, power and area.
WARNING: [DRC DPOR-1] Asynchronous load check: DSP i_ariane/i_cva6/ex_stage_i/i_mult/i_multiplier/mult_result_d__13 output is connected to registers with an asynchronous reset (i_ariane/i_cva6/ex_stage_i/i_mult/i_multiplier/mult_result_q_reg[10]__7). This is preventing the possibility of merging these registers in to the DSP Block since the DSP block registers only possess synchronous reset capability.  It is suggested to recode or change these registers to remove the reset or use a synchronous reset to get the best optimization for performance, power and area.
WARNING: [DRC DPOR-1] Asynchronous load check: DSP i_ariane/i_cva6/ex_stage_i/i_mult/i_multiplier/mult_result_d__13 output is connected to registers with an asynchronous reset (i_ariane/i_cva6/ex_stage_i/i_mult/i_multiplier/mult_result_q_reg[11]__7). This is preventing the possibility of merging these registers in to the DSP Block since the DSP block registers only possess synchronous reset capability.  It is suggested to recode or change these registers to remove the reset or use a synchronous reset to get the best optimization for performance, power and area.
WARNING: [DRC DPOR-1] Asynchronous load check: DSP i_ariane/i_cva6/ex_stage_i/i_mult/i_multiplier/mult_result_d__13 output is connected to registers with an asynchronous reset (i_ariane/i_cva6/ex_stage_i/i_mult/i_multiplier/mult_result_q_reg[12]__7). This is preventing the possibility of merging these registers in to the DSP Block since the DSP block registers only possess synchronous reset capability.  It is suggested to recode or change these registers to remove the reset or use a synchronous reset to get the best optimization for performance, power and area.
WARNING: [DRC DPOR-1] Asynchronous load check: DSP i_ariane/i_cva6/ex_stage_i/i_mult/i_multiplier/mult_result_d__13 output is connected to registers with an asynchronous reset (i_ariane/i_cva6/ex_stage_i/i_mult/i_multiplier/mult_result_q_reg[13]__7). This is preventing the possibility of merging these registers in to the DSP Block since the DSP block registers only possess synchronous reset capability.  It is suggested to recode or change these registers to remove the reset or use a synchronous reset to get the best optimization for performance, power and area.
WARNING: [DRC DPOR-1] Asynchronous load check: DSP i_ariane/i_cva6/ex_stage_i/i_mult/i_multiplier/mult_result_d__13 output is connected to registers with an asynchronous reset (i_ariane/i_cva6/ex_stage_i/i_mult/i_multiplier/mult_result_q_reg[14]__7). This is preventing the possibility of merging these registers in to the DSP Block since the DSP block registers only possess synchronous reset capability.  It is suggested to recode or change these registers to remove the reset or use a synchronous reset to get the best optimization for performance, power and area.
WARNING: [DRC DPOR-1] Asynchronous load check: DSP i_ariane/i_cva6/ex_stage_i/i_mult/i_multiplier/mult_result_d__13 output is connected to registers with an asynchronous reset (i_ariane/i_cva6/ex_stage_i/i_mult/i_multiplier/mult_result_q_reg[15]__7). This is preventing the possibility of merging these registers in to the DSP Block since the DSP block registers only possess synchronous reset capability.  It is suggested to recode or change these registers to remove the reset or use a synchronous reset to get the best optimization for performance, power and area.
WARNING: [DRC DPOR-1] Asynchronous load check: DSP i_ariane/i_cva6/ex_stage_i/i_mult/i_multiplier/mult_result_d__13 output is connected to registers with an asynchronous reset (i_ariane/i_cva6/ex_stage_i/i_mult/i_multiplier/mult_result_q_reg[16]__7). This is preventing the possibility of merging these registers in to the DSP Block since the DSP block registers only possess synchronous reset capability.  It is suggested to recode or change these registers to remove the reset or use a synchronous reset to get the best optimization for performance, power and area.
WARNING: [DRC DPOR-1] Asynchronous load check: DSP i_ariane/i_cva6/ex_stage_i/i_mult/i_multiplier/mult_result_d__13 output is connected to registers with an asynchronous reset (i_ariane/i_cva6/ex_stage_i/i_mult/i_multiplier/mult_result_q_reg[1]__7). This is preventing the possibility of merging these registers in to the DSP Block since the DSP block registers only possess synchronous reset capability.  It is suggested to recode or change these registers to remove the reset or use a synchronous reset to get the best optimization for performance, power and area.
WARNING: [DRC DPOR-1] Asynchronous load check: DSP i_ariane/i_cva6/ex_stage_i/i_mult/i_multiplier/mult_result_d__13 output is connected to registers with an asynchronous reset (i_ariane/i_cva6/ex_stage_i/i_mult/i_multiplier/mult_result_q_reg[2]__7). This is preventing the possibility of merging these registers in to the DSP Block since the DSP block registers only possess synchronous reset capability.  It is suggested to recode or change these registers to remove the reset or use a synchronous reset to get the best optimization for performance, power and area.
WARNING: [DRC DPOR-1] Asynchronous load check: DSP i_ariane/i_cva6/ex_stage_i/i_mult/i_multiplier/mult_result_d__13 output is connected to registers with an asynchronous reset (i_ariane/i_cva6/ex_stage_i/i_mult/i_multiplier/mult_result_q_reg[3]__7). This is preventing the possibility of merging these registers in to the DSP Block since the DSP block registers only possess synchronous reset capability.  It is suggested to recode or change these registers to remove the reset or use a synchronous reset to get the best optimization for performance, power and area.
WARNING: [DRC DPOR-1] Asynchronous load check: DSP i_ariane/i_cva6/ex_stage_i/i_mult/i_multiplier/mult_result_d__13 output is connected to registers with an asynchronous reset (i_ariane/i_cva6/ex_stage_i/i_mult/i_multiplier/mult_result_q_reg[4]__7). This is preventing the possibility of merging these registers in to the DSP Block since the DSP block registers only possess synchronous reset capability.  It is suggested to recode or change these registers to remove the reset or use a synchronous reset to get the best optimization for performance, power and area.
WARNING: [DRC DPOR-1] Asynchronous load check: DSP i_ariane/i_cva6/ex_stage_i/i_mult/i_multiplier/mult_result_d__13 output is connected to registers with an asynchronous reset (i_ariane/i_cva6/ex_stage_i/i_mult/i_multiplier/mult_result_q_reg[5]__7). This is preventing the possibility of merging these registers in to the DSP Block since the DSP block registers only possess synchronous reset capability.  It is suggested to recode or change these registers to remove the reset or use a synchronous reset to get the best optimization for performance, power and area.
WARNING: [DRC DPOR-1] Asynchronous load check: DSP i_ariane/i_cva6/ex_stage_i/i_mult/i_multiplier/mult_result_d__13 output is connected to registers with an asynchronous reset (i_ariane/i_cva6/ex_stage_i/i_mult/i_multiplier/mult_result_q_reg[6]__7). This is preventing the possibility of merging these registers in to the DSP Block since the DSP block registers only possess synchronous reset capability.  It is suggested to recode or change these registers to remove the reset or use a synchronous reset to get the best optimization for performance, power and area.
WARNING: [DRC DPOR-1] Asynchronous load check: DSP i_ariane/i_cva6/ex_stage_i/i_mult/i_multiplier/mult_result_d__13 output is connected to registers with an asynchronous reset (i_ariane/i_cva6/ex_stage_i/i_mult/i_multiplier/mult_result_q_reg[7]__7). This is preventing the possibility of merging these registers in to the DSP Block since the DSP block registers only possess synchronous reset capability.  It is suggested to recode or change these registers to remove the reset or use a synchronous reset to get the best optimization for performance, power and area.
WARNING: [DRC DPOR-1] Asynchronous load check: DSP i_ariane/i_cva6/ex_stage_i/i_mult/i_multiplier/mult_result_d__13 output is connected to registers with an asynchronous reset (i_ariane/i_cva6/ex_stage_i/i_mult/i_multiplier/mult_result_q_reg[8]__7). This is preventing the possibility of merging these registers in to the DSP Block since the DSP block registers only possess synchronous reset capability.  It is suggested to recode or change these registers to remove the reset or use a synchronous reset to get the best optimization for performance, power and area.
WARNING: [DRC DPOR-1] Asynchronous load check: DSP i_ariane/i_cva6/ex_stage_i/i_mult/i_multiplier/mult_result_d__13 output is connected to registers with an asynchronous reset (i_ariane/i_cva6/ex_stage_i/i_mult/i_multiplier/mult_result_q_reg[9]__7). This is preventing the possibility of merging these registers in to the DSP Block since the DSP block registers only possess synchronous reset capability.  It is suggested to recode or change these registers to remove the reset or use a synchronous reset to get the best optimization for performance, power and area.
WARNING: [DRC DPOR-1] Asynchronous load check: DSP i_ariane/i_cva6/ex_stage_i/i_mult/i_multiplier/mult_result_d__4 output is connected to registers with an asynchronous reset (i_ariane/i_cva6/ex_stage_i/i_mult/i_multiplier/mult_result_q_reg[0]__2). This is preventing the possibility of merging these registers in to the DSP Block since the DSP block registers only possess synchronous reset capability.  It is suggested to recode or change these registers to remove the reset or use a synchronous reset to get the best optimization for performance, power and area.
WARNING: [DRC DPOR-1] Asynchronous load check: DSP i_ariane/i_cva6/ex_stage_i/i_mult/i_multiplier/mult_result_d__4 output is connected to registers with an asynchronous reset (i_ariane/i_cva6/ex_stage_i/i_mult/i_multiplier/mult_result_q_reg[10]__2). This is preventing the possibility of merging these registers in to the DSP Block since the DSP block registers only possess synchronous reset capability.  It is suggested to recode or change these registers to remove the reset or use a synchronous reset to get the best optimization for performance, power and area.
WARNING: [DRC DPOR-1] Asynchronous load check: DSP i_ariane/i_cva6/ex_stage_i/i_mult/i_multiplier/mult_result_d__4 output is connected to registers with an asynchronous reset (i_ariane/i_cva6/ex_stage_i/i_mult/i_multiplier/mult_result_q_reg[11]__2). This is preventing the possibility of merging these registers in to the DSP Block since the DSP block registers only possess synchronous reset capability.  It is suggested to recode or change these registers to remove the reset or use a synchronous reset to get the best optimization for performance, power and area.
WARNING: [DRC DPOR-1] Asynchronous load check: DSP i_ariane/i_cva6/ex_stage_i/i_mult/i_multiplier/mult_result_d__4 output is connected to registers with an asynchronous reset (i_ariane/i_cva6/ex_stage_i/i_mult/i_multiplier/mult_result_q_reg[12]__2). This is preventing the possibility of merging these registers in to the DSP Block since the DSP block registers only possess synchronous reset capability.  It is suggested to recode or change these registers to remove the reset or use a synchronous reset to get the best optimization for performance, power and area.
WARNING: [DRC DPOR-1] Asynchronous load check: DSP i_ariane/i_cva6/ex_stage_i/i_mult/i_multiplier/mult_result_d__4 output is connected to registers with an asynchronous reset (i_ariane/i_cva6/ex_stage_i/i_mult/i_multiplier/mult_result_q_reg[13]__2). This is preventing the possibility of merging these registers in to the DSP Block since the DSP block registers only possess synchronous reset capability.  It is suggested to recode or change these registers to remove the reset or use a synchronous reset to get the best optimization for performance, power and area.
WARNING: [DRC DPOR-1] Asynchronous load check: DSP i_ariane/i_cva6/ex_stage_i/i_mult/i_multiplier/mult_result_d__4 output is connected to registers with an asynchronous reset (i_ariane/i_cva6/ex_stage_i/i_mult/i_multiplier/mult_result_q_reg[14]__2). This is preventing the possibility of merging these registers in to the DSP Block since the DSP block registers only possess synchronous reset capability.  It is suggested to recode or change these registers to remove the reset or use a synchronous reset to get the best optimization for performance, power and area.
WARNING: [DRC DPOR-1] Asynchronous load check: DSP i_ariane/i_cva6/ex_stage_i/i_mult/i_multiplier/mult_result_d__4 output is connected to registers with an asynchronous reset (i_ariane/i_cva6/ex_stage_i/i_mult/i_multiplier/mult_result_q_reg[15]__2). This is preventing the possibility of merging these registers in to the DSP Block since the DSP block registers only possess synchronous reset capability.  It is suggested to recode or change these registers to remove the reset or use a synchronous reset to get the best optimization for performance, power and area.
WARNING: [DRC DPOR-1] Asynchronous load check: DSP i_ariane/i_cva6/ex_stage_i/i_mult/i_multiplier/mult_result_d__4 output is connected to registers with an asynchronous reset (i_ariane/i_cva6/ex_stage_i/i_mult/i_multiplier/mult_result_q_reg[16]__2). This is preventing the possibility of merging these registers in to the DSP Block since the DSP block registers only possess synchronous reset capability.  It is suggested to recode or change these registers to remove the reset or use a synchronous reset to get the best optimization for performance, power and area.
WARNING: [DRC DPOR-1] Asynchronous load check: DSP i_ariane/i_cva6/ex_stage_i/i_mult/i_multiplier/mult_result_d__4 output is connected to registers with an asynchronous reset (i_ariane/i_cva6/ex_stage_i/i_mult/i_multiplier/mult_result_q_reg[1]__2). This is preventing the possibility of merging these registers in to the DSP Block since the DSP block registers only possess synchronous reset capability.  It is suggested to recode or change these registers to remove the reset or use a synchronous reset to get the best optimization for performance, power and area.
WARNING: [DRC DPOR-1] Asynchronous load check: DSP i_ariane/i_cva6/ex_stage_i/i_mult/i_multiplier/mult_result_d__4 output is connected to registers with an asynchronous reset (i_ariane/i_cva6/ex_stage_i/i_mult/i_multiplier/mult_result_q_reg[2]__2). This is preventing the possibility of merging these registers in to the DSP Block since the DSP block registers only possess synchronous reset capability.  It is suggested to recode or change these registers to remove the reset or use a synchronous reset to get the best optimization for performance, power and area.
WARNING: [DRC DPOR-1] Asynchronous load check: DSP i_ariane/i_cva6/ex_stage_i/i_mult/i_multiplier/mult_result_d__4 output is connected to registers with an asynchronous reset (i_ariane/i_cva6/ex_stage_i/i_mult/i_multiplier/mult_result_q_reg[3]__2). This is preventing the possibility of merging these registers in to the DSP Block since the DSP block registers only possess synchronous reset capability.  It is suggested to recode or change these registers to remove the reset or use a synchronous reset to get the best optimization for performance, power and area.
WARNING: [DRC DPOR-1] Asynchronous load check: DSP i_ariane/i_cva6/ex_stage_i/i_mult/i_multiplier/mult_result_d__4 output is connected to registers with an asynchronous reset (i_ariane/i_cva6/ex_stage_i/i_mult/i_multiplier/mult_result_q_reg[4]__2). This is preventing the possibility of merging these registers in to the DSP Block since the DSP block registers only possess synchronous reset capability.  It is suggested to recode or change these registers to remove the reset or use a synchronous reset to get the best optimization for performance, power and area.
WARNING: [DRC DPOR-1] Asynchronous load check: DSP i_ariane/i_cva6/ex_stage_i/i_mult/i_multiplier/mult_result_d__4 output is connected to registers with an asynchronous reset (i_ariane/i_cva6/ex_stage_i/i_mult/i_multiplier/mult_result_q_reg[5]__2). This is preventing the possibility of merging these registers in to the DSP Block since the DSP block registers only possess synchronous reset capability.  It is suggested to recode or change these registers to remove the reset or use a synchronous reset to get the best optimization for performance, power and area.
WARNING: [DRC DPOR-1] Asynchronous load check: DSP i_ariane/i_cva6/ex_stage_i/i_mult/i_multiplier/mult_result_d__4 output is connected to registers with an asynchronous reset (i_ariane/i_cva6/ex_stage_i/i_mult/i_multiplier/mult_result_q_reg[6]__2). This is preventing the possibility of merging these registers in to the DSP Block since the DSP block registers only possess synchronous reset capability.  It is suggested to recode or change these registers to remove the reset or use a synchronous reset to get the best optimization for performance, power and area.
WARNING: [DRC DPOR-1] Asynchronous load check: DSP i_ariane/i_cva6/ex_stage_i/i_mult/i_multiplier/mult_result_d__4 output is connected to registers with an asynchronous reset (i_ariane/i_cva6/ex_stage_i/i_mult/i_multiplier/mult_result_q_reg[7]__2). This is preventing the possibility of merging these registers in to the DSP Block since the DSP block registers only possess synchronous reset capability.  It is suggested to recode or change these registers to remove the reset or use a synchronous reset to get the best optimization for performance, power and area.
WARNING: [DRC DPOR-1] Asynchronous load check: DSP i_ariane/i_cva6/ex_stage_i/i_mult/i_multiplier/mult_result_d__4 output is connected to registers with an asynchronous reset (i_ariane/i_cva6/ex_stage_i/i_mult/i_multiplier/mult_result_q_reg[8]__2). This is preventing the possibility of merging these registers in to the DSP Block since the DSP block registers only possess synchronous reset capability.  It is suggested to recode or change these registers to remove the reset or use a synchronous reset to get the best optimization for performance, power and area.
WARNING: [DRC DPOR-1] Asynchronous load check: DSP i_ariane/i_cva6/ex_stage_i/i_mult/i_multiplier/mult_result_d__4 output is connected to registers with an asynchronous reset (i_ariane/i_cva6/ex_stage_i/i_mult/i_multiplier/mult_result_q_reg[9]__2). This is preventing the possibility of merging these registers in to the DSP Block since the DSP block registers only possess synchronous reset capability.  It is suggested to recode or change these registers to remove the reset or use a synchronous reset to get the best optimization for performance, power and area.
WARNING: [DRC DPOR-1] Asynchronous load check: DSP i_ariane/i_cva6/ex_stage_i/i_mult/i_multiplier/mult_result_d__8 output is connected to registers with an asynchronous reset (i_ariane/i_cva6/ex_stage_i/i_mult/i_multiplier/mult_result_q_reg[0]__4). This is preventing the possibility of merging these registers in to the DSP Block since the DSP block registers only possess synchronous reset capability.  It is suggested to recode or change these registers to remove the reset or use a synchronous reset to get the best optimization for performance, power and area.
WARNING: [DRC DPOR-1] Asynchronous load check: DSP i_ariane/i_cva6/ex_stage_i/i_mult/i_multiplier/mult_result_d__8 output is connected to registers with an asynchronous reset (i_ariane/i_cva6/ex_stage_i/i_mult/i_multiplier/mult_result_q_reg[10]__4). This is preventing the possibility of merging these registers in to the DSP Block since the DSP block registers only possess synchronous reset capability.  It is suggested to recode or change these registers to remove the reset or use a synchronous reset to get the best optimization for performance, power and area.
WARNING: [DRC DPOR-1] Asynchronous load check: DSP i_ariane/i_cva6/ex_stage_i/i_mult/i_multiplier/mult_result_d__8 output is connected to registers with an asynchronous reset (i_ariane/i_cva6/ex_stage_i/i_mult/i_multiplier/mult_result_q_reg[11]__4). This is preventing the possibility of merging these registers in to the DSP Block since the DSP block registers only possess synchronous reset capability.  It is suggested to recode or change these registers to remove the reset or use a synchronous reset to get the best optimization for performance, power and area.
WARNING: [DRC DPOR-1] Asynchronous load check: DSP i_ariane/i_cva6/ex_stage_i/i_mult/i_multiplier/mult_result_d__8 output is connected to registers with an asynchronous reset (i_ariane/i_cva6/ex_stage_i/i_mult/i_multiplier/mult_result_q_reg[12]__4). This is preventing the possibility of merging these registers in to the DSP Block since the DSP block registers only possess synchronous reset capability.  It is suggested to recode or change these registers to remove the reset or use a synchronous reset to get the best optimization for performance, power and area.
WARNING: [DRC DPOR-1] Asynchronous load check: DSP i_ariane/i_cva6/ex_stage_i/i_mult/i_multiplier/mult_result_d__8 output is connected to registers with an asynchronous reset (i_ariane/i_cva6/ex_stage_i/i_mult/i_multiplier/mult_result_q_reg[13]__4). This is preventing the possibility of merging these registers in to the DSP Block since the DSP block registers only possess synchronous reset capability.  It is suggested to recode or change these registers to remove the reset or use a synchronous reset to get the best optimization for performance, power and area.
WARNING: [DRC DPOR-1] Asynchronous load check: DSP i_ariane/i_cva6/ex_stage_i/i_mult/i_multiplier/mult_result_d__8 output is connected to registers with an asynchronous reset (i_ariane/i_cva6/ex_stage_i/i_mult/i_multiplier/mult_result_q_reg[14]__4). This is preventing the possibility of merging these registers in to the DSP Block since the DSP block registers only possess synchronous reset capability.  It is suggested to recode or change these registers to remove the reset or use a synchronous reset to get the best optimization for performance, power and area.
WARNING: [DRC DPOR-1] Asynchronous load check: DSP i_ariane/i_cva6/ex_stage_i/i_mult/i_multiplier/mult_result_d__8 output is connected to registers with an asynchronous reset (i_ariane/i_cva6/ex_stage_i/i_mult/i_multiplier/mult_result_q_reg[15]__4). This is preventing the possibility of merging these registers in to the DSP Block since the DSP block registers only possess synchronous reset capability.  It is suggested to recode or change these registers to remove the reset or use a synchronous reset to get the best optimization for performance, power and area.
WARNING: [DRC DPOR-1] Asynchronous load check: DSP i_ariane/i_cva6/ex_stage_i/i_mult/i_multiplier/mult_result_d__8 output is connected to registers with an asynchronous reset (i_ariane/i_cva6/ex_stage_i/i_mult/i_multiplier/mult_result_q_reg[16]__4). This is preventing the possibility of merging these registers in to the DSP Block since the DSP block registers only possess synchronous reset capability.  It is suggested to recode or change these registers to remove the reset or use a synchronous reset to get the best optimization for performance, power and area.
WARNING: [DRC DPOR-1] Asynchronous load check: DSP i_ariane/i_cva6/ex_stage_i/i_mult/i_multiplier/mult_result_d__8 output is connected to registers with an asynchronous reset (i_ariane/i_cva6/ex_stage_i/i_mult/i_multiplier/mult_result_q_reg[1]__4). This is preventing the possibility of merging these registers in to the DSP Block since the DSP block registers only possess synchronous reset capability.  It is suggested to recode or change these registers to remove the reset or use a synchronous reset to get the best optimization for performance, power and area.
WARNING: [DRC DPOR-1] Asynchronous load check: DSP i_ariane/i_cva6/ex_stage_i/i_mult/i_multiplier/mult_result_d__8 output is connected to registers with an asynchronous reset (i_ariane/i_cva6/ex_stage_i/i_mult/i_multiplier/mult_result_q_reg[2]__4). This is preventing the possibility of merging these registers in to the DSP Block since the DSP block registers only possess synchronous reset capability.  It is suggested to recode or change these registers to remove the reset or use a synchronous reset to get the best optimization for performance, power and area.
WARNING: [DRC DPOR-1] Asynchronous load check: DSP i_ariane/i_cva6/ex_stage_i/i_mult/i_multiplier/mult_result_d__8 output is connected to registers with an asynchronous reset (i_ariane/i_cva6/ex_stage_i/i_mult/i_multiplier/mult_result_q_reg[3]__4). This is preventing the possibility of merging these registers in to the DSP Block since the DSP block registers only possess synchronous reset capability.  It is suggested to recode or change these registers to remove the reset or use a synchronous reset to get the best optimization for performance, power and area.
WARNING: [DRC DPOR-1] Asynchronous load check: DSP i_ariane/i_cva6/ex_stage_i/i_mult/i_multiplier/mult_result_d__8 output is connected to registers with an asynchronous reset (i_ariane/i_cva6/ex_stage_i/i_mult/i_multiplier/mult_result_q_reg[4]__4). This is preventing the possibility of merging these registers in to the DSP Block since the DSP block registers only possess synchronous reset capability.  It is suggested to recode or change these registers to remove the reset or use a synchronous reset to get the best optimization for performance, power and area.
WARNING: [DRC DPOR-1] Asynchronous load check: DSP i_ariane/i_cva6/ex_stage_i/i_mult/i_multiplier/mult_result_d__8 output is connected to registers with an asynchronous reset (i_ariane/i_cva6/ex_stage_i/i_mult/i_multiplier/mult_result_q_reg[5]__4). This is preventing the possibility of merging these registers in to the DSP Block since the DSP block registers only possess synchronous reset capability.  It is suggested to recode or change these registers to remove the reset or use a synchronous reset to get the best optimization for performance, power and area.
WARNING: [DRC DPOR-1] Asynchronous load check: DSP i_ariane/i_cva6/ex_stage_i/i_mult/i_multiplier/mult_result_d__8 output is connected to registers with an asynchronous reset (i_ariane/i_cva6/ex_stage_i/i_mult/i_multiplier/mult_result_q_reg[6]__4). This is preventing the possibility of merging these registers in to the DSP Block since the DSP block registers only possess synchronous reset capability.  It is suggested to recode or change these registers to remove the reset or use a synchronous reset to get the best optimization for performance, power and area.
WARNING: [DRC DPOR-1] Asynchronous load check: DSP i_ariane/i_cva6/ex_stage_i/i_mult/i_multiplier/mult_result_d__8 output is connected to registers with an asynchronous reset (i_ariane/i_cva6/ex_stage_i/i_mult/i_multiplier/mult_result_q_reg[7]__4). This is preventing the possibility of merging these registers in to the DSP Block since the DSP block registers only possess synchronous reset capability.  It is suggested to recode or change these registers to remove the reset or use a synchronous reset to get the best optimization for performance, power and area.
INFO: [Common 17-14] Message 'DRC DPOR-1' appears 100 times and further instances of the messages will be disabled. Use the Tcl command set_msg_config to change the current settings.
WARNING: [DRC IOSR-1] IOB set reset sharing: IO btnc_i connects to flops which have these i_ariane_peripherals/gen_dma.gen_accel2.i_boundary_cfg_accel2/gen_registered.s\\.b_valid_i_1_n_0, and i_ariane_peripherals/gen_dma.i_boundary_cfg_accel1/gen_registered.s\\.b_valid_i_1_n_0 set/reset signals.  For optimal IOB flop packing there should be only one set/reset signal coming into the IOB.
WARNING: [DRC IOSR-1] IOB set reset sharing: IO btnd_i connects to flops which have these i_ariane_peripherals/gen_dma.gen_accel2.i_boundary_cfg_accel2/gen_registered.s\\.b_valid_i_1_n_0, and i_ariane_peripherals/gen_dma.i_boundary_cfg_accel1/gen_registered.s\\.b_valid_i_1_n_0 set/reset signals.  For optimal IOB flop packing there should be only one set/reset signal coming into the IOB.
WARNING: [DRC IOSR-1] IOB set reset sharing: IO btnl_i connects to flops which have these i_ariane_peripherals/gen_dma.gen_accel2.i_boundary_cfg_accel2/gen_registered.s\\.b_valid_i_1_n_0, and i_ariane_peripherals/gen_dma.i_boundary_cfg_accel1/gen_registered.s\\.b_valid_i_1_n_0 set/reset signals.  For optimal IOB flop packing there should be only one set/reset signal coming into the IOB.
WARNING: [DRC IOSR-1] IOB set reset sharing: IO btnr_i connects to flops which have these i_ariane_peripherals/gen_dma.gen_accel2.i_boundary_cfg_accel2/gen_registered.s\\.b_valid_i_1_n_0, and i_ariane_peripherals/gen_dma.i_boundary_cfg_accel1/gen_registered.s\\.b_valid_i_1_n_0 set/reset signals.  For optimal IOB flop packing there should be only one set/reset signal coming into the IOB.
WARNING: [DRC IOSR-1] IOB set reset sharing: IO btnu_i connects to flops which have these i_ariane_peripherals/gen_dma.gen_accel2.i_boundary_cfg_accel2/gen_registered.s\\.b_valid_i_1_n_0, and i_ariane_peripherals/gen_dma.i_boundary_cfg_accel1/gen_registered.s\\.b_valid_i_1_n_0 set/reset signals.  For optimal IOB flop packing there should be only one set/reset signal coming into the IOB.
WARNING: [DRC PDCN-1569] LUT equation term check: Used physical LUT pin 'A2' of cell i_xlnx_axi_clock_converter_ddr/inst/gen_clock_conv.gen_async_conv.asyncfifo_axi/inst_fifo_gen/gaxi_full_lite.gread_ch.grdch2.axi_rdch/grf.rf/gntv_or_sync_fifo.gl0.rd/gr1.gr1_int.rfwft/gpregsm1.user_valid_i_1 (pin i_xlnx_axi_clock_converter_ddr/inst/gen_clock_conv.gen_async_conv.asyncfifo_axi/inst_fifo_gen/gaxi_full_lite.gread_ch.grdch2.axi_rdch/grf.rf/gntv_or_sync_fifo.gl0.rd/gr1.gr1_int.rfwft/gpregsm1.user_valid_i_1/I1) is not included in the LUT equation: 'O6=(A5)+((~A5)*(~A1)*A4)'. If this cell is a user instantiated LUT in the design, please remove connectivity to the pin or change the equation and/or INIT string of the LUT to prevent this issue. If the cell is inferred or IP created LUT, please regenerate the IP and/or resynthesize the design to attempt to correct the issue.
WARNING: [DRC PDCN-1569] LUT equation term check: Used physical LUT pin 'A3' of cell i_ariane_peripherals/gen_gpio.i_xlnx_axi_dwidth_converter_gpio/inst/gen_downsizer.gen_simple_downsizer.axi_downsizer_inst/USE_WRITE.write_addr_inst/USE_B_CHANNEL.cmd_b_queue/inst/fifo_gen_inst/inst_fifo_gen/gconvfifo.rf/grf.rf/gntv_or_sync_fifo.gl0.rd/gr1.gr1_int.rfwft/gpregsm1.user_valid_i_1 (pin i_ariane_peripherals/gen_gpio.i_xlnx_axi_dwidth_converter_gpio/inst/gen_downsizer.gen_simple_downsizer.axi_downsizer_inst/USE_WRITE.write_addr_inst/USE_B_CHANNEL.cmd_b_queue/inst/fifo_gen_inst/inst_fifo_gen/gconvfifo.rf/grf.rf/gntv_or_sync_fifo.gl0.rd/gr1.gr1_int.rfwft/gpregsm1.user_valid_i_1/I1) is not included in the LUT equation: 'O6=(A2)+((~A2)*(~A1)*A5)'. If this cell is a user instantiated LUT in the design, please remove connectivity to the pin or change the equation and/or INIT string of the LUT to prevent this issue. If the cell is inferred or IP created LUT, please regenerate the IP and/or resynthesize the design to attempt to correct the issue.
WARNING: [DRC PDCN-1569] LUT equation term check: Used physical LUT pin 'A3' of cell i_xlnx_axi_clock_converter_ddr/inst/gen_clock_conv.gen_async_conv.asyncfifo_axi/inst_fifo_gen/gaxi_full_lite.gwrite_ch.gwach2.axi_wach/grf.rf/gntv_or_sync_fifo.gl0.rd/gr1.gr1_int.rfwft/gpregsm1.user_valid_i_1 (pin i_xlnx_axi_clock_converter_ddr/inst/gen_clock_conv.gen_async_conv.asyncfifo_axi/inst_fifo_gen/gaxi_full_lite.gwrite_ch.gwach2.axi_wach/grf.rf/gntv_or_sync_fifo.gl0.rd/gr1.gr1_int.rfwft/gpregsm1.user_valid_i_1/I1) is not included in the LUT equation: 'O6=(A2)+((~A2)*(~A6)*A1)'. If this cell is a user instantiated LUT in the design, please remove connectivity to the pin or change the equation and/or INIT string of the LUT to prevent this issue. If the cell is inferred or IP created LUT, please regenerate the IP and/or resynthesize the design to attempt to correct the issue.
WARNING: [DRC PDCN-1569] LUT equation term check: Used physical LUT pin 'A3' of cell i_xlnx_axi_clock_converter_ddr/inst/gen_clock_conv.gen_async_conv.asyncfifo_axi/inst_fifo_gen/gaxi_full_lite.gwrite_ch.gwrch2.axi_wrch/grf.rf/gntv_or_sync_fifo.gl0.rd/gr1.gr1_int.rfwft/gpregsm1.user_valid_i_1 (pin i_xlnx_axi_clock_converter_ddr/inst/gen_clock_conv.gen_async_conv.asyncfifo_axi/inst_fifo_gen/gaxi_full_lite.gwrite_ch.gwrch2.axi_wrch/grf.rf/gntv_or_sync_fifo.gl0.rd/gr1.gr1_int.rfwft/gpregsm1.user_valid_i_1/I1) is not included in the LUT equation: 'O6=(A2)+((~A2)*(~A5)*A6)'. If this cell is a user instantiated LUT in the design, please remove connectivity to the pin or change the equation and/or INIT string of the LUT to prevent this issue. If the cell is inferred or IP created LUT, please regenerate the IP and/or resynthesize the design to attempt to correct the issue.
WARNING: [DRC PDCN-1569] LUT equation term check: Used physical LUT pin 'A4' of cell i_ariane_peripherals/gen_gpio.i_xlnx_axi_dwidth_converter_gpio/inst/gen_downsizer.gen_simple_downsizer.axi_downsizer_inst/USE_WRITE.write_addr_inst/cmd_queue/inst/fifo_gen_inst/inst_fifo_gen/gconvfifo.rf/grf.rf/gntv_or_sync_fifo.gl0.rd/gr1.gr1_int.rfwft/gpregsm1.user_valid_i_1 (pin i_ariane_peripherals/gen_gpio.i_xlnx_axi_dwidth_converter_gpio/inst/gen_downsizer.gen_simple_downsizer.axi_downsizer_inst/USE_WRITE.write_addr_inst/cmd_queue/inst/fifo_gen_inst/inst_fifo_gen/gconvfifo.rf/grf.rf/gntv_or_sync_fifo.gl0.rd/gr1.gr1_int.rfwft/gpregsm1.user_valid_i_1/I1) is not included in the LUT equation: 'O6=(A5)+((~A5)*(~A2)*A3)'. If this cell is a user instantiated LUT in the design, please remove connectivity to the pin or change the equation and/or INIT string of the LUT to prevent this issue. If the cell is inferred or IP created LUT, please regenerate the IP and/or resynthesize the design to attempt to correct the issue.
WARNING: [DRC PDCN-1569] LUT equation term check: Used physical LUT pin 'A4' of cell i_ariane_peripherals/gen_spi.i_xlnx_axi_dwidth_converter_spi/inst/gen_downsizer.gen_simple_downsizer.axi_downsizer_inst/USE_WRITE.write_addr_inst/cmd_queue/inst/fifo_gen_inst/inst_fifo_gen/gconvfifo.rf/grf.rf/gntv_or_sync_fifo.gl0.rd/gr1.gr1_int.rfwft/gpregsm1.user_valid_i_1 (pin i_ariane_peripherals/gen_spi.i_xlnx_axi_dwidth_converter_spi/inst/gen_downsizer.gen_simple_downsizer.axi_downsizer_inst/USE_WRITE.write_addr_inst/cmd_queue/inst/fifo_gen_inst/inst_fifo_gen/gconvfifo.rf/grf.rf/gntv_or_sync_fifo.gl0.rd/gr1.gr1_int.rfwft/gpregsm1.user_valid_i_1/I1) is not included in the LUT equation: 'O6=(A1)+((~A1)*(~A5)*A2)'. If this cell is a user instantiated LUT in the design, please remove connectivity to the pin or change the equation and/or INIT string of the LUT to prevent this issue. If the cell is inferred or IP created LUT, please regenerate the IP and/or resynthesize the design to attempt to correct the issue.
WARNING: [DRC PDCN-1569] LUT equation term check: Used physical LUT pin 'A5' of cell i_ariane_peripherals/gen_gpio.i_xlnx_axi_dwidth_converter_gpio/inst/gen_downsizer.gen_simple_downsizer.axi_downsizer_inst/USE_READ.read_addr_inst/cmd_queue/inst/fifo_gen_inst/inst_fifo_gen/gconvfifo.rf/grf.rf/gntv_or_sync_fifo.gl0.rd/gr1.gr1_int.rfwft/gpregsm1.user_valid_i_1 (pin i_ariane_peripherals/gen_gpio.i_xlnx_axi_dwidth_converter_gpio/inst/gen_downsizer.gen_simple_downsizer.axi_downsizer_inst/USE_READ.read_addr_inst/cmd_queue/inst/fifo_gen_inst/inst_fifo_gen/gconvfifo.rf/grf.rf/gntv_or_sync_fifo.gl0.rd/gr1.gr1_int.rfwft/gpregsm1.user_valid_i_1/I1) is not included in the LUT equation: 'O6=(A3)+((~A3)*(~A1)*A6)'. If this cell is a user instantiated LUT in the design, please remove connectivity to the pin or change the equation and/or INIT string of the LUT to prevent this issue. If the cell is inferred or IP created LUT, please regenerate the IP and/or resynthesize the design to attempt to correct the issue.
WARNING: [DRC PDCN-1569] LUT equation term check: Used physical LUT pin 'A5' of cell i_ariane_peripherals/gen_spi.i_xlnx_axi_dwidth_converter_spi/inst/gen_downsizer.gen_simple_downsizer.axi_downsizer_inst/USE_WRITE.write_addr_inst/USE_B_CHANNEL.cmd_b_queue/inst/fifo_gen_inst/inst_fifo_gen/gconvfifo.rf/grf.rf/gntv_or_sync_fifo.gl0.rd/gr1.gr1_int.rfwft/gpregsm1.user_valid_i_1 (pin i_ariane_peripherals/gen_spi.i_xlnx_axi_dwidth_converter_spi/inst/gen_downsizer.gen_simple_downsizer.axi_downsizer_inst/USE_WRITE.write_addr_inst/USE_B_CHANNEL.cmd_b_queue/inst/fifo_gen_inst/inst_fifo_gen/gconvfifo.rf/grf.rf/gntv_or_sync_fifo.gl0.rd/gr1.gr1_int.rfwft/gpregsm1.user_valid_i_1/I1) is not included in the LUT equation: 'O6=(A4)+((~A4)*(~A3)*A2)'. If this cell is a user instantiated LUT in the design, please remove connectivity to the pin or change the equation and/or INIT string of the LUT to prevent this issue. If the cell is inferred or IP created LUT, please regenerate the IP and/or resynthesize the design to attempt to correct the issue.
WARNING: [DRC PDCN-1569] LUT equation term check: Used physical LUT pin 'A5' of cell i_xlnx_axi_clock_converter_ddr/inst/gen_clock_conv.gen_async_conv.asyncfifo_axi/inst_fifo_gen/gaxi_full_lite.gread_ch.grach2.axi_rach/grf.rf/gntv_or_sync_fifo.gl0.rd/gr1.gr1_int.rfwft/gpregsm1.user_valid_i_1 (pin i_xlnx_axi_clock_converter_ddr/inst/gen_clock_conv.gen_async_conv.asyncfifo_axi/inst_fifo_gen/gaxi_full_lite.gread_ch.grach2.axi_rach/grf.rf/gntv_or_sync_fifo.gl0.rd/gr1.gr1_int.rfwft/gpregsm1.user_valid_i_1/I1) is not included in the LUT equation: 'O6=(A2)+((~A2)*(~A4)*A3)'. If this cell is a user instantiated LUT in the design, please remove connectivity to the pin or change the equation and/or INIT string of the LUT to prevent this issue. If the cell is inferred or IP created LUT, please regenerate the IP and/or resynthesize the design to attempt to correct the issue.
WARNING: [DRC PDCN-1569] LUT equation term check: Used physical LUT pin 'A5' of cell i_xlnx_axi_clock_converter_ddr/inst/gen_clock_conv.gen_async_conv.asyncfifo_axi/inst_fifo_gen/gaxi_full_lite.gwrite_ch.gwdch2.axi_wdch/grf.rf/gntv_or_sync_fifo.gl0.rd/gr1.gr1_int.rfwft/gpregsm1.user_valid_i_1 (pin i_xlnx_axi_clock_converter_ddr/inst/gen_clock_conv.gen_async_conv.asyncfifo_axi/inst_fifo_gen/gaxi_full_lite.gwrite_ch.gwdch2.axi_wdch/grf.rf/gntv_or_sync_fifo.gl0.rd/gr1.gr1_int.rfwft/gpregsm1.user_valid_i_1/I1) is not included in the LUT equation: 'O6=(A6)+((~A6)*(~A4)*A3)'. If this cell is a user instantiated LUT in the design, please remove connectivity to the pin or change the equation and/or INIT string of the LUT to prevent this issue. If the cell is inferred or IP created LUT, please regenerate the IP and/or resynthesize the design to attempt to correct the issue.
WARNING: [DRC PDCN-1569] LUT equation term check: Used physical LUT pin 'A6' of cell i_ariane_peripherals/gen_spi.i_xlnx_axi_dwidth_converter_spi/inst/gen_downsizer.gen_simple_downsizer.axi_downsizer_inst/USE_READ.read_addr_inst/cmd_queue/inst/fifo_gen_inst/inst_fifo_gen/gconvfifo.rf/grf.rf/gntv_or_sync_fifo.gl0.rd/gr1.gr1_int.rfwft/gpregsm1.user_valid_i_1 (pin i_ariane_peripherals/gen_spi.i_xlnx_axi_dwidth_converter_spi/inst/gen_downsizer.gen_simple_downsizer.axi_downsizer_inst/USE_READ.read_addr_inst/cmd_queue/inst/fifo_gen_inst/inst_fifo_gen/gconvfifo.rf/grf.rf/gntv_or_sync_fifo.gl0.rd/gr1.gr1_int.rfwft/gpregsm1.user_valid_i_1/I1) is not included in the LUT equation: 'O6=(A1)+((~A1)*(~A2)*A4)'. If this cell is a user instantiated LUT in the design, please remove connectivity to the pin or change the equation and/or INIT string of the LUT to prevent this issue. If the cell is inferred or IP created LUT, please regenerate the IP and/or resynthesize the design to attempt to correct the issue.
WARNING: [DRC REQP-1709] Clock output buffering: PLLE2_ADV connectivity violation. The signal i_ddr/u_xlnx_mig_7_ddr3_mig/u_ddr3_infrastructure/pll_clk3_out on the i_ddr/u_xlnx_mig_7_ddr3_mig/u_ddr3_infrastructure/plle2_i/CLKOUT3 pin of i_ddr/u_xlnx_mig_7_ddr3_mig/u_ddr3_infrastructure/plle2_i does not drive the same kind of BUFFER load as the other CLKOUT pins. Routing from the different buffer types will not be phase aligned.
WARNING: [DRC REQP-1839] RAMB36 async control check: The RAMB36E1 i_ariane_peripherals/gen_ethernet.eth_rgmii/RAMB16_inst_rx/genblk1[0].RAMB16_S9_S36_inst has an input control pin i_ariane_peripherals/gen_ethernet.eth_rgmii/RAMB16_inst_rx/genblk1[0].RAMB16_S9_S36_inst/ADDRBWRADDR[13] (net: i_ariane_peripherals/gen_ethernet.eth_rgmii/RAMB16_inst_rx/addrb[8]) which is driven by a register (i_ariane_peripherals/gen_ethernet.i_axi2rom/ax_req_q_reg[addr][10]) that has an active asychronous set or reset. This may cause corruption of the memory contents and/or read values when the set/reset is asserted and is not analyzed by the default static timing analysis. It is suggested to eliminate the use of a set/reset to registers driving this RAMB pin or else use a synchronous reset in which the assertion of the reset is timed by default.
WARNING: [DRC REQP-1839] RAMB36 async control check: The RAMB36E1 i_ariane_peripherals/gen_ethernet.eth_rgmii/RAMB16_inst_rx/genblk1[0].RAMB16_S9_S36_inst has an input control pin i_ariane_peripherals/gen_ethernet.eth_rgmii/RAMB16_inst_rx/genblk1[0].RAMB16_S9_S36_inst/ADDRBWRADDR[13] (net: i_ariane_peripherals/gen_ethernet.eth_rgmii/RAMB16_inst_rx/addrb[8]) which is driven by a register (i_ariane_peripherals/gen_ethernet.i_axi2rom/ax_req_q_reg[addr][11]) that has an active asychronous set or reset. This may cause corruption of the memory contents and/or read values when the set/reset is asserted and is not analyzed by the default static timing analysis. It is suggested to eliminate the use of a set/reset to registers driving this RAMB pin or else use a synchronous reset in which the assertion of the reset is timed by default.
WARNING: [DRC REQP-1839] RAMB36 async control check: The RAMB36E1 i_ariane_peripherals/gen_ethernet.eth_rgmii/RAMB16_inst_rx/genblk1[0].RAMB16_S9_S36_inst has an input control pin i_ariane_peripherals/gen_ethernet.eth_rgmii/RAMB16_inst_rx/genblk1[0].RAMB16_S9_S36_inst/ADDRBWRADDR[13] (net: i_ariane_peripherals/gen_ethernet.eth_rgmii/RAMB16_inst_rx/addrb[8]) which is driven by a register (i_ariane_peripherals/gen_ethernet.i_axi2rom/ax_req_q_reg[addr][12]) that has an active asychronous set or reset. This may cause corruption of the memory contents and/or read values when the set/reset is asserted and is not analyzed by the default static timing analysis. It is suggested to eliminate the use of a set/reset to registers driving this RAMB pin or else use a synchronous reset in which the assertion of the reset is timed by default.
WARNING: [DRC REQP-1839] RAMB36 async control check: The RAMB36E1 i_ariane_peripherals/gen_ethernet.eth_rgmii/RAMB16_inst_rx/genblk1[0].RAMB16_S9_S36_inst has an input control pin i_ariane_peripherals/gen_ethernet.eth_rgmii/RAMB16_inst_rx/genblk1[0].RAMB16_S9_S36_inst/ADDRBWRADDR[13] (net: i_ariane_peripherals/gen_ethernet.eth_rgmii/RAMB16_inst_rx/addrb[8]) which is driven by a register (i_ariane_peripherals/gen_ethernet.i_axi2rom/ax_req_q_reg[addr][13]) that has an active asychronous set or reset. This may cause corruption of the memory contents and/or read values when the set/reset is asserted and is not analyzed by the default static timing analysis. It is suggested to eliminate the use of a set/reset to registers driving this RAMB pin or else use a synchronous reset in which the assertion of the reset is timed by default.
WARNING: [DRC REQP-1839] RAMB36 async control check: The RAMB36E1 i_ariane_peripherals/gen_ethernet.eth_rgmii/RAMB16_inst_rx/genblk1[0].RAMB16_S9_S36_inst has an input control pin i_ariane_peripherals/gen_ethernet.eth_rgmii/RAMB16_inst_rx/genblk1[0].RAMB16_S9_S36_inst/ADDRBWRADDR[13] (net: i_ariane_peripherals/gen_ethernet.eth_rgmii/RAMB16_inst_rx/addrb[8]) which is driven by a register (i_ariane_peripherals/gen_ethernet.i_axi2rom/ax_req_q_reg[addr][3]) that has an active asychronous set or reset. This may cause corruption of the memory contents and/or read values when the set/reset is asserted and is not analyzed by the default static timing analysis. It is suggested to eliminate the use of a set/reset to registers driving this RAMB pin or else use a synchronous reset in which the assertion of the reset is timed by default.
WARNING: [DRC REQP-1839] RAMB36 async control check: The RAMB36E1 i_ariane_peripherals/gen_ethernet.eth_rgmii/RAMB16_inst_rx/genblk1[0].RAMB16_S9_S36_inst has an input control pin i_ariane_peripherals/gen_ethernet.eth_rgmii/RAMB16_inst_rx/genblk1[0].RAMB16_S9_S36_inst/ADDRBWRADDR[13] (net: i_ariane_peripherals/gen_ethernet.eth_rgmii/RAMB16_inst_rx/addrb[8]) which is driven by a register (i_ariane_peripherals/gen_ethernet.i_axi2rom/ax_req_q_reg[addr][4]) that has an active asychronous set or reset. This may cause corruption of the memory contents and/or read values when the set/reset is asserted and is not analyzed by the default static timing analysis. It is suggested to eliminate the use of a set/reset to registers driving this RAMB pin or else use a synchronous reset in which the assertion of the reset is timed by default.
WARNING: [DRC REQP-1839] RAMB36 async control check: The RAMB36E1 i_ariane_peripherals/gen_ethernet.eth_rgmii/RAMB16_inst_rx/genblk1[0].RAMB16_S9_S36_inst has an input control pin i_ariane_peripherals/gen_ethernet.eth_rgmii/RAMB16_inst_rx/genblk1[0].RAMB16_S9_S36_inst/ADDRBWRADDR[13] (net: i_ariane_peripherals/gen_ethernet.eth_rgmii/RAMB16_inst_rx/addrb[8]) which is driven by a register (i_ariane_peripherals/gen_ethernet.i_axi2rom/ax_req_q_reg[addr][5]) that has an active asychronous set or reset. This may cause corruption of the memory contents and/or read values when the set/reset is asserted and is not analyzed by the default static timing analysis. It is suggested to eliminate the use of a set/reset to registers driving this RAMB pin or else use a synchronous reset in which the assertion of the reset is timed by default.
WARNING: [DRC REQP-1839] RAMB36 async control check: The RAMB36E1 i_ariane_peripherals/gen_ethernet.eth_rgmii/RAMB16_inst_rx/genblk1[0].RAMB16_S9_S36_inst has an input control pin i_ariane_peripherals/gen_ethernet.eth_rgmii/RAMB16_inst_rx/genblk1[0].RAMB16_S9_S36_inst/ADDRBWRADDR[13] (net: i_ariane_peripherals/gen_ethernet.eth_rgmii/RAMB16_inst_rx/addrb[8]) which is driven by a register (i_ariane_peripherals/gen_ethernet.i_axi2rom/ax_req_q_reg[addr][6]) that has an active asychronous set or reset. This may cause corruption of the memory contents and/or read values when the set/reset is asserted and is not analyzed by the default static timing analysis. It is suggested to eliminate the use of a set/reset to registers driving this RAMB pin or else use a synchronous reset in which the assertion of the reset is timed by default.
WARNING: [DRC REQP-1839] RAMB36 async control check: The RAMB36E1 i_ariane_peripherals/gen_ethernet.eth_rgmii/RAMB16_inst_rx/genblk1[0].RAMB16_S9_S36_inst has an input control pin i_ariane_peripherals/gen_ethernet.eth_rgmii/RAMB16_inst_rx/genblk1[0].RAMB16_S9_S36_inst/ADDRBWRADDR[13] (net: i_ariane_peripherals/gen_ethernet.eth_rgmii/RAMB16_inst_rx/addrb[8]) which is driven by a register (i_axi_xbar/i_xbar/gen_mst_port_mux[7].i_axi_mux/gen_mux.i_ar_spill_reg/spill_register_flushable_i/gen_spill_reg.a_data_q_reg[addr][11]) that has an active asychronous set or reset. This may cause corruption of the memory contents and/or read values when the set/reset is asserted and is not analyzed by the default static timing analysis. It is suggested to eliminate the use of a set/reset to registers driving this RAMB pin or else use a synchronous reset in which the assertion of the reset is timed by default.
WARNING: [DRC REQP-1839] RAMB36 async control check: The RAMB36E1 i_ariane_peripherals/gen_ethernet.eth_rgmii/RAMB16_inst_rx/genblk1[0].RAMB16_S9_S36_inst has an input control pin i_ariane_peripherals/gen_ethernet.eth_rgmii/RAMB16_inst_rx/genblk1[0].RAMB16_S9_S36_inst/ADDRBWRADDR[13] (net: i_ariane_peripherals/gen_ethernet.eth_rgmii/RAMB16_inst_rx/addrb[8]) which is driven by a register (i_axi_xbar/i_xbar/gen_mst_port_mux[7].i_axi_mux/gen_mux.i_ar_spill_reg/spill_register_flushable_i/gen_spill_reg.a_full_q_reg) that has an active asychronous set or reset. This may cause corruption of the memory contents and/or read values when the set/reset is asserted and is not analyzed by the default static timing analysis. It is suggested to eliminate the use of a set/reset to registers driving this RAMB pin or else use a synchronous reset in which the assertion of the reset is timed by default.
WARNING: [DRC REQP-1839] RAMB36 async control check: The RAMB36E1 i_ariane_peripherals/gen_ethernet.eth_rgmii/RAMB16_inst_rx/genblk1[0].RAMB16_S9_S36_inst has an input control pin i_ariane_peripherals/gen_ethernet.eth_rgmii/RAMB16_inst_rx/genblk1[0].RAMB16_S9_S36_inst/ADDRBWRADDR[13] (net: i_ariane_peripherals/gen_ethernet.eth_rgmii/RAMB16_inst_rx/addrb[8]) which is driven by a register (i_axi_xbar/i_xbar/gen_mst_port_mux[7].i_axi_mux/gen_mux.i_ar_spill_reg/spill_register_flushable_i/gen_spill_reg.b_data_q_reg[addr][11]) that has an active asychronous set or reset. This may cause corruption of the memory contents and/or read values when the set/reset is asserted and is not analyzed by the default static timing analysis. It is suggested to eliminate the use of a set/reset to registers driving this RAMB pin or else use a synchronous reset in which the assertion of the reset is timed by default.
WARNING: [DRC REQP-1839] RAMB36 async control check: The RAMB36E1 i_ariane_peripherals/gen_ethernet.eth_rgmii/RAMB16_inst_rx/genblk1[0].RAMB16_S9_S36_inst has an input control pin i_ariane_peripherals/gen_ethernet.eth_rgmii/RAMB16_inst_rx/genblk1[0].RAMB16_S9_S36_inst/ADDRBWRADDR[13] (net: i_ariane_peripherals/gen_ethernet.eth_rgmii/RAMB16_inst_rx/addrb[8]) which is driven by a register (i_axi_xbar/i_xbar/gen_mst_port_mux[7].i_axi_mux/gen_mux.i_ar_spill_reg/spill_register_flushable_i/gen_spill_reg.b_full_q_reg) that has an active asychronous set or reset. This may cause corruption of the memory contents and/or read values when the set/reset is asserted and is not analyzed by the default static timing analysis. It is suggested to eliminate the use of a set/reset to registers driving this RAMB pin or else use a synchronous reset in which the assertion of the reset is timed by default.
WARNING: [DRC REQP-1839] RAMB36 async control check: The RAMB36E1 i_ariane_peripherals/gen_ethernet.eth_rgmii/RAMB16_inst_rx/genblk1[0].RAMB16_S9_S36_inst has an input control pin i_ariane_peripherals/gen_ethernet.eth_rgmii/RAMB16_inst_rx/genblk1[0].RAMB16_S9_S36_inst/ADDRBWRADDR[13] (net: i_ariane_peripherals/gen_ethernet.eth_rgmii/RAMB16_inst_rx/addrb[8]) which is driven by a register (i_axi_xbar/i_xbar/gen_mst_port_mux[7].i_axi_mux/gen_mux.i_aw_spill_reg/spill_register_flushable_i/gen_spill_reg.a_data_q_reg[addr][11]) that has an active asychronous set or reset. This may cause corruption of the memory contents and/or read values when the set/reset is asserted and is not analyzed by the default static timing analysis. It is suggested to eliminate the use of a set/reset to registers driving this RAMB pin or else use a synchronous reset in which the assertion of the reset is timed by default.
WARNING: [DRC REQP-1839] RAMB36 async control check: The RAMB36E1 i_ariane_peripherals/gen_ethernet.eth_rgmii/RAMB16_inst_rx/genblk1[0].RAMB16_S9_S36_inst has an input control pin i_ariane_peripherals/gen_ethernet.eth_rgmii/RAMB16_inst_rx/genblk1[0].RAMB16_S9_S36_inst/ADDRBWRADDR[13] (net: i_ariane_peripherals/gen_ethernet.eth_rgmii/RAMB16_inst_rx/addrb[8]) which is driven by a register (i_axi_xbar/i_xbar/gen_mst_port_mux[7].i_axi_mux/gen_mux.i_aw_spill_reg/spill_register_flushable_i/gen_spill_reg.a_full_q_reg) that has an active asychronous set or reset. This may cause corruption of the memory contents and/or read values when the set/reset is asserted and is not analyzed by the default static timing analysis. It is suggested to eliminate the use of a set/reset to registers driving this RAMB pin or else use a synchronous reset in which the assertion of the reset is timed by default.
WARNING: [DRC REQP-1839] RAMB36 async control check: The RAMB36E1 i_ariane_peripherals/gen_ethernet.eth_rgmii/RAMB16_inst_rx/genblk1[0].RAMB16_S9_S36_inst has an input control pin i_ariane_peripherals/gen_ethernet.eth_rgmii/RAMB16_inst_rx/genblk1[0].RAMB16_S9_S36_inst/ADDRBWRADDR[13] (net: i_ariane_peripherals/gen_ethernet.eth_rgmii/RAMB16_inst_rx/addrb[8]) which is driven by a register (i_axi_xbar/i_xbar/gen_mst_port_mux[7].i_axi_mux/gen_mux.i_aw_spill_reg/spill_register_flushable_i/gen_spill_reg.b_data_q_reg[addr][11]) that has an active asychronous set or reset. This may cause corruption of the memory contents and/or read values when the set/reset is asserted and is not analyzed by the default static timing analysis. It is suggested to eliminate the use of a set/reset to registers driving this RAMB pin or else use a synchronous reset in which the assertion of the reset is timed by default.
WARNING: [DRC REQP-1839] RAMB36 async control check: The RAMB36E1 i_ariane_peripherals/gen_ethernet.eth_rgmii/RAMB16_inst_rx/genblk1[0].RAMB16_S9_S36_inst has an input control pin i_ariane_peripherals/gen_ethernet.eth_rgmii/RAMB16_inst_rx/genblk1[0].RAMB16_S9_S36_inst/ADDRBWRADDR[13] (net: i_ariane_peripherals/gen_ethernet.eth_rgmii/RAMB16_inst_rx/addrb[8]) which is driven by a register (i_axi_xbar/i_xbar/gen_mst_port_mux[7].i_axi_mux/gen_mux.i_aw_spill_reg/spill_register_flushable_i/gen_spill_reg.b_full_q_reg) that has an active asychronous set or reset. This may cause corruption of the memory contents and/or read values when the set/reset is asserted and is not analyzed by the default static timing analysis. It is suggested to eliminate the use of a set/reset to registers driving this RAMB pin or else use a synchronous reset in which the assertion of the reset is timed by default.
WARNING: [DRC REQP-1839] RAMB36 async control check: The RAMB36E1 i_ariane_peripherals/gen_ethernet.eth_rgmii/RAMB16_inst_rx/genblk1[0].RAMB16_S9_S36_inst has an input control pin i_ariane_peripherals/gen_ethernet.eth_rgmii/RAMB16_inst_rx/genblk1[0].RAMB16_S9_S36_inst/ADDRBWRADDR[13] (net: i_ariane_peripherals/gen_ethernet.eth_rgmii/RAMB16_inst_rx/addrb[8]) which is driven by a register (i_axi_xbar/i_xbar/gen_mst_port_mux[7].i_axi_mux/gen_mux.i_r_spill_reg/spill_register_flushable_i/gen_spill_reg.a_full_q_reg) that has an active asychronous set or reset. This may cause corruption of the memory contents and/or read values when the set/reset is asserted and is not analyzed by the default static timing analysis. It is suggested to eliminate the use of a set/reset to registers driving this RAMB pin or else use a synchronous reset in which the assertion of the reset is timed by default.
WARNING: [DRC REQP-1839] RAMB36 async control check: The RAMB36E1 i_ariane_peripherals/gen_ethernet.eth_rgmii/RAMB16_inst_rx/genblk1[0].RAMB16_S9_S36_inst has an input control pin i_ariane_peripherals/gen_ethernet.eth_rgmii/RAMB16_inst_rx/genblk1[0].RAMB16_S9_S36_inst/ADDRBWRADDR[13] (net: i_ariane_peripherals/gen_ethernet.eth_rgmii/RAMB16_inst_rx/addrb[8]) which is driven by a register (i_axi_xbar/i_xbar/gen_mst_port_mux[7].i_axi_mux/gen_mux.i_r_spill_reg/spill_register_flushable_i/gen_spill_reg.b_full_q_reg) that has an active asychronous set or reset. This may cause corruption of the memory contents and/or read values when the set/reset is asserted and is not analyzed by the default static timing analysis. It is suggested to eliminate the use of a set/reset to registers driving this RAMB pin or else use a synchronous reset in which the assertion of the reset is timed by default.
WARNING: [DRC REQP-1839] RAMB36 async control check: The RAMB36E1 i_ariane_peripherals/gen_ethernet.eth_rgmii/RAMB16_inst_rx/genblk1[0].RAMB16_S9_S36_inst has an input control pin i_ariane_peripherals/gen_ethernet.eth_rgmii/RAMB16_inst_rx/genblk1[0].RAMB16_S9_S36_inst/ADDRBWRADDR[13] (net: i_ariane_peripherals/gen_ethernet.eth_rgmii/RAMB16_inst_rx/addrb[8]) which is driven by a register (i_axi_xbar/i_xbar/gen_mst_port_mux[7].i_axi_mux/gen_mux.i_w_spill_reg/spill_register_flushable_i/gen_spill_reg.a_full_q_reg) that has an active asychronous set or reset. This may cause corruption of the memory contents and/or read values when the set/reset is asserted and is not analyzed by the default static timing analysis. It is suggested to eliminate the use of a set/reset to registers driving this RAMB pin or else use a synchronous reset in which the assertion of the reset is timed by default.
WARNING: [DRC REQP-1839] RAMB36 async control check: The RAMB36E1 i_ariane_peripherals/gen_ethernet.eth_rgmii/RAMB16_inst_rx/genblk1[0].RAMB16_S9_S36_inst has an input control pin i_ariane_peripherals/gen_ethernet.eth_rgmii/RAMB16_inst_rx/genblk1[0].RAMB16_S9_S36_inst/ADDRBWRADDR[13] (net: i_ariane_peripherals/gen_ethernet.eth_rgmii/RAMB16_inst_rx/addrb[8]) which is driven by a register (i_axi_xbar/i_xbar/gen_mst_port_mux[7].i_axi_mux/gen_mux.i_w_spill_reg/spill_register_flushable_i/gen_spill_reg.b_full_q_reg) that has an active asychronous set or reset. This may cause corruption of the memory contents and/or read values when the set/reset is asserted and is not analyzed by the default static timing analysis. It is suggested to eliminate the use of a set/reset to registers driving this RAMB pin or else use a synchronous reset in which the assertion of the reset is timed by default.
WARNING: [DRC REQP-1840] RAMB18 async control check: The RAMB18E1 i_ariane_peripherals/gen_spi.i_xlnx_axi_quad_spi/U0/NO_DUAL_QUAD_MODE.QSPI_NORMAL/QSPI_ENHANCED_MD_GEN.QSPI_CORE_INTERFACE_I/FIFO_EXISTS.RX_FIFO_II/gnuram_async_fifo.xpm_fifo_base_inst/gen_sdpram.xpm_memory_base_inst/gen_wr_a.gen_word_narrow.mem_reg has an input control pin i_ariane_peripherals/gen_spi.i_xlnx_axi_quad_spi/U0/NO_DUAL_QUAD_MODE.QSPI_NORMAL/QSPI_ENHANCED_MD_GEN.QSPI_CORE_INTERFACE_I/FIFO_EXISTS.RX_FIFO_II/gnuram_async_fifo.xpm_fifo_base_inst/gen_sdpram.xpm_memory_base_inst/gen_wr_a.gen_word_narrow.mem_reg/ENBWREN (net: i_ariane_peripherals/gen_spi.i_xlnx_axi_quad_spi/U0/NO_DUAL_QUAD_MODE.QSPI_NORMAL/QSPI_ENHANCED_MD_GEN.QSPI_CORE_INTERFACE_I/FIFO_EXISTS.RX_FIFO_II/gnuram_async_fifo.xpm_fifo_base_inst/gen_sdpram.xpm_memory_base_inst/enb) which is driven by a register (i_ariane_peripherals/gen_spi.i_xlnx_axi_dwidth_converter_spi/inst/gen_downsizer.gen_simple_downsizer.axi_downsizer_inst/USE_READ.read_addr_inst/cmd_queue/inst/fifo_gen_inst/inst_fifo_gen/gconvfifo.rf/grf.rf/gntv_or_sync_fifo.gl0.rd/gr1.gr1_int.rfwft/empty_fwft_i_reg) that has an active asychronous set or reset. This may cause corruption of the memory contents and/or read values when the set/reset is asserted and is not analyzed by the default static timing analysis. It is suggested to eliminate the use of a set/reset to registers driving this RAMB pin or else use a synchronous reset in which the assertion of the reset is timed by default.
WARNING: [DRC REQP-1840] RAMB18 async control check: The RAMB18E1 i_ariane_peripherals/gen_spi.i_xlnx_axi_quad_spi/U0/NO_DUAL_QUAD_MODE.QSPI_NORMAL/QSPI_ENHANCED_MD_GEN.QSPI_CORE_INTERFACE_I/FIFO_EXISTS.RX_FIFO_II/gnuram_async_fifo.xpm_fifo_base_inst/gen_sdpram.xpm_memory_base_inst/gen_wr_a.gen_word_narrow.mem_reg has an input control pin i_ariane_peripherals/gen_spi.i_xlnx_axi_quad_spi/U0/NO_DUAL_QUAD_MODE.QSPI_NORMAL/QSPI_ENHANCED_MD_GEN.QSPI_CORE_INTERFACE_I/FIFO_EXISTS.RX_FIFO_II/gnuram_async_fifo.xpm_fifo_base_inst/gen_sdpram.xpm_memory_base_inst/gen_wr_a.gen_word_narrow.mem_reg/ENBWREN (net: i_ariane_peripherals/gen_spi.i_xlnx_axi_quad_spi/U0/NO_DUAL_QUAD_MODE.QSPI_NORMAL/QSPI_ENHANCED_MD_GEN.QSPI_CORE_INTERFACE_I/FIFO_EXISTS.RX_FIFO_II/gnuram_async_fifo.xpm_fifo_base_inst/gen_sdpram.xpm_memory_base_inst/enb) which is driven by a register (i_axi_xbar/i_xbar/gen_mst_port_mux[8].i_axi_mux/gen_mux.i_r_spill_reg/spill_register_flushable_i/gen_spill_reg.a_full_q_reg) that has an active asychronous set or reset. This may cause corruption of the memory contents and/or read values when the set/reset is asserted and is not analyzed by the default static timing analysis. It is suggested to eliminate the use of a set/reset to registers driving this RAMB pin or else use a synchronous reset in which the assertion of the reset is timed by default.
WARNING: [DRC REQP-1840] RAMB18 async control check: The RAMB18E1 i_ariane_peripherals/gen_spi.i_xlnx_axi_quad_spi/U0/NO_DUAL_QUAD_MODE.QSPI_NORMAL/QSPI_ENHANCED_MD_GEN.QSPI_CORE_INTERFACE_I/FIFO_EXISTS.RX_FIFO_II/gnuram_async_fifo.xpm_fifo_base_inst/gen_sdpram.xpm_memory_base_inst/gen_wr_a.gen_word_narrow.mem_reg has an input control pin i_ariane_peripherals/gen_spi.i_xlnx_axi_quad_spi/U0/NO_DUAL_QUAD_MODE.QSPI_NORMAL/QSPI_ENHANCED_MD_GEN.QSPI_CORE_INTERFACE_I/FIFO_EXISTS.RX_FIFO_II/gnuram_async_fifo.xpm_fifo_base_inst/gen_sdpram.xpm_memory_base_inst/gen_wr_a.gen_word_narrow.mem_reg/ENBWREN (net: i_ariane_peripherals/gen_spi.i_xlnx_axi_quad_spi/U0/NO_DUAL_QUAD_MODE.QSPI_NORMAL/QSPI_ENHANCED_MD_GEN.QSPI_CORE_INTERFACE_I/FIFO_EXISTS.RX_FIFO_II/gnuram_async_fifo.xpm_fifo_base_inst/gen_sdpram.xpm_memory_base_inst/enb) which is driven by a register (i_axi_xbar/i_xbar/gen_mst_port_mux[8].i_axi_mux/gen_mux.i_r_spill_reg/spill_register_flushable_i/gen_spill_reg.b_full_q_reg) that has an active asychronous set or reset. This may cause corruption of the memory contents and/or read values when the set/reset is asserted and is not analyzed by the default static timing analysis. It is suggested to eliminate the use of a set/reset to registers driving this RAMB pin or else use a synchronous reset in which the assertion of the reset is timed by default.
WARNING: [DRC REQP-1840] RAMB18 async control check: The RAMB18E1 i_ariane_peripherals/gen_spi.i_xlnx_axi_quad_spi/U0/NO_DUAL_QUAD_MODE.QSPI_NORMAL/QSPI_ENHANCED_MD_GEN.QSPI_CORE_INTERFACE_I/FIFO_EXISTS.TX_FIFO_II/xpm_fifo_instance.xpm_fifo_async_inst/gnuram_async_fifo.xpm_fifo_base_inst/gen_sdpram.xpm_memory_base_inst/gen_wr_a.gen_word_narrow.mem_reg has an input control pin i_ariane_peripherals/gen_spi.i_xlnx_axi_quad_spi/U0/NO_DUAL_QUAD_MODE.QSPI_NORMAL/QSPI_ENHANCED_MD_GEN.QSPI_CORE_INTERFACE_I/FIFO_EXISTS.TX_FIFO_II/xpm_fifo_instance.xpm_fifo_async_inst/gnuram_async_fifo.xpm_fifo_base_inst/gen_sdpram.xpm_memory_base_inst/gen_wr_a.gen_word_narrow.mem_reg/ENARDEN (net: i_ariane_peripherals/gen_spi.i_xlnx_axi_quad_spi/U0/NO_DUAL_QUAD_MODE.QSPI_NORMAL/QSPI_ENHANCED_MD_GEN.QSPI_CORE_INTERFACE_I/FIFO_EXISTS.TX_FIFO_II/xpm_fifo_instance.xpm_fifo_async_inst/gnuram_async_fifo.xpm_fifo_base_inst/gen_sdpram.xpm_memory_base_inst/ena) which is driven by a register (i_ariane_peripherals/gen_spi.i_xlnx_axi_dwidth_converter_spi/inst/gen_downsizer.gen_simple_downsizer.axi_downsizer_inst/USE_WRITE.write_addr_inst/cmd_queue/inst/fifo_gen_inst/inst_fifo_gen/gconvfifo.rf/grf.rf/gntv_or_sync_fifo.gl0.rd/gr1.gr1_int.rfwft/empty_fwft_i_reg) that has an active asychronous set or reset. This may cause corruption of the memory contents and/or read values when the set/reset is asserted and is not analyzed by the default static timing analysis. It is suggested to eliminate the use of a set/reset to registers driving this RAMB pin or else use a synchronous reset in which the assertion of the reset is timed by default.
WARNING: [DRC REQP-1840] RAMB18 async control check: The RAMB18E1 i_ariane_peripherals/gen_spi.i_xlnx_axi_quad_spi/U0/NO_DUAL_QUAD_MODE.QSPI_NORMAL/QSPI_ENHANCED_MD_GEN.QSPI_CORE_INTERFACE_I/FIFO_EXISTS.TX_FIFO_II/xpm_fifo_instance.xpm_fifo_async_inst/gnuram_async_fifo.xpm_fifo_base_inst/gen_sdpram.xpm_memory_base_inst/gen_wr_a.gen_word_narrow.mem_reg has an input control pin i_ariane_peripherals/gen_spi.i_xlnx_axi_quad_spi/U0/NO_DUAL_QUAD_MODE.QSPI_NORMAL/QSPI_ENHANCED_MD_GEN.QSPI_CORE_INTERFACE_I/FIFO_EXISTS.TX_FIFO_II/xpm_fifo_instance.xpm_fifo_async_inst/gnuram_async_fifo.xpm_fifo_base_inst/gen_sdpram.xpm_memory_base_inst/gen_wr_a.gen_word_narrow.mem_reg/ENARDEN (net: i_ariane_peripherals/gen_spi.i_xlnx_axi_quad_spi/U0/NO_DUAL_QUAD_MODE.QSPI_NORMAL/QSPI_ENHANCED_MD_GEN.QSPI_CORE_INTERFACE_I/FIFO_EXISTS.TX_FIFO_II/xpm_fifo_instance.xpm_fifo_async_inst/gnuram_async_fifo.xpm_fifo_base_inst/gen_sdpram.xpm_memory_base_inst/ena) which is driven by a register (i_axi_xbar/i_xbar/gen_mst_port_mux[8].i_axi_mux/gen_mux.i_w_spill_reg/spill_register_flushable_i/gen_spill_reg.a_full_q_reg) that has an active asychronous set or reset. This may cause corruption of the memory contents and/or read values when the set/reset is asserted and is not analyzed by the default static timing analysis. It is suggested to eliminate the use of a set/reset to registers driving this RAMB pin or else use a synchronous reset in which the assertion of the reset is timed by default.
WARNING: [DRC REQP-1840] RAMB18 async control check: The RAMB18E1 i_ariane_peripherals/gen_spi.i_xlnx_axi_quad_spi/U0/NO_DUAL_QUAD_MODE.QSPI_NORMAL/QSPI_ENHANCED_MD_GEN.QSPI_CORE_INTERFACE_I/FIFO_EXISTS.TX_FIFO_II/xpm_fifo_instance.xpm_fifo_async_inst/gnuram_async_fifo.xpm_fifo_base_inst/gen_sdpram.xpm_memory_base_inst/gen_wr_a.gen_word_narrow.mem_reg has an input control pin i_ariane_peripherals/gen_spi.i_xlnx_axi_quad_spi/U0/NO_DUAL_QUAD_MODE.QSPI_NORMAL/QSPI_ENHANCED_MD_GEN.QSPI_CORE_INTERFACE_I/FIFO_EXISTS.TX_FIFO_II/xpm_fifo_instance.xpm_fifo_async_inst/gnuram_async_fifo.xpm_fifo_base_inst/gen_sdpram.xpm_memory_base_inst/gen_wr_a.gen_word_narrow.mem_reg/ENARDEN (net: i_ariane_peripherals/gen_spi.i_xlnx_axi_quad_spi/U0/NO_DUAL_QUAD_MODE.QSPI_NORMAL/QSPI_ENHANCED_MD_GEN.QSPI_CORE_INTERFACE_I/FIFO_EXISTS.TX_FIFO_II/xpm_fifo_instance.xpm_fifo_async_inst/gnuram_async_fifo.xpm_fifo_base_inst/gen_sdpram.xpm_memory_base_inst/ena) which is driven by a register (i_axi_xbar/i_xbar/gen_mst_port_mux[8].i_axi_mux/gen_mux.i_w_spill_reg/spill_register_flushable_i/gen_spill_reg.b_full_q_reg) that has an active asychronous set or reset. This may cause corruption of the memory contents and/or read values when the set/reset is asserted and is not analyzed by the default static timing analysis. It is suggested to eliminate the use of a set/reset to registers driving this RAMB pin or else use a synchronous reset in which the assertion of the reset is timed by default.
WARNING: [DRC REQP-1840] RAMB18 async control check: The RAMB18E1 i_ariane_peripherals/gen_spi.i_xlnx_axi_quad_spi/U0/NO_DUAL_QUAD_MODE.QSPI_NORMAL/QSPI_ENHANCED_MD_GEN.QSPI_CORE_INTERFACE_I/FIFO_EXISTS.TX_FIFO_II/xpm_fifo_instance.xpm_fifo_async_inst/gnuram_async_fifo.xpm_fifo_base_inst/gen_sdpram.xpm_memory_base_inst/gen_wr_a.gen_word_narrow.mem_reg has an input control pin i_ariane_peripherals/gen_spi.i_xlnx_axi_quad_spi/U0/NO_DUAL_QUAD_MODE.QSPI_NORMAL/QSPI_ENHANCED_MD_GEN.QSPI_CORE_INTERFACE_I/FIFO_EXISTS.TX_FIFO_II/xpm_fifo_instance.xpm_fifo_async_inst/gnuram_async_fifo.xpm_fifo_base_inst/gen_sdpram.xpm_memory_base_inst/gen_wr_a.gen_word_narrow.mem_reg/WEA[0] (net: i_ariane_peripherals/gen_spi.i_xlnx_axi_quad_spi/U0/NO_DUAL_QUAD_MODE.QSPI_NORMAL/QSPI_ENHANCED_MD_GEN.QSPI_CORE_INTERFACE_I/FIFO_EXISTS.TX_FIFO_II/xpm_fifo_instance.xpm_fifo_async_inst/gnuram_async_fifo.xpm_fifo_base_inst/gen_sdpram.xpm_memory_base_inst/ena) which is driven by a register (i_ariane_peripherals/gen_spi.i_xlnx_axi_dwidth_converter_spi/inst/gen_downsizer.gen_simple_downsizer.axi_downsizer_inst/USE_WRITE.write_addr_inst/cmd_queue/inst/fifo_gen_inst/inst_fifo_gen/gconvfifo.rf/grf.rf/gntv_or_sync_fifo.gl0.rd/gr1.gr1_int.rfwft/empty_fwft_i_reg) that has an active asychronous set or reset. This may cause corruption of the memory contents and/or read values when the set/reset is asserted and is not analyzed by the default static timing analysis. It is suggested to eliminate the use of a set/reset to registers driving this RAMB pin or else use a synchronous reset in which the assertion of the reset is timed by default.
WARNING: [DRC REQP-1840] RAMB18 async control check: The RAMB18E1 i_ariane_peripherals/gen_spi.i_xlnx_axi_quad_spi/U0/NO_DUAL_QUAD_MODE.QSPI_NORMAL/QSPI_ENHANCED_MD_GEN.QSPI_CORE_INTERFACE_I/FIFO_EXISTS.TX_FIFO_II/xpm_fifo_instance.xpm_fifo_async_inst/gnuram_async_fifo.xpm_fifo_base_inst/gen_sdpram.xpm_memory_base_inst/gen_wr_a.gen_word_narrow.mem_reg has an input control pin i_ariane_peripherals/gen_spi.i_xlnx_axi_quad_spi/U0/NO_DUAL_QUAD_MODE.QSPI_NORMAL/QSPI_ENHANCED_MD_GEN.QSPI_CORE_INTERFACE_I/FIFO_EXISTS.TX_FIFO_II/xpm_fifo_instance.xpm_fifo_async_inst/gnuram_async_fifo.xpm_fifo_base_inst/gen_sdpram.xpm_memory_base_inst/gen_wr_a.gen_word_narrow.mem_reg/WEA[0] (net: i_ariane_peripherals/gen_spi.i_xlnx_axi_quad_spi/U0/NO_DUAL_QUAD_MODE.QSPI_NORMAL/QSPI_ENHANCED_MD_GEN.QSPI_CORE_INTERFACE_I/FIFO_EXISTS.TX_FIFO_II/xpm_fifo_instance.xpm_fifo_async_inst/gnuram_async_fifo.xpm_fifo_base_inst/gen_sdpram.xpm_memory_base_inst/ena) which is driven by a register (i_axi_xbar/i_xbar/gen_mst_port_mux[8].i_axi_mux/gen_mux.i_w_spill_reg/spill_register_flushable_i/gen_spill_reg.a_full_q_reg) that has an active asychronous set or reset. This may cause corruption of the memory contents and/or read values when the set/reset is asserted and is not analyzed by the default static timing analysis. It is suggested to eliminate the use of a set/reset to registers driving this RAMB pin or else use a synchronous reset in which the assertion of the reset is timed by default.
WARNING: [DRC REQP-1840] RAMB18 async control check: The RAMB18E1 i_ariane_peripherals/gen_spi.i_xlnx_axi_quad_spi/U0/NO_DUAL_QUAD_MODE.QSPI_NORMAL/QSPI_ENHANCED_MD_GEN.QSPI_CORE_INTERFACE_I/FIFO_EXISTS.TX_FIFO_II/xpm_fifo_instance.xpm_fifo_async_inst/gnuram_async_fifo.xpm_fifo_base_inst/gen_sdpram.xpm_memory_base_inst/gen_wr_a.gen_word_narrow.mem_reg has an input control pin i_ariane_peripherals/gen_spi.i_xlnx_axi_quad_spi/U0/NO_DUAL_QUAD_MODE.QSPI_NORMAL/QSPI_ENHANCED_MD_GEN.QSPI_CORE_INTERFACE_I/FIFO_EXISTS.TX_FIFO_II/xpm_fifo_instance.xpm_fifo_async_inst/gnuram_async_fifo.xpm_fifo_base_inst/gen_sdpram.xpm_memory_base_inst/gen_wr_a.gen_word_narrow.mem_reg/WEA[0] (net: i_ariane_peripherals/gen_spi.i_xlnx_axi_quad_spi/U0/NO_DUAL_QUAD_MODE.QSPI_NORMAL/QSPI_ENHANCED_MD_GEN.QSPI_CORE_INTERFACE_I/FIFO_EXISTS.TX_FIFO_II/xpm_fifo_instance.xpm_fifo_async_inst/gnuram_async_fifo.xpm_fifo_base_inst/gen_sdpram.xpm_memory_base_inst/ena) which is driven by a register (i_axi_xbar/i_xbar/gen_mst_port_mux[8].i_axi_mux/gen_mux.i_w_spill_reg/spill_register_flushable_i/gen_spill_reg.b_full_q_reg) that has an active asychronous set or reset. This may cause corruption of the memory contents and/or read values when the set/reset is asserted and is not analyzed by the default static timing analysis. It is suggested to eliminate the use of a set/reset to registers driving this RAMB pin or else use a synchronous reset in which the assertion of the reset is timed by default.
WARNING: [DRC REQP-1840] RAMB18 async control check: The RAMB18E1 i_ariane_peripherals/gen_spi.i_xlnx_axi_quad_spi/U0/NO_DUAL_QUAD_MODE.QSPI_NORMAL/QSPI_ENHANCED_MD_GEN.QSPI_CORE_INTERFACE_I/FIFO_EXISTS.TX_FIFO_II/xpm_fifo_instance.xpm_fifo_async_inst/gnuram_async_fifo.xpm_fifo_base_inst/gen_sdpram.xpm_memory_base_inst/gen_wr_a.gen_word_narrow.mem_reg has an input control pin i_ariane_peripherals/gen_spi.i_xlnx_axi_quad_spi/U0/NO_DUAL_QUAD_MODE.QSPI_NORMAL/QSPI_ENHANCED_MD_GEN.QSPI_CORE_INTERFACE_I/FIFO_EXISTS.TX_FIFO_II/xpm_fifo_instance.xpm_fifo_async_inst/gnuram_async_fifo.xpm_fifo_base_inst/gen_sdpram.xpm_memory_base_inst/gen_wr_a.gen_word_narrow.mem_reg/WEA[1] (net: i_ariane_peripherals/gen_spi.i_xlnx_axi_quad_spi/U0/NO_DUAL_QUAD_MODE.QSPI_NORMAL/QSPI_ENHANCED_MD_GEN.QSPI_CORE_INTERFACE_I/FIFO_EXISTS.TX_FIFO_II/xpm_fifo_instance.xpm_fifo_async_inst/gnuram_async_fifo.xpm_fifo_base_inst/gen_sdpram.xpm_memory_base_inst/ena) which is driven by a register (i_ariane_peripherals/gen_spi.i_xlnx_axi_dwidth_converter_spi/inst/gen_downsizer.gen_simple_downsizer.axi_downsizer_inst/USE_WRITE.write_addr_inst/cmd_queue/inst/fifo_gen_inst/inst_fifo_gen/gconvfifo.rf/grf.rf/gntv_or_sync_fifo.gl0.rd/gr1.gr1_int.rfwft/empty_fwft_i_reg) that has an active asychronous set or reset. This may cause corruption of the memory contents and/or read values when the set/reset is asserted and is not analyzed by the default static timing analysis. It is suggested to eliminate the use of a set/reset to registers driving this RAMB pin or else use a synchronous reset in which the assertion of the reset is timed by default.
WARNING: [DRC REQP-1840] RAMB18 async control check: The RAMB18E1 i_ariane_peripherals/gen_spi.i_xlnx_axi_quad_spi/U0/NO_DUAL_QUAD_MODE.QSPI_NORMAL/QSPI_ENHANCED_MD_GEN.QSPI_CORE_INTERFACE_I/FIFO_EXISTS.TX_FIFO_II/xpm_fifo_instance.xpm_fifo_async_inst/gnuram_async_fifo.xpm_fifo_base_inst/gen_sdpram.xpm_memory_base_inst/gen_wr_a.gen_word_narrow.mem_reg has an input control pin i_ariane_peripherals/gen_spi.i_xlnx_axi_quad_spi/U0/NO_DUAL_QUAD_MODE.QSPI_NORMAL/QSPI_ENHANCED_MD_GEN.QSPI_CORE_INTERFACE_I/FIFO_EXISTS.TX_FIFO_II/xpm_fifo_instance.xpm_fifo_async_inst/gnuram_async_fifo.xpm_fifo_base_inst/gen_sdpram.xpm_memory_base_inst/gen_wr_a.gen_word_narrow.mem_reg/WEA[1] (net: i_ariane_peripherals/gen_spi.i_xlnx_axi_quad_spi/U0/NO_DUAL_QUAD_MODE.QSPI_NORMAL/QSPI_ENHANCED_MD_GEN.QSPI_CORE_INTERFACE_I/FIFO_EXISTS.TX_FIFO_II/xpm_fifo_instance.xpm_fifo_async_inst/gnuram_async_fifo.xpm_fifo_base_inst/gen_sdpram.xpm_memory_base_inst/ena) which is driven by a register (i_axi_xbar/i_xbar/gen_mst_port_mux[8].i_axi_mux/gen_mux.i_w_spill_reg/spill_register_flushable_i/gen_spill_reg.a_full_q_reg) that has an active asychronous set or reset. This may cause corruption of the memory contents and/or read values when the set/reset is asserted and is not analyzed by the default static timing analysis. It is suggested to eliminate the use of a set/reset to registers driving this RAMB pin or else use a synchronous reset in which the assertion of the reset is timed by default.
WARNING: [DRC REQP-1840] RAMB18 async control check: The RAMB18E1 i_ariane_peripherals/gen_spi.i_xlnx_axi_quad_spi/U0/NO_DUAL_QUAD_MODE.QSPI_NORMAL/QSPI_ENHANCED_MD_GEN.QSPI_CORE_INTERFACE_I/FIFO_EXISTS.TX_FIFO_II/xpm_fifo_instance.xpm_fifo_async_inst/gnuram_async_fifo.xpm_fifo_base_inst/gen_sdpram.xpm_memory_base_inst/gen_wr_a.gen_word_narrow.mem_reg has an input control pin i_ariane_peripherals/gen_spi.i_xlnx_axi_quad_spi/U0/NO_DUAL_QUAD_MODE.QSPI_NORMAL/QSPI_ENHANCED_MD_GEN.QSPI_CORE_INTERFACE_I/FIFO_EXISTS.TX_FIFO_II/xpm_fifo_instance.xpm_fifo_async_inst/gnuram_async_fifo.xpm_fifo_base_inst/gen_sdpram.xpm_memory_base_inst/gen_wr_a.gen_word_narrow.mem_reg/WEA[1] (net: i_ariane_peripherals/gen_spi.i_xlnx_axi_quad_spi/U0/NO_DUAL_QUAD_MODE.QSPI_NORMAL/QSPI_ENHANCED_MD_GEN.QSPI_CORE_INTERFACE_I/FIFO_EXISTS.TX_FIFO_II/xpm_fifo_instance.xpm_fifo_async_inst/gnuram_async_fifo.xpm_fifo_base_inst/gen_sdpram.xpm_memory_base_inst/ena) which is driven by a register (i_axi_xbar/i_xbar/gen_mst_port_mux[8].i_axi_mux/gen_mux.i_w_spill_reg/spill_register_flushable_i/gen_spill_reg.b_full_q_reg) that has an active asychronous set or reset. This may cause corruption of the memory contents and/or read values when the set/reset is asserted and is not analyzed by the default static timing analysis. It is suggested to eliminate the use of a set/reset to registers driving this RAMB pin or else use a synchronous reset in which the assertion of the reset is timed by default.
WARNING: [DRC RTSTAT-10] No routable loads: 113 net(s) have no routable loads. The problem bus(es) and/or net(s) are i_ariane_peripherals/gen_spi.i_xlnx_axi_dwidth_converter_spi/inst/gen_downsizer.gen_simple_downsizer.axi_downsizer_inst/USE_WRITE.write_addr_inst/cmd_queue/inst/fifo_gen_inst/inst_fifo_gen/gconvfifo.rf/grf.rf/gntv_or_sync_fifo.gl0.rd/gr1.gr1_int.rfwft/aempty_fwft_i, i_xlnx_axi_clock_converter_ddr/inst/gen_clock_conv.gen_async_conv.asyncfifo_axi/inst_fifo_gen/gaxi_full_lite.gwrite_ch.gwach2.axi_wach/grf.rf/gntv_or_sync_fifo.gl0.rd/gr1.gr1_int.rfwft/aempty_fwft_i, i_xlnx_axi_clock_converter_ddr/inst/gen_clock_conv.gen_async_conv.asyncfifo_axi/inst_fifo_gen/gaxi_full_lite.gwrite_ch.gwdch2.axi_wdch/grf.rf/gntv_or_sync_fifo.gl0.rd/gr1.gr1_int.rfwft/aempty_fwft_i, i_ariane_peripherals/gen_gpio.i_xlnx_axi_dwidth_converter_gpio/inst/gen_downsizer.gen_simple_downsizer.axi_downsizer_inst/USE_WRITE.write_addr_inst/USE_B_CHANNEL.cmd_b_queue/inst/fifo_gen_inst/inst_fifo_gen/gconvfifo.rf/grf.rf/gntv_or_sync_fifo.gl0.rd/gr1.gr1_int.rfwft/aempty_fwft_i, i_ariane_peripherals/gen_gpio.i_xlnx_axi_dwidth_converter_gpio/inst/gen_downsizer.gen_simple_downsizer.axi_downsizer_inst/USE_WRITE.write_addr_inst/cmd_queue/inst/fifo_gen_inst/inst_fifo_gen/gconvfifo.rf/grf.rf/gntv_or_sync_fifo.gl0.rd/gr1.gr1_int.rfwft/aempty_fwft_i, i_ariane_peripherals/gen_spi.i_xlnx_axi_dwidth_converter_spi/inst/gen_downsizer.gen_simple_downsizer.axi_downsizer_inst/USE_WRITE.write_addr_inst/USE_B_CHANNEL.cmd_b_queue/inst/fifo_gen_inst/inst_fifo_gen/gconvfifo.rf/grf.rf/gntv_or_sync_fifo.gl0.rd/gr1.gr1_int.rfwft/aempty_fwft_i, i_xlnx_axi_clock_converter_ddr/inst/gen_clock_conv.gen_async_conv.asyncfifo_axi/inst_fifo_gen/gaxi_full_lite.gread_ch.grach2.axi_rach/grf.rf/gntv_or_sync_fifo.gl0.rd/gr1.gr1_int.rfwft/aempty_fwft_i, i_xlnx_axi_clock_converter_ddr/inst/gen_clock_conv.gen_async_conv.asyncfifo_axi/inst_fifo_gen/gaxi_full_lite.gwrite_ch.gwrch2.axi_wrch/grf.rf/gntv_or_sync_fifo.gl0.rd/gr1.gr1_int.rfwft/aempty_fwft_i, i_ariane_peripherals/gen_spi.i_xlnx_axi_dwidth_converter_spi/inst/gen_downsizer.gen_simple_downsizer.axi_downsizer_inst/USE_READ.read_addr_inst/cmd_queue/inst/fifo_gen_inst/inst_fifo_gen/gconvfifo.rf/grf.rf/gntv_or_sync_fifo.gl0.rd/gr1.gr1_int.rfwft/aempty_fwft_i, i_ariane_peripherals/gen_gpio.i_xlnx_axi_dwidth_converter_gpio/inst/gen_downsizer.gen_simple_downsizer.axi_downsizer_inst/USE_READ.read_addr_inst/cmd_queue/inst/fifo_gen_inst/inst_fifo_gen/gconvfifo.rf/grf.rf/gntv_or_sync_fifo.gl0.rd/gr1.gr1_int.rfwft/aempty_fwft_i, i_xlnx_axi_clock_converter_ddr/inst/gen_clock_conv.gen_async_conv.asyncfifo_axi/inst_fifo_gen/gaxi_full_lite.gread_ch.grdch2.axi_rdch/grf.rf/gntv_or_sync_fifo.gl0.rd/gr1.gr1_int.rfwft/aempty_fwft_i, i_dmi_jtag/i_dmi_cdc/i_cdc_resp/i_dst/data_dst_q[resp][1:0], i_xlnx_axi_clock_converter_ddr/inst/gen_clock_conv.gen_async_conv.asyncfifo_axi/inst_fifo_gen/gaxi_full_lite.gwrite_ch.gwdch2.axi_wdch/grf.rf/rstblk/ngwrdrst.grst.rd_rst_reg[2:0], i_ariane_peripherals/gen_spi.i_xlnx_axi_dwidth_converter_spi/inst/gen_downsizer.gen_simple_downsizer.axi_downsizer_inst/USE_WRITE.write_addr_inst/cmd_queue/inst/fifo_gen_inst/inst_fifo_gen/gconvfifo.rf/grf.rf/rstblk/ngwrdrst.grst.rd_rst_reg[2:0], i_xlnx_axi_clock_converter_ddr/inst/gen_clock_conv.gen_async_conv.asyncfifo_axi/inst_fifo_gen/gaxi_full_lite.gwrite_ch.gwach2.axi_wach/grf.rf/rstblk/ngwrdrst.grst.rd_rst_reg[2:0]... and (the first 15 of 68 listed).
INFO: [DRC REQP-165] writefirst: Synchronous clocking is detected for BRAM (i_ariane_peripherals/gen_hwicap.i_hwicap/U0/ICAP_NOT_SHARED.HWICAP_CTRL_I/IPIC_IF_I/RD_FIFO.RDDATA_FIFO_I/xpm_fifo_instance.xpm_fifo_async_inst/gnuram_async_fifo.xpm_fifo_base_inst/gen_sdpram.xpm_memory_base_inst/gen_wr_a.gen_word_narrow.mem_reg) in SDP mode with WRITE_FIRST write-mode. This is the preferred mode for best power characteristics, however it may exhibit address collisions if the same address appears on both read and write ports resulting in unknown or corrupted read data. It is suggested to confirm via simulation that an address collision never occurs and if so it is suggested to try and avoid this situation. If address collisions cannot be avoided, the write-mode may be set to READ_FIRST which guarantees that the read data is the prior contents of the memory at the cost of additional power in the design. See the FPGA Memory Resources User Guide for additional information.
INFO: [DRC REQP-165] writefirst: Synchronous clocking is detected for BRAM (i_ariane_peripherals/gen_hwicap.i_hwicap/U0/ICAP_NOT_SHARED.HWICAP_CTRL_I/IPIC_IF_I/WRFIFO.WRDATA_FIFO_I/xpm_fifo_instance.xpm_fifo_async_inst/gnuram_async_fifo.xpm_fifo_base_inst/gen_sdpram.xpm_memory_base_inst/gen_wr_a.gen_word_narrow.mem_reg) in SDP mode with WRITE_FIRST write-mode. This is the preferred mode for best power characteristics, however it may exhibit address collisions if the same address appears on both read and write ports resulting in unknown or corrupted read data. It is suggested to confirm via simulation that an address collision never occurs and if so it is suggested to try and avoid this situation. If address collisions cannot be avoided, the write-mode may be set to READ_FIRST which guarantees that the read data is the prior contents of the memory at the cost of additional power in the design. See the FPGA Memory Resources User Guide for additional information.
INFO: [Vivado 12-3199] DRC finished with 0 Errors, 238 Warnings, 2 Advisories
INFO: [Vivado 12-3200] Please refer to the DRC report (report_drc) for more information.
Partition "pblock_accel2" Reconfigurable Module "i_ariane_peripherals/gen_dma.gen_accel2.i_accel2"
Partition "pblock_accel1" Reconfigurable Module "i_ariane_peripherals/gen_dma.i_accel1"
INFO: [Vivado 12-4077] No full design bitstream will be created with the use of the -cell option.
Process Partition "pblock_accel1"
INFO: [Designutils 20-2272] Running write_bitstream with 8 threads.
Loading data files...
Loading site data...
Loading route data...
Processing options...
Creating bitmap...
Creating bitstream...
Partial bitstream contains 17114560 bits.
Writing bitstream /home/jc/tmp/riscv-iommu-demo/cva6/corev_apu/fpga/work-dpr/partial_accel_A_accel1.bit...
INFO: [Vivado 12-1842] Bitgen Completed Successfully.
INFO: [Common 17-83] Releasing license: Implementation
13 Infos, 237 Warnings, 0 Critical Warnings and 0 Errors encountered.
write_bitstream completed successfully
write_bitstream: Time (s): cpu = 00:02:26 ; elapsed = 00:02:11 . Memory (MB): peak = 5557.215 ; gain = 64.031 ; free physical = 29928 ; free virtual = 41076
# puts "OK: $work_dpr/partial_${rm_name}_accel1.bit"
OK: /home/jc/tmp/riscv-iommu-demo/cva6/corev_apu/fpga/work-dpr/partial_accel_A_accel1.bit
# write_bitstream -force -cell $cell2 \
#     $work_dpr/partial_${rm_name}_accel2.bit
Command: write_bitstream -force -cell [get_cells -quiet i_ariane_peripherals/gen_dma.gen_accel2.i_accel2] /home/jc/tmp/riscv-iommu-demo/cva6/corev_apu/fpga/work-dpr/partial_accel_A_accel2.bit
Attempting to get a license for feature 'Implementation' and/or device 'xc7k325t'
INFO: [Common 17-349] Got license for feature 'Implementation' and/or device 'xc7k325t'
INFO: [Common 17-1540] The version limit for your license is '2025.06' and has expired for new software. A version limit expiration means that, although you may be able to continue to use the current version of tools or IP with this license, you will not be eligible for new releases.
Running DRC as a precondition to command write_bitstream
INFO: [IP_Flow 19-1839] IP Catalog is up to date.
INFO: [DRC 23-27] Running DRC with 8 threads
GCIO site IOB_X0Y22
GCIO site IOB_X0Y24
GCIO site IOB_X0Y26
GCIO site IOB_X0Y28
GCIO site IOB_X1Y22
GCIO site IOB_X1Y24
GCIO site IOB_X1Y26
GCIO site IOB_X1Y28
GCIO site IOB_X0Y72
GCIO site IOB_X0Y74
GCIO site IOB_X0Y76
GCIO site IOB_X0Y78
GCIO site IOB_X1Y72
GCIO site IOB_X1Y74
GCIO site IOB_X1Y76
GCIO site IOB_X1Y78
GCIO site IOB_X0Y122
GCIO site IOB_X0Y124
GCIO site IOB_X0Y126
GCIO site IOB_X0Y128
GCIO site IOB_X1Y122
GCIO site IOB_X1Y124
GCIO site IOB_X1Y126
GCIO site IOB_X1Y128
GCIO site IOB_X0Y172
GCIO site IOB_X0Y174
GCIO site IOB_X0Y176
GCIO site IOB_X0Y178
GCIO site IOB_X0Y222
GCIO site IOB_X0Y224
GCIO site IOB_X0Y226
GCIO site IOB_X0Y228
GCIO site IOB_X0Y272
GCIO site IOB_X0Y274
GCIO site IOB_X0Y276
GCIO site IOB_X0Y278
GCIO site IOB_X0Y322
GCIO site IOB_X0Y324
GCIO site IOB_X0Y326
GCIO site IOB_X0Y328
WARNING: [DRC 23-804] Only the first 20 REQP-1839 messages were issued by report_drc. An additional 1 messages have not been issued. Use 'set_property MAX_MESSAGES <number> [get_drc_check REQP-1839]' to change the number of messages that should be reported.
WARNING: [DRC CFGBVS-1] Missing CFGBVS and CONFIG_VOLTAGE Design Properties: Neither the CFGBVS nor CONFIG_VOLTAGE voltage property is set in the current_design.  Configuration bank voltage select (CFGBVS) must be set to VCCO or GND, and CONFIG_VOLTAGE must be set to the correct configuration voltage, in order to determine the I/O voltage support for the pins in bank 0.  It is suggested to specify these either using the 'Edit Device Properties' function in the GUI or directly in the XDC file using the following syntax:

 set_property CFGBVS value1 [current_design]
 #where value1 is either VCCO or GND

 set_property CONFIG_VOLTAGE value2 [current_design]
 #where value2 is the voltage provided to configuration bank 0

Refer to the device configuration user guide for more information.
WARNING: [DRC CHECK-3] Report rule limit reached: REQP-1839 rule limit reached: 20 violations have been found.
WARNING: [DRC CHECK-3] Report rule limit reached: REQP-1839 rule limit reached: 20 violations have been found.
WARNING: [DRC DPIP-1] Input pipelining: DSP i_ariane/i_cva6/ex_stage_i/fpu_gen.fpu_i/fpu_gen.i_fpnew_bulk/gen_operation_groups[0].i_opgroup_block/gen_parallel_slices[0].active_format.i_fmt_slice/gen_num_lanes[0].active_lane.lane_instance.i_fma/product input i_ariane/i_cva6/ex_stage_i/fpu_gen.fpu_i/fpu_gen.i_fpnew_bulk/gen_operation_groups[0].i_opgroup_block/gen_parallel_slices[0].active_format.i_fmt_slice/gen_num_lanes[0].active_lane.lane_instance.i_fma/product/A[29:0] is not pipelined. Pipelining DSP48 input will improve performance.
WARNING: [DRC DPIP-1] Input pipelining: DSP i_ariane/i_cva6/ex_stage_i/fpu_gen.fpu_i/fpu_gen.i_fpnew_bulk/gen_operation_groups[0].i_opgroup_block/gen_parallel_slices[0].active_format.i_fmt_slice/gen_num_lanes[0].active_lane.lane_instance.i_fma/product input i_ariane/i_cva6/ex_stage_i/fpu_gen.fpu_i/fpu_gen.i_fpnew_bulk/gen_operation_groups[0].i_opgroup_block/gen_parallel_slices[0].active_format.i_fmt_slice/gen_num_lanes[0].active_lane.lane_instance.i_fma/product/B[17:0] is not pipelined. Pipelining DSP48 input will improve performance.
WARNING: [DRC DPIP-1] Input pipelining: DSP i_ariane/i_cva6/ex_stage_i/fpu_gen.fpu_i/fpu_gen.i_fpnew_bulk/gen_operation_groups[0].i_opgroup_block/gen_parallel_slices[0].active_format.i_fmt_slice/gen_num_lanes[0].active_lane.lane_instance.i_fma/product__0 input i_ariane/i_cva6/ex_stage_i/fpu_gen.fpu_i/fpu_gen.i_fpnew_bulk/gen_operation_groups[0].i_opgroup_block/gen_parallel_slices[0].active_format.i_fmt_slice/gen_num_lanes[0].active_lane.lane_instance.i_fma/product__0/B[17:0] is not pipelined. Pipelining DSP48 input will improve performance.
WARNING: [DRC DPIP-1] Input pipelining: DSP i_ariane/i_cva6/ex_stage_i/fpu_gen.fpu_i/fpu_gen.i_fpnew_bulk/gen_operation_groups[0].i_opgroup_block/gen_parallel_slices[1].active_format.i_fmt_slice/gen_num_lanes[0].active_lane.lane_instance.i_fma/product input i_ariane/i_cva6/ex_stage_i/fpu_gen.fpu_i/fpu_gen.i_fpnew_bulk/gen_operation_groups[0].i_opgroup_block/gen_parallel_slices[1].active_format.i_fmt_slice/gen_num_lanes[0].active_lane.lane_instance.i_fma/product/A[29:0] is not pipelined. Pipelining DSP48 input will improve performance.
WARNING: [DRC DPIP-1] Input pipelining: DSP i_ariane/i_cva6/ex_stage_i/fpu_gen.fpu_i/fpu_gen.i_fpnew_bulk/gen_operation_groups[0].i_opgroup_block/gen_parallel_slices[1].active_format.i_fmt_slice/gen_num_lanes[0].active_lane.lane_instance.i_fma/product input i_ariane/i_cva6/ex_stage_i/fpu_gen.fpu_i/fpu_gen.i_fpnew_bulk/gen_operation_groups[0].i_opgroup_block/gen_parallel_slices[1].active_format.i_fmt_slice/gen_num_lanes[0].active_lane.lane_instance.i_fma/product/B[17:0] is not pipelined. Pipelining DSP48 input will improve performance.
WARNING: [DRC DPIP-1] Input pipelining: DSP i_ariane/i_cva6/ex_stage_i/fpu_gen.fpu_i/fpu_gen.i_fpnew_bulk/gen_operation_groups[0].i_opgroup_block/gen_parallel_slices[1].active_format.i_fmt_slice/gen_num_lanes[0].active_lane.lane_instance.i_fma/product__0 input i_ariane/i_cva6/ex_stage_i/fpu_gen.fpu_i/fpu_gen.i_fpnew_bulk/gen_operation_groups[0].i_opgroup_block/gen_parallel_slices[1].active_format.i_fmt_slice/gen_num_lanes[0].active_lane.lane_instance.i_fma/product__0/A[29:0] is not pipelined. Pipelining DSP48 input will improve performance.
WARNING: [DRC DPIP-1] Input pipelining: DSP i_ariane/i_cva6/ex_stage_i/fpu_gen.fpu_i/fpu_gen.i_fpnew_bulk/gen_operation_groups[0].i_opgroup_block/gen_parallel_slices[1].active_format.i_fmt_slice/gen_num_lanes[0].active_lane.lane_instance.i_fma/product__0 input i_ariane/i_cva6/ex_stage_i/fpu_gen.fpu_i/fpu_gen.i_fpnew_bulk/gen_operation_groups[0].i_opgroup_block/gen_parallel_slices[1].active_format.i_fmt_slice/gen_num_lanes[0].active_lane.lane_instance.i_fma/product__0/B[17:0] is not pipelined. Pipelining DSP48 input will improve performance.
WARNING: [DRC DPIP-1] Input pipelining: DSP i_ariane/i_cva6/ex_stage_i/fpu_gen.fpu_i/fpu_gen.i_fpnew_bulk/gen_operation_groups[0].i_opgroup_block/gen_parallel_slices[1].active_format.i_fmt_slice/gen_num_lanes[0].active_lane.lane_instance.i_fma/product__1 input i_ariane/i_cva6/ex_stage_i/fpu_gen.fpu_i/fpu_gen.i_fpnew_bulk/gen_operation_groups[0].i_opgroup_block/gen_parallel_slices[1].active_format.i_fmt_slice/gen_num_lanes[0].active_lane.lane_instance.i_fma/product__1/A[29:0] is not pipelined. Pipelining DSP48 input will improve performance.
WARNING: [DRC DPIP-1] Input pipelining: DSP i_ariane/i_cva6/ex_stage_i/fpu_gen.fpu_i/fpu_gen.i_fpnew_bulk/gen_operation_groups[0].i_opgroup_block/gen_parallel_slices[1].active_format.i_fmt_slice/gen_num_lanes[0].active_lane.lane_instance.i_fma/product__1 input i_ariane/i_cva6/ex_stage_i/fpu_gen.fpu_i/fpu_gen.i_fpnew_bulk/gen_operation_groups[0].i_opgroup_block/gen_parallel_slices[1].active_format.i_fmt_slice/gen_num_lanes[0].active_lane.lane_instance.i_fma/product__1/B[17:0] is not pipelined. Pipelining DSP48 input will improve performance.
WARNING: [DRC DPIP-1] Input pipelining: DSP i_ariane/i_cva6/ex_stage_i/fpu_gen.fpu_i/fpu_gen.i_fpnew_bulk/gen_operation_groups[0].i_opgroup_block/gen_parallel_slices[1].active_format.i_fmt_slice/gen_num_lanes[0].active_lane.lane_instance.i_fma/product__2 input i_ariane/i_cva6/ex_stage_i/fpu_gen.fpu_i/fpu_gen.i_fpnew_bulk/gen_operation_groups[0].i_opgroup_block/gen_parallel_slices[1].active_format.i_fmt_slice/gen_num_lanes[0].active_lane.lane_instance.i_fma/product__2/A[29:0] is not pipelined. Pipelining DSP48 input will improve performance.
WARNING: [DRC DPIP-1] Input pipelining: DSP i_ariane/i_cva6/ex_stage_i/fpu_gen.fpu_i/fpu_gen.i_fpnew_bulk/gen_operation_groups[0].i_opgroup_block/gen_parallel_slices[1].active_format.i_fmt_slice/gen_num_lanes[0].active_lane.lane_instance.i_fma/product__2 input i_ariane/i_cva6/ex_stage_i/fpu_gen.fpu_i/fpu_gen.i_fpnew_bulk/gen_operation_groups[0].i_opgroup_block/gen_parallel_slices[1].active_format.i_fmt_slice/gen_num_lanes[0].active_lane.lane_instance.i_fma/product__2/B[17:0] is not pipelined. Pipelining DSP48 input will improve performance.
WARNING: [DRC DPIP-1] Input pipelining: DSP i_ariane/i_cva6/ex_stage_i/fpu_gen.fpu_i/fpu_gen.i_fpnew_bulk/gen_operation_groups[0].i_opgroup_block/gen_parallel_slices[1].active_format.i_fmt_slice/gen_num_lanes[0].active_lane.lane_instance.i_fma/product__3 input i_ariane/i_cva6/ex_stage_i/fpu_gen.fpu_i/fpu_gen.i_fpnew_bulk/gen_operation_groups[0].i_opgroup_block/gen_parallel_slices[1].active_format.i_fmt_slice/gen_num_lanes[0].active_lane.lane_instance.i_fma/product__3/A[29:0] is not pipelined. Pipelining DSP48 input will improve performance.
WARNING: [DRC DPIP-1] Input pipelining: DSP i_ariane/i_cva6/ex_stage_i/fpu_gen.fpu_i/fpu_gen.i_fpnew_bulk/gen_operation_groups[0].i_opgroup_block/gen_parallel_slices[1].active_format.i_fmt_slice/gen_num_lanes[0].active_lane.lane_instance.i_fma/product__3 input i_ariane/i_cva6/ex_stage_i/fpu_gen.fpu_i/fpu_gen.i_fpnew_bulk/gen_operation_groups[0].i_opgroup_block/gen_parallel_slices[1].active_format.i_fmt_slice/gen_num_lanes[0].active_lane.lane_instance.i_fma/product__3/B[17:0] is not pipelined. Pipelining DSP48 input will improve performance.
WARNING: [DRC DPIP-1] Input pipelining: DSP i_ariane/i_cva6/ex_stage_i/fpu_gen.fpu_i/fpu_gen.i_fpnew_bulk/gen_operation_groups[0].i_opgroup_block/gen_parallel_slices[1].active_format.i_fmt_slice/gen_num_lanes[0].active_lane.lane_instance.i_fma/product__4 input i_ariane/i_cva6/ex_stage_i/fpu_gen.fpu_i/fpu_gen.i_fpnew_bulk/gen_operation_groups[0].i_opgroup_block/gen_parallel_slices[1].active_format.i_fmt_slice/gen_num_lanes[0].active_lane.lane_instance.i_fma/product__4/A[29:0] is not pipelined. Pipelining DSP48 input will improve performance.
WARNING: [DRC DPIP-1] Input pipelining: DSP i_ariane/i_cva6/ex_stage_i/fpu_gen.fpu_i/fpu_gen.i_fpnew_bulk/gen_operation_groups[0].i_opgroup_block/gen_parallel_slices[1].active_format.i_fmt_slice/gen_num_lanes[0].active_lane.lane_instance.i_fma/product__4 input i_ariane/i_cva6/ex_stage_i/fpu_gen.fpu_i/fpu_gen.i_fpnew_bulk/gen_operation_groups[0].i_opgroup_block/gen_parallel_slices[1].active_format.i_fmt_slice/gen_num_lanes[0].active_lane.lane_instance.i_fma/product__4/B[17:0] is not pipelined. Pipelining DSP48 input will improve performance.
WARNING: [DRC DPIP-1] Input pipelining: DSP i_ariane/i_cva6/ex_stage_i/fpu_gen.fpu_i/fpu_gen.i_fpnew_bulk/gen_operation_groups[0].i_opgroup_block/gen_parallel_slices[1].active_format.i_fmt_slice/gen_num_lanes[0].active_lane.lane_instance.i_fma/product__5 input i_ariane/i_cva6/ex_stage_i/fpu_gen.fpu_i/fpu_gen.i_fpnew_bulk/gen_operation_groups[0].i_opgroup_block/gen_parallel_slices[1].active_format.i_fmt_slice/gen_num_lanes[0].active_lane.lane_instance.i_fma/product__5/A[29:0] is not pipelined. Pipelining DSP48 input will improve performance.
WARNING: [DRC DPIP-1] Input pipelining: DSP i_ariane/i_cva6/ex_stage_i/fpu_gen.fpu_i/fpu_gen.i_fpnew_bulk/gen_operation_groups[0].i_opgroup_block/gen_parallel_slices[1].active_format.i_fmt_slice/gen_num_lanes[0].active_lane.lane_instance.i_fma/product__5 input i_ariane/i_cva6/ex_stage_i/fpu_gen.fpu_i/fpu_gen.i_fpnew_bulk/gen_operation_groups[0].i_opgroup_block/gen_parallel_slices[1].active_format.i_fmt_slice/gen_num_lanes[0].active_lane.lane_instance.i_fma/product__5/B[17:0] is not pipelined. Pipelining DSP48 input will improve performance.
WARNING: [DRC DPIP-1] Input pipelining: DSP i_ariane/i_cva6/ex_stage_i/fpu_gen.fpu_i/fpu_gen.i_fpnew_bulk/gen_operation_groups[0].i_opgroup_block/gen_parallel_slices[1].active_format.i_fmt_slice/gen_num_lanes[0].active_lane.lane_instance.i_fma/product__6 input i_ariane/i_cva6/ex_stage_i/fpu_gen.fpu_i/fpu_gen.i_fpnew_bulk/gen_operation_groups[0].i_opgroup_block/gen_parallel_slices[1].active_format.i_fmt_slice/gen_num_lanes[0].active_lane.lane_instance.i_fma/product__6/A[29:0] is not pipelined. Pipelining DSP48 input will improve performance.
WARNING: [DRC DPIP-1] Input pipelining: DSP i_ariane/i_cva6/ex_stage_i/fpu_gen.fpu_i/fpu_gen.i_fpnew_bulk/gen_operation_groups[0].i_opgroup_block/gen_parallel_slices[1].active_format.i_fmt_slice/gen_num_lanes[0].active_lane.lane_instance.i_fma/product__6 input i_ariane/i_cva6/ex_stage_i/fpu_gen.fpu_i/fpu_gen.i_fpnew_bulk/gen_operation_groups[0].i_opgroup_block/gen_parallel_slices[1].active_format.i_fmt_slice/gen_num_lanes[0].active_lane.lane_instance.i_fma/product__6/B[17:0] is not pipelined. Pipelining DSP48 input will improve performance.
WARNING: [DRC DPIP-1] Input pipelining: DSP i_ariane/i_cva6/ex_stage_i/fpu_gen.fpu_i/fpu_gen.i_fpnew_bulk/gen_operation_groups[0].i_opgroup_block/gen_parallel_slices[1].active_format.i_fmt_slice/gen_num_lanes[0].active_lane.lane_instance.i_fma/product__7 input i_ariane/i_cva6/ex_stage_i/fpu_gen.fpu_i/fpu_gen.i_fpnew_bulk/gen_operation_groups[0].i_opgroup_block/gen_parallel_slices[1].active_format.i_fmt_slice/gen_num_lanes[0].active_lane.lane_instance.i_fma/product__7/A[29:0] is not pipelined. Pipelining DSP48 input will improve performance.
WARNING: [DRC DPIP-1] Input pipelining: DSP i_ariane/i_cva6/ex_stage_i/fpu_gen.fpu_i/fpu_gen.i_fpnew_bulk/gen_operation_groups[0].i_opgroup_block/gen_parallel_slices[1].active_format.i_fmt_slice/gen_num_lanes[0].active_lane.lane_instance.i_fma/product__7 input i_ariane/i_cva6/ex_stage_i/fpu_gen.fpu_i/fpu_gen.i_fpnew_bulk/gen_operation_groups[0].i_opgroup_block/gen_parallel_slices[1].active_format.i_fmt_slice/gen_num_lanes[0].active_lane.lane_instance.i_fma/product__7/B[17:0] is not pipelined. Pipelining DSP48 input will improve performance.
WARNING: [DRC DPIP-1] Input pipelining: DSP i_ariane/i_cva6/ex_stage_i/i_mult/i_multiplier/mult_result_d input i_ariane/i_cva6/ex_stage_i/i_mult/i_multiplier/mult_result_d/A[29:0] is not pipelined. Pipelining DSP48 input will improve performance.
WARNING: [DRC DPIP-1] Input pipelining: DSP i_ariane/i_cva6/ex_stage_i/i_mult/i_multiplier/mult_result_d input i_ariane/i_cva6/ex_stage_i/i_mult/i_multiplier/mult_result_d/B[17:0] is not pipelined. Pipelining DSP48 input will improve performance.
WARNING: [DRC DPIP-1] Input pipelining: DSP i_ariane/i_cva6/ex_stage_i/i_mult/i_multiplier/mult_result_d__0 input i_ariane/i_cva6/ex_stage_i/i_mult/i_multiplier/mult_result_d__0/A[29:0] is not pipelined. Pipelining DSP48 input will improve performance.
WARNING: [DRC DPIP-1] Input pipelining: DSP i_ariane/i_cva6/ex_stage_i/i_mult/i_multiplier/mult_result_d__0 input i_ariane/i_cva6/ex_stage_i/i_mult/i_multiplier/mult_result_d__0/B[17:0] is not pipelined. Pipelining DSP48 input will improve performance.
WARNING: [DRC DPIP-1] Input pipelining: DSP i_ariane/i_cva6/ex_stage_i/i_mult/i_multiplier/mult_result_d__1 input i_ariane/i_cva6/ex_stage_i/i_mult/i_multiplier/mult_result_d__1/A[29:0] is not pipelined. Pipelining DSP48 input will improve performance.
WARNING: [DRC DPIP-1] Input pipelining: DSP i_ariane/i_cva6/ex_stage_i/i_mult/i_multiplier/mult_result_d__1 input i_ariane/i_cva6/ex_stage_i/i_mult/i_multiplier/mult_result_d__1/B[17:0] is not pipelined. Pipelining DSP48 input will improve performance.
WARNING: [DRC DPIP-1] Input pipelining: DSP i_ariane/i_cva6/ex_stage_i/i_mult/i_multiplier/mult_result_d__10 input i_ariane/i_cva6/ex_stage_i/i_mult/i_multiplier/mult_result_d__10/A[29:0] is not pipelined. Pipelining DSP48 input will improve performance.
WARNING: [DRC DPIP-1] Input pipelining: DSP i_ariane/i_cva6/ex_stage_i/i_mult/i_multiplier/mult_result_d__10 input i_ariane/i_cva6/ex_stage_i/i_mult/i_multiplier/mult_result_d__10/B[17:0] is not pipelined. Pipelining DSP48 input will improve performance.
WARNING: [DRC DPIP-1] Input pipelining: DSP i_ariane/i_cva6/ex_stage_i/i_mult/i_multiplier/mult_result_d__11 input i_ariane/i_cva6/ex_stage_i/i_mult/i_multiplier/mult_result_d__11/A[29:0] is not pipelined. Pipelining DSP48 input will improve performance.
WARNING: [DRC DPIP-1] Input pipelining: DSP i_ariane/i_cva6/ex_stage_i/i_mult/i_multiplier/mult_result_d__11 input i_ariane/i_cva6/ex_stage_i/i_mult/i_multiplier/mult_result_d__11/B[17:0] is not pipelined. Pipelining DSP48 input will improve performance.
WARNING: [DRC DPIP-1] Input pipelining: DSP i_ariane/i_cva6/ex_stage_i/i_mult/i_multiplier/mult_result_d__12 input i_ariane/i_cva6/ex_stage_i/i_mult/i_multiplier/mult_result_d__12/A[29:0] is not pipelined. Pipelining DSP48 input will improve performance.
WARNING: [DRC DPIP-1] Input pipelining: DSP i_ariane/i_cva6/ex_stage_i/i_mult/i_multiplier/mult_result_d__12 input i_ariane/i_cva6/ex_stage_i/i_mult/i_multiplier/mult_result_d__12/B[17:0] is not pipelined. Pipelining DSP48 input will improve performance.
WARNING: [DRC DPIP-1] Input pipelining: DSP i_ariane/i_cva6/ex_stage_i/i_mult/i_multiplier/mult_result_d__13 input i_ariane/i_cva6/ex_stage_i/i_mult/i_multiplier/mult_result_d__13/A[29:0] is not pipelined. Pipelining DSP48 input will improve performance.
WARNING: [DRC DPIP-1] Input pipelining: DSP i_ariane/i_cva6/ex_stage_i/i_mult/i_multiplier/mult_result_d__13 input i_ariane/i_cva6/ex_stage_i/i_mult/i_multiplier/mult_result_d__13/B[17:0] is not pipelined. Pipelining DSP48 input will improve performance.
WARNING: [DRC DPIP-1] Input pipelining: DSP i_ariane/i_cva6/ex_stage_i/i_mult/i_multiplier/mult_result_d__14 input i_ariane/i_cva6/ex_stage_i/i_mult/i_multiplier/mult_result_d__14/A[29:0] is not pipelined. Pipelining DSP48 input will improve performance.
WARNING: [DRC DPIP-1] Input pipelining: DSP i_ariane/i_cva6/ex_stage_i/i_mult/i_multiplier/mult_result_d__14 input i_ariane/i_cva6/ex_stage_i/i_mult/i_multiplier/mult_result_d__14/B[17:0] is not pipelined. Pipelining DSP48 input will improve performance.
WARNING: [DRC DPIP-1] Input pipelining: DSP i_ariane/i_cva6/ex_stage_i/i_mult/i_multiplier/mult_result_d__2 input i_ariane/i_cva6/ex_stage_i/i_mult/i_multiplier/mult_result_d__2/A[29:0] is not pipelined. Pipelining DSP48 input will improve performance.
WARNING: [DRC DPIP-1] Input pipelining: DSP i_ariane/i_cva6/ex_stage_i/i_mult/i_multiplier/mult_result_d__2 input i_ariane/i_cva6/ex_stage_i/i_mult/i_multiplier/mult_result_d__2/B[17:0] is not pipelined. Pipelining DSP48 input will improve performance.
WARNING: [DRC DPIP-1] Input pipelining: DSP i_ariane/i_cva6/ex_stage_i/i_mult/i_multiplier/mult_result_d__3 input i_ariane/i_cva6/ex_stage_i/i_mult/i_multiplier/mult_result_d__3/A[29:0] is not pipelined. Pipelining DSP48 input will improve performance.
WARNING: [DRC DPIP-1] Input pipelining: DSP i_ariane/i_cva6/ex_stage_i/i_mult/i_multiplier/mult_result_d__3 input i_ariane/i_cva6/ex_stage_i/i_mult/i_multiplier/mult_result_d__3/B[17:0] is not pipelined. Pipelining DSP48 input will improve performance.
WARNING: [DRC DPIP-1] Input pipelining: DSP i_ariane/i_cva6/ex_stage_i/i_mult/i_multiplier/mult_result_d__4 input i_ariane/i_cva6/ex_stage_i/i_mult/i_multiplier/mult_result_d__4/A[29:0] is not pipelined. Pipelining DSP48 input will improve performance.
WARNING: [DRC DPIP-1] Input pipelining: DSP i_ariane/i_cva6/ex_stage_i/i_mult/i_multiplier/mult_result_d__4 input i_ariane/i_cva6/ex_stage_i/i_mult/i_multiplier/mult_result_d__4/B[17:0] is not pipelined. Pipelining DSP48 input will improve performance.
WARNING: [DRC DPIP-1] Input pipelining: DSP i_ariane/i_cva6/ex_stage_i/i_mult/i_multiplier/mult_result_d__5 input i_ariane/i_cva6/ex_stage_i/i_mult/i_multiplier/mult_result_d__5/A[29:0] is not pipelined. Pipelining DSP48 input will improve performance.
WARNING: [DRC DPIP-1] Input pipelining: DSP i_ariane/i_cva6/ex_stage_i/i_mult/i_multiplier/mult_result_d__5 input i_ariane/i_cva6/ex_stage_i/i_mult/i_multiplier/mult_result_d__5/B[17:0] is not pipelined. Pipelining DSP48 input will improve performance.
WARNING: [DRC DPIP-1] Input pipelining: DSP i_ariane/i_cva6/ex_stage_i/i_mult/i_multiplier/mult_result_d__6 input i_ariane/i_cva6/ex_stage_i/i_mult/i_multiplier/mult_result_d__6/A[29:0] is not pipelined. Pipelining DSP48 input will improve performance.
WARNING: [DRC DPIP-1] Input pipelining: DSP i_ariane/i_cva6/ex_stage_i/i_mult/i_multiplier/mult_result_d__6 input i_ariane/i_cva6/ex_stage_i/i_mult/i_multiplier/mult_result_d__6/B[17:0] is not pipelined. Pipelining DSP48 input will improve performance.
WARNING: [DRC DPIP-1] Input pipelining: DSP i_ariane/i_cva6/ex_stage_i/i_mult/i_multiplier/mult_result_d__7 input i_ariane/i_cva6/ex_stage_i/i_mult/i_multiplier/mult_result_d__7/A[29:0] is not pipelined. Pipelining DSP48 input will improve performance.
WARNING: [DRC DPIP-1] Input pipelining: DSP i_ariane/i_cva6/ex_stage_i/i_mult/i_multiplier/mult_result_d__7 input i_ariane/i_cva6/ex_stage_i/i_mult/i_multiplier/mult_result_d__7/B[17:0] is not pipelined. Pipelining DSP48 input will improve performance.
WARNING: [DRC DPIP-1] Input pipelining: DSP i_ariane/i_cva6/ex_stage_i/i_mult/i_multiplier/mult_result_d__8 input i_ariane/i_cva6/ex_stage_i/i_mult/i_multiplier/mult_result_d__8/A[29:0] is not pipelined. Pipelining DSP48 input will improve performance.
WARNING: [DRC DPIP-1] Input pipelining: DSP i_ariane/i_cva6/ex_stage_i/i_mult/i_multiplier/mult_result_d__8 input i_ariane/i_cva6/ex_stage_i/i_mult/i_multiplier/mult_result_d__8/B[17:0] is not pipelined. Pipelining DSP48 input will improve performance.
WARNING: [DRC DPIP-1] Input pipelining: DSP i_ariane/i_cva6/ex_stage_i/i_mult/i_multiplier/mult_result_d__9 input i_ariane/i_cva6/ex_stage_i/i_mult/i_multiplier/mult_result_d__9/A[29:0] is not pipelined. Pipelining DSP48 input will improve performance.
WARNING: [DRC DPIP-1] Input pipelining: DSP i_ariane/i_cva6/ex_stage_i/i_mult/i_multiplier/mult_result_d__9 input i_ariane/i_cva6/ex_stage_i/i_mult/i_multiplier/mult_result_d__9/B[17:0] is not pipelined. Pipelining DSP48 input will improve performance.
WARNING: [DRC DPOP-1] PREG Output pipelining: DSP i_ariane/i_cva6/ex_stage_i/fpu_gen.fpu_i/fpu_gen.i_fpnew_bulk/gen_operation_groups[0].i_opgroup_block/gen_parallel_slices[0].active_format.i_fmt_slice/gen_num_lanes[0].active_lane.lane_instance.i_fma/product output i_ariane/i_cva6/ex_stage_i/fpu_gen.fpu_i/fpu_gen.i_fpnew_bulk/gen_operation_groups[0].i_opgroup_block/gen_parallel_slices[0].active_format.i_fmt_slice/gen_num_lanes[0].active_lane.lane_instance.i_fma/product/P[47:0] is not pipelined (PREG=0). Pipelining the DSP48 output will improve performance and often saves power so it is suggested whenever possible to fully pipeline this function.  If this DSP48 function was inferred, it is suggested to describe an additional register stage after this function.  If the DSP48 was instantiated in the design, it is suggested to set the PREG attribute to 1.
WARNING: [DRC DPOP-1] PREG Output pipelining: DSP i_ariane/i_cva6/ex_stage_i/fpu_gen.fpu_i/fpu_gen.i_fpnew_bulk/gen_operation_groups[0].i_opgroup_block/gen_parallel_slices[0].active_format.i_fmt_slice/gen_num_lanes[0].active_lane.lane_instance.i_fma/product__0 output i_ariane/i_cva6/ex_stage_i/fpu_gen.fpu_i/fpu_gen.i_fpnew_bulk/gen_operation_groups[0].i_opgroup_block/gen_parallel_slices[0].active_format.i_fmt_slice/gen_num_lanes[0].active_lane.lane_instance.i_fma/product__0/P[47:0] is not pipelined (PREG=0). Pipelining the DSP48 output will improve performance and often saves power so it is suggested whenever possible to fully pipeline this function.  If this DSP48 function was inferred, it is suggested to describe an additional register stage after this function.  If the DSP48 was instantiated in the design, it is suggested to set the PREG attribute to 1.
WARNING: [DRC DPOP-1] PREG Output pipelining: DSP i_ariane/i_cva6/ex_stage_i/fpu_gen.fpu_i/fpu_gen.i_fpnew_bulk/gen_operation_groups[0].i_opgroup_block/gen_parallel_slices[1].active_format.i_fmt_slice/gen_num_lanes[0].active_lane.lane_instance.i_fma/product__0 output i_ariane/i_cva6/ex_stage_i/fpu_gen.fpu_i/fpu_gen.i_fpnew_bulk/gen_operation_groups[0].i_opgroup_block/gen_parallel_slices[1].active_format.i_fmt_slice/gen_num_lanes[0].active_lane.lane_instance.i_fma/product__0/P[47:0] is not pipelined (PREG=0). Pipelining the DSP48 output will improve performance and often saves power so it is suggested whenever possible to fully pipeline this function.  If this DSP48 function was inferred, it is suggested to describe an additional register stage after this function.  If the DSP48 was instantiated in the design, it is suggested to set the PREG attribute to 1.
WARNING: [DRC DPOP-1] PREG Output pipelining: DSP i_ariane/i_cva6/ex_stage_i/fpu_gen.fpu_i/fpu_gen.i_fpnew_bulk/gen_operation_groups[0].i_opgroup_block/gen_parallel_slices[1].active_format.i_fmt_slice/gen_num_lanes[0].active_lane.lane_instance.i_fma/product__1 output i_ariane/i_cva6/ex_stage_i/fpu_gen.fpu_i/fpu_gen.i_fpnew_bulk/gen_operation_groups[0].i_opgroup_block/gen_parallel_slices[1].active_format.i_fmt_slice/gen_num_lanes[0].active_lane.lane_instance.i_fma/product__1/P[47:0] is not pipelined (PREG=0). Pipelining the DSP48 output will improve performance and often saves power so it is suggested whenever possible to fully pipeline this function.  If this DSP48 function was inferred, it is suggested to describe an additional register stage after this function.  If the DSP48 was instantiated in the design, it is suggested to set the PREG attribute to 1.
WARNING: [DRC DPOP-1] PREG Output pipelining: DSP i_ariane/i_cva6/ex_stage_i/fpu_gen.fpu_i/fpu_gen.i_fpnew_bulk/gen_operation_groups[0].i_opgroup_block/gen_parallel_slices[1].active_format.i_fmt_slice/gen_num_lanes[0].active_lane.lane_instance.i_fma/product__4 output i_ariane/i_cva6/ex_stage_i/fpu_gen.fpu_i/fpu_gen.i_fpnew_bulk/gen_operation_groups[0].i_opgroup_block/gen_parallel_slices[1].active_format.i_fmt_slice/gen_num_lanes[0].active_lane.lane_instance.i_fma/product__4/P[47:0] is not pipelined (PREG=0). Pipelining the DSP48 output will improve performance and often saves power so it is suggested whenever possible to fully pipeline this function.  If this DSP48 function was inferred, it is suggested to describe an additional register stage after this function.  If the DSP48 was instantiated in the design, it is suggested to set the PREG attribute to 1.
WARNING: [DRC DPOP-1] PREG Output pipelining: DSP i_ariane/i_cva6/ex_stage_i/fpu_gen.fpu_i/fpu_gen.i_fpnew_bulk/gen_operation_groups[0].i_opgroup_block/gen_parallel_slices[1].active_format.i_fmt_slice/gen_num_lanes[0].active_lane.lane_instance.i_fma/product__5 output i_ariane/i_cva6/ex_stage_i/fpu_gen.fpu_i/fpu_gen.i_fpnew_bulk/gen_operation_groups[0].i_opgroup_block/gen_parallel_slices[1].active_format.i_fmt_slice/gen_num_lanes[0].active_lane.lane_instance.i_fma/product__5/P[47:0] is not pipelined (PREG=0). Pipelining the DSP48 output will improve performance and often saves power so it is suggested whenever possible to fully pipeline this function.  If this DSP48 function was inferred, it is suggested to describe an additional register stage after this function.  If the DSP48 was instantiated in the design, it is suggested to set the PREG attribute to 1.
WARNING: [DRC DPOP-1] PREG Output pipelining: DSP i_ariane/i_cva6/ex_stage_i/fpu_gen.fpu_i/fpu_gen.i_fpnew_bulk/gen_operation_groups[0].i_opgroup_block/gen_parallel_slices[1].active_format.i_fmt_slice/gen_num_lanes[0].active_lane.lane_instance.i_fma/product__7 output i_ariane/i_cva6/ex_stage_i/fpu_gen.fpu_i/fpu_gen.i_fpnew_bulk/gen_operation_groups[0].i_opgroup_block/gen_parallel_slices[1].active_format.i_fmt_slice/gen_num_lanes[0].active_lane.lane_instance.i_fma/product__7/P[47:0] is not pipelined (PREG=0). Pipelining the DSP48 output will improve performance and often saves power so it is suggested whenever possible to fully pipeline this function.  If this DSP48 function was inferred, it is suggested to describe an additional register stage after this function.  If the DSP48 was instantiated in the design, it is suggested to set the PREG attribute to 1.
WARNING: [DRC DPOP-1] PREG Output pipelining: DSP i_ariane/i_cva6/ex_stage_i/i_mult/i_multiplier/mult_result_d output i_ariane/i_cva6/ex_stage_i/i_mult/i_multiplier/mult_result_d/P[47:0] is not pipelined (PREG=0). Pipelining the DSP48 output will improve performance and often saves power so it is suggested whenever possible to fully pipeline this function.  If this DSP48 function was inferred, it is suggested to describe an additional register stage after this function.  If the DSP48 was instantiated in the design, it is suggested to set the PREG attribute to 1.
WARNING: [DRC DPOP-1] PREG Output pipelining: DSP i_ariane/i_cva6/ex_stage_i/i_mult/i_multiplier/mult_result_d__1 output i_ariane/i_cva6/ex_stage_i/i_mult/i_multiplier/mult_result_d__1/P[47:0] is not pipelined (PREG=0). Pipelining the DSP48 output will improve performance and often saves power so it is suggested whenever possible to fully pipeline this function.  If this DSP48 function was inferred, it is suggested to describe an additional register stage after this function.  If the DSP48 was instantiated in the design, it is suggested to set the PREG attribute to 1.
WARNING: [DRC DPOP-1] PREG Output pipelining: DSP i_ariane/i_cva6/ex_stage_i/i_mult/i_multiplier/mult_result_d__11 output i_ariane/i_cva6/ex_stage_i/i_mult/i_multiplier/mult_result_d__11/P[47:0] is not pipelined (PREG=0). Pipelining the DSP48 output will improve performance and often saves power so it is suggested whenever possible to fully pipeline this function.  If this DSP48 function was inferred, it is suggested to describe an additional register stage after this function.  If the DSP48 was instantiated in the design, it is suggested to set the PREG attribute to 1.
WARNING: [DRC DPOP-1] PREG Output pipelining: DSP i_ariane/i_cva6/ex_stage_i/i_mult/i_multiplier/mult_result_d__13 output i_ariane/i_cva6/ex_stage_i/i_mult/i_multiplier/mult_result_d__13/P[47:0] is not pipelined (PREG=0). Pipelining the DSP48 output will improve performance and often saves power so it is suggested whenever possible to fully pipeline this function.  If this DSP48 function was inferred, it is suggested to describe an additional register stage after this function.  If the DSP48 was instantiated in the design, it is suggested to set the PREG attribute to 1.
WARNING: [DRC DPOP-1] PREG Output pipelining: DSP i_ariane/i_cva6/ex_stage_i/i_mult/i_multiplier/mult_result_d__4 output i_ariane/i_cva6/ex_stage_i/i_mult/i_multiplier/mult_result_d__4/P[47:0] is not pipelined (PREG=0). Pipelining the DSP48 output will improve performance and often saves power so it is suggested whenever possible to fully pipeline this function.  If this DSP48 function was inferred, it is suggested to describe an additional register stage after this function.  If the DSP48 was instantiated in the design, it is suggested to set the PREG attribute to 1.
WARNING: [DRC DPOP-1] PREG Output pipelining: DSP i_ariane/i_cva6/ex_stage_i/i_mult/i_multiplier/mult_result_d__8 output i_ariane/i_cva6/ex_stage_i/i_mult/i_multiplier/mult_result_d__8/P[47:0] is not pipelined (PREG=0). Pipelining the DSP48 output will improve performance and often saves power so it is suggested whenever possible to fully pipeline this function.  If this DSP48 function was inferred, it is suggested to describe an additional register stage after this function.  If the DSP48 was instantiated in the design, it is suggested to set the PREG attribute to 1.
WARNING: [DRC DPOP-2] MREG Output pipelining: DSP i_ariane/i_cva6/ex_stage_i/fpu_gen.fpu_i/fpu_gen.i_fpnew_bulk/gen_operation_groups[0].i_opgroup_block/gen_parallel_slices[0].active_format.i_fmt_slice/gen_num_lanes[0].active_lane.lane_instance.i_fma/product multiplier stage i_ariane/i_cva6/ex_stage_i/fpu_gen.fpu_i/fpu_gen.i_fpnew_bulk/gen_operation_groups[0].i_opgroup_block/gen_parallel_slices[0].active_format.i_fmt_slice/gen_num_lanes[0].active_lane.lane_instance.i_fma/product/P[47:0] is not pipelined (MREG=0). Pipelining the multiplier function will improve performance and will save significant power so it is suggested whenever possible to fully pipeline this function.  If this multiplier was inferred, it is suggested to describe an additional register stage after this function.  If there is no registered adder/accumulator following the multiply function, two pipeline stages are suggested to allow both the MREG and PREG registers to be used.  If the DSP48 was instantiated in the design, it is suggested to set both the MREG and PREG attributes to 1 when performing multiply functions.
WARNING: [DRC DPOP-2] MREG Output pipelining: DSP i_ariane/i_cva6/ex_stage_i/fpu_gen.fpu_i/fpu_gen.i_fpnew_bulk/gen_operation_groups[0].i_opgroup_block/gen_parallel_slices[0].active_format.i_fmt_slice/gen_num_lanes[0].active_lane.lane_instance.i_fma/product__0 multiplier stage i_ariane/i_cva6/ex_stage_i/fpu_gen.fpu_i/fpu_gen.i_fpnew_bulk/gen_operation_groups[0].i_opgroup_block/gen_parallel_slices[0].active_format.i_fmt_slice/gen_num_lanes[0].active_lane.lane_instance.i_fma/product__0/P[47:0] is not pipelined (MREG=0). Pipelining the multiplier function will improve performance and will save significant power so it is suggested whenever possible to fully pipeline this function.  If this multiplier was inferred, it is suggested to describe an additional register stage after this function.  If there is no registered adder/accumulator following the multiply function, two pipeline stages are suggested to allow both the MREG and PREG registers to be used.  If the DSP48 was instantiated in the design, it is suggested to set both the MREG and PREG attributes to 1 when performing multiply functions.
WARNING: [DRC DPOP-2] MREG Output pipelining: DSP i_ariane/i_cva6/ex_stage_i/fpu_gen.fpu_i/fpu_gen.i_fpnew_bulk/gen_operation_groups[0].i_opgroup_block/gen_parallel_slices[1].active_format.i_fmt_slice/gen_num_lanes[0].active_lane.lane_instance.i_fma/product__0 multiplier stage i_ariane/i_cva6/ex_stage_i/fpu_gen.fpu_i/fpu_gen.i_fpnew_bulk/gen_operation_groups[0].i_opgroup_block/gen_parallel_slices[1].active_format.i_fmt_slice/gen_num_lanes[0].active_lane.lane_instance.i_fma/product__0/P[47:0] is not pipelined (MREG=0). Pipelining the multiplier function will improve performance and will save significant power so it is suggested whenever possible to fully pipeline this function.  If this multiplier was inferred, it is suggested to describe an additional register stage after this function.  If there is no registered adder/accumulator following the multiply function, two pipeline stages are suggested to allow both the MREG and PREG registers to be used.  If the DSP48 was instantiated in the design, it is suggested to set both the MREG and PREG attributes to 1 when performing multiply functions.
WARNING: [DRC DPOP-2] MREG Output pipelining: DSP i_ariane/i_cva6/ex_stage_i/fpu_gen.fpu_i/fpu_gen.i_fpnew_bulk/gen_operation_groups[0].i_opgroup_block/gen_parallel_slices[1].active_format.i_fmt_slice/gen_num_lanes[0].active_lane.lane_instance.i_fma/product__1 multiplier stage i_ariane/i_cva6/ex_stage_i/fpu_gen.fpu_i/fpu_gen.i_fpnew_bulk/gen_operation_groups[0].i_opgroup_block/gen_parallel_slices[1].active_format.i_fmt_slice/gen_num_lanes[0].active_lane.lane_instance.i_fma/product__1/P[47:0] is not pipelined (MREG=0). Pipelining the multiplier function will improve performance and will save significant power so it is suggested whenever possible to fully pipeline this function.  If this multiplier was inferred, it is suggested to describe an additional register stage after this function.  If there is no registered adder/accumulator following the multiply function, two pipeline stages are suggested to allow both the MREG and PREG registers to be used.  If the DSP48 was instantiated in the design, it is suggested to set both the MREG and PREG attributes to 1 when performing multiply functions.
WARNING: [DRC DPOP-2] MREG Output pipelining: DSP i_ariane/i_cva6/ex_stage_i/fpu_gen.fpu_i/fpu_gen.i_fpnew_bulk/gen_operation_groups[0].i_opgroup_block/gen_parallel_slices[1].active_format.i_fmt_slice/gen_num_lanes[0].active_lane.lane_instance.i_fma/product__4 multiplier stage i_ariane/i_cva6/ex_stage_i/fpu_gen.fpu_i/fpu_gen.i_fpnew_bulk/gen_operation_groups[0].i_opgroup_block/gen_parallel_slices[1].active_format.i_fmt_slice/gen_num_lanes[0].active_lane.lane_instance.i_fma/product__4/P[47:0] is not pipelined (MREG=0). Pipelining the multiplier function will improve performance and will save significant power so it is suggested whenever possible to fully pipeline this function.  If this multiplier was inferred, it is suggested to describe an additional register stage after this function.  If there is no registered adder/accumulator following the multiply function, two pipeline stages are suggested to allow both the MREG and PREG registers to be used.  If the DSP48 was instantiated in the design, it is suggested to set both the MREG and PREG attributes to 1 when performing multiply functions.
WARNING: [DRC DPOP-2] MREG Output pipelining: DSP i_ariane/i_cva6/ex_stage_i/fpu_gen.fpu_i/fpu_gen.i_fpnew_bulk/gen_operation_groups[0].i_opgroup_block/gen_parallel_slices[1].active_format.i_fmt_slice/gen_num_lanes[0].active_lane.lane_instance.i_fma/product__5 multiplier stage i_ariane/i_cva6/ex_stage_i/fpu_gen.fpu_i/fpu_gen.i_fpnew_bulk/gen_operation_groups[0].i_opgroup_block/gen_parallel_slices[1].active_format.i_fmt_slice/gen_num_lanes[0].active_lane.lane_instance.i_fma/product__5/P[47:0] is not pipelined (MREG=0). Pipelining the multiplier function will improve performance and will save significant power so it is suggested whenever possible to fully pipeline this function.  If this multiplier was inferred, it is suggested to describe an additional register stage after this function.  If there is no registered adder/accumulator following the multiply function, two pipeline stages are suggested to allow both the MREG and PREG registers to be used.  If the DSP48 was instantiated in the design, it is suggested to set both the MREG and PREG attributes to 1 when performing multiply functions.
WARNING: [DRC DPOP-2] MREG Output pipelining: DSP i_ariane/i_cva6/ex_stage_i/fpu_gen.fpu_i/fpu_gen.i_fpnew_bulk/gen_operation_groups[0].i_opgroup_block/gen_parallel_slices[1].active_format.i_fmt_slice/gen_num_lanes[0].active_lane.lane_instance.i_fma/product__7 multiplier stage i_ariane/i_cva6/ex_stage_i/fpu_gen.fpu_i/fpu_gen.i_fpnew_bulk/gen_operation_groups[0].i_opgroup_block/gen_parallel_slices[1].active_format.i_fmt_slice/gen_num_lanes[0].active_lane.lane_instance.i_fma/product__7/P[47:0] is not pipelined (MREG=0). Pipelining the multiplier function will improve performance and will save significant power so it is suggested whenever possible to fully pipeline this function.  If this multiplier was inferred, it is suggested to describe an additional register stage after this function.  If there is no registered adder/accumulator following the multiply function, two pipeline stages are suggested to allow both the MREG and PREG registers to be used.  If the DSP48 was instantiated in the design, it is suggested to set both the MREG and PREG attributes to 1 when performing multiply functions.
WARNING: [DRC DPOP-2] MREG Output pipelining: DSP i_ariane/i_cva6/ex_stage_i/i_mult/i_multiplier/mult_result_d multiplier stage i_ariane/i_cva6/ex_stage_i/i_mult/i_multiplier/mult_result_d/P[47:0] is not pipelined (MREG=0). Pipelining the multiplier function will improve performance and will save significant power so it is suggested whenever possible to fully pipeline this function.  If this multiplier was inferred, it is suggested to describe an additional register stage after this function.  If there is no registered adder/accumulator following the multiply function, two pipeline stages are suggested to allow both the MREG and PREG registers to be used.  If the DSP48 was instantiated in the design, it is suggested to set both the MREG and PREG attributes to 1 when performing multiply functions.
WARNING: [DRC DPOP-2] MREG Output pipelining: DSP i_ariane/i_cva6/ex_stage_i/i_mult/i_multiplier/mult_result_d__1 multiplier stage i_ariane/i_cva6/ex_stage_i/i_mult/i_multiplier/mult_result_d__1/P[47:0] is not pipelined (MREG=0). Pipelining the multiplier function will improve performance and will save significant power so it is suggested whenever possible to fully pipeline this function.  If this multiplier was inferred, it is suggested to describe an additional register stage after this function.  If there is no registered adder/accumulator following the multiply function, two pipeline stages are suggested to allow both the MREG and PREG registers to be used.  If the DSP48 was instantiated in the design, it is suggested to set both the MREG and PREG attributes to 1 when performing multiply functions.
WARNING: [DRC DPOP-2] MREG Output pipelining: DSP i_ariane/i_cva6/ex_stage_i/i_mult/i_multiplier/mult_result_d__10 multiplier stage i_ariane/i_cva6/ex_stage_i/i_mult/i_multiplier/mult_result_d__10/P[47:0] is not pipelined (MREG=0). Pipelining the multiplier function will improve performance and will save significant power so it is suggested whenever possible to fully pipeline this function.  If this multiplier was inferred, it is suggested to describe an additional register stage after this function.  If there is no registered adder/accumulator following the multiply function, two pipeline stages are suggested to allow both the MREG and PREG registers to be used.  If the DSP48 was instantiated in the design, it is suggested to set both the MREG and PREG attributes to 1 when performing multiply functions.
WARNING: [DRC DPOP-2] MREG Output pipelining: DSP i_ariane/i_cva6/ex_stage_i/i_mult/i_multiplier/mult_result_d__11 multiplier stage i_ariane/i_cva6/ex_stage_i/i_mult/i_multiplier/mult_result_d__11/P[47:0] is not pipelined (MREG=0). Pipelining the multiplier function will improve performance and will save significant power so it is suggested whenever possible to fully pipeline this function.  If this multiplier was inferred, it is suggested to describe an additional register stage after this function.  If there is no registered adder/accumulator following the multiply function, two pipeline stages are suggested to allow both the MREG and PREG registers to be used.  If the DSP48 was instantiated in the design, it is suggested to set both the MREG and PREG attributes to 1 when performing multiply functions.
WARNING: [DRC DPOP-2] MREG Output pipelining: DSP i_ariane/i_cva6/ex_stage_i/i_mult/i_multiplier/mult_result_d__13 multiplier stage i_ariane/i_cva6/ex_stage_i/i_mult/i_multiplier/mult_result_d__13/P[47:0] is not pipelined (MREG=0). Pipelining the multiplier function will improve performance and will save significant power so it is suggested whenever possible to fully pipeline this function.  If this multiplier was inferred, it is suggested to describe an additional register stage after this function.  If there is no registered adder/accumulator following the multiply function, two pipeline stages are suggested to allow both the MREG and PREG registers to be used.  If the DSP48 was instantiated in the design, it is suggested to set both the MREG and PREG attributes to 1 when performing multiply functions.
WARNING: [DRC DPOP-2] MREG Output pipelining: DSP i_ariane/i_cva6/ex_stage_i/i_mult/i_multiplier/mult_result_d__14 multiplier stage i_ariane/i_cva6/ex_stage_i/i_mult/i_multiplier/mult_result_d__14/P[47:0] is not pipelined (MREG=0). Pipelining the multiplier function will improve performance and will save significant power so it is suggested whenever possible to fully pipeline this function.  If this multiplier was inferred, it is suggested to describe an additional register stage after this function.  If there is no registered adder/accumulator following the multiply function, two pipeline stages are suggested to allow both the MREG and PREG registers to be used.  If the DSP48 was instantiated in the design, it is suggested to set both the MREG and PREG attributes to 1 when performing multiply functions.
WARNING: [DRC DPOP-2] MREG Output pipelining: DSP i_ariane/i_cva6/ex_stage_i/i_mult/i_multiplier/mult_result_d__2 multiplier stage i_ariane/i_cva6/ex_stage_i/i_mult/i_multiplier/mult_result_d__2/P[47:0] is not pipelined (MREG=0). Pipelining the multiplier function will improve performance and will save significant power so it is suggested whenever possible to fully pipeline this function.  If this multiplier was inferred, it is suggested to describe an additional register stage after this function.  If there is no registered adder/accumulator following the multiply function, two pipeline stages are suggested to allow both the MREG and PREG registers to be used.  If the DSP48 was instantiated in the design, it is suggested to set both the MREG and PREG attributes to 1 when performing multiply functions.
WARNING: [DRC DPOP-2] MREG Output pipelining: DSP i_ariane/i_cva6/ex_stage_i/i_mult/i_multiplier/mult_result_d__4 multiplier stage i_ariane/i_cva6/ex_stage_i/i_mult/i_multiplier/mult_result_d__4/P[47:0] is not pipelined (MREG=0). Pipelining the multiplier function will improve performance and will save significant power so it is suggested whenever possible to fully pipeline this function.  If this multiplier was inferred, it is suggested to describe an additional register stage after this function.  If there is no registered adder/accumulator following the multiply function, two pipeline stages are suggested to allow both the MREG and PREG registers to be used.  If the DSP48 was instantiated in the design, it is suggested to set both the MREG and PREG attributes to 1 when performing multiply functions.
WARNING: [DRC DPOP-2] MREG Output pipelining: DSP i_ariane/i_cva6/ex_stage_i/i_mult/i_multiplier/mult_result_d__6 multiplier stage i_ariane/i_cva6/ex_stage_i/i_mult/i_multiplier/mult_result_d__6/P[47:0] is not pipelined (MREG=0). Pipelining the multiplier function will improve performance and will save significant power so it is suggested whenever possible to fully pipeline this function.  If this multiplier was inferred, it is suggested to describe an additional register stage after this function.  If there is no registered adder/accumulator following the multiply function, two pipeline stages are suggested to allow both the MREG and PREG registers to be used.  If the DSP48 was instantiated in the design, it is suggested to set both the MREG and PREG attributes to 1 when performing multiply functions.
WARNING: [DRC DPOP-2] MREG Output pipelining: DSP i_ariane/i_cva6/ex_stage_i/i_mult/i_multiplier/mult_result_d__8 multiplier stage i_ariane/i_cva6/ex_stage_i/i_mult/i_multiplier/mult_result_d__8/P[47:0] is not pipelined (MREG=0). Pipelining the multiplier function will improve performance and will save significant power so it is suggested whenever possible to fully pipeline this function.  If this multiplier was inferred, it is suggested to describe an additional register stage after this function.  If there is no registered adder/accumulator following the multiply function, two pipeline stages are suggested to allow both the MREG and PREG registers to be used.  If the DSP48 was instantiated in the design, it is suggested to set both the MREG and PREG attributes to 1 when performing multiply functions.
WARNING: [DRC DPOR-1] Asynchronous load check: DSP i_ariane/i_cva6/ex_stage_i/i_mult/i_multiplier/mult_result_d output is connected to registers with an asynchronous reset (i_ariane/i_cva6/ex_stage_i/i_mult/i_multiplier/mult_result_q_reg[0]). This is preventing the possibility of merging these registers in to the DSP Block since the DSP block registers only possess synchronous reset capability.  It is suggested to recode or change these registers to remove the reset or use a synchronous reset to get the best optimization for performance, power and area.
WARNING: [DRC DPOR-1] Asynchronous load check: DSP i_ariane/i_cva6/ex_stage_i/i_mult/i_multiplier/mult_result_d output is connected to registers with an asynchronous reset (i_ariane/i_cva6/ex_stage_i/i_mult/i_multiplier/mult_result_q_reg[10]). This is preventing the possibility of merging these registers in to the DSP Block since the DSP block registers only possess synchronous reset capability.  It is suggested to recode or change these registers to remove the reset or use a synchronous reset to get the best optimization for performance, power and area.
WARNING: [DRC DPOR-1] Asynchronous load check: DSP i_ariane/i_cva6/ex_stage_i/i_mult/i_multiplier/mult_result_d output is connected to registers with an asynchronous reset (i_ariane/i_cva6/ex_stage_i/i_mult/i_multiplier/mult_result_q_reg[11]). This is preventing the possibility of merging these registers in to the DSP Block since the DSP block registers only possess synchronous reset capability.  It is suggested to recode or change these registers to remove the reset or use a synchronous reset to get the best optimization for performance, power and area.
WARNING: [DRC DPOR-1] Asynchronous load check: DSP i_ariane/i_cva6/ex_stage_i/i_mult/i_multiplier/mult_result_d output is connected to registers with an asynchronous reset (i_ariane/i_cva6/ex_stage_i/i_mult/i_multiplier/mult_result_q_reg[12]). This is preventing the possibility of merging these registers in to the DSP Block since the DSP block registers only possess synchronous reset capability.  It is suggested to recode or change these registers to remove the reset or use a synchronous reset to get the best optimization for performance, power and area.
WARNING: [DRC DPOR-1] Asynchronous load check: DSP i_ariane/i_cva6/ex_stage_i/i_mult/i_multiplier/mult_result_d output is connected to registers with an asynchronous reset (i_ariane/i_cva6/ex_stage_i/i_mult/i_multiplier/mult_result_q_reg[13]). This is preventing the possibility of merging these registers in to the DSP Block since the DSP block registers only possess synchronous reset capability.  It is suggested to recode or change these registers to remove the reset or use a synchronous reset to get the best optimization for performance, power and area.
WARNING: [DRC DPOR-1] Asynchronous load check: DSP i_ariane/i_cva6/ex_stage_i/i_mult/i_multiplier/mult_result_d output is connected to registers with an asynchronous reset (i_ariane/i_cva6/ex_stage_i/i_mult/i_multiplier/mult_result_q_reg[14]). This is preventing the possibility of merging these registers in to the DSP Block since the DSP block registers only possess synchronous reset capability.  It is suggested to recode or change these registers to remove the reset or use a synchronous reset to get the best optimization for performance, power and area.
WARNING: [DRC DPOR-1] Asynchronous load check: DSP i_ariane/i_cva6/ex_stage_i/i_mult/i_multiplier/mult_result_d output is connected to registers with an asynchronous reset (i_ariane/i_cva6/ex_stage_i/i_mult/i_multiplier/mult_result_q_reg[15]). This is preventing the possibility of merging these registers in to the DSP Block since the DSP block registers only possess synchronous reset capability.  It is suggested to recode or change these registers to remove the reset or use a synchronous reset to get the best optimization for performance, power and area.
WARNING: [DRC DPOR-1] Asynchronous load check: DSP i_ariane/i_cva6/ex_stage_i/i_mult/i_multiplier/mult_result_d output is connected to registers with an asynchronous reset (i_ariane/i_cva6/ex_stage_i/i_mult/i_multiplier/mult_result_q_reg[16]). This is preventing the possibility of merging these registers in to the DSP Block since the DSP block registers only possess synchronous reset capability.  It is suggested to recode or change these registers to remove the reset or use a synchronous reset to get the best optimization for performance, power and area.
WARNING: [DRC DPOR-1] Asynchronous load check: DSP i_ariane/i_cva6/ex_stage_i/i_mult/i_multiplier/mult_result_d output is connected to registers with an asynchronous reset (i_ariane/i_cva6/ex_stage_i/i_mult/i_multiplier/mult_result_q_reg[1]). This is preventing the possibility of merging these registers in to the DSP Block since the DSP block registers only possess synchronous reset capability.  It is suggested to recode or change these registers to remove the reset or use a synchronous reset to get the best optimization for performance, power and area.
WARNING: [DRC DPOR-1] Asynchronous load check: DSP i_ariane/i_cva6/ex_stage_i/i_mult/i_multiplier/mult_result_d output is connected to registers with an asynchronous reset (i_ariane/i_cva6/ex_stage_i/i_mult/i_multiplier/mult_result_q_reg[2]). This is preventing the possibility of merging these registers in to the DSP Block since the DSP block registers only possess synchronous reset capability.  It is suggested to recode or change these registers to remove the reset or use a synchronous reset to get the best optimization for performance, power and area.
WARNING: [DRC DPOR-1] Asynchronous load check: DSP i_ariane/i_cva6/ex_stage_i/i_mult/i_multiplier/mult_result_d output is connected to registers with an asynchronous reset (i_ariane/i_cva6/ex_stage_i/i_mult/i_multiplier/mult_result_q_reg[3]). This is preventing the possibility of merging these registers in to the DSP Block since the DSP block registers only possess synchronous reset capability.  It is suggested to recode or change these registers to remove the reset or use a synchronous reset to get the best optimization for performance, power and area.
WARNING: [DRC DPOR-1] Asynchronous load check: DSP i_ariane/i_cva6/ex_stage_i/i_mult/i_multiplier/mult_result_d output is connected to registers with an asynchronous reset (i_ariane/i_cva6/ex_stage_i/i_mult/i_multiplier/mult_result_q_reg[4]). This is preventing the possibility of merging these registers in to the DSP Block since the DSP block registers only possess synchronous reset capability.  It is suggested to recode or change these registers to remove the reset or use a synchronous reset to get the best optimization for performance, power and area.
WARNING: [DRC DPOR-1] Asynchronous load check: DSP i_ariane/i_cva6/ex_stage_i/i_mult/i_multiplier/mult_result_d output is connected to registers with an asynchronous reset (i_ariane/i_cva6/ex_stage_i/i_mult/i_multiplier/mult_result_q_reg[5]). This is preventing the possibility of merging these registers in to the DSP Block since the DSP block registers only possess synchronous reset capability.  It is suggested to recode or change these registers to remove the reset or use a synchronous reset to get the best optimization for performance, power and area.
WARNING: [DRC DPOR-1] Asynchronous load check: DSP i_ariane/i_cva6/ex_stage_i/i_mult/i_multiplier/mult_result_d output is connected to registers with an asynchronous reset (i_ariane/i_cva6/ex_stage_i/i_mult/i_multiplier/mult_result_q_reg[6]). This is preventing the possibility of merging these registers in to the DSP Block since the DSP block registers only possess synchronous reset capability.  It is suggested to recode or change these registers to remove the reset or use a synchronous reset to get the best optimization for performance, power and area.
WARNING: [DRC DPOR-1] Asynchronous load check: DSP i_ariane/i_cva6/ex_stage_i/i_mult/i_multiplier/mult_result_d output is connected to registers with an asynchronous reset (i_ariane/i_cva6/ex_stage_i/i_mult/i_multiplier/mult_result_q_reg[7]). This is preventing the possibility of merging these registers in to the DSP Block since the DSP block registers only possess synchronous reset capability.  It is suggested to recode or change these registers to remove the reset or use a synchronous reset to get the best optimization for performance, power and area.
WARNING: [DRC DPOR-1] Asynchronous load check: DSP i_ariane/i_cva6/ex_stage_i/i_mult/i_multiplier/mult_result_d output is connected to registers with an asynchronous reset (i_ariane/i_cva6/ex_stage_i/i_mult/i_multiplier/mult_result_q_reg[8]). This is preventing the possibility of merging these registers in to the DSP Block since the DSP block registers only possess synchronous reset capability.  It is suggested to recode or change these registers to remove the reset or use a synchronous reset to get the best optimization for performance, power and area.
WARNING: [DRC DPOR-1] Asynchronous load check: DSP i_ariane/i_cva6/ex_stage_i/i_mult/i_multiplier/mult_result_d output is connected to registers with an asynchronous reset (i_ariane/i_cva6/ex_stage_i/i_mult/i_multiplier/mult_result_q_reg[9]). This is preventing the possibility of merging these registers in to the DSP Block since the DSP block registers only possess synchronous reset capability.  It is suggested to recode or change these registers to remove the reset or use a synchronous reset to get the best optimization for performance, power and area.
WARNING: [DRC DPOR-1] Asynchronous load check: DSP i_ariane/i_cva6/ex_stage_i/i_mult/i_multiplier/mult_result_d__1 output is connected to registers with an asynchronous reset (i_ariane/i_cva6/ex_stage_i/i_mult/i_multiplier/mult_result_q_reg[0]__0). This is preventing the possibility of merging these registers in to the DSP Block since the DSP block registers only possess synchronous reset capability.  It is suggested to recode or change these registers to remove the reset or use a synchronous reset to get the best optimization for performance, power and area.
WARNING: [DRC DPOR-1] Asynchronous load check: DSP i_ariane/i_cva6/ex_stage_i/i_mult/i_multiplier/mult_result_d__1 output is connected to registers with an asynchronous reset (i_ariane/i_cva6/ex_stage_i/i_mult/i_multiplier/mult_result_q_reg[10]__0). This is preventing the possibility of merging these registers in to the DSP Block since the DSP block registers only possess synchronous reset capability.  It is suggested to recode or change these registers to remove the reset or use a synchronous reset to get the best optimization for performance, power and area.
WARNING: [DRC DPOR-1] Asynchronous load check: DSP i_ariane/i_cva6/ex_stage_i/i_mult/i_multiplier/mult_result_d__1 output is connected to registers with an asynchronous reset (i_ariane/i_cva6/ex_stage_i/i_mult/i_multiplier/mult_result_q_reg[11]__0). This is preventing the possibility of merging these registers in to the DSP Block since the DSP block registers only possess synchronous reset capability.  It is suggested to recode or change these registers to remove the reset or use a synchronous reset to get the best optimization for performance, power and area.
WARNING: [DRC DPOR-1] Asynchronous load check: DSP i_ariane/i_cva6/ex_stage_i/i_mult/i_multiplier/mult_result_d__1 output is connected to registers with an asynchronous reset (i_ariane/i_cva6/ex_stage_i/i_mult/i_multiplier/mult_result_q_reg[12]__0). This is preventing the possibility of merging these registers in to the DSP Block since the DSP block registers only possess synchronous reset capability.  It is suggested to recode or change these registers to remove the reset or use a synchronous reset to get the best optimization for performance, power and area.
WARNING: [DRC DPOR-1] Asynchronous load check: DSP i_ariane/i_cva6/ex_stage_i/i_mult/i_multiplier/mult_result_d__1 output is connected to registers with an asynchronous reset (i_ariane/i_cva6/ex_stage_i/i_mult/i_multiplier/mult_result_q_reg[13]__0). This is preventing the possibility of merging these registers in to the DSP Block since the DSP block registers only possess synchronous reset capability.  It is suggested to recode or change these registers to remove the reset or use a synchronous reset to get the best optimization for performance, power and area.
WARNING: [DRC DPOR-1] Asynchronous load check: DSP i_ariane/i_cva6/ex_stage_i/i_mult/i_multiplier/mult_result_d__1 output is connected to registers with an asynchronous reset (i_ariane/i_cva6/ex_stage_i/i_mult/i_multiplier/mult_result_q_reg[14]__0). This is preventing the possibility of merging these registers in to the DSP Block since the DSP block registers only possess synchronous reset capability.  It is suggested to recode or change these registers to remove the reset or use a synchronous reset to get the best optimization for performance, power and area.
WARNING: [DRC DPOR-1] Asynchronous load check: DSP i_ariane/i_cva6/ex_stage_i/i_mult/i_multiplier/mult_result_d__1 output is connected to registers with an asynchronous reset (i_ariane/i_cva6/ex_stage_i/i_mult/i_multiplier/mult_result_q_reg[15]__0). This is preventing the possibility of merging these registers in to the DSP Block since the DSP block registers only possess synchronous reset capability.  It is suggested to recode or change these registers to remove the reset or use a synchronous reset to get the best optimization for performance, power and area.
WARNING: [DRC DPOR-1] Asynchronous load check: DSP i_ariane/i_cva6/ex_stage_i/i_mult/i_multiplier/mult_result_d__1 output is connected to registers with an asynchronous reset (i_ariane/i_cva6/ex_stage_i/i_mult/i_multiplier/mult_result_q_reg[16]__0). This is preventing the possibility of merging these registers in to the DSP Block since the DSP block registers only possess synchronous reset capability.  It is suggested to recode or change these registers to remove the reset or use a synchronous reset to get the best optimization for performance, power and area.
WARNING: [DRC DPOR-1] Asynchronous load check: DSP i_ariane/i_cva6/ex_stage_i/i_mult/i_multiplier/mult_result_d__1 output is connected to registers with an asynchronous reset (i_ariane/i_cva6/ex_stage_i/i_mult/i_multiplier/mult_result_q_reg[1]__0). This is preventing the possibility of merging these registers in to the DSP Block since the DSP block registers only possess synchronous reset capability.  It is suggested to recode or change these registers to remove the reset or use a synchronous reset to get the best optimization for performance, power and area.
WARNING: [DRC DPOR-1] Asynchronous load check: DSP i_ariane/i_cva6/ex_stage_i/i_mult/i_multiplier/mult_result_d__1 output is connected to registers with an asynchronous reset (i_ariane/i_cva6/ex_stage_i/i_mult/i_multiplier/mult_result_q_reg[2]__0). This is preventing the possibility of merging these registers in to the DSP Block since the DSP block registers only possess synchronous reset capability.  It is suggested to recode or change these registers to remove the reset or use a synchronous reset to get the best optimization for performance, power and area.
WARNING: [DRC DPOR-1] Asynchronous load check: DSP i_ariane/i_cva6/ex_stage_i/i_mult/i_multiplier/mult_result_d__1 output is connected to registers with an asynchronous reset (i_ariane/i_cva6/ex_stage_i/i_mult/i_multiplier/mult_result_q_reg[3]__0). This is preventing the possibility of merging these registers in to the DSP Block since the DSP block registers only possess synchronous reset capability.  It is suggested to recode or change these registers to remove the reset or use a synchronous reset to get the best optimization for performance, power and area.
WARNING: [DRC DPOR-1] Asynchronous load check: DSP i_ariane/i_cva6/ex_stage_i/i_mult/i_multiplier/mult_result_d__1 output is connected to registers with an asynchronous reset (i_ariane/i_cva6/ex_stage_i/i_mult/i_multiplier/mult_result_q_reg[4]__0). This is preventing the possibility of merging these registers in to the DSP Block since the DSP block registers only possess synchronous reset capability.  It is suggested to recode or change these registers to remove the reset or use a synchronous reset to get the best optimization for performance, power and area.
WARNING: [DRC DPOR-1] Asynchronous load check: DSP i_ariane/i_cva6/ex_stage_i/i_mult/i_multiplier/mult_result_d__1 output is connected to registers with an asynchronous reset (i_ariane/i_cva6/ex_stage_i/i_mult/i_multiplier/mult_result_q_reg[5]__0). This is preventing the possibility of merging these registers in to the DSP Block since the DSP block registers only possess synchronous reset capability.  It is suggested to recode or change these registers to remove the reset or use a synchronous reset to get the best optimization for performance, power and area.
WARNING: [DRC DPOR-1] Asynchronous load check: DSP i_ariane/i_cva6/ex_stage_i/i_mult/i_multiplier/mult_result_d__1 output is connected to registers with an asynchronous reset (i_ariane/i_cva6/ex_stage_i/i_mult/i_multiplier/mult_result_q_reg[6]__0). This is preventing the possibility of merging these registers in to the DSP Block since the DSP block registers only possess synchronous reset capability.  It is suggested to recode or change these registers to remove the reset or use a synchronous reset to get the best optimization for performance, power and area.
WARNING: [DRC DPOR-1] Asynchronous load check: DSP i_ariane/i_cva6/ex_stage_i/i_mult/i_multiplier/mult_result_d__1 output is connected to registers with an asynchronous reset (i_ariane/i_cva6/ex_stage_i/i_mult/i_multiplier/mult_result_q_reg[7]__0). This is preventing the possibility of merging these registers in to the DSP Block since the DSP block registers only possess synchronous reset capability.  It is suggested to recode or change these registers to remove the reset or use a synchronous reset to get the best optimization for performance, power and area.
WARNING: [DRC DPOR-1] Asynchronous load check: DSP i_ariane/i_cva6/ex_stage_i/i_mult/i_multiplier/mult_result_d__1 output is connected to registers with an asynchronous reset (i_ariane/i_cva6/ex_stage_i/i_mult/i_multiplier/mult_result_q_reg[8]__0). This is preventing the possibility of merging these registers in to the DSP Block since the DSP block registers only possess synchronous reset capability.  It is suggested to recode or change these registers to remove the reset or use a synchronous reset to get the best optimization for performance, power and area.
WARNING: [DRC DPOR-1] Asynchronous load check: DSP i_ariane/i_cva6/ex_stage_i/i_mult/i_multiplier/mult_result_d__1 output is connected to registers with an asynchronous reset (i_ariane/i_cva6/ex_stage_i/i_mult/i_multiplier/mult_result_q_reg[9]__0). This is preventing the possibility of merging these registers in to the DSP Block since the DSP block registers only possess synchronous reset capability.  It is suggested to recode or change these registers to remove the reset or use a synchronous reset to get the best optimization for performance, power and area.
WARNING: [DRC DPOR-1] Asynchronous load check: DSP i_ariane/i_cva6/ex_stage_i/i_mult/i_multiplier/mult_result_d__11 output is connected to registers with an asynchronous reset (i_ariane/i_cva6/ex_stage_i/i_mult/i_multiplier/mult_result_q_reg[0]__6). This is preventing the possibility of merging these registers in to the DSP Block since the DSP block registers only possess synchronous reset capability.  It is suggested to recode or change these registers to remove the reset or use a synchronous reset to get the best optimization for performance, power and area.
WARNING: [DRC DPOR-1] Asynchronous load check: DSP i_ariane/i_cva6/ex_stage_i/i_mult/i_multiplier/mult_result_d__11 output is connected to registers with an asynchronous reset (i_ariane/i_cva6/ex_stage_i/i_mult/i_multiplier/mult_result_q_reg[10]__6). This is preventing the possibility of merging these registers in to the DSP Block since the DSP block registers only possess synchronous reset capability.  It is suggested to recode or change these registers to remove the reset or use a synchronous reset to get the best optimization for performance, power and area.
WARNING: [DRC DPOR-1] Asynchronous load check: DSP i_ariane/i_cva6/ex_stage_i/i_mult/i_multiplier/mult_result_d__11 output is connected to registers with an asynchronous reset (i_ariane/i_cva6/ex_stage_i/i_mult/i_multiplier/mult_result_q_reg[11]__6). This is preventing the possibility of merging these registers in to the DSP Block since the DSP block registers only possess synchronous reset capability.  It is suggested to recode or change these registers to remove the reset or use a synchronous reset to get the best optimization for performance, power and area.
WARNING: [DRC DPOR-1] Asynchronous load check: DSP i_ariane/i_cva6/ex_stage_i/i_mult/i_multiplier/mult_result_d__11 output is connected to registers with an asynchronous reset (i_ariane/i_cva6/ex_stage_i/i_mult/i_multiplier/mult_result_q_reg[12]__6). This is preventing the possibility of merging these registers in to the DSP Block since the DSP block registers only possess synchronous reset capability.  It is suggested to recode or change these registers to remove the reset or use a synchronous reset to get the best optimization for performance, power and area.
WARNING: [DRC DPOR-1] Asynchronous load check: DSP i_ariane/i_cva6/ex_stage_i/i_mult/i_multiplier/mult_result_d__11 output is connected to registers with an asynchronous reset (i_ariane/i_cva6/ex_stage_i/i_mult/i_multiplier/mult_result_q_reg[13]__6). This is preventing the possibility of merging these registers in to the DSP Block since the DSP block registers only possess synchronous reset capability.  It is suggested to recode or change these registers to remove the reset or use a synchronous reset to get the best optimization for performance, power and area.
WARNING: [DRC DPOR-1] Asynchronous load check: DSP i_ariane/i_cva6/ex_stage_i/i_mult/i_multiplier/mult_result_d__11 output is connected to registers with an asynchronous reset (i_ariane/i_cva6/ex_stage_i/i_mult/i_multiplier/mult_result_q_reg[14]__6). This is preventing the possibility of merging these registers in to the DSP Block since the DSP block registers only possess synchronous reset capability.  It is suggested to recode or change these registers to remove the reset or use a synchronous reset to get the best optimization for performance, power and area.
WARNING: [DRC DPOR-1] Asynchronous load check: DSP i_ariane/i_cva6/ex_stage_i/i_mult/i_multiplier/mult_result_d__11 output is connected to registers with an asynchronous reset (i_ariane/i_cva6/ex_stage_i/i_mult/i_multiplier/mult_result_q_reg[15]__6). This is preventing the possibility of merging these registers in to the DSP Block since the DSP block registers only possess synchronous reset capability.  It is suggested to recode or change these registers to remove the reset or use a synchronous reset to get the best optimization for performance, power and area.
WARNING: [DRC DPOR-1] Asynchronous load check: DSP i_ariane/i_cva6/ex_stage_i/i_mult/i_multiplier/mult_result_d__11 output is connected to registers with an asynchronous reset (i_ariane/i_cva6/ex_stage_i/i_mult/i_multiplier/mult_result_q_reg[16]__6). This is preventing the possibility of merging these registers in to the DSP Block since the DSP block registers only possess synchronous reset capability.  It is suggested to recode or change these registers to remove the reset or use a synchronous reset to get the best optimization for performance, power and area.
WARNING: [DRC DPOR-1] Asynchronous load check: DSP i_ariane/i_cva6/ex_stage_i/i_mult/i_multiplier/mult_result_d__11 output is connected to registers with an asynchronous reset (i_ariane/i_cva6/ex_stage_i/i_mult/i_multiplier/mult_result_q_reg[1]__6). This is preventing the possibility of merging these registers in to the DSP Block since the DSP block registers only possess synchronous reset capability.  It is suggested to recode or change these registers to remove the reset or use a synchronous reset to get the best optimization for performance, power and area.
WARNING: [DRC DPOR-1] Asynchronous load check: DSP i_ariane/i_cva6/ex_stage_i/i_mult/i_multiplier/mult_result_d__11 output is connected to registers with an asynchronous reset (i_ariane/i_cva6/ex_stage_i/i_mult/i_multiplier/mult_result_q_reg[2]__6). This is preventing the possibility of merging these registers in to the DSP Block since the DSP block registers only possess synchronous reset capability.  It is suggested to recode or change these registers to remove the reset or use a synchronous reset to get the best optimization for performance, power and area.
WARNING: [DRC DPOR-1] Asynchronous load check: DSP i_ariane/i_cva6/ex_stage_i/i_mult/i_multiplier/mult_result_d__11 output is connected to registers with an asynchronous reset (i_ariane/i_cva6/ex_stage_i/i_mult/i_multiplier/mult_result_q_reg[3]__6). This is preventing the possibility of merging these registers in to the DSP Block since the DSP block registers only possess synchronous reset capability.  It is suggested to recode or change these registers to remove the reset or use a synchronous reset to get the best optimization for performance, power and area.
WARNING: [DRC DPOR-1] Asynchronous load check: DSP i_ariane/i_cva6/ex_stage_i/i_mult/i_multiplier/mult_result_d__11 output is connected to registers with an asynchronous reset (i_ariane/i_cva6/ex_stage_i/i_mult/i_multiplier/mult_result_q_reg[4]__6). This is preventing the possibility of merging these registers in to the DSP Block since the DSP block registers only possess synchronous reset capability.  It is suggested to recode or change these registers to remove the reset or use a synchronous reset to get the best optimization for performance, power and area.
WARNING: [DRC DPOR-1] Asynchronous load check: DSP i_ariane/i_cva6/ex_stage_i/i_mult/i_multiplier/mult_result_d__11 output is connected to registers with an asynchronous reset (i_ariane/i_cva6/ex_stage_i/i_mult/i_multiplier/mult_result_q_reg[5]__6). This is preventing the possibility of merging these registers in to the DSP Block since the DSP block registers only possess synchronous reset capability.  It is suggested to recode or change these registers to remove the reset or use a synchronous reset to get the best optimization for performance, power and area.
WARNING: [DRC DPOR-1] Asynchronous load check: DSP i_ariane/i_cva6/ex_stage_i/i_mult/i_multiplier/mult_result_d__11 output is connected to registers with an asynchronous reset (i_ariane/i_cva6/ex_stage_i/i_mult/i_multiplier/mult_result_q_reg[6]__6). This is preventing the possibility of merging these registers in to the DSP Block since the DSP block registers only possess synchronous reset capability.  It is suggested to recode or change these registers to remove the reset or use a synchronous reset to get the best optimization for performance, power and area.
WARNING: [DRC DPOR-1] Asynchronous load check: DSP i_ariane/i_cva6/ex_stage_i/i_mult/i_multiplier/mult_result_d__11 output is connected to registers with an asynchronous reset (i_ariane/i_cva6/ex_stage_i/i_mult/i_multiplier/mult_result_q_reg[7]__6). This is preventing the possibility of merging these registers in to the DSP Block since the DSP block registers only possess synchronous reset capability.  It is suggested to recode or change these registers to remove the reset or use a synchronous reset to get the best optimization for performance, power and area.
WARNING: [DRC DPOR-1] Asynchronous load check: DSP i_ariane/i_cva6/ex_stage_i/i_mult/i_multiplier/mult_result_d__11 output is connected to registers with an asynchronous reset (i_ariane/i_cva6/ex_stage_i/i_mult/i_multiplier/mult_result_q_reg[8]__6). This is preventing the possibility of merging these registers in to the DSP Block since the DSP block registers only possess synchronous reset capability.  It is suggested to recode or change these registers to remove the reset or use a synchronous reset to get the best optimization for performance, power and area.
WARNING: [DRC DPOR-1] Asynchronous load check: DSP i_ariane/i_cva6/ex_stage_i/i_mult/i_multiplier/mult_result_d__11 output is connected to registers with an asynchronous reset (i_ariane/i_cva6/ex_stage_i/i_mult/i_multiplier/mult_result_q_reg[9]__6). This is preventing the possibility of merging these registers in to the DSP Block since the DSP block registers only possess synchronous reset capability.  It is suggested to recode or change these registers to remove the reset or use a synchronous reset to get the best optimization for performance, power and area.
WARNING: [DRC DPOR-1] Asynchronous load check: DSP i_ariane/i_cva6/ex_stage_i/i_mult/i_multiplier/mult_result_d__13 output is connected to registers with an asynchronous reset (i_ariane/i_cva6/ex_stage_i/i_mult/i_multiplier/mult_result_q_reg[0]__7). This is preventing the possibility of merging these registers in to the DSP Block since the DSP block registers only possess synchronous reset capability.  It is suggested to recode or change these registers to remove the reset or use a synchronous reset to get the best optimization for performance, power and area.
WARNING: [DRC DPOR-1] Asynchronous load check: DSP i_ariane/i_cva6/ex_stage_i/i_mult/i_multiplier/mult_result_d__13 output is connected to registers with an asynchronous reset (i_ariane/i_cva6/ex_stage_i/i_mult/i_multiplier/mult_result_q_reg[10]__7). This is preventing the possibility of merging these registers in to the DSP Block since the DSP block registers only possess synchronous reset capability.  It is suggested to recode or change these registers to remove the reset or use a synchronous reset to get the best optimization for performance, power and area.
WARNING: [DRC DPOR-1] Asynchronous load check: DSP i_ariane/i_cva6/ex_stage_i/i_mult/i_multiplier/mult_result_d__13 output is connected to registers with an asynchronous reset (i_ariane/i_cva6/ex_stage_i/i_mult/i_multiplier/mult_result_q_reg[11]__7). This is preventing the possibility of merging these registers in to the DSP Block since the DSP block registers only possess synchronous reset capability.  It is suggested to recode or change these registers to remove the reset or use a synchronous reset to get the best optimization for performance, power and area.
WARNING: [DRC DPOR-1] Asynchronous load check: DSP i_ariane/i_cva6/ex_stage_i/i_mult/i_multiplier/mult_result_d__13 output is connected to registers with an asynchronous reset (i_ariane/i_cva6/ex_stage_i/i_mult/i_multiplier/mult_result_q_reg[12]__7). This is preventing the possibility of merging these registers in to the DSP Block since the DSP block registers only possess synchronous reset capability.  It is suggested to recode or change these registers to remove the reset or use a synchronous reset to get the best optimization for performance, power and area.
WARNING: [DRC DPOR-1] Asynchronous load check: DSP i_ariane/i_cva6/ex_stage_i/i_mult/i_multiplier/mult_result_d__13 output is connected to registers with an asynchronous reset (i_ariane/i_cva6/ex_stage_i/i_mult/i_multiplier/mult_result_q_reg[13]__7). This is preventing the possibility of merging these registers in to the DSP Block since the DSP block registers only possess synchronous reset capability.  It is suggested to recode or change these registers to remove the reset or use a synchronous reset to get the best optimization for performance, power and area.
WARNING: [DRC DPOR-1] Asynchronous load check: DSP i_ariane/i_cva6/ex_stage_i/i_mult/i_multiplier/mult_result_d__13 output is connected to registers with an asynchronous reset (i_ariane/i_cva6/ex_stage_i/i_mult/i_multiplier/mult_result_q_reg[14]__7). This is preventing the possibility of merging these registers in to the DSP Block since the DSP block registers only possess synchronous reset capability.  It is suggested to recode or change these registers to remove the reset or use a synchronous reset to get the best optimization for performance, power and area.
WARNING: [DRC DPOR-1] Asynchronous load check: DSP i_ariane/i_cva6/ex_stage_i/i_mult/i_multiplier/mult_result_d__13 output is connected to registers with an asynchronous reset (i_ariane/i_cva6/ex_stage_i/i_mult/i_multiplier/mult_result_q_reg[15]__7). This is preventing the possibility of merging these registers in to the DSP Block since the DSP block registers only possess synchronous reset capability.  It is suggested to recode or change these registers to remove the reset or use a synchronous reset to get the best optimization for performance, power and area.
WARNING: [DRC DPOR-1] Asynchronous load check: DSP i_ariane/i_cva6/ex_stage_i/i_mult/i_multiplier/mult_result_d__13 output is connected to registers with an asynchronous reset (i_ariane/i_cva6/ex_stage_i/i_mult/i_multiplier/mult_result_q_reg[16]__7). This is preventing the possibility of merging these registers in to the DSP Block since the DSP block registers only possess synchronous reset capability.  It is suggested to recode or change these registers to remove the reset or use a synchronous reset to get the best optimization for performance, power and area.
WARNING: [DRC DPOR-1] Asynchronous load check: DSP i_ariane/i_cva6/ex_stage_i/i_mult/i_multiplier/mult_result_d__13 output is connected to registers with an asynchronous reset (i_ariane/i_cva6/ex_stage_i/i_mult/i_multiplier/mult_result_q_reg[1]__7). This is preventing the possibility of merging these registers in to the DSP Block since the DSP block registers only possess synchronous reset capability.  It is suggested to recode or change these registers to remove the reset or use a synchronous reset to get the best optimization for performance, power and area.
WARNING: [DRC DPOR-1] Asynchronous load check: DSP i_ariane/i_cva6/ex_stage_i/i_mult/i_multiplier/mult_result_d__13 output is connected to registers with an asynchronous reset (i_ariane/i_cva6/ex_stage_i/i_mult/i_multiplier/mult_result_q_reg[2]__7). This is preventing the possibility of merging these registers in to the DSP Block since the DSP block registers only possess synchronous reset capability.  It is suggested to recode or change these registers to remove the reset or use a synchronous reset to get the best optimization for performance, power and area.
WARNING: [DRC DPOR-1] Asynchronous load check: DSP i_ariane/i_cva6/ex_stage_i/i_mult/i_multiplier/mult_result_d__13 output is connected to registers with an asynchronous reset (i_ariane/i_cva6/ex_stage_i/i_mult/i_multiplier/mult_result_q_reg[3]__7). This is preventing the possibility of merging these registers in to the DSP Block since the DSP block registers only possess synchronous reset capability.  It is suggested to recode or change these registers to remove the reset or use a synchronous reset to get the best optimization for performance, power and area.
WARNING: [DRC DPOR-1] Asynchronous load check: DSP i_ariane/i_cva6/ex_stage_i/i_mult/i_multiplier/mult_result_d__13 output is connected to registers with an asynchronous reset (i_ariane/i_cva6/ex_stage_i/i_mult/i_multiplier/mult_result_q_reg[4]__7). This is preventing the possibility of merging these registers in to the DSP Block since the DSP block registers only possess synchronous reset capability.  It is suggested to recode or change these registers to remove the reset or use a synchronous reset to get the best optimization for performance, power and area.
WARNING: [DRC DPOR-1] Asynchronous load check: DSP i_ariane/i_cva6/ex_stage_i/i_mult/i_multiplier/mult_result_d__13 output is connected to registers with an asynchronous reset (i_ariane/i_cva6/ex_stage_i/i_mult/i_multiplier/mult_result_q_reg[5]__7). This is preventing the possibility of merging these registers in to the DSP Block since the DSP block registers only possess synchronous reset capability.  It is suggested to recode or change these registers to remove the reset or use a synchronous reset to get the best optimization for performance, power and area.
WARNING: [DRC DPOR-1] Asynchronous load check: DSP i_ariane/i_cva6/ex_stage_i/i_mult/i_multiplier/mult_result_d__13 output is connected to registers with an asynchronous reset (i_ariane/i_cva6/ex_stage_i/i_mult/i_multiplier/mult_result_q_reg[6]__7). This is preventing the possibility of merging these registers in to the DSP Block since the DSP block registers only possess synchronous reset capability.  It is suggested to recode or change these registers to remove the reset or use a synchronous reset to get the best optimization for performance, power and area.
WARNING: [DRC DPOR-1] Asynchronous load check: DSP i_ariane/i_cva6/ex_stage_i/i_mult/i_multiplier/mult_result_d__13 output is connected to registers with an asynchronous reset (i_ariane/i_cva6/ex_stage_i/i_mult/i_multiplier/mult_result_q_reg[7]__7). This is preventing the possibility of merging these registers in to the DSP Block since the DSP block registers only possess synchronous reset capability.  It is suggested to recode or change these registers to remove the reset or use a synchronous reset to get the best optimization for performance, power and area.
WARNING: [DRC DPOR-1] Asynchronous load check: DSP i_ariane/i_cva6/ex_stage_i/i_mult/i_multiplier/mult_result_d__13 output is connected to registers with an asynchronous reset (i_ariane/i_cva6/ex_stage_i/i_mult/i_multiplier/mult_result_q_reg[8]__7). This is preventing the possibility of merging these registers in to the DSP Block since the DSP block registers only possess synchronous reset capability.  It is suggested to recode or change these registers to remove the reset or use a synchronous reset to get the best optimization for performance, power and area.
WARNING: [DRC DPOR-1] Asynchronous load check: DSP i_ariane/i_cva6/ex_stage_i/i_mult/i_multiplier/mult_result_d__13 output is connected to registers with an asynchronous reset (i_ariane/i_cva6/ex_stage_i/i_mult/i_multiplier/mult_result_q_reg[9]__7). This is preventing the possibility of merging these registers in to the DSP Block since the DSP block registers only possess synchronous reset capability.  It is suggested to recode or change these registers to remove the reset or use a synchronous reset to get the best optimization for performance, power and area.
WARNING: [DRC DPOR-1] Asynchronous load check: DSP i_ariane/i_cva6/ex_stage_i/i_mult/i_multiplier/mult_result_d__4 output is connected to registers with an asynchronous reset (i_ariane/i_cva6/ex_stage_i/i_mult/i_multiplier/mult_result_q_reg[0]__2). This is preventing the possibility of merging these registers in to the DSP Block since the DSP block registers only possess synchronous reset capability.  It is suggested to recode or change these registers to remove the reset or use a synchronous reset to get the best optimization for performance, power and area.
WARNING: [DRC DPOR-1] Asynchronous load check: DSP i_ariane/i_cva6/ex_stage_i/i_mult/i_multiplier/mult_result_d__4 output is connected to registers with an asynchronous reset (i_ariane/i_cva6/ex_stage_i/i_mult/i_multiplier/mult_result_q_reg[10]__2). This is preventing the possibility of merging these registers in to the DSP Block since the DSP block registers only possess synchronous reset capability.  It is suggested to recode or change these registers to remove the reset or use a synchronous reset to get the best optimization for performance, power and area.
WARNING: [DRC DPOR-1] Asynchronous load check: DSP i_ariane/i_cva6/ex_stage_i/i_mult/i_multiplier/mult_result_d__4 output is connected to registers with an asynchronous reset (i_ariane/i_cva6/ex_stage_i/i_mult/i_multiplier/mult_result_q_reg[11]__2). This is preventing the possibility of merging these registers in to the DSP Block since the DSP block registers only possess synchronous reset capability.  It is suggested to recode or change these registers to remove the reset or use a synchronous reset to get the best optimization for performance, power and area.
WARNING: [DRC DPOR-1] Asynchronous load check: DSP i_ariane/i_cva6/ex_stage_i/i_mult/i_multiplier/mult_result_d__4 output is connected to registers with an asynchronous reset (i_ariane/i_cva6/ex_stage_i/i_mult/i_multiplier/mult_result_q_reg[12]__2). This is preventing the possibility of merging these registers in to the DSP Block since the DSP block registers only possess synchronous reset capability.  It is suggested to recode or change these registers to remove the reset or use a synchronous reset to get the best optimization for performance, power and area.
WARNING: [DRC DPOR-1] Asynchronous load check: DSP i_ariane/i_cva6/ex_stage_i/i_mult/i_multiplier/mult_result_d__4 output is connected to registers with an asynchronous reset (i_ariane/i_cva6/ex_stage_i/i_mult/i_multiplier/mult_result_q_reg[13]__2). This is preventing the possibility of merging these registers in to the DSP Block since the DSP block registers only possess synchronous reset capability.  It is suggested to recode or change these registers to remove the reset or use a synchronous reset to get the best optimization for performance, power and area.
WARNING: [DRC DPOR-1] Asynchronous load check: DSP i_ariane/i_cva6/ex_stage_i/i_mult/i_multiplier/mult_result_d__4 output is connected to registers with an asynchronous reset (i_ariane/i_cva6/ex_stage_i/i_mult/i_multiplier/mult_result_q_reg[14]__2). This is preventing the possibility of merging these registers in to the DSP Block since the DSP block registers only possess synchronous reset capability.  It is suggested to recode or change these registers to remove the reset or use a synchronous reset to get the best optimization for performance, power and area.
WARNING: [DRC DPOR-1] Asynchronous load check: DSP i_ariane/i_cva6/ex_stage_i/i_mult/i_multiplier/mult_result_d__4 output is connected to registers with an asynchronous reset (i_ariane/i_cva6/ex_stage_i/i_mult/i_multiplier/mult_result_q_reg[15]__2). This is preventing the possibility of merging these registers in to the DSP Block since the DSP block registers only possess synchronous reset capability.  It is suggested to recode or change these registers to remove the reset or use a synchronous reset to get the best optimization for performance, power and area.
WARNING: [DRC DPOR-1] Asynchronous load check: DSP i_ariane/i_cva6/ex_stage_i/i_mult/i_multiplier/mult_result_d__4 output is connected to registers with an asynchronous reset (i_ariane/i_cva6/ex_stage_i/i_mult/i_multiplier/mult_result_q_reg[16]__2). This is preventing the possibility of merging these registers in to the DSP Block since the DSP block registers only possess synchronous reset capability.  It is suggested to recode or change these registers to remove the reset or use a synchronous reset to get the best optimization for performance, power and area.
WARNING: [DRC DPOR-1] Asynchronous load check: DSP i_ariane/i_cva6/ex_stage_i/i_mult/i_multiplier/mult_result_d__4 output is connected to registers with an asynchronous reset (i_ariane/i_cva6/ex_stage_i/i_mult/i_multiplier/mult_result_q_reg[1]__2). This is preventing the possibility of merging these registers in to the DSP Block since the DSP block registers only possess synchronous reset capability.  It is suggested to recode or change these registers to remove the reset or use a synchronous reset to get the best optimization for performance, power and area.
WARNING: [DRC DPOR-1] Asynchronous load check: DSP i_ariane/i_cva6/ex_stage_i/i_mult/i_multiplier/mult_result_d__4 output is connected to registers with an asynchronous reset (i_ariane/i_cva6/ex_stage_i/i_mult/i_multiplier/mult_result_q_reg[2]__2). This is preventing the possibility of merging these registers in to the DSP Block since the DSP block registers only possess synchronous reset capability.  It is suggested to recode or change these registers to remove the reset or use a synchronous reset to get the best optimization for performance, power and area.
WARNING: [DRC DPOR-1] Asynchronous load check: DSP i_ariane/i_cva6/ex_stage_i/i_mult/i_multiplier/mult_result_d__4 output is connected to registers with an asynchronous reset (i_ariane/i_cva6/ex_stage_i/i_mult/i_multiplier/mult_result_q_reg[3]__2). This is preventing the possibility of merging these registers in to the DSP Block since the DSP block registers only possess synchronous reset capability.  It is suggested to recode or change these registers to remove the reset or use a synchronous reset to get the best optimization for performance, power and area.
WARNING: [DRC DPOR-1] Asynchronous load check: DSP i_ariane/i_cva6/ex_stage_i/i_mult/i_multiplier/mult_result_d__4 output is connected to registers with an asynchronous reset (i_ariane/i_cva6/ex_stage_i/i_mult/i_multiplier/mult_result_q_reg[4]__2). This is preventing the possibility of merging these registers in to the DSP Block since the DSP block registers only possess synchronous reset capability.  It is suggested to recode or change these registers to remove the reset or use a synchronous reset to get the best optimization for performance, power and area.
WARNING: [DRC DPOR-1] Asynchronous load check: DSP i_ariane/i_cva6/ex_stage_i/i_mult/i_multiplier/mult_result_d__4 output is connected to registers with an asynchronous reset (i_ariane/i_cva6/ex_stage_i/i_mult/i_multiplier/mult_result_q_reg[5]__2). This is preventing the possibility of merging these registers in to the DSP Block since the DSP block registers only possess synchronous reset capability.  It is suggested to recode or change these registers to remove the reset or use a synchronous reset to get the best optimization for performance, power and area.
WARNING: [DRC DPOR-1] Asynchronous load check: DSP i_ariane/i_cva6/ex_stage_i/i_mult/i_multiplier/mult_result_d__4 output is connected to registers with an asynchronous reset (i_ariane/i_cva6/ex_stage_i/i_mult/i_multiplier/mult_result_q_reg[6]__2). This is preventing the possibility of merging these registers in to the DSP Block since the DSP block registers only possess synchronous reset capability.  It is suggested to recode or change these registers to remove the reset or use a synchronous reset to get the best optimization for performance, power and area.
WARNING: [DRC DPOR-1] Asynchronous load check: DSP i_ariane/i_cva6/ex_stage_i/i_mult/i_multiplier/mult_result_d__4 output is connected to registers with an asynchronous reset (i_ariane/i_cva6/ex_stage_i/i_mult/i_multiplier/mult_result_q_reg[7]__2). This is preventing the possibility of merging these registers in to the DSP Block since the DSP block registers only possess synchronous reset capability.  It is suggested to recode or change these registers to remove the reset or use a synchronous reset to get the best optimization for performance, power and area.
WARNING: [DRC DPOR-1] Asynchronous load check: DSP i_ariane/i_cva6/ex_stage_i/i_mult/i_multiplier/mult_result_d__4 output is connected to registers with an asynchronous reset (i_ariane/i_cva6/ex_stage_i/i_mult/i_multiplier/mult_result_q_reg[8]__2). This is preventing the possibility of merging these registers in to the DSP Block since the DSP block registers only possess synchronous reset capability.  It is suggested to recode or change these registers to remove the reset or use a synchronous reset to get the best optimization for performance, power and area.
WARNING: [DRC DPOR-1] Asynchronous load check: DSP i_ariane/i_cva6/ex_stage_i/i_mult/i_multiplier/mult_result_d__4 output is connected to registers with an asynchronous reset (i_ariane/i_cva6/ex_stage_i/i_mult/i_multiplier/mult_result_q_reg[9]__2). This is preventing the possibility of merging these registers in to the DSP Block since the DSP block registers only possess synchronous reset capability.  It is suggested to recode or change these registers to remove the reset or use a synchronous reset to get the best optimization for performance, power and area.
WARNING: [DRC DPOR-1] Asynchronous load check: DSP i_ariane/i_cva6/ex_stage_i/i_mult/i_multiplier/mult_result_d__8 output is connected to registers with an asynchronous reset (i_ariane/i_cva6/ex_stage_i/i_mult/i_multiplier/mult_result_q_reg[0]__4). This is preventing the possibility of merging these registers in to the DSP Block since the DSP block registers only possess synchronous reset capability.  It is suggested to recode or change these registers to remove the reset or use a synchronous reset to get the best optimization for performance, power and area.
WARNING: [DRC DPOR-1] Asynchronous load check: DSP i_ariane/i_cva6/ex_stage_i/i_mult/i_multiplier/mult_result_d__8 output is connected to registers with an asynchronous reset (i_ariane/i_cva6/ex_stage_i/i_mult/i_multiplier/mult_result_q_reg[10]__4). This is preventing the possibility of merging these registers in to the DSP Block since the DSP block registers only possess synchronous reset capability.  It is suggested to recode or change these registers to remove the reset or use a synchronous reset to get the best optimization for performance, power and area.
WARNING: [DRC DPOR-1] Asynchronous load check: DSP i_ariane/i_cva6/ex_stage_i/i_mult/i_multiplier/mult_result_d__8 output is connected to registers with an asynchronous reset (i_ariane/i_cva6/ex_stage_i/i_mult/i_multiplier/mult_result_q_reg[11]__4). This is preventing the possibility of merging these registers in to the DSP Block since the DSP block registers only possess synchronous reset capability.  It is suggested to recode or change these registers to remove the reset or use a synchronous reset to get the best optimization for performance, power and area.
WARNING: [DRC DPOR-1] Asynchronous load check: DSP i_ariane/i_cva6/ex_stage_i/i_mult/i_multiplier/mult_result_d__8 output is connected to registers with an asynchronous reset (i_ariane/i_cva6/ex_stage_i/i_mult/i_multiplier/mult_result_q_reg[12]__4). This is preventing the possibility of merging these registers in to the DSP Block since the DSP block registers only possess synchronous reset capability.  It is suggested to recode or change these registers to remove the reset or use a synchronous reset to get the best optimization for performance, power and area.
WARNING: [DRC DPOR-1] Asynchronous load check: DSP i_ariane/i_cva6/ex_stage_i/i_mult/i_multiplier/mult_result_d__8 output is connected to registers with an asynchronous reset (i_ariane/i_cva6/ex_stage_i/i_mult/i_multiplier/mult_result_q_reg[13]__4). This is preventing the possibility of merging these registers in to the DSP Block since the DSP block registers only possess synchronous reset capability.  It is suggested to recode or change these registers to remove the reset or use a synchronous reset to get the best optimization for performance, power and area.
WARNING: [DRC DPOR-1] Asynchronous load check: DSP i_ariane/i_cva6/ex_stage_i/i_mult/i_multiplier/mult_result_d__8 output is connected to registers with an asynchronous reset (i_ariane/i_cva6/ex_stage_i/i_mult/i_multiplier/mult_result_q_reg[14]__4). This is preventing the possibility of merging these registers in to the DSP Block since the DSP block registers only possess synchronous reset capability.  It is suggested to recode or change these registers to remove the reset or use a synchronous reset to get the best optimization for performance, power and area.
WARNING: [DRC DPOR-1] Asynchronous load check: DSP i_ariane/i_cva6/ex_stage_i/i_mult/i_multiplier/mult_result_d__8 output is connected to registers with an asynchronous reset (i_ariane/i_cva6/ex_stage_i/i_mult/i_multiplier/mult_result_q_reg[15]__4). This is preventing the possibility of merging these registers in to the DSP Block since the DSP block registers only possess synchronous reset capability.  It is suggested to recode or change these registers to remove the reset or use a synchronous reset to get the best optimization for performance, power and area.
WARNING: [DRC DPOR-1] Asynchronous load check: DSP i_ariane/i_cva6/ex_stage_i/i_mult/i_multiplier/mult_result_d__8 output is connected to registers with an asynchronous reset (i_ariane/i_cva6/ex_stage_i/i_mult/i_multiplier/mult_result_q_reg[16]__4). This is preventing the possibility of merging these registers in to the DSP Block since the DSP block registers only possess synchronous reset capability.  It is suggested to recode or change these registers to remove the reset or use a synchronous reset to get the best optimization for performance, power and area.
WARNING: [DRC DPOR-1] Asynchronous load check: DSP i_ariane/i_cva6/ex_stage_i/i_mult/i_multiplier/mult_result_d__8 output is connected to registers with an asynchronous reset (i_ariane/i_cva6/ex_stage_i/i_mult/i_multiplier/mult_result_q_reg[1]__4). This is preventing the possibility of merging these registers in to the DSP Block since the DSP block registers only possess synchronous reset capability.  It is suggested to recode or change these registers to remove the reset or use a synchronous reset to get the best optimization for performance, power and area.
WARNING: [DRC DPOR-1] Asynchronous load check: DSP i_ariane/i_cva6/ex_stage_i/i_mult/i_multiplier/mult_result_d__8 output is connected to registers with an asynchronous reset (i_ariane/i_cva6/ex_stage_i/i_mult/i_multiplier/mult_result_q_reg[2]__4). This is preventing the possibility of merging these registers in to the DSP Block since the DSP block registers only possess synchronous reset capability.  It is suggested to recode or change these registers to remove the reset or use a synchronous reset to get the best optimization for performance, power and area.
WARNING: [DRC DPOR-1] Asynchronous load check: DSP i_ariane/i_cva6/ex_stage_i/i_mult/i_multiplier/mult_result_d__8 output is connected to registers with an asynchronous reset (i_ariane/i_cva6/ex_stage_i/i_mult/i_multiplier/mult_result_q_reg[3]__4). This is preventing the possibility of merging these registers in to the DSP Block since the DSP block registers only possess synchronous reset capability.  It is suggested to recode or change these registers to remove the reset or use a synchronous reset to get the best optimization for performance, power and area.
WARNING: [DRC DPOR-1] Asynchronous load check: DSP i_ariane/i_cva6/ex_stage_i/i_mult/i_multiplier/mult_result_d__8 output is connected to registers with an asynchronous reset (i_ariane/i_cva6/ex_stage_i/i_mult/i_multiplier/mult_result_q_reg[4]__4). This is preventing the possibility of merging these registers in to the DSP Block since the DSP block registers only possess synchronous reset capability.  It is suggested to recode or change these registers to remove the reset or use a synchronous reset to get the best optimization for performance, power and area.
WARNING: [DRC DPOR-1] Asynchronous load check: DSP i_ariane/i_cva6/ex_stage_i/i_mult/i_multiplier/mult_result_d__8 output is connected to registers with an asynchronous reset (i_ariane/i_cva6/ex_stage_i/i_mult/i_multiplier/mult_result_q_reg[5]__4). This is preventing the possibility of merging these registers in to the DSP Block since the DSP block registers only possess synchronous reset capability.  It is suggested to recode or change these registers to remove the reset or use a synchronous reset to get the best optimization for performance, power and area.
WARNING: [DRC DPOR-1] Asynchronous load check: DSP i_ariane/i_cva6/ex_stage_i/i_mult/i_multiplier/mult_result_d__8 output is connected to registers with an asynchronous reset (i_ariane/i_cva6/ex_stage_i/i_mult/i_multiplier/mult_result_q_reg[6]__4). This is preventing the possibility of merging these registers in to the DSP Block since the DSP block registers only possess synchronous reset capability.  It is suggested to recode or change these registers to remove the reset or use a synchronous reset to get the best optimization for performance, power and area.
WARNING: [DRC DPOR-1] Asynchronous load check: DSP i_ariane/i_cva6/ex_stage_i/i_mult/i_multiplier/mult_result_d__8 output is connected to registers with an asynchronous reset (i_ariane/i_cva6/ex_stage_i/i_mult/i_multiplier/mult_result_q_reg[7]__4). This is preventing the possibility of merging these registers in to the DSP Block since the DSP block registers only possess synchronous reset capability.  It is suggested to recode or change these registers to remove the reset or use a synchronous reset to get the best optimization for performance, power and area.
INFO: [Common 17-14] Message 'DRC DPOR-1' appears 100 times and further instances of the messages will be disabled. Use the Tcl command set_msg_config to change the current settings.
WARNING: [DRC IOSR-1] IOB set reset sharing: IO btnc_i connects to flops which have these i_ariane_peripherals/gen_dma.gen_accel2.i_boundary_cfg_accel2/gen_registered.s\\.b_valid_i_1_n_0, and i_ariane_peripherals/gen_dma.i_boundary_cfg_accel1/gen_registered.s\\.b_valid_i_1_n_0 set/reset signals.  For optimal IOB flop packing there should be only one set/reset signal coming into the IOB.
WARNING: [DRC IOSR-1] IOB set reset sharing: IO btnd_i connects to flops which have these i_ariane_peripherals/gen_dma.gen_accel2.i_boundary_cfg_accel2/gen_registered.s\\.b_valid_i_1_n_0, and i_ariane_peripherals/gen_dma.i_boundary_cfg_accel1/gen_registered.s\\.b_valid_i_1_n_0 set/reset signals.  For optimal IOB flop packing there should be only one set/reset signal coming into the IOB.
WARNING: [DRC IOSR-1] IOB set reset sharing: IO btnl_i connects to flops which have these i_ariane_peripherals/gen_dma.gen_accel2.i_boundary_cfg_accel2/gen_registered.s\\.b_valid_i_1_n_0, and i_ariane_peripherals/gen_dma.i_boundary_cfg_accel1/gen_registered.s\\.b_valid_i_1_n_0 set/reset signals.  For optimal IOB flop packing there should be only one set/reset signal coming into the IOB.
WARNING: [DRC IOSR-1] IOB set reset sharing: IO btnr_i connects to flops which have these i_ariane_peripherals/gen_dma.gen_accel2.i_boundary_cfg_accel2/gen_registered.s\\.b_valid_i_1_n_0, and i_ariane_peripherals/gen_dma.i_boundary_cfg_accel1/gen_registered.s\\.b_valid_i_1_n_0 set/reset signals.  For optimal IOB flop packing there should be only one set/reset signal coming into the IOB.
WARNING: [DRC IOSR-1] IOB set reset sharing: IO btnu_i connects to flops which have these i_ariane_peripherals/gen_dma.gen_accel2.i_boundary_cfg_accel2/gen_registered.s\\.b_valid_i_1_n_0, and i_ariane_peripherals/gen_dma.i_boundary_cfg_accel1/gen_registered.s\\.b_valid_i_1_n_0 set/reset signals.  For optimal IOB flop packing there should be only one set/reset signal coming into the IOB.
WARNING: [DRC PDCN-1569] LUT equation term check: Used physical LUT pin 'A2' of cell i_xlnx_axi_clock_converter_ddr/inst/gen_clock_conv.gen_async_conv.asyncfifo_axi/inst_fifo_gen/gaxi_full_lite.gread_ch.grdch2.axi_rdch/grf.rf/gntv_or_sync_fifo.gl0.rd/gr1.gr1_int.rfwft/gpregsm1.user_valid_i_1 (pin i_xlnx_axi_clock_converter_ddr/inst/gen_clock_conv.gen_async_conv.asyncfifo_axi/inst_fifo_gen/gaxi_full_lite.gread_ch.grdch2.axi_rdch/grf.rf/gntv_or_sync_fifo.gl0.rd/gr1.gr1_int.rfwft/gpregsm1.user_valid_i_1/I1) is not included in the LUT equation: 'O6=(A5)+((~A5)*(~A1)*A4)'. If this cell is a user instantiated LUT in the design, please remove connectivity to the pin or change the equation and/or INIT string of the LUT to prevent this issue. If the cell is inferred or IP created LUT, please regenerate the IP and/or resynthesize the design to attempt to correct the issue.
WARNING: [DRC PDCN-1569] LUT equation term check: Used physical LUT pin 'A3' of cell i_ariane_peripherals/gen_gpio.i_xlnx_axi_dwidth_converter_gpio/inst/gen_downsizer.gen_simple_downsizer.axi_downsizer_inst/USE_WRITE.write_addr_inst/USE_B_CHANNEL.cmd_b_queue/inst/fifo_gen_inst/inst_fifo_gen/gconvfifo.rf/grf.rf/gntv_or_sync_fifo.gl0.rd/gr1.gr1_int.rfwft/gpregsm1.user_valid_i_1 (pin i_ariane_peripherals/gen_gpio.i_xlnx_axi_dwidth_converter_gpio/inst/gen_downsizer.gen_simple_downsizer.axi_downsizer_inst/USE_WRITE.write_addr_inst/USE_B_CHANNEL.cmd_b_queue/inst/fifo_gen_inst/inst_fifo_gen/gconvfifo.rf/grf.rf/gntv_or_sync_fifo.gl0.rd/gr1.gr1_int.rfwft/gpregsm1.user_valid_i_1/I1) is not included in the LUT equation: 'O6=(A2)+((~A2)*(~A1)*A5)'. If this cell is a user instantiated LUT in the design, please remove connectivity to the pin or change the equation and/or INIT string of the LUT to prevent this issue. If the cell is inferred or IP created LUT, please regenerate the IP and/or resynthesize the design to attempt to correct the issue.
WARNING: [DRC PDCN-1569] LUT equation term check: Used physical LUT pin 'A3' of cell i_xlnx_axi_clock_converter_ddr/inst/gen_clock_conv.gen_async_conv.asyncfifo_axi/inst_fifo_gen/gaxi_full_lite.gwrite_ch.gwach2.axi_wach/grf.rf/gntv_or_sync_fifo.gl0.rd/gr1.gr1_int.rfwft/gpregsm1.user_valid_i_1 (pin i_xlnx_axi_clock_converter_ddr/inst/gen_clock_conv.gen_async_conv.asyncfifo_axi/inst_fifo_gen/gaxi_full_lite.gwrite_ch.gwach2.axi_wach/grf.rf/gntv_or_sync_fifo.gl0.rd/gr1.gr1_int.rfwft/gpregsm1.user_valid_i_1/I1) is not included in the LUT equation: 'O6=(A2)+((~A2)*(~A6)*A1)'. If this cell is a user instantiated LUT in the design, please remove connectivity to the pin or change the equation and/or INIT string of the LUT to prevent this issue. If the cell is inferred or IP created LUT, please regenerate the IP and/or resynthesize the design to attempt to correct the issue.
WARNING: [DRC PDCN-1569] LUT equation term check: Used physical LUT pin 'A3' of cell i_xlnx_axi_clock_converter_ddr/inst/gen_clock_conv.gen_async_conv.asyncfifo_axi/inst_fifo_gen/gaxi_full_lite.gwrite_ch.gwrch2.axi_wrch/grf.rf/gntv_or_sync_fifo.gl0.rd/gr1.gr1_int.rfwft/gpregsm1.user_valid_i_1 (pin i_xlnx_axi_clock_converter_ddr/inst/gen_clock_conv.gen_async_conv.asyncfifo_axi/inst_fifo_gen/gaxi_full_lite.gwrite_ch.gwrch2.axi_wrch/grf.rf/gntv_or_sync_fifo.gl0.rd/gr1.gr1_int.rfwft/gpregsm1.user_valid_i_1/I1) is not included in the LUT equation: 'O6=(A2)+((~A2)*(~A5)*A6)'. If this cell is a user instantiated LUT in the design, please remove connectivity to the pin or change the equation and/or INIT string of the LUT to prevent this issue. If the cell is inferred or IP created LUT, please regenerate the IP and/or resynthesize the design to attempt to correct the issue.
WARNING: [DRC PDCN-1569] LUT equation term check: Used physical LUT pin 'A4' of cell i_ariane_peripherals/gen_gpio.i_xlnx_axi_dwidth_converter_gpio/inst/gen_downsizer.gen_simple_downsizer.axi_downsizer_inst/USE_WRITE.write_addr_inst/cmd_queue/inst/fifo_gen_inst/inst_fifo_gen/gconvfifo.rf/grf.rf/gntv_or_sync_fifo.gl0.rd/gr1.gr1_int.rfwft/gpregsm1.user_valid_i_1 (pin i_ariane_peripherals/gen_gpio.i_xlnx_axi_dwidth_converter_gpio/inst/gen_downsizer.gen_simple_downsizer.axi_downsizer_inst/USE_WRITE.write_addr_inst/cmd_queue/inst/fifo_gen_inst/inst_fifo_gen/gconvfifo.rf/grf.rf/gntv_or_sync_fifo.gl0.rd/gr1.gr1_int.rfwft/gpregsm1.user_valid_i_1/I1) is not included in the LUT equation: 'O6=(A5)+((~A5)*(~A2)*A3)'. If this cell is a user instantiated LUT in the design, please remove connectivity to the pin or change the equation and/or INIT string of the LUT to prevent this issue. If the cell is inferred or IP created LUT, please regenerate the IP and/or resynthesize the design to attempt to correct the issue.
WARNING: [DRC PDCN-1569] LUT equation term check: Used physical LUT pin 'A4' of cell i_ariane_peripherals/gen_spi.i_xlnx_axi_dwidth_converter_spi/inst/gen_downsizer.gen_simple_downsizer.axi_downsizer_inst/USE_WRITE.write_addr_inst/cmd_queue/inst/fifo_gen_inst/inst_fifo_gen/gconvfifo.rf/grf.rf/gntv_or_sync_fifo.gl0.rd/gr1.gr1_int.rfwft/gpregsm1.user_valid_i_1 (pin i_ariane_peripherals/gen_spi.i_xlnx_axi_dwidth_converter_spi/inst/gen_downsizer.gen_simple_downsizer.axi_downsizer_inst/USE_WRITE.write_addr_inst/cmd_queue/inst/fifo_gen_inst/inst_fifo_gen/gconvfifo.rf/grf.rf/gntv_or_sync_fifo.gl0.rd/gr1.gr1_int.rfwft/gpregsm1.user_valid_i_1/I1) is not included in the LUT equation: 'O6=(A1)+((~A1)*(~A5)*A2)'. If this cell is a user instantiated LUT in the design, please remove connectivity to the pin or change the equation and/or INIT string of the LUT to prevent this issue. If the cell is inferred or IP created LUT, please regenerate the IP and/or resynthesize the design to attempt to correct the issue.
WARNING: [DRC PDCN-1569] LUT equation term check: Used physical LUT pin 'A5' of cell i_ariane_peripherals/gen_gpio.i_xlnx_axi_dwidth_converter_gpio/inst/gen_downsizer.gen_simple_downsizer.axi_downsizer_inst/USE_READ.read_addr_inst/cmd_queue/inst/fifo_gen_inst/inst_fifo_gen/gconvfifo.rf/grf.rf/gntv_or_sync_fifo.gl0.rd/gr1.gr1_int.rfwft/gpregsm1.user_valid_i_1 (pin i_ariane_peripherals/gen_gpio.i_xlnx_axi_dwidth_converter_gpio/inst/gen_downsizer.gen_simple_downsizer.axi_downsizer_inst/USE_READ.read_addr_inst/cmd_queue/inst/fifo_gen_inst/inst_fifo_gen/gconvfifo.rf/grf.rf/gntv_or_sync_fifo.gl0.rd/gr1.gr1_int.rfwft/gpregsm1.user_valid_i_1/I1) is not included in the LUT equation: 'O6=(A3)+((~A3)*(~A1)*A6)'. If this cell is a user instantiated LUT in the design, please remove connectivity to the pin or change the equation and/or INIT string of the LUT to prevent this issue. If the cell is inferred or IP created LUT, please regenerate the IP and/or resynthesize the design to attempt to correct the issue.
WARNING: [DRC PDCN-1569] LUT equation term check: Used physical LUT pin 'A5' of cell i_ariane_peripherals/gen_spi.i_xlnx_axi_dwidth_converter_spi/inst/gen_downsizer.gen_simple_downsizer.axi_downsizer_inst/USE_WRITE.write_addr_inst/USE_B_CHANNEL.cmd_b_queue/inst/fifo_gen_inst/inst_fifo_gen/gconvfifo.rf/grf.rf/gntv_or_sync_fifo.gl0.rd/gr1.gr1_int.rfwft/gpregsm1.user_valid_i_1 (pin i_ariane_peripherals/gen_spi.i_xlnx_axi_dwidth_converter_spi/inst/gen_downsizer.gen_simple_downsizer.axi_downsizer_inst/USE_WRITE.write_addr_inst/USE_B_CHANNEL.cmd_b_queue/inst/fifo_gen_inst/inst_fifo_gen/gconvfifo.rf/grf.rf/gntv_or_sync_fifo.gl0.rd/gr1.gr1_int.rfwft/gpregsm1.user_valid_i_1/I1) is not included in the LUT equation: 'O6=(A4)+((~A4)*(~A3)*A2)'. If this cell is a user instantiated LUT in the design, please remove connectivity to the pin or change the equation and/or INIT string of the LUT to prevent this issue. If the cell is inferred or IP created LUT, please regenerate the IP and/or resynthesize the design to attempt to correct the issue.
WARNING: [DRC PDCN-1569] LUT equation term check: Used physical LUT pin 'A5' of cell i_xlnx_axi_clock_converter_ddr/inst/gen_clock_conv.gen_async_conv.asyncfifo_axi/inst_fifo_gen/gaxi_full_lite.gread_ch.grach2.axi_rach/grf.rf/gntv_or_sync_fifo.gl0.rd/gr1.gr1_int.rfwft/gpregsm1.user_valid_i_1 (pin i_xlnx_axi_clock_converter_ddr/inst/gen_clock_conv.gen_async_conv.asyncfifo_axi/inst_fifo_gen/gaxi_full_lite.gread_ch.grach2.axi_rach/grf.rf/gntv_or_sync_fifo.gl0.rd/gr1.gr1_int.rfwft/gpregsm1.user_valid_i_1/I1) is not included in the LUT equation: 'O6=(A2)+((~A2)*(~A4)*A3)'. If this cell is a user instantiated LUT in the design, please remove connectivity to the pin or change the equation and/or INIT string of the LUT to prevent this issue. If the cell is inferred or IP created LUT, please regenerate the IP and/or resynthesize the design to attempt to correct the issue.
WARNING: [DRC PDCN-1569] LUT equation term check: Used physical LUT pin 'A5' of cell i_xlnx_axi_clock_converter_ddr/inst/gen_clock_conv.gen_async_conv.asyncfifo_axi/inst_fifo_gen/gaxi_full_lite.gwrite_ch.gwdch2.axi_wdch/grf.rf/gntv_or_sync_fifo.gl0.rd/gr1.gr1_int.rfwft/gpregsm1.user_valid_i_1 (pin i_xlnx_axi_clock_converter_ddr/inst/gen_clock_conv.gen_async_conv.asyncfifo_axi/inst_fifo_gen/gaxi_full_lite.gwrite_ch.gwdch2.axi_wdch/grf.rf/gntv_or_sync_fifo.gl0.rd/gr1.gr1_int.rfwft/gpregsm1.user_valid_i_1/I1) is not included in the LUT equation: 'O6=(A6)+((~A6)*(~A4)*A3)'. If this cell is a user instantiated LUT in the design, please remove connectivity to the pin or change the equation and/or INIT string of the LUT to prevent this issue. If the cell is inferred or IP created LUT, please regenerate the IP and/or resynthesize the design to attempt to correct the issue.
WARNING: [DRC PDCN-1569] LUT equation term check: Used physical LUT pin 'A6' of cell i_ariane_peripherals/gen_spi.i_xlnx_axi_dwidth_converter_spi/inst/gen_downsizer.gen_simple_downsizer.axi_downsizer_inst/USE_READ.read_addr_inst/cmd_queue/inst/fifo_gen_inst/inst_fifo_gen/gconvfifo.rf/grf.rf/gntv_or_sync_fifo.gl0.rd/gr1.gr1_int.rfwft/gpregsm1.user_valid_i_1 (pin i_ariane_peripherals/gen_spi.i_xlnx_axi_dwidth_converter_spi/inst/gen_downsizer.gen_simple_downsizer.axi_downsizer_inst/USE_READ.read_addr_inst/cmd_queue/inst/fifo_gen_inst/inst_fifo_gen/gconvfifo.rf/grf.rf/gntv_or_sync_fifo.gl0.rd/gr1.gr1_int.rfwft/gpregsm1.user_valid_i_1/I1) is not included in the LUT equation: 'O6=(A1)+((~A1)*(~A2)*A4)'. If this cell is a user instantiated LUT in the design, please remove connectivity to the pin or change the equation and/or INIT string of the LUT to prevent this issue. If the cell is inferred or IP created LUT, please regenerate the IP and/or resynthesize the design to attempt to correct the issue.
WARNING: [DRC REQP-1709] Clock output buffering: PLLE2_ADV connectivity violation. The signal i_ddr/u_xlnx_mig_7_ddr3_mig/u_ddr3_infrastructure/pll_clk3_out on the i_ddr/u_xlnx_mig_7_ddr3_mig/u_ddr3_infrastructure/plle2_i/CLKOUT3 pin of i_ddr/u_xlnx_mig_7_ddr3_mig/u_ddr3_infrastructure/plle2_i does not drive the same kind of BUFFER load as the other CLKOUT pins. Routing from the different buffer types will not be phase aligned.
WARNING: [DRC REQP-1839] RAMB36 async control check: The RAMB36E1 i_ariane_peripherals/gen_ethernet.eth_rgmii/RAMB16_inst_rx/genblk1[0].RAMB16_S9_S36_inst has an input control pin i_ariane_peripherals/gen_ethernet.eth_rgmii/RAMB16_inst_rx/genblk1[0].RAMB16_S9_S36_inst/ADDRBWRADDR[13] (net: i_ariane_peripherals/gen_ethernet.eth_rgmii/RAMB16_inst_rx/addrb[8]) which is driven by a register (i_ariane_peripherals/gen_ethernet.i_axi2rom/ax_req_q_reg[addr][10]) that has an active asychronous set or reset. This may cause corruption of the memory contents and/or read values when the set/reset is asserted and is not analyzed by the default static timing analysis. It is suggested to eliminate the use of a set/reset to registers driving this RAMB pin or else use a synchronous reset in which the assertion of the reset is timed by default.
WARNING: [DRC REQP-1839] RAMB36 async control check: The RAMB36E1 i_ariane_peripherals/gen_ethernet.eth_rgmii/RAMB16_inst_rx/genblk1[0].RAMB16_S9_S36_inst has an input control pin i_ariane_peripherals/gen_ethernet.eth_rgmii/RAMB16_inst_rx/genblk1[0].RAMB16_S9_S36_inst/ADDRBWRADDR[13] (net: i_ariane_peripherals/gen_ethernet.eth_rgmii/RAMB16_inst_rx/addrb[8]) which is driven by a register (i_ariane_peripherals/gen_ethernet.i_axi2rom/ax_req_q_reg[addr][11]) that has an active asychronous set or reset. This may cause corruption of the memory contents and/or read values when the set/reset is asserted and is not analyzed by the default static timing analysis. It is suggested to eliminate the use of a set/reset to registers driving this RAMB pin or else use a synchronous reset in which the assertion of the reset is timed by default.
WARNING: [DRC REQP-1839] RAMB36 async control check: The RAMB36E1 i_ariane_peripherals/gen_ethernet.eth_rgmii/RAMB16_inst_rx/genblk1[0].RAMB16_S9_S36_inst has an input control pin i_ariane_peripherals/gen_ethernet.eth_rgmii/RAMB16_inst_rx/genblk1[0].RAMB16_S9_S36_inst/ADDRBWRADDR[13] (net: i_ariane_peripherals/gen_ethernet.eth_rgmii/RAMB16_inst_rx/addrb[8]) which is driven by a register (i_ariane_peripherals/gen_ethernet.i_axi2rom/ax_req_q_reg[addr][12]) that has an active asychronous set or reset. This may cause corruption of the memory contents and/or read values when the set/reset is asserted and is not analyzed by the default static timing analysis. It is suggested to eliminate the use of a set/reset to registers driving this RAMB pin or else use a synchronous reset in which the assertion of the reset is timed by default.
WARNING: [DRC REQP-1839] RAMB36 async control check: The RAMB36E1 i_ariane_peripherals/gen_ethernet.eth_rgmii/RAMB16_inst_rx/genblk1[0].RAMB16_S9_S36_inst has an input control pin i_ariane_peripherals/gen_ethernet.eth_rgmii/RAMB16_inst_rx/genblk1[0].RAMB16_S9_S36_inst/ADDRBWRADDR[13] (net: i_ariane_peripherals/gen_ethernet.eth_rgmii/RAMB16_inst_rx/addrb[8]) which is driven by a register (i_ariane_peripherals/gen_ethernet.i_axi2rom/ax_req_q_reg[addr][13]) that has an active asychronous set or reset. This may cause corruption of the memory contents and/or read values when the set/reset is asserted and is not analyzed by the default static timing analysis. It is suggested to eliminate the use of a set/reset to registers driving this RAMB pin or else use a synchronous reset in which the assertion of the reset is timed by default.
WARNING: [DRC REQP-1839] RAMB36 async control check: The RAMB36E1 i_ariane_peripherals/gen_ethernet.eth_rgmii/RAMB16_inst_rx/genblk1[0].RAMB16_S9_S36_inst has an input control pin i_ariane_peripherals/gen_ethernet.eth_rgmii/RAMB16_inst_rx/genblk1[0].RAMB16_S9_S36_inst/ADDRBWRADDR[13] (net: i_ariane_peripherals/gen_ethernet.eth_rgmii/RAMB16_inst_rx/addrb[8]) which is driven by a register (i_ariane_peripherals/gen_ethernet.i_axi2rom/ax_req_q_reg[addr][3]) that has an active asychronous set or reset. This may cause corruption of the memory contents and/or read values when the set/reset is asserted and is not analyzed by the default static timing analysis. It is suggested to eliminate the use of a set/reset to registers driving this RAMB pin or else use a synchronous reset in which the assertion of the reset is timed by default.
WARNING: [DRC REQP-1839] RAMB36 async control check: The RAMB36E1 i_ariane_peripherals/gen_ethernet.eth_rgmii/RAMB16_inst_rx/genblk1[0].RAMB16_S9_S36_inst has an input control pin i_ariane_peripherals/gen_ethernet.eth_rgmii/RAMB16_inst_rx/genblk1[0].RAMB16_S9_S36_inst/ADDRBWRADDR[13] (net: i_ariane_peripherals/gen_ethernet.eth_rgmii/RAMB16_inst_rx/addrb[8]) which is driven by a register (i_ariane_peripherals/gen_ethernet.i_axi2rom/ax_req_q_reg[addr][4]) that has an active asychronous set or reset. This may cause corruption of the memory contents and/or read values when the set/reset is asserted and is not analyzed by the default static timing analysis. It is suggested to eliminate the use of a set/reset to registers driving this RAMB pin or else use a synchronous reset in which the assertion of the reset is timed by default.
WARNING: [DRC REQP-1839] RAMB36 async control check: The RAMB36E1 i_ariane_peripherals/gen_ethernet.eth_rgmii/RAMB16_inst_rx/genblk1[0].RAMB16_S9_S36_inst has an input control pin i_ariane_peripherals/gen_ethernet.eth_rgmii/RAMB16_inst_rx/genblk1[0].RAMB16_S9_S36_inst/ADDRBWRADDR[13] (net: i_ariane_peripherals/gen_ethernet.eth_rgmii/RAMB16_inst_rx/addrb[8]) which is driven by a register (i_ariane_peripherals/gen_ethernet.i_axi2rom/ax_req_q_reg[addr][5]) that has an active asychronous set or reset. This may cause corruption of the memory contents and/or read values when the set/reset is asserted and is not analyzed by the default static timing analysis. It is suggested to eliminate the use of a set/reset to registers driving this RAMB pin or else use a synchronous reset in which the assertion of the reset is timed by default.
WARNING: [DRC REQP-1839] RAMB36 async control check: The RAMB36E1 i_ariane_peripherals/gen_ethernet.eth_rgmii/RAMB16_inst_rx/genblk1[0].RAMB16_S9_S36_inst has an input control pin i_ariane_peripherals/gen_ethernet.eth_rgmii/RAMB16_inst_rx/genblk1[0].RAMB16_S9_S36_inst/ADDRBWRADDR[13] (net: i_ariane_peripherals/gen_ethernet.eth_rgmii/RAMB16_inst_rx/addrb[8]) which is driven by a register (i_ariane_peripherals/gen_ethernet.i_axi2rom/ax_req_q_reg[addr][6]) that has an active asychronous set or reset. This may cause corruption of the memory contents and/or read values when the set/reset is asserted and is not analyzed by the default static timing analysis. It is suggested to eliminate the use of a set/reset to registers driving this RAMB pin or else use a synchronous reset in which the assertion of the reset is timed by default.
WARNING: [DRC REQP-1839] RAMB36 async control check: The RAMB36E1 i_ariane_peripherals/gen_ethernet.eth_rgmii/RAMB16_inst_rx/genblk1[0].RAMB16_S9_S36_inst has an input control pin i_ariane_peripherals/gen_ethernet.eth_rgmii/RAMB16_inst_rx/genblk1[0].RAMB16_S9_S36_inst/ADDRBWRADDR[13] (net: i_ariane_peripherals/gen_ethernet.eth_rgmii/RAMB16_inst_rx/addrb[8]) which is driven by a register (i_axi_xbar/i_xbar/gen_mst_port_mux[7].i_axi_mux/gen_mux.i_ar_spill_reg/spill_register_flushable_i/gen_spill_reg.a_data_q_reg[addr][11]) that has an active asychronous set or reset. This may cause corruption of the memory contents and/or read values when the set/reset is asserted and is not analyzed by the default static timing analysis. It is suggested to eliminate the use of a set/reset to registers driving this RAMB pin or else use a synchronous reset in which the assertion of the reset is timed by default.
WARNING: [DRC REQP-1839] RAMB36 async control check: The RAMB36E1 i_ariane_peripherals/gen_ethernet.eth_rgmii/RAMB16_inst_rx/genblk1[0].RAMB16_S9_S36_inst has an input control pin i_ariane_peripherals/gen_ethernet.eth_rgmii/RAMB16_inst_rx/genblk1[0].RAMB16_S9_S36_inst/ADDRBWRADDR[13] (net: i_ariane_peripherals/gen_ethernet.eth_rgmii/RAMB16_inst_rx/addrb[8]) which is driven by a register (i_axi_xbar/i_xbar/gen_mst_port_mux[7].i_axi_mux/gen_mux.i_ar_spill_reg/spill_register_flushable_i/gen_spill_reg.a_full_q_reg) that has an active asychronous set or reset. This may cause corruption of the memory contents and/or read values when the set/reset is asserted and is not analyzed by the default static timing analysis. It is suggested to eliminate the use of a set/reset to registers driving this RAMB pin or else use a synchronous reset in which the assertion of the reset is timed by default.
WARNING: [DRC REQP-1839] RAMB36 async control check: The RAMB36E1 i_ariane_peripherals/gen_ethernet.eth_rgmii/RAMB16_inst_rx/genblk1[0].RAMB16_S9_S36_inst has an input control pin i_ariane_peripherals/gen_ethernet.eth_rgmii/RAMB16_inst_rx/genblk1[0].RAMB16_S9_S36_inst/ADDRBWRADDR[13] (net: i_ariane_peripherals/gen_ethernet.eth_rgmii/RAMB16_inst_rx/addrb[8]) which is driven by a register (i_axi_xbar/i_xbar/gen_mst_port_mux[7].i_axi_mux/gen_mux.i_ar_spill_reg/spill_register_flushable_i/gen_spill_reg.b_data_q_reg[addr][11]) that has an active asychronous set or reset. This may cause corruption of the memory contents and/or read values when the set/reset is asserted and is not analyzed by the default static timing analysis. It is suggested to eliminate the use of a set/reset to registers driving this RAMB pin or else use a synchronous reset in which the assertion of the reset is timed by default.
WARNING: [DRC REQP-1839] RAMB36 async control check: The RAMB36E1 i_ariane_peripherals/gen_ethernet.eth_rgmii/RAMB16_inst_rx/genblk1[0].RAMB16_S9_S36_inst has an input control pin i_ariane_peripherals/gen_ethernet.eth_rgmii/RAMB16_inst_rx/genblk1[0].RAMB16_S9_S36_inst/ADDRBWRADDR[13] (net: i_ariane_peripherals/gen_ethernet.eth_rgmii/RAMB16_inst_rx/addrb[8]) which is driven by a register (i_axi_xbar/i_xbar/gen_mst_port_mux[7].i_axi_mux/gen_mux.i_ar_spill_reg/spill_register_flushable_i/gen_spill_reg.b_full_q_reg) that has an active asychronous set or reset. This may cause corruption of the memory contents and/or read values when the set/reset is asserted and is not analyzed by the default static timing analysis. It is suggested to eliminate the use of a set/reset to registers driving this RAMB pin or else use a synchronous reset in which the assertion of the reset is timed by default.
WARNING: [DRC REQP-1839] RAMB36 async control check: The RAMB36E1 i_ariane_peripherals/gen_ethernet.eth_rgmii/RAMB16_inst_rx/genblk1[0].RAMB16_S9_S36_inst has an input control pin i_ariane_peripherals/gen_ethernet.eth_rgmii/RAMB16_inst_rx/genblk1[0].RAMB16_S9_S36_inst/ADDRBWRADDR[13] (net: i_ariane_peripherals/gen_ethernet.eth_rgmii/RAMB16_inst_rx/addrb[8]) which is driven by a register (i_axi_xbar/i_xbar/gen_mst_port_mux[7].i_axi_mux/gen_mux.i_aw_spill_reg/spill_register_flushable_i/gen_spill_reg.a_data_q_reg[addr][11]) that has an active asychronous set or reset. This may cause corruption of the memory contents and/or read values when the set/reset is asserted and is not analyzed by the default static timing analysis. It is suggested to eliminate the use of a set/reset to registers driving this RAMB pin or else use a synchronous reset in which the assertion of the reset is timed by default.
WARNING: [DRC REQP-1839] RAMB36 async control check: The RAMB36E1 i_ariane_peripherals/gen_ethernet.eth_rgmii/RAMB16_inst_rx/genblk1[0].RAMB16_S9_S36_inst has an input control pin i_ariane_peripherals/gen_ethernet.eth_rgmii/RAMB16_inst_rx/genblk1[0].RAMB16_S9_S36_inst/ADDRBWRADDR[13] (net: i_ariane_peripherals/gen_ethernet.eth_rgmii/RAMB16_inst_rx/addrb[8]) which is driven by a register (i_axi_xbar/i_xbar/gen_mst_port_mux[7].i_axi_mux/gen_mux.i_aw_spill_reg/spill_register_flushable_i/gen_spill_reg.a_full_q_reg) that has an active asychronous set or reset. This may cause corruption of the memory contents and/or read values when the set/reset is asserted and is not analyzed by the default static timing analysis. It is suggested to eliminate the use of a set/reset to registers driving this RAMB pin or else use a synchronous reset in which the assertion of the reset is timed by default.
WARNING: [DRC REQP-1839] RAMB36 async control check: The RAMB36E1 i_ariane_peripherals/gen_ethernet.eth_rgmii/RAMB16_inst_rx/genblk1[0].RAMB16_S9_S36_inst has an input control pin i_ariane_peripherals/gen_ethernet.eth_rgmii/RAMB16_inst_rx/genblk1[0].RAMB16_S9_S36_inst/ADDRBWRADDR[13] (net: i_ariane_peripherals/gen_ethernet.eth_rgmii/RAMB16_inst_rx/addrb[8]) which is driven by a register (i_axi_xbar/i_xbar/gen_mst_port_mux[7].i_axi_mux/gen_mux.i_aw_spill_reg/spill_register_flushable_i/gen_spill_reg.b_data_q_reg[addr][11]) that has an active asychronous set or reset. This may cause corruption of the memory contents and/or read values when the set/reset is asserted and is not analyzed by the default static timing analysis. It is suggested to eliminate the use of a set/reset to registers driving this RAMB pin or else use a synchronous reset in which the assertion of the reset is timed by default.
WARNING: [DRC REQP-1839] RAMB36 async control check: The RAMB36E1 i_ariane_peripherals/gen_ethernet.eth_rgmii/RAMB16_inst_rx/genblk1[0].RAMB16_S9_S36_inst has an input control pin i_ariane_peripherals/gen_ethernet.eth_rgmii/RAMB16_inst_rx/genblk1[0].RAMB16_S9_S36_inst/ADDRBWRADDR[13] (net: i_ariane_peripherals/gen_ethernet.eth_rgmii/RAMB16_inst_rx/addrb[8]) which is driven by a register (i_axi_xbar/i_xbar/gen_mst_port_mux[7].i_axi_mux/gen_mux.i_aw_spill_reg/spill_register_flushable_i/gen_spill_reg.b_full_q_reg) that has an active asychronous set or reset. This may cause corruption of the memory contents and/or read values when the set/reset is asserted and is not analyzed by the default static timing analysis. It is suggested to eliminate the use of a set/reset to registers driving this RAMB pin or else use a synchronous reset in which the assertion of the reset is timed by default.
WARNING: [DRC REQP-1839] RAMB36 async control check: The RAMB36E1 i_ariane_peripherals/gen_ethernet.eth_rgmii/RAMB16_inst_rx/genblk1[0].RAMB16_S9_S36_inst has an input control pin i_ariane_peripherals/gen_ethernet.eth_rgmii/RAMB16_inst_rx/genblk1[0].RAMB16_S9_S36_inst/ADDRBWRADDR[13] (net: i_ariane_peripherals/gen_ethernet.eth_rgmii/RAMB16_inst_rx/addrb[8]) which is driven by a register (i_axi_xbar/i_xbar/gen_mst_port_mux[7].i_axi_mux/gen_mux.i_r_spill_reg/spill_register_flushable_i/gen_spill_reg.a_full_q_reg) that has an active asychronous set or reset. This may cause corruption of the memory contents and/or read values when the set/reset is asserted and is not analyzed by the default static timing analysis. It is suggested to eliminate the use of a set/reset to registers driving this RAMB pin or else use a synchronous reset in which the assertion of the reset is timed by default.
WARNING: [DRC REQP-1839] RAMB36 async control check: The RAMB36E1 i_ariane_peripherals/gen_ethernet.eth_rgmii/RAMB16_inst_rx/genblk1[0].RAMB16_S9_S36_inst has an input control pin i_ariane_peripherals/gen_ethernet.eth_rgmii/RAMB16_inst_rx/genblk1[0].RAMB16_S9_S36_inst/ADDRBWRADDR[13] (net: i_ariane_peripherals/gen_ethernet.eth_rgmii/RAMB16_inst_rx/addrb[8]) which is driven by a register (i_axi_xbar/i_xbar/gen_mst_port_mux[7].i_axi_mux/gen_mux.i_r_spill_reg/spill_register_flushable_i/gen_spill_reg.b_full_q_reg) that has an active asychronous set or reset. This may cause corruption of the memory contents and/or read values when the set/reset is asserted and is not analyzed by the default static timing analysis. It is suggested to eliminate the use of a set/reset to registers driving this RAMB pin or else use a synchronous reset in which the assertion of the reset is timed by default.
WARNING: [DRC REQP-1839] RAMB36 async control check: The RAMB36E1 i_ariane_peripherals/gen_ethernet.eth_rgmii/RAMB16_inst_rx/genblk1[0].RAMB16_S9_S36_inst has an input control pin i_ariane_peripherals/gen_ethernet.eth_rgmii/RAMB16_inst_rx/genblk1[0].RAMB16_S9_S36_inst/ADDRBWRADDR[13] (net: i_ariane_peripherals/gen_ethernet.eth_rgmii/RAMB16_inst_rx/addrb[8]) which is driven by a register (i_axi_xbar/i_xbar/gen_mst_port_mux[7].i_axi_mux/gen_mux.i_w_spill_reg/spill_register_flushable_i/gen_spill_reg.a_full_q_reg) that has an active asychronous set or reset. This may cause corruption of the memory contents and/or read values when the set/reset is asserted and is not analyzed by the default static timing analysis. It is suggested to eliminate the use of a set/reset to registers driving this RAMB pin or else use a synchronous reset in which the assertion of the reset is timed by default.
WARNING: [DRC REQP-1839] RAMB36 async control check: The RAMB36E1 i_ariane_peripherals/gen_ethernet.eth_rgmii/RAMB16_inst_rx/genblk1[0].RAMB16_S9_S36_inst has an input control pin i_ariane_peripherals/gen_ethernet.eth_rgmii/RAMB16_inst_rx/genblk1[0].RAMB16_S9_S36_inst/ADDRBWRADDR[13] (net: i_ariane_peripherals/gen_ethernet.eth_rgmii/RAMB16_inst_rx/addrb[8]) which is driven by a register (i_axi_xbar/i_xbar/gen_mst_port_mux[7].i_axi_mux/gen_mux.i_w_spill_reg/spill_register_flushable_i/gen_spill_reg.b_full_q_reg) that has an active asychronous set or reset. This may cause corruption of the memory contents and/or read values when the set/reset is asserted and is not analyzed by the default static timing analysis. It is suggested to eliminate the use of a set/reset to registers driving this RAMB pin or else use a synchronous reset in which the assertion of the reset is timed by default.
WARNING: [DRC REQP-1840] RAMB18 async control check: The RAMB18E1 i_ariane_peripherals/gen_spi.i_xlnx_axi_quad_spi/U0/NO_DUAL_QUAD_MODE.QSPI_NORMAL/QSPI_ENHANCED_MD_GEN.QSPI_CORE_INTERFACE_I/FIFO_EXISTS.RX_FIFO_II/gnuram_async_fifo.xpm_fifo_base_inst/gen_sdpram.xpm_memory_base_inst/gen_wr_a.gen_word_narrow.mem_reg has an input control pin i_ariane_peripherals/gen_spi.i_xlnx_axi_quad_spi/U0/NO_DUAL_QUAD_MODE.QSPI_NORMAL/QSPI_ENHANCED_MD_GEN.QSPI_CORE_INTERFACE_I/FIFO_EXISTS.RX_FIFO_II/gnuram_async_fifo.xpm_fifo_base_inst/gen_sdpram.xpm_memory_base_inst/gen_wr_a.gen_word_narrow.mem_reg/ENBWREN (net: i_ariane_peripherals/gen_spi.i_xlnx_axi_quad_spi/U0/NO_DUAL_QUAD_MODE.QSPI_NORMAL/QSPI_ENHANCED_MD_GEN.QSPI_CORE_INTERFACE_I/FIFO_EXISTS.RX_FIFO_II/gnuram_async_fifo.xpm_fifo_base_inst/gen_sdpram.xpm_memory_base_inst/enb) which is driven by a register (i_ariane_peripherals/gen_spi.i_xlnx_axi_dwidth_converter_spi/inst/gen_downsizer.gen_simple_downsizer.axi_downsizer_inst/USE_READ.read_addr_inst/cmd_queue/inst/fifo_gen_inst/inst_fifo_gen/gconvfifo.rf/grf.rf/gntv_or_sync_fifo.gl0.rd/gr1.gr1_int.rfwft/empty_fwft_i_reg) that has an active asychronous set or reset. This may cause corruption of the memory contents and/or read values when the set/reset is asserted and is not analyzed by the default static timing analysis. It is suggested to eliminate the use of a set/reset to registers driving this RAMB pin or else use a synchronous reset in which the assertion of the reset is timed by default.
WARNING: [DRC REQP-1840] RAMB18 async control check: The RAMB18E1 i_ariane_peripherals/gen_spi.i_xlnx_axi_quad_spi/U0/NO_DUAL_QUAD_MODE.QSPI_NORMAL/QSPI_ENHANCED_MD_GEN.QSPI_CORE_INTERFACE_I/FIFO_EXISTS.RX_FIFO_II/gnuram_async_fifo.xpm_fifo_base_inst/gen_sdpram.xpm_memory_base_inst/gen_wr_a.gen_word_narrow.mem_reg has an input control pin i_ariane_peripherals/gen_spi.i_xlnx_axi_quad_spi/U0/NO_DUAL_QUAD_MODE.QSPI_NORMAL/QSPI_ENHANCED_MD_GEN.QSPI_CORE_INTERFACE_I/FIFO_EXISTS.RX_FIFO_II/gnuram_async_fifo.xpm_fifo_base_inst/gen_sdpram.xpm_memory_base_inst/gen_wr_a.gen_word_narrow.mem_reg/ENBWREN (net: i_ariane_peripherals/gen_spi.i_xlnx_axi_quad_spi/U0/NO_DUAL_QUAD_MODE.QSPI_NORMAL/QSPI_ENHANCED_MD_GEN.QSPI_CORE_INTERFACE_I/FIFO_EXISTS.RX_FIFO_II/gnuram_async_fifo.xpm_fifo_base_inst/gen_sdpram.xpm_memory_base_inst/enb) which is driven by a register (i_axi_xbar/i_xbar/gen_mst_port_mux[8].i_axi_mux/gen_mux.i_r_spill_reg/spill_register_flushable_i/gen_spill_reg.a_full_q_reg) that has an active asychronous set or reset. This may cause corruption of the memory contents and/or read values when the set/reset is asserted and is not analyzed by the default static timing analysis. It is suggested to eliminate the use of a set/reset to registers driving this RAMB pin or else use a synchronous reset in which the assertion of the reset is timed by default.
WARNING: [DRC REQP-1840] RAMB18 async control check: The RAMB18E1 i_ariane_peripherals/gen_spi.i_xlnx_axi_quad_spi/U0/NO_DUAL_QUAD_MODE.QSPI_NORMAL/QSPI_ENHANCED_MD_GEN.QSPI_CORE_INTERFACE_I/FIFO_EXISTS.RX_FIFO_II/gnuram_async_fifo.xpm_fifo_base_inst/gen_sdpram.xpm_memory_base_inst/gen_wr_a.gen_word_narrow.mem_reg has an input control pin i_ariane_peripherals/gen_spi.i_xlnx_axi_quad_spi/U0/NO_DUAL_QUAD_MODE.QSPI_NORMAL/QSPI_ENHANCED_MD_GEN.QSPI_CORE_INTERFACE_I/FIFO_EXISTS.RX_FIFO_II/gnuram_async_fifo.xpm_fifo_base_inst/gen_sdpram.xpm_memory_base_inst/gen_wr_a.gen_word_narrow.mem_reg/ENBWREN (net: i_ariane_peripherals/gen_spi.i_xlnx_axi_quad_spi/U0/NO_DUAL_QUAD_MODE.QSPI_NORMAL/QSPI_ENHANCED_MD_GEN.QSPI_CORE_INTERFACE_I/FIFO_EXISTS.RX_FIFO_II/gnuram_async_fifo.xpm_fifo_base_inst/gen_sdpram.xpm_memory_base_inst/enb) which is driven by a register (i_axi_xbar/i_xbar/gen_mst_port_mux[8].i_axi_mux/gen_mux.i_r_spill_reg/spill_register_flushable_i/gen_spill_reg.b_full_q_reg) that has an active asychronous set or reset. This may cause corruption of the memory contents and/or read values when the set/reset is asserted and is not analyzed by the default static timing analysis. It is suggested to eliminate the use of a set/reset to registers driving this RAMB pin or else use a synchronous reset in which the assertion of the reset is timed by default.
WARNING: [DRC REQP-1840] RAMB18 async control check: The RAMB18E1 i_ariane_peripherals/gen_spi.i_xlnx_axi_quad_spi/U0/NO_DUAL_QUAD_MODE.QSPI_NORMAL/QSPI_ENHANCED_MD_GEN.QSPI_CORE_INTERFACE_I/FIFO_EXISTS.TX_FIFO_II/xpm_fifo_instance.xpm_fifo_async_inst/gnuram_async_fifo.xpm_fifo_base_inst/gen_sdpram.xpm_memory_base_inst/gen_wr_a.gen_word_narrow.mem_reg has an input control pin i_ariane_peripherals/gen_spi.i_xlnx_axi_quad_spi/U0/NO_DUAL_QUAD_MODE.QSPI_NORMAL/QSPI_ENHANCED_MD_GEN.QSPI_CORE_INTERFACE_I/FIFO_EXISTS.TX_FIFO_II/xpm_fifo_instance.xpm_fifo_async_inst/gnuram_async_fifo.xpm_fifo_base_inst/gen_sdpram.xpm_memory_base_inst/gen_wr_a.gen_word_narrow.mem_reg/ENARDEN (net: i_ariane_peripherals/gen_spi.i_xlnx_axi_quad_spi/U0/NO_DUAL_QUAD_MODE.QSPI_NORMAL/QSPI_ENHANCED_MD_GEN.QSPI_CORE_INTERFACE_I/FIFO_EXISTS.TX_FIFO_II/xpm_fifo_instance.xpm_fifo_async_inst/gnuram_async_fifo.xpm_fifo_base_inst/gen_sdpram.xpm_memory_base_inst/ena) which is driven by a register (i_ariane_peripherals/gen_spi.i_xlnx_axi_dwidth_converter_spi/inst/gen_downsizer.gen_simple_downsizer.axi_downsizer_inst/USE_WRITE.write_addr_inst/cmd_queue/inst/fifo_gen_inst/inst_fifo_gen/gconvfifo.rf/grf.rf/gntv_or_sync_fifo.gl0.rd/gr1.gr1_int.rfwft/empty_fwft_i_reg) that has an active asychronous set or reset. This may cause corruption of the memory contents and/or read values when the set/reset is asserted and is not analyzed by the default static timing analysis. It is suggested to eliminate the use of a set/reset to registers driving this RAMB pin or else use a synchronous reset in which the assertion of the reset is timed by default.
WARNING: [DRC REQP-1840] RAMB18 async control check: The RAMB18E1 i_ariane_peripherals/gen_spi.i_xlnx_axi_quad_spi/U0/NO_DUAL_QUAD_MODE.QSPI_NORMAL/QSPI_ENHANCED_MD_GEN.QSPI_CORE_INTERFACE_I/FIFO_EXISTS.TX_FIFO_II/xpm_fifo_instance.xpm_fifo_async_inst/gnuram_async_fifo.xpm_fifo_base_inst/gen_sdpram.xpm_memory_base_inst/gen_wr_a.gen_word_narrow.mem_reg has an input control pin i_ariane_peripherals/gen_spi.i_xlnx_axi_quad_spi/U0/NO_DUAL_QUAD_MODE.QSPI_NORMAL/QSPI_ENHANCED_MD_GEN.QSPI_CORE_INTERFACE_I/FIFO_EXISTS.TX_FIFO_II/xpm_fifo_instance.xpm_fifo_async_inst/gnuram_async_fifo.xpm_fifo_base_inst/gen_sdpram.xpm_memory_base_inst/gen_wr_a.gen_word_narrow.mem_reg/ENARDEN (net: i_ariane_peripherals/gen_spi.i_xlnx_axi_quad_spi/U0/NO_DUAL_QUAD_MODE.QSPI_NORMAL/QSPI_ENHANCED_MD_GEN.QSPI_CORE_INTERFACE_I/FIFO_EXISTS.TX_FIFO_II/xpm_fifo_instance.xpm_fifo_async_inst/gnuram_async_fifo.xpm_fifo_base_inst/gen_sdpram.xpm_memory_base_inst/ena) which is driven by a register (i_axi_xbar/i_xbar/gen_mst_port_mux[8].i_axi_mux/gen_mux.i_w_spill_reg/spill_register_flushable_i/gen_spill_reg.a_full_q_reg) that has an active asychronous set or reset. This may cause corruption of the memory contents and/or read values when the set/reset is asserted and is not analyzed by the default static timing analysis. It is suggested to eliminate the use of a set/reset to registers driving this RAMB pin or else use a synchronous reset in which the assertion of the reset is timed by default.
WARNING: [DRC REQP-1840] RAMB18 async control check: The RAMB18E1 i_ariane_peripherals/gen_spi.i_xlnx_axi_quad_spi/U0/NO_DUAL_QUAD_MODE.QSPI_NORMAL/QSPI_ENHANCED_MD_GEN.QSPI_CORE_INTERFACE_I/FIFO_EXISTS.TX_FIFO_II/xpm_fifo_instance.xpm_fifo_async_inst/gnuram_async_fifo.xpm_fifo_base_inst/gen_sdpram.xpm_memory_base_inst/gen_wr_a.gen_word_narrow.mem_reg has an input control pin i_ariane_peripherals/gen_spi.i_xlnx_axi_quad_spi/U0/NO_DUAL_QUAD_MODE.QSPI_NORMAL/QSPI_ENHANCED_MD_GEN.QSPI_CORE_INTERFACE_I/FIFO_EXISTS.TX_FIFO_II/xpm_fifo_instance.xpm_fifo_async_inst/gnuram_async_fifo.xpm_fifo_base_inst/gen_sdpram.xpm_memory_base_inst/gen_wr_a.gen_word_narrow.mem_reg/ENARDEN (net: i_ariane_peripherals/gen_spi.i_xlnx_axi_quad_spi/U0/NO_DUAL_QUAD_MODE.QSPI_NORMAL/QSPI_ENHANCED_MD_GEN.QSPI_CORE_INTERFACE_I/FIFO_EXISTS.TX_FIFO_II/xpm_fifo_instance.xpm_fifo_async_inst/gnuram_async_fifo.xpm_fifo_base_inst/gen_sdpram.xpm_memory_base_inst/ena) which is driven by a register (i_axi_xbar/i_xbar/gen_mst_port_mux[8].i_axi_mux/gen_mux.i_w_spill_reg/spill_register_flushable_i/gen_spill_reg.b_full_q_reg) that has an active asychronous set or reset. This may cause corruption of the memory contents and/or read values when the set/reset is asserted and is not analyzed by the default static timing analysis. It is suggested to eliminate the use of a set/reset to registers driving this RAMB pin or else use a synchronous reset in which the assertion of the reset is timed by default.
WARNING: [DRC REQP-1840] RAMB18 async control check: The RAMB18E1 i_ariane_peripherals/gen_spi.i_xlnx_axi_quad_spi/U0/NO_DUAL_QUAD_MODE.QSPI_NORMAL/QSPI_ENHANCED_MD_GEN.QSPI_CORE_INTERFACE_I/FIFO_EXISTS.TX_FIFO_II/xpm_fifo_instance.xpm_fifo_async_inst/gnuram_async_fifo.xpm_fifo_base_inst/gen_sdpram.xpm_memory_base_inst/gen_wr_a.gen_word_narrow.mem_reg has an input control pin i_ariane_peripherals/gen_spi.i_xlnx_axi_quad_spi/U0/NO_DUAL_QUAD_MODE.QSPI_NORMAL/QSPI_ENHANCED_MD_GEN.QSPI_CORE_INTERFACE_I/FIFO_EXISTS.TX_FIFO_II/xpm_fifo_instance.xpm_fifo_async_inst/gnuram_async_fifo.xpm_fifo_base_inst/gen_sdpram.xpm_memory_base_inst/gen_wr_a.gen_word_narrow.mem_reg/WEA[0] (net: i_ariane_peripherals/gen_spi.i_xlnx_axi_quad_spi/U0/NO_DUAL_QUAD_MODE.QSPI_NORMAL/QSPI_ENHANCED_MD_GEN.QSPI_CORE_INTERFACE_I/FIFO_EXISTS.TX_FIFO_II/xpm_fifo_instance.xpm_fifo_async_inst/gnuram_async_fifo.xpm_fifo_base_inst/gen_sdpram.xpm_memory_base_inst/ena) which is driven by a register (i_ariane_peripherals/gen_spi.i_xlnx_axi_dwidth_converter_spi/inst/gen_downsizer.gen_simple_downsizer.axi_downsizer_inst/USE_WRITE.write_addr_inst/cmd_queue/inst/fifo_gen_inst/inst_fifo_gen/gconvfifo.rf/grf.rf/gntv_or_sync_fifo.gl0.rd/gr1.gr1_int.rfwft/empty_fwft_i_reg) that has an active asychronous set or reset. This may cause corruption of the memory contents and/or read values when the set/reset is asserted and is not analyzed by the default static timing analysis. It is suggested to eliminate the use of a set/reset to registers driving this RAMB pin or else use a synchronous reset in which the assertion of the reset is timed by default.
WARNING: [DRC REQP-1840] RAMB18 async control check: The RAMB18E1 i_ariane_peripherals/gen_spi.i_xlnx_axi_quad_spi/U0/NO_DUAL_QUAD_MODE.QSPI_NORMAL/QSPI_ENHANCED_MD_GEN.QSPI_CORE_INTERFACE_I/FIFO_EXISTS.TX_FIFO_II/xpm_fifo_instance.xpm_fifo_async_inst/gnuram_async_fifo.xpm_fifo_base_inst/gen_sdpram.xpm_memory_base_inst/gen_wr_a.gen_word_narrow.mem_reg has an input control pin i_ariane_peripherals/gen_spi.i_xlnx_axi_quad_spi/U0/NO_DUAL_QUAD_MODE.QSPI_NORMAL/QSPI_ENHANCED_MD_GEN.QSPI_CORE_INTERFACE_I/FIFO_EXISTS.TX_FIFO_II/xpm_fifo_instance.xpm_fifo_async_inst/gnuram_async_fifo.xpm_fifo_base_inst/gen_sdpram.xpm_memory_base_inst/gen_wr_a.gen_word_narrow.mem_reg/WEA[0] (net: i_ariane_peripherals/gen_spi.i_xlnx_axi_quad_spi/U0/NO_DUAL_QUAD_MODE.QSPI_NORMAL/QSPI_ENHANCED_MD_GEN.QSPI_CORE_INTERFACE_I/FIFO_EXISTS.TX_FIFO_II/xpm_fifo_instance.xpm_fifo_async_inst/gnuram_async_fifo.xpm_fifo_base_inst/gen_sdpram.xpm_memory_base_inst/ena) which is driven by a register (i_axi_xbar/i_xbar/gen_mst_port_mux[8].i_axi_mux/gen_mux.i_w_spill_reg/spill_register_flushable_i/gen_spill_reg.a_full_q_reg) that has an active asychronous set or reset. This may cause corruption of the memory contents and/or read values when the set/reset is asserted and is not analyzed by the default static timing analysis. It is suggested to eliminate the use of a set/reset to registers driving this RAMB pin or else use a synchronous reset in which the assertion of the reset is timed by default.
WARNING: [DRC REQP-1840] RAMB18 async control check: The RAMB18E1 i_ariane_peripherals/gen_spi.i_xlnx_axi_quad_spi/U0/NO_DUAL_QUAD_MODE.QSPI_NORMAL/QSPI_ENHANCED_MD_GEN.QSPI_CORE_INTERFACE_I/FIFO_EXISTS.TX_FIFO_II/xpm_fifo_instance.xpm_fifo_async_inst/gnuram_async_fifo.xpm_fifo_base_inst/gen_sdpram.xpm_memory_base_inst/gen_wr_a.gen_word_narrow.mem_reg has an input control pin i_ariane_peripherals/gen_spi.i_xlnx_axi_quad_spi/U0/NO_DUAL_QUAD_MODE.QSPI_NORMAL/QSPI_ENHANCED_MD_GEN.QSPI_CORE_INTERFACE_I/FIFO_EXISTS.TX_FIFO_II/xpm_fifo_instance.xpm_fifo_async_inst/gnuram_async_fifo.xpm_fifo_base_inst/gen_sdpram.xpm_memory_base_inst/gen_wr_a.gen_word_narrow.mem_reg/WEA[0] (net: i_ariane_peripherals/gen_spi.i_xlnx_axi_quad_spi/U0/NO_DUAL_QUAD_MODE.QSPI_NORMAL/QSPI_ENHANCED_MD_GEN.QSPI_CORE_INTERFACE_I/FIFO_EXISTS.TX_FIFO_II/xpm_fifo_instance.xpm_fifo_async_inst/gnuram_async_fifo.xpm_fifo_base_inst/gen_sdpram.xpm_memory_base_inst/ena) which is driven by a register (i_axi_xbar/i_xbar/gen_mst_port_mux[8].i_axi_mux/gen_mux.i_w_spill_reg/spill_register_flushable_i/gen_spill_reg.b_full_q_reg) that has an active asychronous set or reset. This may cause corruption of the memory contents and/or read values when the set/reset is asserted and is not analyzed by the default static timing analysis. It is suggested to eliminate the use of a set/reset to registers driving this RAMB pin or else use a synchronous reset in which the assertion of the reset is timed by default.
WARNING: [DRC REQP-1840] RAMB18 async control check: The RAMB18E1 i_ariane_peripherals/gen_spi.i_xlnx_axi_quad_spi/U0/NO_DUAL_QUAD_MODE.QSPI_NORMAL/QSPI_ENHANCED_MD_GEN.QSPI_CORE_INTERFACE_I/FIFO_EXISTS.TX_FIFO_II/xpm_fifo_instance.xpm_fifo_async_inst/gnuram_async_fifo.xpm_fifo_base_inst/gen_sdpram.xpm_memory_base_inst/gen_wr_a.gen_word_narrow.mem_reg has an input control pin i_ariane_peripherals/gen_spi.i_xlnx_axi_quad_spi/U0/NO_DUAL_QUAD_MODE.QSPI_NORMAL/QSPI_ENHANCED_MD_GEN.QSPI_CORE_INTERFACE_I/FIFO_EXISTS.TX_FIFO_II/xpm_fifo_instance.xpm_fifo_async_inst/gnuram_async_fifo.xpm_fifo_base_inst/gen_sdpram.xpm_memory_base_inst/gen_wr_a.gen_word_narrow.mem_reg/WEA[1] (net: i_ariane_peripherals/gen_spi.i_xlnx_axi_quad_spi/U0/NO_DUAL_QUAD_MODE.QSPI_NORMAL/QSPI_ENHANCED_MD_GEN.QSPI_CORE_INTERFACE_I/FIFO_EXISTS.TX_FIFO_II/xpm_fifo_instance.xpm_fifo_async_inst/gnuram_async_fifo.xpm_fifo_base_inst/gen_sdpram.xpm_memory_base_inst/ena) which is driven by a register (i_ariane_peripherals/gen_spi.i_xlnx_axi_dwidth_converter_spi/inst/gen_downsizer.gen_simple_downsizer.axi_downsizer_inst/USE_WRITE.write_addr_inst/cmd_queue/inst/fifo_gen_inst/inst_fifo_gen/gconvfifo.rf/grf.rf/gntv_or_sync_fifo.gl0.rd/gr1.gr1_int.rfwft/empty_fwft_i_reg) that has an active asychronous set or reset. This may cause corruption of the memory contents and/or read values when the set/reset is asserted and is not analyzed by the default static timing analysis. It is suggested to eliminate the use of a set/reset to registers driving this RAMB pin or else use a synchronous reset in which the assertion of the reset is timed by default.
WARNING: [DRC REQP-1840] RAMB18 async control check: The RAMB18E1 i_ariane_peripherals/gen_spi.i_xlnx_axi_quad_spi/U0/NO_DUAL_QUAD_MODE.QSPI_NORMAL/QSPI_ENHANCED_MD_GEN.QSPI_CORE_INTERFACE_I/FIFO_EXISTS.TX_FIFO_II/xpm_fifo_instance.xpm_fifo_async_inst/gnuram_async_fifo.xpm_fifo_base_inst/gen_sdpram.xpm_memory_base_inst/gen_wr_a.gen_word_narrow.mem_reg has an input control pin i_ariane_peripherals/gen_spi.i_xlnx_axi_quad_spi/U0/NO_DUAL_QUAD_MODE.QSPI_NORMAL/QSPI_ENHANCED_MD_GEN.QSPI_CORE_INTERFACE_I/FIFO_EXISTS.TX_FIFO_II/xpm_fifo_instance.xpm_fifo_async_inst/gnuram_async_fifo.xpm_fifo_base_inst/gen_sdpram.xpm_memory_base_inst/gen_wr_a.gen_word_narrow.mem_reg/WEA[1] (net: i_ariane_peripherals/gen_spi.i_xlnx_axi_quad_spi/U0/NO_DUAL_QUAD_MODE.QSPI_NORMAL/QSPI_ENHANCED_MD_GEN.QSPI_CORE_INTERFACE_I/FIFO_EXISTS.TX_FIFO_II/xpm_fifo_instance.xpm_fifo_async_inst/gnuram_async_fifo.xpm_fifo_base_inst/gen_sdpram.xpm_memory_base_inst/ena) which is driven by a register (i_axi_xbar/i_xbar/gen_mst_port_mux[8].i_axi_mux/gen_mux.i_w_spill_reg/spill_register_flushable_i/gen_spill_reg.a_full_q_reg) that has an active asychronous set or reset. This may cause corruption of the memory contents and/or read values when the set/reset is asserted and is not analyzed by the default static timing analysis. It is suggested to eliminate the use of a set/reset to registers driving this RAMB pin or else use a synchronous reset in which the assertion of the reset is timed by default.
WARNING: [DRC REQP-1840] RAMB18 async control check: The RAMB18E1 i_ariane_peripherals/gen_spi.i_xlnx_axi_quad_spi/U0/NO_DUAL_QUAD_MODE.QSPI_NORMAL/QSPI_ENHANCED_MD_GEN.QSPI_CORE_INTERFACE_I/FIFO_EXISTS.TX_FIFO_II/xpm_fifo_instance.xpm_fifo_async_inst/gnuram_async_fifo.xpm_fifo_base_inst/gen_sdpram.xpm_memory_base_inst/gen_wr_a.gen_word_narrow.mem_reg has an input control pin i_ariane_peripherals/gen_spi.i_xlnx_axi_quad_spi/U0/NO_DUAL_QUAD_MODE.QSPI_NORMAL/QSPI_ENHANCED_MD_GEN.QSPI_CORE_INTERFACE_I/FIFO_EXISTS.TX_FIFO_II/xpm_fifo_instance.xpm_fifo_async_inst/gnuram_async_fifo.xpm_fifo_base_inst/gen_sdpram.xpm_memory_base_inst/gen_wr_a.gen_word_narrow.mem_reg/WEA[1] (net: i_ariane_peripherals/gen_spi.i_xlnx_axi_quad_spi/U0/NO_DUAL_QUAD_MODE.QSPI_NORMAL/QSPI_ENHANCED_MD_GEN.QSPI_CORE_INTERFACE_I/FIFO_EXISTS.TX_FIFO_II/xpm_fifo_instance.xpm_fifo_async_inst/gnuram_async_fifo.xpm_fifo_base_inst/gen_sdpram.xpm_memory_base_inst/ena) which is driven by a register (i_axi_xbar/i_xbar/gen_mst_port_mux[8].i_axi_mux/gen_mux.i_w_spill_reg/spill_register_flushable_i/gen_spill_reg.b_full_q_reg) that has an active asychronous set or reset. This may cause corruption of the memory contents and/or read values when the set/reset is asserted and is not analyzed by the default static timing analysis. It is suggested to eliminate the use of a set/reset to registers driving this RAMB pin or else use a synchronous reset in which the assertion of the reset is timed by default.
WARNING: [DRC RTSTAT-10] No routable loads: 113 net(s) have no routable loads. The problem bus(es) and/or net(s) are i_ariane_peripherals/gen_spi.i_xlnx_axi_dwidth_converter_spi/inst/gen_downsizer.gen_simple_downsizer.axi_downsizer_inst/USE_WRITE.write_addr_inst/cmd_queue/inst/fifo_gen_inst/inst_fifo_gen/gconvfifo.rf/grf.rf/gntv_or_sync_fifo.gl0.rd/gr1.gr1_int.rfwft/aempty_fwft_i, i_xlnx_axi_clock_converter_ddr/inst/gen_clock_conv.gen_async_conv.asyncfifo_axi/inst_fifo_gen/gaxi_full_lite.gwrite_ch.gwach2.axi_wach/grf.rf/gntv_or_sync_fifo.gl0.rd/gr1.gr1_int.rfwft/aempty_fwft_i, i_xlnx_axi_clock_converter_ddr/inst/gen_clock_conv.gen_async_conv.asyncfifo_axi/inst_fifo_gen/gaxi_full_lite.gwrite_ch.gwdch2.axi_wdch/grf.rf/gntv_or_sync_fifo.gl0.rd/gr1.gr1_int.rfwft/aempty_fwft_i, i_ariane_peripherals/gen_gpio.i_xlnx_axi_dwidth_converter_gpio/inst/gen_downsizer.gen_simple_downsizer.axi_downsizer_inst/USE_WRITE.write_addr_inst/USE_B_CHANNEL.cmd_b_queue/inst/fifo_gen_inst/inst_fifo_gen/gconvfifo.rf/grf.rf/gntv_or_sync_fifo.gl0.rd/gr1.gr1_int.rfwft/aempty_fwft_i, i_ariane_peripherals/gen_gpio.i_xlnx_axi_dwidth_converter_gpio/inst/gen_downsizer.gen_simple_downsizer.axi_downsizer_inst/USE_WRITE.write_addr_inst/cmd_queue/inst/fifo_gen_inst/inst_fifo_gen/gconvfifo.rf/grf.rf/gntv_or_sync_fifo.gl0.rd/gr1.gr1_int.rfwft/aempty_fwft_i, i_ariane_peripherals/gen_spi.i_xlnx_axi_dwidth_converter_spi/inst/gen_downsizer.gen_simple_downsizer.axi_downsizer_inst/USE_WRITE.write_addr_inst/USE_B_CHANNEL.cmd_b_queue/inst/fifo_gen_inst/inst_fifo_gen/gconvfifo.rf/grf.rf/gntv_or_sync_fifo.gl0.rd/gr1.gr1_int.rfwft/aempty_fwft_i, i_xlnx_axi_clock_converter_ddr/inst/gen_clock_conv.gen_async_conv.asyncfifo_axi/inst_fifo_gen/gaxi_full_lite.gread_ch.grach2.axi_rach/grf.rf/gntv_or_sync_fifo.gl0.rd/gr1.gr1_int.rfwft/aempty_fwft_i, i_xlnx_axi_clock_converter_ddr/inst/gen_clock_conv.gen_async_conv.asyncfifo_axi/inst_fifo_gen/gaxi_full_lite.gwrite_ch.gwrch2.axi_wrch/grf.rf/gntv_or_sync_fifo.gl0.rd/gr1.gr1_int.rfwft/aempty_fwft_i, i_ariane_peripherals/gen_spi.i_xlnx_axi_dwidth_converter_spi/inst/gen_downsizer.gen_simple_downsizer.axi_downsizer_inst/USE_READ.read_addr_inst/cmd_queue/inst/fifo_gen_inst/inst_fifo_gen/gconvfifo.rf/grf.rf/gntv_or_sync_fifo.gl0.rd/gr1.gr1_int.rfwft/aempty_fwft_i, i_ariane_peripherals/gen_gpio.i_xlnx_axi_dwidth_converter_gpio/inst/gen_downsizer.gen_simple_downsizer.axi_downsizer_inst/USE_READ.read_addr_inst/cmd_queue/inst/fifo_gen_inst/inst_fifo_gen/gconvfifo.rf/grf.rf/gntv_or_sync_fifo.gl0.rd/gr1.gr1_int.rfwft/aempty_fwft_i, i_xlnx_axi_clock_converter_ddr/inst/gen_clock_conv.gen_async_conv.asyncfifo_axi/inst_fifo_gen/gaxi_full_lite.gread_ch.grdch2.axi_rdch/grf.rf/gntv_or_sync_fifo.gl0.rd/gr1.gr1_int.rfwft/aempty_fwft_i, i_dmi_jtag/i_dmi_cdc/i_cdc_resp/i_dst/data_dst_q[resp][1:0], i_xlnx_axi_clock_converter_ddr/inst/gen_clock_conv.gen_async_conv.asyncfifo_axi/inst_fifo_gen/gaxi_full_lite.gwrite_ch.gwdch2.axi_wdch/grf.rf/rstblk/ngwrdrst.grst.rd_rst_reg[2:0], i_ariane_peripherals/gen_spi.i_xlnx_axi_dwidth_converter_spi/inst/gen_downsizer.gen_simple_downsizer.axi_downsizer_inst/USE_WRITE.write_addr_inst/cmd_queue/inst/fifo_gen_inst/inst_fifo_gen/gconvfifo.rf/grf.rf/rstblk/ngwrdrst.grst.rd_rst_reg[2:0], i_xlnx_axi_clock_converter_ddr/inst/gen_clock_conv.gen_async_conv.asyncfifo_axi/inst_fifo_gen/gaxi_full_lite.gwrite_ch.gwach2.axi_wach/grf.rf/rstblk/ngwrdrst.grst.rd_rst_reg[2:0]... and (the first 15 of 68 listed).
INFO: [DRC REQP-165] writefirst: Synchronous clocking is detected for BRAM (i_ariane_peripherals/gen_hwicap.i_hwicap/U0/ICAP_NOT_SHARED.HWICAP_CTRL_I/IPIC_IF_I/RD_FIFO.RDDATA_FIFO_I/xpm_fifo_instance.xpm_fifo_async_inst/gnuram_async_fifo.xpm_fifo_base_inst/gen_sdpram.xpm_memory_base_inst/gen_wr_a.gen_word_narrow.mem_reg) in SDP mode with WRITE_FIRST write-mode. This is the preferred mode for best power characteristics, however it may exhibit address collisions if the same address appears on both read and write ports resulting in unknown or corrupted read data. It is suggested to confirm via simulation that an address collision never occurs and if so it is suggested to try and avoid this situation. If address collisions cannot be avoided, the write-mode may be set to READ_FIRST which guarantees that the read data is the prior contents of the memory at the cost of additional power in the design. See the FPGA Memory Resources User Guide for additional information.
INFO: [DRC REQP-165] writefirst: Synchronous clocking is detected for BRAM (i_ariane_peripherals/gen_hwicap.i_hwicap/U0/ICAP_NOT_SHARED.HWICAP_CTRL_I/IPIC_IF_I/WRFIFO.WRDATA_FIFO_I/xpm_fifo_instance.xpm_fifo_async_inst/gnuram_async_fifo.xpm_fifo_base_inst/gen_sdpram.xpm_memory_base_inst/gen_wr_a.gen_word_narrow.mem_reg) in SDP mode with WRITE_FIRST write-mode. This is the preferred mode for best power characteristics, however it may exhibit address collisions if the same address appears on both read and write ports resulting in unknown or corrupted read data. It is suggested to confirm via simulation that an address collision never occurs and if so it is suggested to try and avoid this situation. If address collisions cannot be avoided, the write-mode may be set to READ_FIRST which guarantees that the read data is the prior contents of the memory at the cost of additional power in the design. See the FPGA Memory Resources User Guide for additional information.
INFO: [Vivado 12-3199] DRC finished with 0 Errors, 238 Warnings, 2 Advisories
INFO: [Vivado 12-3200] Please refer to the DRC report (report_drc) for more information.
Partition "pblock_accel2" Reconfigurable Module "i_ariane_peripherals/gen_dma.gen_accel2.i_accel2"
Partition "pblock_accel1" Reconfigurable Module "i_ariane_peripherals/gen_dma.i_accel1"
INFO: [Vivado 12-4077] No full design bitstream will be created with the use of the -cell option.
Process Partition "pblock_accel2"
INFO: [Designutils 20-2272] Running write_bitstream with 8 threads.
Loading data files...
Loading site data...
Loading route data...
Processing options...
Creating bitmap...
Creating bitstream...
Partial bitstream contains 32966848 bits.
Writing bitstream /home/jc/tmp/riscv-iommu-demo/cva6/corev_apu/fpga/work-dpr/partial_accel_A_accel2.bit...
INFO: [Vivado 12-1842] Bitgen Completed Successfully.
INFO: [Common 17-83] Releasing license: Implementation
13 Infos, 237 Warnings, 0 Critical Warnings and 0 Errors encountered.
write_bitstream completed successfully
write_bitstream: Time (s): cpu = 00:03:00 ; elapsed = 00:02:36 . Memory (MB): peak = 5557.215 ; gain = 0.000 ; free physical = 30784 ; free virtual = 41869
# puts "OK: $work_dpr/partial_${rm_name}_accel2.bit"
OK: /home/jc/tmp/riscv-iommu-demo/cva6/corev_apu/fpga/work-dpr/partial_accel_A_accel2.bit
# write_checkpoint -force $work_dpr/${rm_name}_routed.dcp
INFO: [Timing 38-480] Writing timing data to binary archive.
Writing XDEF routing.
Writing XDEF routing logical nets.
Writing XDEF routing special nets.
Write XDEF Complete: Time (s): cpu = 00:00:28 ; elapsed = 00:00:13 . Memory (MB): peak = 5557.215 ; gain = 0.000 ; free physical = 30448 ; free virtual = 41782
INFO: [Common 17-1381] The checkpoint '/home/jc/tmp/riscv-iommu-demo/cva6/corev_apu/fpga/work-dpr/accel_A_routed.dcp' has been generated.
write_checkpoint: Time (s): cpu = 00:00:35 ; elapsed = 00:00:20 . Memory (MB): peak = 5557.215 ; gain = 0.000 ; free physical = 30601 ; free virtual = 41754
# puts "OK: checkpoint -> $work_dpr/${rm_name}_routed.dcp"
OK: checkpoint -> /home/jc/tmp/riscv-iommu-demo/cva6/corev_apu/fpga/work-dpr/accel_A_routed.dcp
INFO: [Common 17-206] Exiting Vivado at Fri Apr  3 13:52:43 2026...
make : on quitte le répertoire « /home/jc/tmp/riscv-iommu-demo/dpr »
