CMD: make -C /home/jc/tmp/riscv-iommu-demo/dpr dpr-static FORCE_STATIC=1 WORK_DPR=/home/jc/tmp/riscv-iommu-demo/cva6/corev_apu/fpga/work-dpr/3_build_B_dpr
DATE: jeu. 09 avril 2026 13:00:38 CEST
---
make : on entre dans le répertoire « /home/jc/tmp/riscv-iommu-demo/dpr »
==> Préparation des sources DPR...
mkdir -p /home/jc/tmp/riscv-iommu-demo/cva6/corev_apu/fpga/src
cp /home/jc/tmp/riscv-iommu-demo/dpr/src/rp_boundary_regs.sv /home/jc/tmp/riscv-iommu-demo/cva6/corev_apu/fpga/src/
cp /home/jc/tmp/riscv-iommu-demo/dpr/src/rp_boundary_regs_mmu.sv /home/jc/tmp/riscv-iommu-demo/cva6/corev_apu/fpga/src/
cp /home/jc/tmp/riscv-iommu-demo/dpr/rm/accel_default/accel_blank.sv /home/jc/tmp/riscv-iommu-demo/cva6/corev_apu/fpga/src/accel_wrap.sv
==> Génération des IPs Xilinx...
make -C /home/jc/tmp/riscv-iommu-demo/cva6/corev_apu/fpga \
	work-fpga/xlnx_axi_clock_converter.xci \
	work-fpga/xlnx_axi_dwidth_converter.xci \
	work-fpga/xlnx_axi_dwidth_converter_dm_master.xci \
	work-fpga/xlnx_axi_dwidth_converter_dm_slave.xci \
	work-fpga/xlnx_axi_quad_spi.xci \
	work-fpga/xlnx_axi_gpio.xci \
	work-fpga/xlnx_clk_gen.xci \
	work-fpga/xlnx_mig_7_ddr3.xci \
	work-fpga/xlnx_axi_hwicap.xci
make[1] : on entre dans le répertoire « /home/jc/tmp/riscv-iommu-demo/cva6/corev_apu/fpga »
make[1]: « work-fpga/xlnx_axi_clock_converter.xci » est à jour.
make[1]: « work-fpga/xlnx_axi_dwidth_converter.xci » est à jour.
make[1]: « work-fpga/xlnx_axi_dwidth_converter_dm_master.xci » est à jour.
make[1]: « work-fpga/xlnx_axi_dwidth_converter_dm_slave.xci » est à jour.
make[1]: « work-fpga/xlnx_axi_quad_spi.xci » est à jour.
make[1]: « work-fpga/xlnx_axi_gpio.xci » est à jour.
make[1]: « work-fpga/xlnx_clk_gen.xci » est à jour.
make[1]: « work-fpga/xlnx_mig_7_ddr3.xci » est à jour.
make[1]: « work-fpga/xlnx_axi_hwicap.xci » est à jour.
make[1] : on quitte le répertoire « /home/jc/tmp/riscv-iommu-demo/cva6/corev_apu/fpga »
==> Lancement de la synthèse STATIQUE (Vivado)...

****** Vivado v2022.2 (64-bit)
  **** SW Build 3671981 on Fri Oct 14 04:59:54 MDT 2022
  **** IP Build 3669848 on Fri Oct 14 08:30:02 MDT 2022
    ** Copyright 1986-2022 Xilinx, Inc. All Rights Reserved.

source /home/jc/tmp/riscv-iommu-demo/dpr/scripts/run_static.tcl
# set cva6_fpga [lindex $argv 0]
# set dpr_dir   [lindex $argv 1]
# set work_dpr  [lindex $argv 2]
# open_project $cva6_fpga/ariane.xpr
INFO: [filemgmt 56-3] Default IP Output Path : Could not find the directory '/home/jc/tmp/riscv-iommu-demo/cva6/corev_apu/fpga/ariane.gen/sources_1'.
Scanning sources...
Finished scanning sources
INFO: [IP_Flow 19-234] Refreshing IP repositories
INFO: [IP_Flow 19-1704] No user IP repositories specified
INFO: [IP_Flow 19-2313] Loaded Vivado IP repository '/tools/Xilinx/Vivado/2022.2/data/ip'.
open_project: Time (s): cpu = 00:00:05 ; elapsed = 00:00:07 . Memory (MB): peak = 1791.793 ; gain = 165.711 ; free physical = 39598 ; free virtual = 48761
# puts "==> Nettoyage des anciens XDC pblock..."
==> Nettoyage des anciens XDC pblock...
# foreach f [get_files -quiet -filter {NAME =~ *pblock*}] {
#     remove_files -fileset constrs_1 $f
#     puts "  -> retiré : [file tail $f]"
# }
# puts "==> Vérification des sources DPR..."
==> Vérification des sources DPR...
# foreach f [list \
#     $dpr_dir/src/rp_boundary_regs.sv \
#     $dpr_dir/src/rp_boundary_regs_mmu.sv \
#     $cva6_fpga/src/accel_wrap.sv \
#     $cva6_fpga/src/apb_to_axilite.sv \
# ] {
#     if {[llength [get_files -quiet $f]] == 0} {
#         add_files -fileset sources_1 -norecurse $f
#         puts "  -> ajouté : [file tail $f]"
#     } else {
#         puts "  -> déjà présent : [file tail $f]"
#     }
# }
  -> déjà présent : rp_boundary_regs.sv
  -> déjà présent : rp_boundary_regs_mmu.sv
  -> déjà présent : accel_wrap.sv
  -> déjà présent : apb_to_axilite.sv
# update_compile_order -fileset sources_1
update_compile_order: Time (s): cpu = 00:00:05 ; elapsed = 00:00:06 . Memory (MB): peak = 1874.801 ; gain = 83.008 ; free physical = 39642 ; free virtual = 48805
# puts "==> Vérification de l'IP HWICAP..."
==> Vérification de l'IP HWICAP...
# set hwicap_xci $cva6_fpga/xilinx/xlnx_axi_hwicap/xlnx_axi_hwicap.srcs/sources_1/ip/xlnx_axi_hwicap/xlnx_axi_hwicap.xci
# if {[llength [get_files -quiet $hwicap_xci]] == 0} {
#     add_files -norecurse $hwicap_xci
#     puts "  -> ajoutée : xlnx_axi_hwicap.xci"
# } else {
#     puts "  -> déjà présente : xlnx_axi_hwicap.xci"
# }
  -> déjà présente : xlnx_axi_hwicap.xci
# set_property top ariane_xilinx [get_filesets sources_1]
# set_property -name {STEPS.SYNTH_DESIGN.ARGS.FLATTEN_HIERARCHY} \
#     -value {none} -objects [get_runs synth_1]
# puts "==> Synthèse OOC des IPs dm_master et dm_slave..."
==> Synthèse OOC des IPs dm_master et dm_slave...
# foreach ip {xlnx_axi_dwidth_converter_dm_master xlnx_axi_dwidth_converter_dm_slave} {
#     set ip_obj [get_ips -quiet $ip]
#     if {[llength $ip_obj] > 0} {
#         synth_ip $ip_obj
#         puts "  -> synthétisée : $ip"
#     } else {
#         puts "  WARNING: IP non trouvée : $ip"
#     }
# }
INFO: [Vivado 12-3435] The given sub-design is up-to-date, no action was taken.  If a regeneration is desired, use the '-force' option: /home/jc/tmp/riscv-iommu-demo/cva6/corev_apu/fpga/xilinx/xlnx_axi_dwidth_converter_dm_master/xlnx_axi_dwidth_converter_dm_master.srcs/sources_1/ip/xlnx_axi_dwidth_converter_dm_master/xlnx_axi_dwidth_converter_dm_master.xci
INFO: [Vivado 12-3441] generate_netlist_ip - operation complete
  -> synthétisée : xlnx_axi_dwidth_converter_dm_master
INFO: [Vivado 12-3435] The given sub-design is up-to-date, no action was taken.  If a regeneration is desired, use the '-force' option: /home/jc/tmp/riscv-iommu-demo/cva6/corev_apu/fpga/xilinx/xlnx_axi_dwidth_converter_dm_slave/xlnx_axi_dwidth_converter_dm_slave.srcs/sources_1/ip/xlnx_axi_dwidth_converter_dm_slave/xlnx_axi_dwidth_converter_dm_slave.xci
INFO: [Vivado 12-3441] generate_netlist_ip - operation complete
  -> synthétisée : xlnx_axi_dwidth_converter_dm_slave
# puts "==> Génération des cibles HWICAP..."
==> Génération des cibles HWICAP...
# set hwicap_ip [get_ips -quiet xlnx_axi_hwicap]
# if {[llength $hwicap_ip] > 0} {
#     generate_target all [get_ips xlnx_axi_hwicap]
#     set hwicap_run [get_runs -quiet xlnx_axi_hwicap_synth_1]
#     if {[llength $hwicap_run] > 0} {
#         reset_run xlnx_axi_hwicap_synth_1
#     }
#     synth_ip [get_ips xlnx_axi_hwicap]
#     puts "  -> generate_target OK : xlnx_axi_hwicap"
# } else {
#     puts "  WARNING: xlnx_axi_hwicap non trouvée dans le projet"
# }
INFO: [Vivado 12-3435] The given sub-design is up-to-date, no action was taken.  If a regeneration is desired, use the '-force' option: /home/jc/tmp/riscv-iommu-demo/cva6/corev_apu/fpga/xilinx/xlnx_axi_hwicap/xlnx_axi_hwicap.srcs/sources_1/ip/xlnx_axi_hwicap/xlnx_axi_hwicap.xci
INFO: [Vivado 12-3441] generate_netlist_ip - operation complete
  -> generate_target OK : xlnx_axi_hwicap
# puts "==> Lancement de la synthèse synth_1..."
==> Lancement de la synthèse synth_1...
# reset_run synth_1
INFO: [Project 1-1160] Copying file /home/jc/tmp/riscv-iommu-demo/cva6/corev_apu/fpga/ariane.runs/synth_1/ariane_xilinx.dcp to /home/jc/tmp/riscv-iommu-demo/cva6/corev_apu/fpga/ariane.srcs/utils_1/imports/synth_1 and adding it to utils fileset
# launch_runs synth_1 -jobs 8
INFO: [Vivado 12-4149] The synthesis checkpoint for IP '/home/jc/tmp/riscv-iommu-demo/cva6/corev_apu/fpga/xilinx/xlnx_axi_dwidth_converter_dm_master/xlnx_axi_dwidth_converter_dm_master.srcs/sources_1/ip/xlnx_axi_dwidth_converter_dm_master/xlnx_axi_dwidth_converter_dm_master.xci' is already up-to-date
INFO: [Vivado 12-4149] The synthesis checkpoint for IP '/home/jc/tmp/riscv-iommu-demo/cva6/corev_apu/fpga/xilinx/xlnx_axi_dwidth_converter_dm_slave/xlnx_axi_dwidth_converter_dm_slave.srcs/sources_1/ip/xlnx_axi_dwidth_converter_dm_slave/xlnx_axi_dwidth_converter_dm_slave.xci' is already up-to-date
INFO: [Vivado 12-4149] The synthesis checkpoint for IP '/home/jc/tmp/riscv-iommu-demo/cva6/corev_apu/fpga/xilinx/xlnx_mig_7_ddr3/xlnx_mig_7_ddr3.srcs/sources_1/ip/xlnx_mig_7_ddr3/xlnx_mig_7_ddr3.xci' is already up-to-date
INFO: [Vivado 12-4149] The synthesis checkpoint for IP '/home/jc/tmp/riscv-iommu-demo/cva6/corev_apu/fpga/xilinx/xlnx_clk_gen/xlnx_clk_gen.srcs/sources_1/ip/xlnx_clk_gen/xlnx_clk_gen.xci' is already up-to-date
INFO: [Vivado 12-4149] The synthesis checkpoint for IP '/home/jc/tmp/riscv-iommu-demo/cva6/corev_apu/fpga/xilinx/xlnx_axi_hwicap/xlnx_axi_hwicap.srcs/sources_1/ip/xlnx_axi_hwicap/xlnx_axi_hwicap.xci' is already up-to-date
INFO: [Vivado 12-4149] The synthesis checkpoint for IP '/home/jc/tmp/riscv-iommu-demo/cva6/corev_apu/fpga/xilinx/xlnx_axi_gpio/xlnx_axi_gpio.srcs/sources_1/ip/xlnx_axi_gpio/xlnx_axi_gpio.xci' is already up-to-date
INFO: [Vivado 12-4149] The synthesis checkpoint for IP '/home/jc/tmp/riscv-iommu-demo/cva6/corev_apu/fpga/xilinx/xlnx_axi_dwidth_converter/xlnx_axi_dwidth_converter.srcs/sources_1/ip/xlnx_axi_dwidth_converter/xlnx_axi_dwidth_converter.xci' is already up-to-date
INFO: [Vivado 12-4149] The synthesis checkpoint for IP '/home/jc/tmp/riscv-iommu-demo/cva6/corev_apu/fpga/xilinx/xlnx_axi_quad_spi/xlnx_axi_quad_spi.srcs/sources_1/ip/xlnx_axi_quad_spi/xlnx_axi_quad_spi.xci' is already up-to-date
[Thu Apr  9 13:00:57 2026] Launched synth_1...
Run output will be captured here: /home/jc/tmp/riscv-iommu-demo/cva6/corev_apu/fpga/ariane.runs/synth_1/runme.log
# wait_on_run synth_1
[Thu Apr  9 13:00:57 2026] Waiting for synth_1 to finish...

*** Running vivado
    with args -log ariane_xilinx.vds -m64 -product Vivado -mode batch -messageDb vivado.pb -notrace -source ariane_xilinx.tcl


****** Vivado v2022.2 (64-bit)
  **** SW Build 3671981 on Fri Oct 14 04:59:54 MDT 2022
  **** IP Build 3669848 on Fri Oct 14 08:30:02 MDT 2022
    ** Copyright 1986-2022 Xilinx, Inc. All Rights Reserved.

source ariane_xilinx.tcl -notrace
create_project: Time (s): cpu = 00:00:05 ; elapsed = 00:00:06 . Memory (MB): peak = 1732.684 ; gain = 112.023 ; free physical = 38897 ; free virtual = 48058
Command: read_checkpoint -auto_incremental -incremental /home/jc/tmp/riscv-iommu-demo/cva6/corev_apu/fpga/ariane.srcs/utils_1/imports/synth_1/ariane_xilinx.dcp
INFO: [Vivado 12-5825] Read reference checkpoint from /home/jc/tmp/riscv-iommu-demo/cva6/corev_apu/fpga/ariane.srcs/utils_1/imports/synth_1/ariane_xilinx.dcp for incremental synthesis
INFO: [Vivado 12-7989] Please ensure there are no constraint changes
Command: synth_design -top ariane_xilinx -part xc7k325tffg900-2 -flatten_hierarchy none
Starting synth_design
Attempting to get a license for feature 'Synthesis' and/or device 'xc7k325t'
INFO: [Common 17-349] Got license for feature 'Synthesis' and/or device 'xc7k325t'
INFO: [Common 17-1540] The version limit for your license is '2025.06' and has expired for new software. A version limit expiration means that, although you may be able to continue to use the current version of tools or IP with this license, you will not be eligible for new releases.
INFO: [Device 21-403] Loading part xc7k325tffg900-2
INFO: [Synth 8-7079] Multithreading enabled for synth_design using a maximum of 4 processes.
INFO: [Synth 8-7078] Launching helper process for spawning children vivado processes
INFO: [Synth 8-7075] Helper process launched with PID 68133
INFO: [Synth 8-11241] undeclared symbol 'REGCCE', assumed default net type 'wire' [/tools/Xilinx/Vivado/2022.2/data/verilog/src/unimacro/BRAM_SINGLE_MACRO.v:2170]
WARNING: [Synth 8-11067] parameter 'BurstWidth' declared inside package 'axi_pkg' shall be treated as localparam [/home/jc/tmp/riscv-iommu-demo/cva6/corev_apu/fpga/src/armor/SRC/axi_pkg.sv:27]
WARNING: [Synth 8-11067] parameter 'RespWidth' declared inside package 'axi_pkg' shall be treated as localparam [/home/jc/tmp/riscv-iommu-demo/cva6/corev_apu/fpga/src/armor/SRC/axi_pkg.sv:29]
WARNING: [Synth 8-11067] parameter 'CacheWidth' declared inside package 'axi_pkg' shall be treated as localparam [/home/jc/tmp/riscv-iommu-demo/cva6/corev_apu/fpga/src/armor/SRC/axi_pkg.sv:31]
WARNING: [Synth 8-11067] parameter 'ProtWidth' declared inside package 'axi_pkg' shall be treated as localparam [/home/jc/tmp/riscv-iommu-demo/cva6/corev_apu/fpga/src/armor/SRC/axi_pkg.sv:33]
WARNING: [Synth 8-11067] parameter 'QosWidth' declared inside package 'axi_pkg' shall be treated as localparam [/home/jc/tmp/riscv-iommu-demo/cva6/corev_apu/fpga/src/armor/SRC/axi_pkg.sv:35]
WARNING: [Synth 8-11067] parameter 'RegionWidth' declared inside package 'axi_pkg' shall be treated as localparam [/home/jc/tmp/riscv-iommu-demo/cva6/corev_apu/fpga/src/armor/SRC/axi_pkg.sv:37]
WARNING: [Synth 8-11067] parameter 'LenWidth' declared inside package 'axi_pkg' shall be treated as localparam [/home/jc/tmp/riscv-iommu-demo/cva6/corev_apu/fpga/src/armor/SRC/axi_pkg.sv:39]
WARNING: [Synth 8-11067] parameter 'SizeWidth' declared inside package 'axi_pkg' shall be treated as localparam [/home/jc/tmp/riscv-iommu-demo/cva6/corev_apu/fpga/src/armor/SRC/axi_pkg.sv:41]
WARNING: [Synth 8-11067] parameter 'LockWidth' declared inside package 'axi_pkg' shall be treated as localparam [/home/jc/tmp/riscv-iommu-demo/cva6/corev_apu/fpga/src/armor/SRC/axi_pkg.sv:43]
WARNING: [Synth 8-11067] parameter 'AtopWidth' declared inside package 'axi_pkg' shall be treated as localparam [/home/jc/tmp/riscv-iommu-demo/cva6/corev_apu/fpga/src/armor/SRC/axi_pkg.sv:45]
WARNING: [Synth 8-11067] parameter 'NsaidWidth' declared inside package 'axi_pkg' shall be treated as localparam [/home/jc/tmp/riscv-iommu-demo/cva6/corev_apu/fpga/src/armor/SRC/axi_pkg.sv:47]
CRITICAL WARNING: [Synth 8-9873] overwriting previous definition of package 'axi_pkg' [/home/jc/tmp/riscv-iommu-demo/cva6/vendor/pulp-platform/axi/src/axi_pkg.sv:423]
INFO: [Synth 8-9937] previous definition of design element 'axi_pkg' is here [/home/jc/tmp/riscv-iommu-demo/cva6/corev_apu/fpga/src/armor/SRC/axi_pkg.sv:545]
CRITICAL WARNING: [Synth 8-9873] overwriting previous definition of interface 'AXI_BUS' [/home/jc/tmp/riscv-iommu-demo/cva6/corev_apu/fpga/src/armor/SRC/axi_intf.sv:110]
INFO: [Synth 8-9937] previous definition of design element 'AXI_BUS' is here [/home/jc/tmp/riscv-iommu-demo/cva6/core/include/axi_intf.sv:103]
CRITICAL WARNING: [Synth 8-9873] overwriting previous definition of interface 'AXI_BUS_ASYNC' [/home/jc/tmp/riscv-iommu-demo/cva6/corev_apu/fpga/src/armor/SRC/axi_intf.sv:354]
INFO: [Synth 8-9937] previous definition of design element 'AXI_BUS_ASYNC' is here [/home/jc/tmp/riscv-iommu-demo/cva6/core/include/axi_intf.sv:185]
CRITICAL WARNING: [Synth 8-9873] overwriting previous definition of interface 'AXI_LITE' [/home/jc/tmp/riscv-iommu-demo/cva6/corev_apu/fpga/src/armor/SRC/axi_intf.sv:471]
INFO: [Synth 8-9937] previous definition of design element 'AXI_LITE' is here [/home/jc/tmp/riscv-iommu-demo/cva6/core/include/axi_intf.sv:359]
WARNING: [Synth 8-6901] identifier 'mask' is used before its declaration [/home/jc/tmp/riscv-iommu-demo/cva6/core/csr_regfile.sv:315]
WARNING: [Synth 8-6901] identifier 'mask' is used before its declaration [/home/jc/tmp/riscv-iommu-demo/cva6/core/csr_regfile.sv:316]
WARNING: [Synth 8-6901] identifier 'mask' is used before its declaration [/home/jc/tmp/riscv-iommu-demo/cva6/core/csr_regfile.sv:319]
WARNING: [Synth 8-6901] identifier 'mask' is used before its declaration [/home/jc/tmp/riscv-iommu-demo/cva6/core/csr_regfile.sv:320]
WARNING: [Synth 8-11067] parameter 'NbInstr' declared inside package 'cvxif_instr_pkg' shall be treated as localparam [/home/jc/tmp/riscv-iommu-demo/cva6/core/cvxif_example/include/cvxif_instr_pkg.sv:19]
WARNING: [Synth 8-11067] parameter 'CoproInstr' declared inside package 'cvxif_instr_pkg' shall be treated as localparam [/home/jc/tmp/riscv-iommu-demo/cva6/core/cvxif_example/include/cvxif_instr_pkg.sv:20]
WARNING: [Synth 8-11067] parameter 'BlockAw' declared inside package 'idma_reg64_frontend_reg_pkg' shall be treated as localparam [/home/jc/tmp/riscv-iommu-demo/cva6/corev_apu/iDMA/src/frontends/register_64bit/idma_reg64_frontend_reg_pkg.sv:10]
WARNING: [Synth 8-11067] parameter 'IDMA_REG64_FRONTEND_SRC_ADDR_OFFSET' declared inside package 'idma_reg64_frontend_reg_pkg' shall be treated as localparam [/home/jc/tmp/riscv-iommu-demo/cva6/corev_apu/iDMA/src/frontends/register_64bit/idma_reg64_frontend_reg_pkg.sv:104]
WARNING: [Synth 8-11067] parameter 'IDMA_REG64_FRONTEND_DST_ADDR_OFFSET' declared inside package 'idma_reg64_frontend_reg_pkg' shall be treated as localparam [/home/jc/tmp/riscv-iommu-demo/cva6/corev_apu/iDMA/src/frontends/register_64bit/idma_reg64_frontend_reg_pkg.sv:105]
WARNING: [Synth 8-11067] parameter 'IDMA_REG64_FRONTEND_NUM_BYTES_OFFSET' declared inside package 'idma_reg64_frontend_reg_pkg' shall be treated as localparam [/home/jc/tmp/riscv-iommu-demo/cva6/corev_apu/iDMA/src/frontends/register_64bit/idma_reg64_frontend_reg_pkg.sv:106]
WARNING: [Synth 8-11067] parameter 'IDMA_REG64_FRONTEND_CONF_OFFSET' declared inside package 'idma_reg64_frontend_reg_pkg' shall be treated as localparam [/home/jc/tmp/riscv-iommu-demo/cva6/corev_apu/iDMA/src/frontends/register_64bit/idma_reg64_frontend_reg_pkg.sv:107]
WARNING: [Synth 8-11067] parameter 'IDMA_REG64_FRONTEND_STATUS_OFFSET' declared inside package 'idma_reg64_frontend_reg_pkg' shall be treated as localparam [/home/jc/tmp/riscv-iommu-demo/cva6/corev_apu/iDMA/src/frontends/register_64bit/idma_reg64_frontend_reg_pkg.sv:108]
WARNING: [Synth 8-11067] parameter 'IDMA_REG64_FRONTEND_NEXT_ID_OFFSET' declared inside package 'idma_reg64_frontend_reg_pkg' shall be treated as localparam [/home/jc/tmp/riscv-iommu-demo/cva6/corev_apu/iDMA/src/frontends/register_64bit/idma_reg64_frontend_reg_pkg.sv:109]
WARNING: [Synth 8-11067] parameter 'IDMA_REG64_FRONTEND_DONE_OFFSET' declared inside package 'idma_reg64_frontend_reg_pkg' shall be treated as localparam [/home/jc/tmp/riscv-iommu-demo/cva6/corev_apu/iDMA/src/frontends/register_64bit/idma_reg64_frontend_reg_pkg.sv:110]
WARNING: [Synth 8-11067] parameter 'IDMA_REG64_FRONTEND_INTF_OFFSET' declared inside package 'idma_reg64_frontend_reg_pkg' shall be treated as localparam [/home/jc/tmp/riscv-iommu-demo/cva6/corev_apu/iDMA/src/frontends/register_64bit/idma_reg64_frontend_reg_pkg.sv:111]
WARNING: [Synth 8-11067] parameter 'IDMA_REG64_FRONTEND_STATUS_RESVAL' declared inside package 'idma_reg64_frontend_reg_pkg' shall be treated as localparam [/home/jc/tmp/riscv-iommu-demo/cva6/corev_apu/iDMA/src/frontends/register_64bit/idma_reg64_frontend_reg_pkg.sv:114]
WARNING: [Synth 8-11067] parameter 'IDMA_REG64_FRONTEND_NEXT_ID_RESVAL' declared inside package 'idma_reg64_frontend_reg_pkg' shall be treated as localparam [/home/jc/tmp/riscv-iommu-demo/cva6/corev_apu/iDMA/src/frontends/register_64bit/idma_reg64_frontend_reg_pkg.sv:115]
WARNING: [Synth 8-11067] parameter 'IDMA_REG64_FRONTEND_DONE_RESVAL' declared inside package 'idma_reg64_frontend_reg_pkg' shall be treated as localparam [/home/jc/tmp/riscv-iommu-demo/cva6/corev_apu/iDMA/src/frontends/register_64bit/idma_reg64_frontend_reg_pkg.sv:116]
WARNING: [Synth 8-11067] parameter 'IDMA_REG64_FRONTEND_PERMIT' declared inside package 'idma_reg64_frontend_reg_pkg' shall be treated as localparam [/home/jc/tmp/riscv-iommu-demo/cva6/corev_apu/iDMA/src/frontends/register_64bit/idma_reg64_frontend_reg_pkg.sv:131]
WARNING: [Synth 8-11065] parameter 'STYLE_INT' becomes localparam in 'rgmii_lfsr' with formal parameter declaration list [/home/jc/tmp/riscv-iommu-demo/cva6/corev_apu/fpga/src/ariane-ethernet/rgmii_lfsr.sv:364]
WARNING: [Synth 8-11067] parameter 'BlockAw' declared inside package 'rv_iommu_reg_pkg' shall be treated as localparam [/home/jc/tmp/riscv-iommu-demo/cva6/corev_apu/rv_iommu/packages/rv_iommu/rv_iommu_reg_pkg.sv:22]
WARNING: [Synth 8-11067] parameter 'IOMMU_CAPABILITIES_OFFSET_L' declared inside package 'rv_iommu_reg_pkg' shall be treated as localparam [/home/jc/tmp/riscv-iommu-demo/cva6/corev_apu/rv_iommu/packages/rv_iommu/rv_iommu_reg_pkg.sv:484]
WARNING: [Synth 8-11067] parameter 'IOMMU_CAPABILITIES_OFFSET_H' declared inside package 'rv_iommu_reg_pkg' shall be treated as localparam [/home/jc/tmp/riscv-iommu-demo/cva6/corev_apu/rv_iommu/packages/rv_iommu/rv_iommu_reg_pkg.sv:485]
WARNING: [Synth 8-11067] parameter 'IOMMU_FCTL_OFFSET' declared inside package 'rv_iommu_reg_pkg' shall be treated as localparam [/home/jc/tmp/riscv-iommu-demo/cva6/corev_apu/rv_iommu/packages/rv_iommu/rv_iommu_reg_pkg.sv:486]
WARNING: [Synth 8-11067] parameter 'IOMMU_DDTP_OFFSET_L' declared inside package 'rv_iommu_reg_pkg' shall be treated as localparam [/home/jc/tmp/riscv-iommu-demo/cva6/corev_apu/rv_iommu/packages/rv_iommu/rv_iommu_reg_pkg.sv:487]
WARNING: [Synth 8-11067] parameter 'IOMMU_DDTP_OFFSET_H' declared inside package 'rv_iommu_reg_pkg' shall be treated as localparam [/home/jc/tmp/riscv-iommu-demo/cva6/corev_apu/rv_iommu/packages/rv_iommu/rv_iommu_reg_pkg.sv:488]
WARNING: [Synth 8-11067] parameter 'IOMMU_CQB_OFFSET_L' declared inside package 'rv_iommu_reg_pkg' shall be treated as localparam [/home/jc/tmp/riscv-iommu-demo/cva6/corev_apu/rv_iommu/packages/rv_iommu/rv_iommu_reg_pkg.sv:489]
WARNING: [Synth 8-11067] parameter 'IOMMU_CQB_OFFSET_H' declared inside package 'rv_iommu_reg_pkg' shall be treated as localparam [/home/jc/tmp/riscv-iommu-demo/cva6/corev_apu/rv_iommu/packages/rv_iommu/rv_iommu_reg_pkg.sv:490]
WARNING: [Synth 8-11067] parameter 'IOMMU_CQH_OFFSET' declared inside package 'rv_iommu_reg_pkg' shall be treated as localparam [/home/jc/tmp/riscv-iommu-demo/cva6/corev_apu/rv_iommu/packages/rv_iommu/rv_iommu_reg_pkg.sv:491]
WARNING: [Synth 8-11067] parameter 'IOMMU_CQT_OFFSET' declared inside package 'rv_iommu_reg_pkg' shall be treated as localparam [/home/jc/tmp/riscv-iommu-demo/cva6/corev_apu/rv_iommu/packages/rv_iommu/rv_iommu_reg_pkg.sv:492]
WARNING: [Synth 8-11067] parameter 'IOMMU_FQB_OFFSET_L' declared inside package 'rv_iommu_reg_pkg' shall be treated as localparam [/home/jc/tmp/riscv-iommu-demo/cva6/corev_apu/rv_iommu/packages/rv_iommu/rv_iommu_reg_pkg.sv:493]
WARNING: [Synth 8-11067] parameter 'IOMMU_FQB_OFFSET_H' declared inside package 'rv_iommu_reg_pkg' shall be treated as localparam [/home/jc/tmp/riscv-iommu-demo/cva6/corev_apu/rv_iommu/packages/rv_iommu/rv_iommu_reg_pkg.sv:494]
WARNING: [Synth 8-11067] parameter 'IOMMU_FQH_OFFSET' declared inside package 'rv_iommu_reg_pkg' shall be treated as localparam [/home/jc/tmp/riscv-iommu-demo/cva6/corev_apu/rv_iommu/packages/rv_iommu/rv_iommu_reg_pkg.sv:495]
WARNING: [Synth 8-11067] parameter 'IOMMU_FQT_OFFSET' declared inside package 'rv_iommu_reg_pkg' shall be treated as localparam [/home/jc/tmp/riscv-iommu-demo/cva6/corev_apu/rv_iommu/packages/rv_iommu/rv_iommu_reg_pkg.sv:496]
WARNING: [Synth 8-11067] parameter 'IOMMU_CQCSR_OFFSET' declared inside package 'rv_iommu_reg_pkg' shall be treated as localparam [/home/jc/tmp/riscv-iommu-demo/cva6/corev_apu/rv_iommu/packages/rv_iommu/rv_iommu_reg_pkg.sv:497]
WARNING: [Synth 8-11067] parameter 'IOMMU_FQCSR_OFFSET' declared inside package 'rv_iommu_reg_pkg' shall be treated as localparam [/home/jc/tmp/riscv-iommu-demo/cva6/corev_apu/rv_iommu/packages/rv_iommu/rv_iommu_reg_pkg.sv:498]
WARNING: [Synth 8-11067] parameter 'IOMMU_IPSR_OFFSET' declared inside package 'rv_iommu_reg_pkg' shall be treated as localparam [/home/jc/tmp/riscv-iommu-demo/cva6/corev_apu/rv_iommu/packages/rv_iommu/rv_iommu_reg_pkg.sv:499]
WARNING: [Synth 8-11067] parameter 'IOMMU_IOCNTOVF_OFFSET' declared inside package 'rv_iommu_reg_pkg' shall be treated as localparam [/home/jc/tmp/riscv-iommu-demo/cva6/corev_apu/rv_iommu/packages/rv_iommu/rv_iommu_reg_pkg.sv:500]
WARNING: [Synth 8-11067] parameter 'IOMMU_IOCNTINH_OFFSET' declared inside package 'rv_iommu_reg_pkg' shall be treated as localparam [/home/jc/tmp/riscv-iommu-demo/cva6/corev_apu/rv_iommu/packages/rv_iommu/rv_iommu_reg_pkg.sv:501]
WARNING: [Synth 8-11067] parameter 'IOMMU_IOHPMCYCLES_OFFSET_L' declared inside package 'rv_iommu_reg_pkg' shall be treated as localparam [/home/jc/tmp/riscv-iommu-demo/cva6/corev_apu/rv_iommu/packages/rv_iommu/rv_iommu_reg_pkg.sv:502]
WARNING: [Synth 8-11067] parameter 'IOMMU_IOHPMCYCLES_OFFSET_H' declared inside package 'rv_iommu_reg_pkg' shall be treated as localparam [/home/jc/tmp/riscv-iommu-demo/cva6/corev_apu/rv_iommu/packages/rv_iommu/rv_iommu_reg_pkg.sv:503]
WARNING: [Synth 8-11067] parameter 'IOMMU_IOHPMCTR_OFFSET_L' declared inside package 'rv_iommu_reg_pkg' shall be treated as localparam [/home/jc/tmp/riscv-iommu-demo/cva6/corev_apu/rv_iommu/packages/rv_iommu/rv_iommu_reg_pkg.sv:504]
WARNING: [Synth 8-11067] parameter 'IOMMU_IOHPMCTR_OFFSET_H' declared inside package 'rv_iommu_reg_pkg' shall be treated as localparam [/home/jc/tmp/riscv-iommu-demo/cva6/corev_apu/rv_iommu/packages/rv_iommu/rv_iommu_reg_pkg.sv:505]
WARNING: [Synth 8-11067] parameter 'IOMMU_IOHPMEVT_OFFSET_L' declared inside package 'rv_iommu_reg_pkg' shall be treated as localparam [/home/jc/tmp/riscv-iommu-demo/cva6/corev_apu/rv_iommu/packages/rv_iommu/rv_iommu_reg_pkg.sv:506]
WARNING: [Synth 8-11067] parameter 'IOMMU_IOHPMEVT_OFFSET_H' declared inside package 'rv_iommu_reg_pkg' shall be treated as localparam [/home/jc/tmp/riscv-iommu-demo/cva6/corev_apu/rv_iommu/packages/rv_iommu/rv_iommu_reg_pkg.sv:507]
WARNING: [Synth 8-11067] parameter 'IOMMU_TR_REQ_IOVA_OFFSET_L' declared inside package 'rv_iommu_reg_pkg' shall be treated as localparam [/home/jc/tmp/riscv-iommu-demo/cva6/corev_apu/rv_iommu/packages/rv_iommu/rv_iommu_reg_pkg.sv:508]
WARNING: [Synth 8-11067] parameter 'IOMMU_TR_REQ_IOVA_OFFSET_H' declared inside package 'rv_iommu_reg_pkg' shall be treated as localparam [/home/jc/tmp/riscv-iommu-demo/cva6/corev_apu/rv_iommu/packages/rv_iommu/rv_iommu_reg_pkg.sv:509]
WARNING: [Synth 8-11067] parameter 'IOMMU_TR_REQ_CTL_OFFSET_L' declared inside package 'rv_iommu_reg_pkg' shall be treated as localparam [/home/jc/tmp/riscv-iommu-demo/cva6/corev_apu/rv_iommu/packages/rv_iommu/rv_iommu_reg_pkg.sv:510]
WARNING: [Synth 8-11067] parameter 'IOMMU_TR_REQ_CTL_OFFSET_H' declared inside package 'rv_iommu_reg_pkg' shall be treated as localparam [/home/jc/tmp/riscv-iommu-demo/cva6/corev_apu/rv_iommu/packages/rv_iommu/rv_iommu_reg_pkg.sv:511]
WARNING: [Synth 8-11067] parameter 'IOMMU_TR_RESPONSE_OFFSET_L' declared inside package 'rv_iommu_reg_pkg' shall be treated as localparam [/home/jc/tmp/riscv-iommu-demo/cva6/corev_apu/rv_iommu/packages/rv_iommu/rv_iommu_reg_pkg.sv:512]
WARNING: [Synth 8-11067] parameter 'IOMMU_TR_RESPONSE_OFFSET_H' declared inside package 'rv_iommu_reg_pkg' shall be treated as localparam [/home/jc/tmp/riscv-iommu-demo/cva6/corev_apu/rv_iommu/packages/rv_iommu/rv_iommu_reg_pkg.sv:513]
WARNING: [Synth 8-11067] parameter 'IOMMU_ICVEC_OFFSET_L' declared inside package 'rv_iommu_reg_pkg' shall be treated as localparam [/home/jc/tmp/riscv-iommu-demo/cva6/corev_apu/rv_iommu/packages/rv_iommu/rv_iommu_reg_pkg.sv:514]
WARNING: [Synth 8-11067] parameter 'IOMMU_ICVEC_OFFSET_H' declared inside package 'rv_iommu_reg_pkg' shall be treated as localparam [/home/jc/tmp/riscv-iommu-demo/cva6/corev_apu/rv_iommu/packages/rv_iommu/rv_iommu_reg_pkg.sv:515]
WARNING: [Synth 8-11067] parameter 'IOMMU_MSI_ADDR_OFFSET_L' declared inside package 'rv_iommu_reg_pkg' shall be treated as localparam [/home/jc/tmp/riscv-iommu-demo/cva6/corev_apu/rv_iommu/packages/rv_iommu/rv_iommu_reg_pkg.sv:516]
WARNING: [Synth 8-11067] parameter 'IOMMU_MSI_ADDR_OFFSET_H' declared inside package 'rv_iommu_reg_pkg' shall be treated as localparam [/home/jc/tmp/riscv-iommu-demo/cva6/corev_apu/rv_iommu/packages/rv_iommu/rv_iommu_reg_pkg.sv:517]
WARNING: [Synth 8-11067] parameter 'IOMMU_MSI_DATA_OFFSET' declared inside package 'rv_iommu_reg_pkg' shall be treated as localparam [/home/jc/tmp/riscv-iommu-demo/cva6/corev_apu/rv_iommu/packages/rv_iommu/rv_iommu_reg_pkg.sv:518]
WARNING: [Synth 8-11067] parameter 'IOMMU_MSI_VEC_CTL_OFFSET' declared inside package 'rv_iommu_reg_pkg' shall be treated as localparam [/home/jc/tmp/riscv-iommu-demo/cva6/corev_apu/rv_iommu/packages/rv_iommu/rv_iommu_reg_pkg.sv:519]
WARNING: [Synth 8-11067] parameter 'IOMMU_PERMIT' declared inside package 'rv_iommu_reg_pkg' shall be treated as localparam [/home/jc/tmp/riscv-iommu-demo/cva6/corev_apu/rv_iommu/packages/rv_iommu/rv_iommu_reg_pkg.sv:522]
---------------------------------------------------------------------------------
Starting RTL Elaboration : Time (s): cpu = 00:00:06 ; elapsed = 00:00:07 . Memory (MB): peak = 2535.645 ; gain = 378.801 ; free physical = 37347 ; free virtual = 47067
Synthesis current peak Physical Memory [PSS] (MB): peak = 1975.014; parent = 1770.386; children = 204.628
Synthesis current peak Virtual Memory [VSS] (MB): peak = 3562.129; parent = 2558.461; children = 1003.668
---------------------------------------------------------------------------------
INFO: [Synth 8-6157] synthesizing module 'ariane_xilinx' [/home/jc/tmp/riscv-iommu-demo/cva6/corev_apu/fpga/src/ariane_xilinx.sv:14]
INFO: [Synth 8-6157] synthesizing module 'AXI_BUS' [/home/jc/tmp/riscv-iommu-demo/cva6/corev_apu/fpga/src/armor/SRC/axi_intf.sv:21]
	Parameter AXI_ADDR_WIDTH bound to: 64 - type: integer 
	Parameter AXI_DATA_WIDTH bound to: 64 - type: integer 
	Parameter AXI_ID_WIDTH bound to: 6 - type: integer 
	Parameter AXI_USER_WIDTH bound to: 1 - type: integer 
INFO: [Synth 8-6155] done synthesizing module 'AXI_BUS' (0#1) [/home/jc/tmp/riscv-iommu-demo/cva6/corev_apu/fpga/src/armor/SRC/axi_intf.sv:21]
INFO: [Synth 8-6157] synthesizing module 'AXI_BUS' [/home/jc/tmp/riscv-iommu-demo/cva6/corev_apu/fpga/src/armor/SRC/axi_intf.sv:21]
	Parameter AXI_ADDR_WIDTH bound to: 64 - type: integer 
	Parameter AXI_DATA_WIDTH bound to: 64 - type: integer 
	Parameter AXI_ID_WIDTH bound to: 6 - type: integer 
	Parameter AXI_USER_WIDTH bound to: 1 - type: integer 
INFO: [Synth 8-6155] done synthesizing module 'AXI_BUS' (0#1) [/home/jc/tmp/riscv-iommu-demo/cva6/corev_apu/fpga/src/armor/SRC/axi_intf.sv:21]
INFO: [Synth 8-6157] synthesizing module 'AXI_BUS' [/home/jc/tmp/riscv-iommu-demo/cva6/corev_apu/fpga/src/armor/SRC/axi_intf.sv:21]
	Parameter AXI_ADDR_WIDTH bound to: 64 - type: integer 
	Parameter AXI_DATA_WIDTH bound to: 64 - type: integer 
	Parameter AXI_ID_WIDTH bound to: 6 - type: integer 
	Parameter AXI_USER_WIDTH bound to: 1 - type: integer 
INFO: [Synth 8-6155] done synthesizing module 'AXI_BUS' (0#1) [/home/jc/tmp/riscv-iommu-demo/cva6/corev_apu/fpga/src/armor/SRC/axi_intf.sv:21]
INFO: [Synth 8-6157] synthesizing module 'AXI_BUS' [/home/jc/tmp/riscv-iommu-demo/cva6/corev_apu/fpga/src/armor/SRC/axi_intf.sv:21]
	Parameter AXI_ADDR_WIDTH bound to: 64 - type: integer 
	Parameter AXI_DATA_WIDTH bound to: 64 - type: integer 
	Parameter AXI_ID_WIDTH bound to: 6 - type: integer 
	Parameter AXI_USER_WIDTH bound to: 1 - type: integer 
INFO: [Synth 8-6155] done synthesizing module 'AXI_BUS' (0#1) [/home/jc/tmp/riscv-iommu-demo/cva6/corev_apu/fpga/src/armor/SRC/axi_intf.sv:21]
INFO: [Synth 8-6157] synthesizing module 'AXI_BUS' [/home/jc/tmp/riscv-iommu-demo/cva6/corev_apu/fpga/src/armor/SRC/axi_intf.sv:21]
	Parameter AXI_ADDR_WIDTH bound to: 64 - type: integer 
	Parameter AXI_DATA_WIDTH bound to: 64 - type: integer 
	Parameter AXI_ID_WIDTH bound to: 6 - type: integer 
	Parameter AXI_USER_WIDTH bound to: 1 - type: integer 
INFO: [Synth 8-6155] done synthesizing module 'AXI_BUS' (0#1) [/home/jc/tmp/riscv-iommu-demo/cva6/corev_apu/fpga/src/armor/SRC/axi_intf.sv:21]
INFO: [Synth 8-6157] synthesizing module 'AXI_BUS' [/home/jc/tmp/riscv-iommu-demo/cva6/corev_apu/fpga/src/armor/SRC/axi_intf.sv:21]
	Parameter AXI_ADDR_WIDTH bound to: 64 - type: integer 
	Parameter AXI_DATA_WIDTH bound to: 64 - type: integer 
	Parameter AXI_ID_WIDTH bound to: 6 - type: integer 
	Parameter AXI_USER_WIDTH bound to: 1 - type: integer 
INFO: [Synth 8-6155] done synthesizing module 'AXI_BUS' (0#1) [/home/jc/tmp/riscv-iommu-demo/cva6/corev_apu/fpga/src/armor/SRC/axi_intf.sv:21]
INFO: [Synth 8-6157] synthesizing module 'AXI_BUS' [/home/jc/tmp/riscv-iommu-demo/cva6/corev_apu/fpga/src/armor/SRC/axi_intf.sv:21]
	Parameter AXI_ADDR_WIDTH bound to: 64 - type: integer 
	Parameter AXI_DATA_WIDTH bound to: 64 - type: integer 
	Parameter AXI_ID_WIDTH bound to: 6 - type: integer 
	Parameter AXI_USER_WIDTH bound to: 1 - type: integer 
INFO: [Synth 8-6155] done synthesizing module 'AXI_BUS' (0#1) [/home/jc/tmp/riscv-iommu-demo/cva6/corev_apu/fpga/src/armor/SRC/axi_intf.sv:21]
INFO: [Synth 8-6157] synthesizing module 'AXI_BUS' [/home/jc/tmp/riscv-iommu-demo/cva6/corev_apu/fpga/src/armor/SRC/axi_intf.sv:21]
	Parameter AXI_ADDR_WIDTH bound to: 64 - type: integer 
	Parameter AXI_DATA_WIDTH bound to: 64 - type: integer 
	Parameter AXI_ID_WIDTH bound to: 6 - type: integer 
	Parameter AXI_USER_WIDTH bound to: 1 - type: integer 
INFO: [Synth 8-6155] done synthesizing module 'AXI_BUS' (0#1) [/home/jc/tmp/riscv-iommu-demo/cva6/corev_apu/fpga/src/armor/SRC/axi_intf.sv:21]
INFO: [Synth 8-6157] synthesizing module 'AXI_BUS' [/home/jc/tmp/riscv-iommu-demo/cva6/corev_apu/fpga/src/armor/SRC/axi_intf.sv:21]
	Parameter AXI_ADDR_WIDTH bound to: 64 - type: integer 
	Parameter AXI_DATA_WIDTH bound to: 64 - type: integer 
	Parameter AXI_ID_WIDTH bound to: 6 - type: integer 
	Parameter AXI_USER_WIDTH bound to: 1 - type: integer 
INFO: [Synth 8-6155] done synthesizing module 'AXI_BUS' (0#1) [/home/jc/tmp/riscv-iommu-demo/cva6/corev_apu/fpga/src/armor/SRC/axi_intf.sv:21]
INFO: [Synth 8-6157] synthesizing module 'AXI_BUS' [/home/jc/tmp/riscv-iommu-demo/cva6/corev_apu/fpga/src/armor/SRC/axi_intf.sv:21]
	Parameter AXI_ADDR_WIDTH bound to: 64 - type: integer 
	Parameter AXI_DATA_WIDTH bound to: 64 - type: integer 
	Parameter AXI_ID_WIDTH bound to: 6 - type: integer 
	Parameter AXI_USER_WIDTH bound to: 1 - type: integer 
INFO: [Synth 8-6155] done synthesizing module 'AXI_BUS' (0#1) [/home/jc/tmp/riscv-iommu-demo/cva6/corev_apu/fpga/src/armor/SRC/axi_intf.sv:21]
INFO: [Synth 8-6157] synthesizing module 'AXI_BUS' [/home/jc/tmp/riscv-iommu-demo/cva6/corev_apu/fpga/src/armor/SRC/axi_intf.sv:21]
	Parameter AXI_ADDR_WIDTH bound to: 64 - type: integer 
	Parameter AXI_DATA_WIDTH bound to: 64 - type: integer 
	Parameter AXI_ID_WIDTH bound to: 6 - type: integer 
	Parameter AXI_USER_WIDTH bound to: 1 - type: integer 
INFO: [Synth 8-6155] done synthesizing module 'AXI_BUS' (0#1) [/home/jc/tmp/riscv-iommu-demo/cva6/corev_apu/fpga/src/armor/SRC/axi_intf.sv:21]
INFO: [Synth 8-6157] synthesizing module 'AXI_BUS' [/home/jc/tmp/riscv-iommu-demo/cva6/corev_apu/fpga/src/armor/SRC/axi_intf.sv:21]
	Parameter AXI_ADDR_WIDTH bound to: 64 - type: integer 
	Parameter AXI_DATA_WIDTH bound to: 64 - type: integer 
	Parameter AXI_ID_WIDTH bound to: 6 - type: integer 
	Parameter AXI_USER_WIDTH bound to: 1 - type: integer 
INFO: [Synth 8-6155] done synthesizing module 'AXI_BUS' (0#1) [/home/jc/tmp/riscv-iommu-demo/cva6/corev_apu/fpga/src/armor/SRC/axi_intf.sv:21]
INFO: [Synth 8-6157] synthesizing module 'AXI_BUS' [/home/jc/tmp/riscv-iommu-demo/cva6/corev_apu/fpga/src/armor/SRC/axi_intf.sv:21]
	Parameter AXI_ADDR_WIDTH bound to: 64 - type: integer 
	Parameter AXI_DATA_WIDTH bound to: 64 - type: integer 
	Parameter AXI_ID_WIDTH bound to: 6 - type: integer 
	Parameter AXI_USER_WIDTH bound to: 1 - type: integer 
INFO: [Synth 8-6155] done synthesizing module 'AXI_BUS' (0#1) [/home/jc/tmp/riscv-iommu-demo/cva6/corev_apu/fpga/src/armor/SRC/axi_intf.sv:21]
INFO: [Synth 8-6157] synthesizing module 'AXI_BUS' [/home/jc/tmp/riscv-iommu-demo/cva6/corev_apu/fpga/src/armor/SRC/axi_intf.sv:21]
	Parameter AXI_ADDR_WIDTH bound to: 64 - type: integer 
	Parameter AXI_DATA_WIDTH bound to: 64 - type: integer 
	Parameter AXI_ID_WIDTH bound to: 6 - type: integer 
	Parameter AXI_USER_WIDTH bound to: 1 - type: integer 
INFO: [Synth 8-6155] done synthesizing module 'AXI_BUS' (0#1) [/home/jc/tmp/riscv-iommu-demo/cva6/corev_apu/fpga/src/armor/SRC/axi_intf.sv:21]
INFO: [Synth 8-6157] synthesizing module 'AXI_BUS' [/home/jc/tmp/riscv-iommu-demo/cva6/corev_apu/fpga/src/armor/SRC/axi_intf.sv:21]
	Parameter AXI_ADDR_WIDTH bound to: 64 - type: integer 
	Parameter AXI_DATA_WIDTH bound to: 64 - type: integer 
	Parameter AXI_ID_WIDTH bound to: 6 - type: integer 
	Parameter AXI_USER_WIDTH bound to: 1 - type: integer 
INFO: [Synth 8-6155] done synthesizing module 'AXI_BUS' (0#1) [/home/jc/tmp/riscv-iommu-demo/cva6/corev_apu/fpga/src/armor/SRC/axi_intf.sv:21]
INFO: [Synth 8-6157] synthesizing module 'AXI_BUS' [/home/jc/tmp/riscv-iommu-demo/cva6/corev_apu/fpga/src/armor/SRC/axi_intf.sv:21]
	Parameter AXI_ADDR_WIDTH bound to: 64 - type: integer 
	Parameter AXI_DATA_WIDTH bound to: 64 - type: integer 
	Parameter AXI_ID_WIDTH bound to: 6 - type: integer 
	Parameter AXI_USER_WIDTH bound to: 1 - type: integer 
INFO: [Synth 8-6155] done synthesizing module 'AXI_BUS' (0#1) [/home/jc/tmp/riscv-iommu-demo/cva6/corev_apu/fpga/src/armor/SRC/axi_intf.sv:21]
INFO: [Synth 8-6157] synthesizing module 'AXI_BUS' [/home/jc/tmp/riscv-iommu-demo/cva6/corev_apu/fpga/src/armor/SRC/axi_intf.sv:21]
	Parameter AXI_ADDR_WIDTH bound to: 32'b00000000000000000000000001000000 
	Parameter AXI_DATA_WIDTH bound to: 32'b00000000000000000000000001000000 
	Parameter AXI_ID_WIDTH bound to: 6 - type: integer 
	Parameter AXI_USER_WIDTH bound to: 1 - type: integer 
INFO: [Synth 8-6155] done synthesizing module 'AXI_BUS' (0#1) [/home/jc/tmp/riscv-iommu-demo/cva6/corev_apu/fpga/src/armor/SRC/axi_intf.sv:21]
INFO: [Synth 8-6157] synthesizing module 'AXI_BUS' [/home/jc/tmp/riscv-iommu-demo/cva6/corev_apu/fpga/src/armor/SRC/axi_intf.sv:21]
	Parameter AXI_ADDR_WIDTH bound to: 64 - type: integer 
	Parameter AXI_DATA_WIDTH bound to: 64 - type: integer 
	Parameter AXI_ID_WIDTH bound to: 4 - type: integer 
	Parameter AXI_USER_WIDTH bound to: 1 - type: integer 
INFO: [Synth 8-6155] done synthesizing module 'AXI_BUS' (0#1) [/home/jc/tmp/riscv-iommu-demo/cva6/corev_apu/fpga/src/armor/SRC/axi_intf.sv:21]
INFO: [Synth 8-6157] synthesizing module 'AXI_BUS' [/home/jc/tmp/riscv-iommu-demo/cva6/corev_apu/fpga/src/armor/SRC/axi_intf.sv:21]
	Parameter AXI_ADDR_WIDTH bound to: 64 - type: integer 
	Parameter AXI_DATA_WIDTH bound to: 64 - type: integer 
	Parameter AXI_ID_WIDTH bound to: 4 - type: integer 
	Parameter AXI_USER_WIDTH bound to: 1 - type: integer 
INFO: [Synth 8-6155] done synthesizing module 'AXI_BUS' (0#1) [/home/jc/tmp/riscv-iommu-demo/cva6/corev_apu/fpga/src/armor/SRC/axi_intf.sv:21]
INFO: [Synth 8-6157] synthesizing module 'AXI_BUS' [/home/jc/tmp/riscv-iommu-demo/cva6/corev_apu/fpga/src/armor/SRC/axi_intf.sv:21]
	Parameter AXI_ADDR_WIDTH bound to: 64 - type: integer 
	Parameter AXI_DATA_WIDTH bound to: 64 - type: integer 
	Parameter AXI_ID_WIDTH bound to: 4 - type: integer 
	Parameter AXI_USER_WIDTH bound to: 1 - type: integer 
INFO: [Synth 8-6155] done synthesizing module 'AXI_BUS' (0#1) [/home/jc/tmp/riscv-iommu-demo/cva6/corev_apu/fpga/src/armor/SRC/axi_intf.sv:21]
INFO: [Synth 8-6157] synthesizing module 'AXI_BUS' [/home/jc/tmp/riscv-iommu-demo/cva6/corev_apu/fpga/src/armor/SRC/axi_intf.sv:21]
	Parameter AXI_ADDR_WIDTH bound to: 64 - type: integer 
	Parameter AXI_DATA_WIDTH bound to: 64 - type: integer 
	Parameter AXI_ID_WIDTH bound to: 4 - type: integer 
	Parameter AXI_USER_WIDTH bound to: 1 - type: integer 
INFO: [Synth 8-6155] done synthesizing module 'AXI_BUS' (0#1) [/home/jc/tmp/riscv-iommu-demo/cva6/corev_apu/fpga/src/armor/SRC/axi_intf.sv:21]
INFO: [Synth 8-6157] synthesizing module 'bootrom_64' [/home/jc/tmp/riscv-iommu-demo/cva6/corev_apu/fpga/src/bootrom/bootrom_64.sv:17]
INFO: [Synth 8-6155] done synthesizing module 'bootrom_64' (0#1) [/home/jc/tmp/riscv-iommu-demo/cva6/corev_apu/fpga/src/bootrom/bootrom_64.sv:17]
INFO: [Synth 8-6157] synthesizing module 'rstgen' [/home/jc/tmp/riscv-iommu-demo/cva6/vendor/pulp-platform/common_cells/src/rstgen.sv:13]
INFO: [Synth 8-6157] synthesizing module 'rstgen_bypass' [/home/jc/tmp/riscv-iommu-demo/cva6/vendor/pulp-platform/common_cells/src/rstgen_bypass.sv:15]
INFO: [Synth 8-6155] done synthesizing module 'rstgen_bypass' (0#1) [/home/jc/tmp/riscv-iommu-demo/cva6/vendor/pulp-platform/common_cells/src/rstgen_bypass.sv:15]
INFO: [Synth 8-6155] done synthesizing module 'rstgen' (0#1) [/home/jc/tmp/riscv-iommu-demo/cva6/vendor/pulp-platform/common_cells/src/rstgen.sv:13]
INFO: [Synth 8-6157] synthesizing module 'axi_xbar_intf' [/home/jc/tmp/riscv-iommu-demo/cva6/vendor/pulp-platform/axi/src/axi_xbar.sv:242]
	Parameter AXI_USER_WIDTH bound to: 1 - type: integer 
	Parameter Cfg[NoSlvPorts] bound to: 32'b00000000000000000000000000000100 
	Parameter Cfg[NoMstPorts] bound to: 32'b00000000000000000000000000010000 
	Parameter Cfg[MaxMstTrans] bound to: 32'b00000000000000000000000000001000 
	Parameter Cfg[MaxSlvTrans] bound to: 32'b00000000000000000000000000001000 
	Parameter Cfg[FallThrough] bound to: 1'b0 
	Parameter Cfg[LatencyMode] bound to: 10'b1111111111 
	Parameter Cfg[AxiIdWidthSlvPorts] bound to: 32'b00000000000000000000000000000100 
	Parameter Cfg[AxiIdUsedSlvPorts] bound to: 32'b00000000000000000000000000000100 
	Parameter Cfg[UniqueIds] bound to: 1'b0 
	Parameter Cfg[AxiAddrWidth] bound to: 32'b00000000000000000000000001000000 
	Parameter Cfg[AxiDataWidth] bound to: 32'b00000000000000000000000001000000 
	Parameter Cfg[NoAddrRules] bound to: 32'b00000000000000000000000000010000 
INFO: [Synth 8-6157] synthesizing module 'axi_xbar' [/home/jc/tmp/riscv-iommu-demo/cva6/vendor/pulp-platform/axi/src/axi_xbar.sv:18]
	Parameter Cfg[NoSlvPorts] bound to: 32'b00000000000000000000000000000100 
	Parameter Cfg[NoMstPorts] bound to: 32'b00000000000000000000000000010000 
	Parameter Cfg[MaxMstTrans] bound to: 32'b00000000000000000000000000001000 
	Parameter Cfg[MaxSlvTrans] bound to: 32'b00000000000000000000000000001000 
	Parameter Cfg[FallThrough] bound to: 1'b0 
	Parameter Cfg[LatencyMode] bound to: 10'b1111111111 
	Parameter Cfg[AxiIdWidthSlvPorts] bound to: 32'b00000000000000000000000000000100 
	Parameter Cfg[AxiIdUsedSlvPorts] bound to: 32'b00000000000000000000000000000100 
	Parameter Cfg[UniqueIds] bound to: 1'b0 
	Parameter Cfg[AxiAddrWidth] bound to: 32'b00000000000000000000000001000000 
	Parameter Cfg[AxiDataWidth] bound to: 32'b00000000000000000000000001000000 
	Parameter Cfg[NoAddrRules] bound to: 32'b00000000000000000000000000010000 
INFO: [Synth 8-6157] synthesizing module 'addr_decode' [/home/jc/tmp/riscv-iommu-demo/cva6/vendor/pulp-platform/common_cells/src/addr_decode.sv:30]
	Parameter NoIndices bound to: 32'b00000000000000000000000000010000 
	Parameter NoRules bound to: 32'b00000000000000000000000000010000 
INFO: [Synth 8-6155] done synthesizing module 'addr_decode' (0#1) [/home/jc/tmp/riscv-iommu-demo/cva6/vendor/pulp-platform/common_cells/src/addr_decode.sv:30]
INFO: [Synth 8-6157] synthesizing module 'axi_demux' [/home/jc/tmp/riscv-iommu-demo/cva6/vendor/pulp-platform/axi/src/axi_demux.sv:19]
	Parameter AxiIdWidth bound to: 32'b00000000000000000000000000000100 
	Parameter NoMstPorts bound to: 32'b00000000000000000000000000010001 
	Parameter MaxTrans bound to: 32'b00000000000000000000000000001000 
	Parameter AxiLookBits bound to: 32'b00000000000000000000000000000100 
	Parameter UniqueIds bound to: 1'b0 
	Parameter FallThrough bound to: 1'b0 
	Parameter SpillAw bound to: 1'b1 
	Parameter SpillW bound to: 1'b1 
	Parameter SpillB bound to: 1'b1 
	Parameter SpillAr bound to: 1'b1 
	Parameter SpillR bound to: 1'b1 
INFO: [Synth 8-6157] synthesizing module 'axi_demux_id_counters' [/home/jc/tmp/riscv-iommu-demo/cva6/vendor/pulp-platform/axi/src/axi_demux.sv:576]
	Parameter AxiIdBits bound to: 32'b00000000000000000000000000000100 
	Parameter CounterWidth bound to: 32'b00000000000000000000000000000011 
INFO: [Synth 8-294] found qualifier unique on case statement: implementing as parallel_case [/home/jc/tmp/riscv-iommu-demo/cva6/vendor/pulp-platform/axi/src/axi_demux.sv:626]
INFO: [Synth 8-6157] synthesizing module 'delta_counter' [/home/jc/tmp/riscv-iommu-demo/cva6/vendor/pulp-platform/common_cells/src/delta_counter.sv:13]
	Parameter WIDTH bound to: 32'b00000000000000000000000000000011 
	Parameter STICKY_OVERFLOW bound to: 1'b0 
INFO: [Synth 8-6155] done synthesizing module 'delta_counter' (0#1) [/home/jc/tmp/riscv-iommu-demo/cva6/vendor/pulp-platform/common_cells/src/delta_counter.sv:13]
INFO: [Synth 8-294] found qualifier unique on case statement: implementing as parallel_case [/home/jc/tmp/riscv-iommu-demo/cva6/vendor/pulp-platform/axi/src/axi_demux.sv:626]
INFO: [Synth 8-294] found qualifier unique on case statement: implementing as parallel_case [/home/jc/tmp/riscv-iommu-demo/cva6/vendor/pulp-platform/axi/src/axi_demux.sv:626]
INFO: [Synth 8-294] found qualifier unique on case statement: implementing as parallel_case [/home/jc/tmp/riscv-iommu-demo/cva6/vendor/pulp-platform/axi/src/axi_demux.sv:626]
INFO: [Synth 8-294] found qualifier unique on case statement: implementing as parallel_case [/home/jc/tmp/riscv-iommu-demo/cva6/vendor/pulp-platform/axi/src/axi_demux.sv:626]
INFO: [Synth 8-294] found qualifier unique on case statement: implementing as parallel_case [/home/jc/tmp/riscv-iommu-demo/cva6/vendor/pulp-platform/axi/src/axi_demux.sv:626]
INFO: [Synth 8-294] found qualifier unique on case statement: implementing as parallel_case [/home/jc/tmp/riscv-iommu-demo/cva6/vendor/pulp-platform/axi/src/axi_demux.sv:626]
INFO: [Synth 8-294] found qualifier unique on case statement: implementing as parallel_case [/home/jc/tmp/riscv-iommu-demo/cva6/vendor/pulp-platform/axi/src/axi_demux.sv:626]
INFO: [Synth 8-294] found qualifier unique on case statement: implementing as parallel_case [/home/jc/tmp/riscv-iommu-demo/cva6/vendor/pulp-platform/axi/src/axi_demux.sv:626]
INFO: [Synth 8-294] found qualifier unique on case statement: implementing as parallel_case [/home/jc/tmp/riscv-iommu-demo/cva6/vendor/pulp-platform/axi/src/axi_demux.sv:626]
INFO: [Synth 8-294] found qualifier unique on case statement: implementing as parallel_case [/home/jc/tmp/riscv-iommu-demo/cva6/vendor/pulp-platform/axi/src/axi_demux.sv:626]
INFO: [Synth 8-294] found qualifier unique on case statement: implementing as parallel_case [/home/jc/tmp/riscv-iommu-demo/cva6/vendor/pulp-platform/axi/src/axi_demux.sv:626]
INFO: [Synth 8-294] found qualifier unique on case statement: implementing as parallel_case [/home/jc/tmp/riscv-iommu-demo/cva6/vendor/pulp-platform/axi/src/axi_demux.sv:626]
INFO: [Synth 8-294] found qualifier unique on case statement: implementing as parallel_case [/home/jc/tmp/riscv-iommu-demo/cva6/vendor/pulp-platform/axi/src/axi_demux.sv:626]
INFO: [Synth 8-294] found qualifier unique on case statement: implementing as parallel_case [/home/jc/tmp/riscv-iommu-demo/cva6/vendor/pulp-platform/axi/src/axi_demux.sv:626]
INFO: [Synth 8-294] found qualifier unique on case statement: implementing as parallel_case [/home/jc/tmp/riscv-iommu-demo/cva6/vendor/pulp-platform/axi/src/axi_demux.sv:626]
INFO: [Synth 8-6155] done synthesizing module 'axi_demux_id_counters' (0#1) [/home/jc/tmp/riscv-iommu-demo/cva6/vendor/pulp-platform/axi/src/axi_demux.sv:576]
INFO: [Synth 8-6157] synthesizing module 'spill_register' [/home/jc/tmp/riscv-iommu-demo/cva6/vendor/pulp-platform/common_cells/src/spill_register.sv:17]
	Parameter Bypass bound to: 1'b0 
INFO: [Synth 8-6157] synthesizing module 'spill_register_flushable' [/home/jc/tmp/riscv-iommu-demo/cva6/vendor/pulp-platform/common_cells/src/spill_register_flushable.sv:17]
	Parameter Bypass bound to: 1'b0 
INFO: [Synth 8-6155] done synthesizing module 'spill_register_flushable' (0#1) [/home/jc/tmp/riscv-iommu-demo/cva6/vendor/pulp-platform/common_cells/src/spill_register_flushable.sv:17]
INFO: [Synth 8-6155] done synthesizing module 'spill_register' (0#1) [/home/jc/tmp/riscv-iommu-demo/cva6/vendor/pulp-platform/common_cells/src/spill_register.sv:17]
INFO: [Synth 8-6157] synthesizing module 'fifo_v3' [/home/jc/tmp/riscv-iommu-demo/cva6/vendor/pulp-platform/common_cells/src/fifo_v3.sv:13]
	Parameter FALL_THROUGH bound to: 1'b0 
	Parameter DEPTH bound to: 32'b00000000000000000000000000001000 
INFO: [Synth 8-6155] done synthesizing module 'fifo_v3' (0#1) [/home/jc/tmp/riscv-iommu-demo/cva6/vendor/pulp-platform/common_cells/src/fifo_v3.sv:13]
INFO: [Synth 8-6157] synthesizing module 'spill_register__parameterized0' [/home/jc/tmp/riscv-iommu-demo/cva6/vendor/pulp-platform/common_cells/src/spill_register.sv:17]
	Parameter Bypass bound to: 1'b0 
INFO: [Synth 8-6157] synthesizing module 'spill_register_flushable__parameterized0' [/home/jc/tmp/riscv-iommu-demo/cva6/vendor/pulp-platform/common_cells/src/spill_register_flushable.sv:17]
	Parameter Bypass bound to: 1'b0 
INFO: [Synth 8-6155] done synthesizing module 'spill_register_flushable__parameterized0' (0#1) [/home/jc/tmp/riscv-iommu-demo/cva6/vendor/pulp-platform/common_cells/src/spill_register_flushable.sv:17]
INFO: [Synth 8-6155] done synthesizing module 'spill_register__parameterized0' (0#1) [/home/jc/tmp/riscv-iommu-demo/cva6/vendor/pulp-platform/common_cells/src/spill_register.sv:17]
INFO: [Synth 8-6157] synthesizing module 'spill_register__parameterized1' [/home/jc/tmp/riscv-iommu-demo/cva6/vendor/pulp-platform/common_cells/src/spill_register.sv:17]
	Parameter Bypass bound to: 1'b0 
INFO: [Synth 8-6157] synthesizing module 'spill_register_flushable__parameterized1' [/home/jc/tmp/riscv-iommu-demo/cva6/vendor/pulp-platform/common_cells/src/spill_register_flushable.sv:17]
	Parameter Bypass bound to: 1'b0 
INFO: [Synth 8-6155] done synthesizing module 'spill_register_flushable__parameterized1' (0#1) [/home/jc/tmp/riscv-iommu-demo/cva6/vendor/pulp-platform/common_cells/src/spill_register_flushable.sv:17]
INFO: [Synth 8-6155] done synthesizing module 'spill_register__parameterized1' (0#1) [/home/jc/tmp/riscv-iommu-demo/cva6/vendor/pulp-platform/common_cells/src/spill_register.sv:17]
INFO: [Synth 8-6157] synthesizing module 'rr_arb_tree' [/home/jc/tmp/riscv-iommu-demo/cva6/vendor/pulp-platform/common_cells/src/rr_arb_tree.sv:47]
	Parameter NumIn bound to: 32'b00000000000000000000000000010001 
	Parameter AxiVldRdy bound to: 1'b1 
	Parameter LockIn bound to: 1'b1 
INFO: [Synth 8-6157] synthesizing module 'lzc' [/home/jc/tmp/riscv-iommu-demo/cva6/vendor/pulp-platform/common_cells/src/lzc.sv:25]
	Parameter WIDTH bound to: 32'b00000000000000000000000000010001 
	Parameter MODE bound to: 1'b0 
INFO: [Synth 8-6155] done synthesizing module 'lzc' (0#1) [/home/jc/tmp/riscv-iommu-demo/cva6/vendor/pulp-platform/common_cells/src/lzc.sv:25]
INFO: [Synth 8-6155] done synthesizing module 'rr_arb_tree' (0#1) [/home/jc/tmp/riscv-iommu-demo/cva6/vendor/pulp-platform/common_cells/src/rr_arb_tree.sv:47]
INFO: [Synth 8-6157] synthesizing module 'spill_register__parameterized2' [/home/jc/tmp/riscv-iommu-demo/cva6/vendor/pulp-platform/common_cells/src/spill_register.sv:17]
	Parameter Bypass bound to: 1'b0 
INFO: [Synth 8-6157] synthesizing module 'spill_register_flushable__parameterized2' [/home/jc/tmp/riscv-iommu-demo/cva6/vendor/pulp-platform/common_cells/src/spill_register_flushable.sv:17]
	Parameter Bypass bound to: 1'b0 
INFO: [Synth 8-6155] done synthesizing module 'spill_register_flushable__parameterized2' (0#1) [/home/jc/tmp/riscv-iommu-demo/cva6/vendor/pulp-platform/common_cells/src/spill_register_flushable.sv:17]
INFO: [Synth 8-6155] done synthesizing module 'spill_register__parameterized2' (0#1) [/home/jc/tmp/riscv-iommu-demo/cva6/vendor/pulp-platform/common_cells/src/spill_register.sv:17]
INFO: [Synth 8-6157] synthesizing module 'spill_register__parameterized3' [/home/jc/tmp/riscv-iommu-demo/cva6/vendor/pulp-platform/common_cells/src/spill_register.sv:17]
	Parameter Bypass bound to: 1'b0 
INFO: [Synth 8-6157] synthesizing module 'spill_register_flushable__parameterized3' [/home/jc/tmp/riscv-iommu-demo/cva6/vendor/pulp-platform/common_cells/src/spill_register_flushable.sv:17]
	Parameter Bypass bound to: 1'b0 
INFO: [Synth 8-6155] done synthesizing module 'spill_register_flushable__parameterized3' (0#1) [/home/jc/tmp/riscv-iommu-demo/cva6/vendor/pulp-platform/common_cells/src/spill_register_flushable.sv:17]
INFO: [Synth 8-6155] done synthesizing module 'spill_register__parameterized3' (0#1) [/home/jc/tmp/riscv-iommu-demo/cva6/vendor/pulp-platform/common_cells/src/spill_register.sv:17]
INFO: [Synth 8-6157] synthesizing module 'rr_arb_tree__parameterized0' [/home/jc/tmp/riscv-iommu-demo/cva6/vendor/pulp-platform/common_cells/src/rr_arb_tree.sv:47]
	Parameter NumIn bound to: 32'b00000000000000000000000000010001 
	Parameter AxiVldRdy bound to: 1'b1 
	Parameter LockIn bound to: 1'b1 
INFO: [Synth 8-6155] done synthesizing module 'rr_arb_tree__parameterized0' (0#1) [/home/jc/tmp/riscv-iommu-demo/cva6/vendor/pulp-platform/common_cells/src/rr_arb_tree.sv:47]
INFO: [Synth 8-6155] done synthesizing module 'axi_demux' (0#1) [/home/jc/tmp/riscv-iommu-demo/cva6/vendor/pulp-platform/axi/src/axi_demux.sv:19]
INFO: [Synth 8-6157] synthesizing module 'axi_err_slv' [/home/jc/tmp/riscv-iommu-demo/cva6/vendor/pulp-platform/axi/src/axi_err_slv.sv:19]
	Parameter AxiIdWidth bound to: 32'b00000000000000000000000000000100 
	Parameter Resp bound to: 2'b11 
	Parameter ATOPs bound to: 1'b1 
	Parameter MaxTrans bound to: 32'b00000000000000000000000000000100 
INFO: [Synth 8-6157] synthesizing module 'axi_atop_filter' [/home/jc/tmp/riscv-iommu-demo/cva6/vendor/pulp-platform/axi/src/axi_atop_filter.sv:37]
	Parameter AxiIdWidth bound to: 32'b00000000000000000000000000000100 
	Parameter AxiMaxWriteTxns bound to: 32'b00000000000000000000000000000100 
INFO: [Synth 8-294] found qualifier unique on case statement: implementing as parallel_case [/home/jc/tmp/riscv-iommu-demo/cva6/vendor/pulp-platform/axi/src/axi_atop_filter.sv:118]
INFO: [Synth 8-294] found qualifier unique on case statement: implementing as parallel_case [/home/jc/tmp/riscv-iommu-demo/cva6/vendor/pulp-platform/axi/src/axi_atop_filter.sv:268]
INFO: [Synth 8-6157] synthesizing module 'stream_register' [/home/jc/tmp/riscv-iommu-demo/cva6/vendor/pulp-platform/common_cells/src/stream_register.sv:14]
INFO: [Synth 8-6157] synthesizing module 'fifo_v2' [/home/jc/tmp/riscv-iommu-demo/cva6/vendor/pulp-platform/common_cells/src/deprecated/fifo_v2.sv:13]
	Parameter FALL_THROUGH bound to: 1'b0 
	Parameter DATA_WIDTH bound to: 32'b00000000000000000000000000001000 
	Parameter DEPTH bound to: 32'b00000000000000000000000000000001 
INFO: [Synth 8-6157] synthesizing module 'fifo_v3__parameterized0' [/home/jc/tmp/riscv-iommu-demo/cva6/vendor/pulp-platform/common_cells/src/fifo_v3.sv:13]
	Parameter FALL_THROUGH bound to: 1'b0 
	Parameter DATA_WIDTH bound to: 32'b00000000000000000000000000001000 
	Parameter DEPTH bound to: 32'b00000000000000000000000000000001 
INFO: [Synth 8-6155] done synthesizing module 'fifo_v3__parameterized0' (0#1) [/home/jc/tmp/riscv-iommu-demo/cva6/vendor/pulp-platform/common_cells/src/fifo_v3.sv:13]
INFO: [Synth 8-6155] done synthesizing module 'fifo_v2' (0#1) [/home/jc/tmp/riscv-iommu-demo/cva6/vendor/pulp-platform/common_cells/src/deprecated/fifo_v2.sv:13]
INFO: [Synth 8-6155] done synthesizing module 'stream_register' (0#1) [/home/jc/tmp/riscv-iommu-demo/cva6/vendor/pulp-platform/common_cells/src/stream_register.sv:14]
INFO: [Synth 8-6155] done synthesizing module 'axi_atop_filter' (0#1) [/home/jc/tmp/riscv-iommu-demo/cva6/vendor/pulp-platform/axi/src/axi_atop_filter.sv:37]
INFO: [Synth 8-6157] synthesizing module 'fifo_v3__parameterized1' [/home/jc/tmp/riscv-iommu-demo/cva6/vendor/pulp-platform/common_cells/src/fifo_v3.sv:13]
	Parameter FALL_THROUGH bound to: 1'b1 
	Parameter DEPTH bound to: 32'b00000000000000000000000000000100 
INFO: [Synth 8-6155] done synthesizing module 'fifo_v3__parameterized1' (0#1) [/home/jc/tmp/riscv-iommu-demo/cva6/vendor/pulp-platform/common_cells/src/fifo_v3.sv:13]
INFO: [Synth 8-6157] synthesizing module 'fifo_v3__parameterized2' [/home/jc/tmp/riscv-iommu-demo/cva6/vendor/pulp-platform/common_cells/src/fifo_v3.sv:13]
	Parameter FALL_THROUGH bound to: 1'b0 
	Parameter DEPTH bound to: 32'b00000000000000000000000000000010 
INFO: [Synth 8-6155] done synthesizing module 'fifo_v3__parameterized2' (0#1) [/home/jc/tmp/riscv-iommu-demo/cva6/vendor/pulp-platform/common_cells/src/fifo_v3.sv:13]
INFO: [Synth 8-6157] synthesizing module 'fifo_v3__parameterized3' [/home/jc/tmp/riscv-iommu-demo/cva6/vendor/pulp-platform/common_cells/src/fifo_v3.sv:13]
	Parameter FALL_THROUGH bound to: 1'b0 
	Parameter DEPTH bound to: 32'b00000000000000000000000000000100 
INFO: [Synth 8-6155] done synthesizing module 'fifo_v3__parameterized3' (0#1) [/home/jc/tmp/riscv-iommu-demo/cva6/vendor/pulp-platform/common_cells/src/fifo_v3.sv:13]
INFO: [Synth 8-6157] synthesizing module 'counter' [/home/jc/tmp/riscv-iommu-demo/cva6/vendor/pulp-platform/common_cells/src/counter.sv:14]
	Parameter WIDTH bound to: 32'b00000000000000000000000000001000 
INFO: [Synth 8-6157] synthesizing module 'delta_counter__parameterized0' [/home/jc/tmp/riscv-iommu-demo/cva6/vendor/pulp-platform/common_cells/src/delta_counter.sv:13]
	Parameter WIDTH bound to: 32'b00000000000000000000000000001000 
	Parameter STICKY_OVERFLOW bound to: 1'b0 
INFO: [Synth 8-6155] done synthesizing module 'delta_counter__parameterized0' (0#1) [/home/jc/tmp/riscv-iommu-demo/cva6/vendor/pulp-platform/common_cells/src/delta_counter.sv:13]
INFO: [Synth 8-6155] done synthesizing module 'counter' (0#1) [/home/jc/tmp/riscv-iommu-demo/cva6/vendor/pulp-platform/common_cells/src/counter.sv:14]
INFO: [Synth 8-6155] done synthesizing module 'axi_err_slv' (0#1) [/home/jc/tmp/riscv-iommu-demo/cva6/vendor/pulp-platform/axi/src/axi_err_slv.sv:19]
INFO: [Synth 8-6157] synthesizing module 'axi_mux' [/home/jc/tmp/riscv-iommu-demo/cva6/vendor/pulp-platform/axi/src/axi_mux.sv:27]
	Parameter SlvAxiIDWidth bound to: 32'b00000000000000000000000000000100 
	Parameter NoSlvPorts bound to: 32'b00000000000000000000000000000100 
	Parameter MaxWTrans bound to: 32'b00000000000000000000000000001000 
	Parameter FallThrough bound to: 1'b0 
	Parameter SpillAw bound to: 1'b1 
	Parameter SpillW bound to: 1'b1 
	Parameter SpillB bound to: 1'b1 
	Parameter SpillAr bound to: 1'b1 
	Parameter SpillR bound to: 1'b1 
INFO: [Synth 8-6157] synthesizing module 'axi_id_prepend' [/home/jc/tmp/riscv-iommu-demo/cva6/vendor/pulp-platform/axi/src/axi_id_prepend.sv:18]
	Parameter NoBus bound to: 1 - type: integer 
	Parameter AxiIdWidthSlvPort bound to: 32'b00000000000000000000000000000100 
	Parameter AxiIdWidthMstPort bound to: 32'b00000000000000000000000000000110 
INFO: [Synth 8-6155] done synthesizing module 'axi_id_prepend' (0#1) [/home/jc/tmp/riscv-iommu-demo/cva6/vendor/pulp-platform/axi/src/axi_id_prepend.sv:18]
INFO: [Synth 8-6157] synthesizing module 'rr_arb_tree__parameterized1' [/home/jc/tmp/riscv-iommu-demo/cva6/vendor/pulp-platform/common_cells/src/rr_arb_tree.sv:47]
	Parameter NumIn bound to: 32'b00000000000000000000000000000100 
	Parameter AxiVldRdy bound to: 1'b1 
	Parameter LockIn bound to: 1'b1 
INFO: [Synth 8-6157] synthesizing module 'lzc__parameterized0' [/home/jc/tmp/riscv-iommu-demo/cva6/vendor/pulp-platform/common_cells/src/lzc.sv:25]
	Parameter WIDTH bound to: 32'b00000000000000000000000000000100 
	Parameter MODE bound to: 1'b0 
INFO: [Synth 8-6155] done synthesizing module 'lzc__parameterized0' (0#1) [/home/jc/tmp/riscv-iommu-demo/cva6/vendor/pulp-platform/common_cells/src/lzc.sv:25]
INFO: [Synth 8-6155] done synthesizing module 'rr_arb_tree__parameterized1' (0#1) [/home/jc/tmp/riscv-iommu-demo/cva6/vendor/pulp-platform/common_cells/src/rr_arb_tree.sv:47]
INFO: [Synth 8-6157] synthesizing module 'fifo_v3__parameterized4' [/home/jc/tmp/riscv-iommu-demo/cva6/vendor/pulp-platform/common_cells/src/fifo_v3.sv:13]
	Parameter FALL_THROUGH bound to: 1'b0 
	Parameter DEPTH bound to: 32'b00000000000000000000000000001000 
INFO: [Synth 8-6155] done synthesizing module 'fifo_v3__parameterized4' (0#1) [/home/jc/tmp/riscv-iommu-demo/cva6/vendor/pulp-platform/common_cells/src/fifo_v3.sv:13]
INFO: [Synth 8-6157] synthesizing module 'spill_register__parameterized4' [/home/jc/tmp/riscv-iommu-demo/cva6/vendor/pulp-platform/common_cells/src/spill_register.sv:17]
	Parameter Bypass bound to: 1'b0 
INFO: [Synth 8-6157] synthesizing module 'spill_register_flushable__parameterized4' [/home/jc/tmp/riscv-iommu-demo/cva6/vendor/pulp-platform/common_cells/src/spill_register_flushable.sv:17]
	Parameter Bypass bound to: 1'b0 
INFO: [Synth 8-6155] done synthesizing module 'spill_register_flushable__parameterized4' (0#1) [/home/jc/tmp/riscv-iommu-demo/cva6/vendor/pulp-platform/common_cells/src/spill_register_flushable.sv:17]
INFO: [Synth 8-6155] done synthesizing module 'spill_register__parameterized4' (0#1) [/home/jc/tmp/riscv-iommu-demo/cva6/vendor/pulp-platform/common_cells/src/spill_register.sv:17]
INFO: [Synth 8-6157] synthesizing module 'spill_register__parameterized5' [/home/jc/tmp/riscv-iommu-demo/cva6/vendor/pulp-platform/common_cells/src/spill_register.sv:17]
	Parameter Bypass bound to: 1'b0 
INFO: [Synth 8-6157] synthesizing module 'spill_register_flushable__parameterized5' [/home/jc/tmp/riscv-iommu-demo/cva6/vendor/pulp-platform/common_cells/src/spill_register_flushable.sv:17]
	Parameter Bypass bound to: 1'b0 
INFO: [Synth 8-6155] done synthesizing module 'spill_register_flushable__parameterized5' (0#1) [/home/jc/tmp/riscv-iommu-demo/cva6/vendor/pulp-platform/common_cells/src/spill_register_flushable.sv:17]
INFO: [Synth 8-6155] done synthesizing module 'spill_register__parameterized5' (0#1) [/home/jc/tmp/riscv-iommu-demo/cva6/vendor/pulp-platform/common_cells/src/spill_register.sv:17]
INFO: [Synth 8-6157] synthesizing module 'rr_arb_tree__parameterized2' [/home/jc/tmp/riscv-iommu-demo/cva6/vendor/pulp-platform/common_cells/src/rr_arb_tree.sv:47]
	Parameter NumIn bound to: 32'b00000000000000000000000000000100 
	Parameter AxiVldRdy bound to: 1'b1 
	Parameter LockIn bound to: 1'b1 
INFO: [Synth 8-6155] done synthesizing module 'rr_arb_tree__parameterized2' (0#1) [/home/jc/tmp/riscv-iommu-demo/cva6/vendor/pulp-platform/common_cells/src/rr_arb_tree.sv:47]
INFO: [Synth 8-6157] synthesizing module 'spill_register__parameterized6' [/home/jc/tmp/riscv-iommu-demo/cva6/vendor/pulp-platform/common_cells/src/spill_register.sv:17]
	Parameter Bypass bound to: 1'b0 
INFO: [Synth 8-6157] synthesizing module 'spill_register_flushable__parameterized6' [/home/jc/tmp/riscv-iommu-demo/cva6/vendor/pulp-platform/common_cells/src/spill_register_flushable.sv:17]
	Parameter Bypass bound to: 1'b0 
INFO: [Synth 8-6155] done synthesizing module 'spill_register_flushable__parameterized6' (0#1) [/home/jc/tmp/riscv-iommu-demo/cva6/vendor/pulp-platform/common_cells/src/spill_register_flushable.sv:17]
INFO: [Synth 8-6155] done synthesizing module 'spill_register__parameterized6' (0#1) [/home/jc/tmp/riscv-iommu-demo/cva6/vendor/pulp-platform/common_cells/src/spill_register.sv:17]
INFO: [Synth 8-6157] synthesizing module 'spill_register__parameterized7' [/home/jc/tmp/riscv-iommu-demo/cva6/vendor/pulp-platform/common_cells/src/spill_register.sv:17]
	Parameter Bypass bound to: 1'b0 
INFO: [Synth 8-6157] synthesizing module 'spill_register_flushable__parameterized7' [/home/jc/tmp/riscv-iommu-demo/cva6/vendor/pulp-platform/common_cells/src/spill_register_flushable.sv:17]
	Parameter Bypass bound to: 1'b0 
INFO: [Synth 8-6155] done synthesizing module 'spill_register_flushable__parameterized7' (0#1) [/home/jc/tmp/riscv-iommu-demo/cva6/vendor/pulp-platform/common_cells/src/spill_register_flushable.sv:17]
INFO: [Synth 8-6155] done synthesizing module 'spill_register__parameterized7' (0#1) [/home/jc/tmp/riscv-iommu-demo/cva6/vendor/pulp-platform/common_cells/src/spill_register.sv:17]
INFO: [Synth 8-6155] done synthesizing module 'axi_mux' (0#1) [/home/jc/tmp/riscv-iommu-demo/cva6/vendor/pulp-platform/axi/src/axi_mux.sv:27]
INFO: [Synth 8-6155] done synthesizing module 'axi_xbar' (0#1) [/home/jc/tmp/riscv-iommu-demo/cva6/vendor/pulp-platform/axi/src/axi_xbar.sv:18]
INFO: [Synth 8-6155] done synthesizing module 'axi_xbar_intf' (0#1) [/home/jc/tmp/riscv-iommu-demo/cva6/vendor/pulp-platform/axi/src/axi_xbar.sv:242]
INFO: [Synth 8-6157] synthesizing module 'dmi_jtag' [/home/jc/tmp/riscv-iommu-demo/cva6/corev_apu/riscv-dbg/src/dmi_jtag.sv:19]
INFO: [Synth 8-294] found qualifier unique on case statement: implementing as parallel_case [/home/jc/tmp/riscv-iommu-demo/cva6/corev_apu/riscv-dbg/src/dmi_jtag.sv:101]
INFO: [Synth 8-6157] synthesizing module 'dmi_jtag_tap' [/home/jc/tmp/riscv-iommu-demo/cva6/corev_apu/riscv-dbg/src/dmi_jtag_tap.sv:19]
	Parameter IrLength bound to: 32'b00000000000000000000000000000101 
	Parameter IdcodeValue bound to: 1 - type: integer 
INFO: [Synth 8-294] found qualifier unique on case statement: implementing as parallel_case [/home/jc/tmp/riscv-iommu-demo/cva6/corev_apu/riscv-dbg/src/dmi_jtag_tap.sv:186]
INFO: [Synth 8-294] found qualifier unique on case statement: implementing as parallel_case [/home/jc/tmp/riscv-iommu-demo/cva6/corev_apu/riscv-dbg/src/dmi_jtag_tap.sv:207]
INFO: [Synth 8-6157] synthesizing module 'cluster_clock_inverter' [/home/jc/tmp/riscv-iommu-demo/cva6/vendor/pulp-platform/tech_cells_generic/src/deprecated/cluster_clk_cells.sv:54]
INFO: [Synth 8-6157] synthesizing module 'tc_clk_inverter' [/home/jc/tmp/riscv-iommu-demo/cva6/vendor/pulp-platform/tech_cells_generic/src/rtl/tc_clk.sv:55]
INFO: [Synth 8-6155] done synthesizing module 'tc_clk_inverter' (0#1) [/home/jc/tmp/riscv-iommu-demo/cva6/vendor/pulp-platform/tech_cells_generic/src/rtl/tc_clk.sv:55]
INFO: [Synth 8-6155] done synthesizing module 'cluster_clock_inverter' (0#1) [/home/jc/tmp/riscv-iommu-demo/cva6/vendor/pulp-platform/tech_cells_generic/src/deprecated/cluster_clk_cells.sv:54]
INFO: [Synth 8-6157] synthesizing module 'pulp_clock_mux2' [/home/jc/tmp/riscv-iommu-demo/cva6/vendor/pulp-platform/tech_cells_generic/src/deprecated/pulp_clk_cells.sv:66]
INFO: [Synth 8-6157] synthesizing module 'tc_clk_mux2' [/home/jc/tmp/riscv-iommu-demo/cva6/vendor/pulp-platform/tech_cells_generic/src/rtl/tc_clk.sv:64]
INFO: [Synth 8-6155] done synthesizing module 'tc_clk_mux2' (0#1) [/home/jc/tmp/riscv-iommu-demo/cva6/vendor/pulp-platform/tech_cells_generic/src/rtl/tc_clk.sv:64]
INFO: [Synth 8-6155] done synthesizing module 'pulp_clock_mux2' (0#1) [/home/jc/tmp/riscv-iommu-demo/cva6/vendor/pulp-platform/tech_cells_generic/src/deprecated/pulp_clk_cells.sv:66]
INFO: [Synth 8-294] found qualifier unique on case statement: implementing as parallel_case [/home/jc/tmp/riscv-iommu-demo/cva6/corev_apu/riscv-dbg/src/dmi_jtag_tap.sv:260]
INFO: [Synth 8-226] default block is never used [/home/jc/tmp/riscv-iommu-demo/cva6/corev_apu/riscv-dbg/src/dmi_jtag_tap.sv:260]
INFO: [Synth 8-6155] done synthesizing module 'dmi_jtag_tap' (0#1) [/home/jc/tmp/riscv-iommu-demo/cva6/corev_apu/riscv-dbg/src/dmi_jtag_tap.sv:19]
INFO: [Synth 8-6157] synthesizing module 'dmi_cdc' [/home/jc/tmp/riscv-iommu-demo/cva6/corev_apu/riscv-dbg/src/dmi_cdc.sv:19]
INFO: [Synth 8-6157] synthesizing module 'cdc_2phase' [/home/jc/tmp/riscv-iommu-demo/cva6/vendor/pulp-platform/common_cells/src/cdc_2phase.sv:19]
INFO: [Synth 8-6157] synthesizing module 'cdc_2phase_src' [/home/jc/tmp/riscv-iommu-demo/cva6/vendor/pulp-platform/common_cells/src/cdc_2phase.sv:68]
INFO: [Synth 8-6155] done synthesizing module 'cdc_2phase_src' (0#1) [/home/jc/tmp/riscv-iommu-demo/cva6/vendor/pulp-platform/common_cells/src/cdc_2phase.sv:68]
INFO: [Synth 8-6157] synthesizing module 'cdc_2phase_dst' [/home/jc/tmp/riscv-iommu-demo/cva6/vendor/pulp-platform/common_cells/src/cdc_2phase.sv:118]
INFO: [Synth 8-6155] done synthesizing module 'cdc_2phase_dst' (0#1) [/home/jc/tmp/riscv-iommu-demo/cva6/vendor/pulp-platform/common_cells/src/cdc_2phase.sv:118]
INFO: [Synth 8-6155] done synthesizing module 'cdc_2phase' (0#1) [/home/jc/tmp/riscv-iommu-demo/cva6/vendor/pulp-platform/common_cells/src/cdc_2phase.sv:19]
INFO: [Synth 8-6157] synthesizing module 'cdc_2phase__parameterized0' [/home/jc/tmp/riscv-iommu-demo/cva6/vendor/pulp-platform/common_cells/src/cdc_2phase.sv:19]
INFO: [Synth 8-6157] synthesizing module 'cdc_2phase_src__parameterized0' [/home/jc/tmp/riscv-iommu-demo/cva6/vendor/pulp-platform/common_cells/src/cdc_2phase.sv:68]
INFO: [Synth 8-6155] done synthesizing module 'cdc_2phase_src__parameterized0' (0#1) [/home/jc/tmp/riscv-iommu-demo/cva6/vendor/pulp-platform/common_cells/src/cdc_2phase.sv:68]
INFO: [Synth 8-6157] synthesizing module 'cdc_2phase_dst__parameterized0' [/home/jc/tmp/riscv-iommu-demo/cva6/vendor/pulp-platform/common_cells/src/cdc_2phase.sv:118]
INFO: [Synth 8-6155] done synthesizing module 'cdc_2phase_dst__parameterized0' (0#1) [/home/jc/tmp/riscv-iommu-demo/cva6/vendor/pulp-platform/common_cells/src/cdc_2phase.sv:118]
INFO: [Synth 8-6155] done synthesizing module 'cdc_2phase__parameterized0' (0#1) [/home/jc/tmp/riscv-iommu-demo/cva6/vendor/pulp-platform/common_cells/src/cdc_2phase.sv:19]
INFO: [Synth 8-6155] done synthesizing module 'dmi_cdc' (0#1) [/home/jc/tmp/riscv-iommu-demo/cva6/corev_apu/riscv-dbg/src/dmi_cdc.sv:19]
INFO: [Synth 8-6155] done synthesizing module 'dmi_jtag' (0#1) [/home/jc/tmp/riscv-iommu-demo/cva6/corev_apu/riscv-dbg/src/dmi_jtag.sv:19]
INFO: [Synth 8-6157] synthesizing module 'dm_top' [/home/jc/tmp/riscv-iommu-demo/cva6/corev_apu/riscv-dbg/src/dm_top.sv:20]
	Parameter NrHarts bound to: 32'b00000000000000000000000000000001 
	Parameter BusWidth bound to: 32'b00000000000000000000000001000000 
	Parameter SelectableHarts bound to: 1'b1 
INFO: [Synth 8-6157] synthesizing module 'dm_csrs' [/home/jc/tmp/riscv-iommu-demo/cva6/corev_apu/riscv-dbg/src/dm_csrs.sv:18]
	Parameter NrHarts bound to: 32'b00000000000000000000000000000001 
	Parameter BusWidth bound to: 32'b00000000000000000000000001000000 
	Parameter SelectableHarts bound to: 1'b1 
INFO: [Synth 8-294] found qualifier unique on case statement: implementing as parallel_case [/home/jc/tmp/riscv-iommu-demo/cva6/corev_apu/riscv-dbg/src/dm_csrs.sv:294]
INFO: [Synth 8-294] found qualifier unique on case statement: implementing as parallel_case [/home/jc/tmp/riscv-iommu-demo/cva6/corev_apu/riscv-dbg/src/dm_csrs.sv:360]
INFO: [Synth 8-6157] synthesizing module 'fifo_v2__parameterized0' [/home/jc/tmp/riscv-iommu-demo/cva6/vendor/pulp-platform/common_cells/src/deprecated/fifo_v2.sv:13]
	Parameter DEPTH bound to: 32'b00000000000000000000000000000010 
INFO: [Synth 8-6157] synthesizing module 'fifo_v3__parameterized5' [/home/jc/tmp/riscv-iommu-demo/cva6/vendor/pulp-platform/common_cells/src/fifo_v3.sv:13]
	Parameter FALL_THROUGH bound to: 1'b0 
	Parameter DATA_WIDTH bound to: 32'b00000000000000000000000000100000 
	Parameter DEPTH bound to: 32'b00000000000000000000000000000010 
INFO: [Synth 8-6155] done synthesizing module 'fifo_v3__parameterized5' (0#1) [/home/jc/tmp/riscv-iommu-demo/cva6/vendor/pulp-platform/common_cells/src/fifo_v3.sv:13]
INFO: [Synth 8-6155] done synthesizing module 'fifo_v2__parameterized0' (0#1) [/home/jc/tmp/riscv-iommu-demo/cva6/vendor/pulp-platform/common_cells/src/deprecated/fifo_v2.sv:13]
INFO: [Synth 8-6155] done synthesizing module 'dm_csrs' (0#1) [/home/jc/tmp/riscv-iommu-demo/cva6/corev_apu/riscv-dbg/src/dm_csrs.sv:18]
INFO: [Synth 8-6157] synthesizing module 'dm_sba' [/home/jc/tmp/riscv-iommu-demo/cva6/corev_apu/riscv-dbg/src/dm_sba.sv:18]
	Parameter BusWidth bound to: 32'b00000000000000000000000001000000 
	Parameter ReadByteEnable bound to: 1'b1 
INFO: [Synth 8-294] found qualifier unique on case statement: implementing as parallel_case [/home/jc/tmp/riscv-iommu-demo/cva6/corev_apu/riscv-dbg/src/dm_sba.sv:72]
INFO: [Synth 8-294] found qualifier unique on case statement: implementing as parallel_case [/home/jc/tmp/riscv-iommu-demo/cva6/corev_apu/riscv-dbg/src/dm_sba.sv:101]
INFO: [Synth 8-6155] done synthesizing module 'dm_sba' (0#1) [/home/jc/tmp/riscv-iommu-demo/cva6/corev_apu/riscv-dbg/src/dm_sba.sv:18]
INFO: [Synth 8-6157] synthesizing module 'dm_mem' [/home/jc/tmp/riscv-iommu-demo/cva6/corev_apu/riscv-dbg/src/dm_mem.sv:19]
	Parameter NrHarts bound to: 32'b00000000000000000000000000000001 
	Parameter BusWidth bound to: 32'b00000000000000000000000001000000 
	Parameter SelectableHarts bound to: 1'b1 
	Parameter DmBaseAddress bound to: 32'b00000000000000000001000000000000 
INFO: [Synth 8-6157] synthesizing module 'debug_rom' [/home/jc/tmp/riscv-iommu-demo/cva6/corev_apu/riscv-dbg/debug_rom/debug_rom.sv:17]
INFO: [Synth 8-6155] done synthesizing module 'debug_rom' (0#1) [/home/jc/tmp/riscv-iommu-demo/cva6/corev_apu/riscv-dbg/debug_rom/debug_rom.sv:17]
INFO: [Synth 8-294] found qualifier unique on case statement: implementing as parallel_case [/home/jc/tmp/riscv-iommu-demo/cva6/corev_apu/riscv-dbg/src/dm_mem.sv:144]
INFO: [Synth 8-226] default block is never used [/home/jc/tmp/riscv-iommu-demo/cva6/corev_apu/riscv-dbg/src/dm_mem.sv:144]
INFO: [Synth 8-294] found qualifier unique on case statement: implementing as parallel_case [/home/jc/tmp/riscv-iommu-demo/cva6/corev_apu/riscv-dbg/src/dm_mem.sv:242]
INFO: [Synth 8-294] found qualifier unique on case statement: implementing as parallel_case [/home/jc/tmp/riscv-iommu-demo/cva6/corev_apu/riscv-dbg/src/dm_mem.sv:272]
INFO: [Synth 8-294] found qualifier unique on case statement: implementing as parallel_case [/home/jc/tmp/riscv-iommu-demo/cva6/corev_apu/riscv-dbg/src/dm_mem.sv:351]
INFO: [Synth 8-6155] done synthesizing module 'dm_mem' (0#1) [/home/jc/tmp/riscv-iommu-demo/cva6/corev_apu/riscv-dbg/src/dm_mem.sv:19]
INFO: [Synth 8-6155] done synthesizing module 'dm_top' (0#1) [/home/jc/tmp/riscv-iommu-demo/cva6/corev_apu/riscv-dbg/src/dm_top.sv:20]
INFO: [Synth 8-6157] synthesizing module 'axi2mem' [/home/jc/tmp/riscv-iommu-demo/cva6/corev_apu/axi_mem_if/src/axi2mem.sv:20]
	Parameter AXI_ID_WIDTH bound to: 6 - type: integer 
	Parameter AXI_ADDR_WIDTH bound to: 32'b00000000000000000000000001000000 
	Parameter AXI_DATA_WIDTH bound to: 32'b00000000000000000000000001000000 
	Parameter AXI_USER_WIDTH bound to: 1 - type: integer 
INFO: [Synth 8-155] case statement is not full and has no default [/home/jc/tmp/riscv-iommu-demo/cva6/corev_apu/axi_mem_if/src/axi2mem.sv:192]
INFO: [Synth 8-155] case statement is not full and has no default [/home/jc/tmp/riscv-iommu-demo/cva6/corev_apu/axi_mem_if/src/axi2mem.sv:234]
INFO: [Synth 8-155] case statement is not full and has no default [/home/jc/tmp/riscv-iommu-demo/cva6/corev_apu/axi_mem_if/src/axi2mem.sv:122]
INFO: [Synth 8-6155] done synthesizing module 'axi2mem' (0#1) [/home/jc/tmp/riscv-iommu-demo/cva6/corev_apu/axi_mem_if/src/axi2mem.sv:20]
INFO: [Synth 8-6157] synthesizing module 'axi_adapter' [/home/jc/tmp/riscv-iommu-demo/cva6/corev_apu/tb/axi_adapter.sv:19]
	Parameter DATA_WIDTH bound to: 32'b00000000000000000000000001000000 
	Parameter AXI_ADDR_WIDTH bound to: 32'b00000000000000000000000001000000 
	Parameter AXI_DATA_WIDTH bound to: 32'b00000000000000000000000001000000 
	Parameter AXI_ID_WIDTH bound to: 32'b00000000000000000000000000000100 
INFO: [Synth 8-294] found qualifier unique on case statement: implementing as parallel_case [/home/jc/tmp/riscv-iommu-demo/cva6/corev_apu/tb/axi_adapter.sv:428]
INFO: [Synth 8-155] case statement is not full and has no default [/home/jc/tmp/riscv-iommu-demo/cva6/corev_apu/tb/axi_adapter.sv:134]
INFO: [Synth 8-6155] done synthesizing module 'axi_adapter' (0#1) [/home/jc/tmp/riscv-iommu-demo/cva6/corev_apu/tb/axi_adapter.sv:19]
INFO: [Synth 8-6157] synthesizing module 'ariane' [/home/jc/tmp/riscv-iommu-demo/cva6/core/ariane.sv:16]
	Parameter ArianeCfg[RASDepth] bound to: 32'sb00000000000000000000000000000010 
	Parameter ArianeCfg[BTBEntries] bound to: 32'sb00000000000000000000000000100000 
	Parameter ArianeCfg[BHTEntries] bound to: 32'sb00000000000000000000000010000000 
	Parameter ArianeCfg[NrNonIdempotentRules] bound to: 32'b00000000000000000000000000000001 
	Parameter ArianeCfg[NonIdempotentAddrBase][15] bound to: 64'b0000000000000000000000000000000000000000000000000000000000000000 
	Parameter ArianeCfg[NonIdempotentAddrBase][14] bound to: 64'b0000000000000000000000000000000000000000000000000000000000000000 
	Parameter ArianeCfg[NonIdempotentAddrBase][13] bound to: 64'b0000000000000000000000000000000000000000000000000000000000000000 
	Parameter ArianeCfg[NonIdempotentAddrBase][12] bound to: 64'b0000000000000000000000000000000000000000000000000000000000000000 
	Parameter ArianeCfg[NonIdempotentAddrBase][11] bound to: 64'b0000000000000000000000000000000000000000000000000000000000000000 
	Parameter ArianeCfg[NonIdempotentAddrBase][10] bound to: 64'b0000000000000000000000000000000000000000000000000000000000000000 
	Parameter ArianeCfg[NonIdempotentAddrBase][9] bound to: 64'b0000000000000000000000000000000000000000000000000000000000000000 
	Parameter ArianeCfg[NonIdempotentAddrBase][8] bound to: 64'b0000000000000000000000000000000000000000000000000000000000000000 
	Parameter ArianeCfg[NonIdempotentAddrBase][7] bound to: 64'b0000000000000000000000000000000000000000000000000000000000000000 
	Parameter ArianeCfg[NonIdempotentAddrBase][6] bound to: 64'b0000000000000000000000000000000000000000000000000000000000000000 
	Parameter ArianeCfg[NonIdempotentAddrBase][5] bound to: 64'b0000000000000000000000000000000000000000000000000000000000000000 
	Parameter ArianeCfg[NonIdempotentAddrBase][4] bound to: 64'b0000000000000000000000000000000000000000000000000000000000000000 
	Parameter ArianeCfg[NonIdempotentAddrBase][3] bound to: 64'b0000000000000000000000000000000000000000000000000000000000000000 
	Parameter ArianeCfg[NonIdempotentAddrBase][2] bound to: 64'b0000000000000000000000000000000000000000000000000000000000000000 
	Parameter ArianeCfg[NonIdempotentAddrBase][1] bound to: 64'b0000000000000000000000000000000000000000000000000000000000000000 
	Parameter ArianeCfg[NonIdempotentAddrBase][0] bound to: 64'b0000000000000000000000000000000000000000000000000000000000000000 
	Parameter ArianeCfg[NonIdempotentLength][15] bound to: 64'b0000000000000000000000000000000000000000000000000000000000000000 
	Parameter ArianeCfg[NonIdempotentLength][14] bound to: 64'b0000000000000000000000000000000000000000000000000000000000000000 
	Parameter ArianeCfg[NonIdempotentLength][13] bound to: 64'b0000000000000000000000000000000000000000000000000000000000000000 
	Parameter ArianeCfg[NonIdempotentLength][12] bound to: 64'b0000000000000000000000000000000000000000000000000000000000000000 
	Parameter ArianeCfg[NonIdempotentLength][11] bound to: 64'b0000000000000000000000000000000000000000000000000000000000000000 
	Parameter ArianeCfg[NonIdempotentLength][10] bound to: 64'b0000000000000000000000000000000000000000000000000000000000000000 
	Parameter ArianeCfg[NonIdempotentLength][9] bound to: 64'b0000000000000000000000000000000000000000000000000000000000000000 
	Parameter ArianeCfg[NonIdempotentLength][8] bound to: 64'b0000000000000000000000000000000000000000000000000000000000000000 
	Parameter ArianeCfg[NonIdempotentLength][7] bound to: 64'b0000000000000000000000000000000000000000000000000000000000000000 
	Parameter ArianeCfg[NonIdempotentLength][6] bound to: 64'b0000000000000000000000000000000000000000000000000000000000000000 
	Parameter ArianeCfg[NonIdempotentLength][5] bound to: 64'b0000000000000000000000000000000000000000000000000000000000000000 
	Parameter ArianeCfg[NonIdempotentLength][4] bound to: 64'b0000000000000000000000000000000000000000000000000000000000000000 
	Parameter ArianeCfg[NonIdempotentLength][3] bound to: 64'b0000000000000000000000000000000000000000000000000000000000000000 
	Parameter ArianeCfg[NonIdempotentLength][2] bound to: 64'b0000000000000000000000000000000000000000000000000000000000000000 
	Parameter ArianeCfg[NonIdempotentLength][1] bound to: 64'b0000000000000000000000000000000000000000000000000000000000000000 
	Parameter ArianeCfg[NonIdempotentLength][0] bound to: 64'b0000000000000000000000000000000010000000000000000000000000000000 
	Parameter ArianeCfg[NrExecuteRegionRules] bound to: 32'b00000000000000000000000000000011 
	Parameter ArianeCfg[ExecuteRegionAddrBase][15] bound to: 64'b0000000000000000000000000000000000000000000000000000000000000000 
	Parameter ArianeCfg[ExecuteRegionAddrBase][14] bound to: 64'b0000000000000000000000000000000000000000000000000000000000000000 
	Parameter ArianeCfg[ExecuteRegionAddrBase][13] bound to: 64'b0000000000000000000000000000000000000000000000000000000000000000 
	Parameter ArianeCfg[ExecuteRegionAddrBase][12] bound to: 64'b0000000000000000000000000000000000000000000000000000000000000000 
	Parameter ArianeCfg[ExecuteRegionAddrBase][11] bound to: 64'b0000000000000000000000000000000000000000000000000000000000000000 
	Parameter ArianeCfg[ExecuteRegionAddrBase][10] bound to: 64'b0000000000000000000000000000000000000000000000000000000000000000 
	Parameter ArianeCfg[ExecuteRegionAddrBase][9] bound to: 64'b0000000000000000000000000000000000000000000000000000000000000000 
	Parameter ArianeCfg[ExecuteRegionAddrBase][8] bound to: 64'b0000000000000000000000000000000000000000000000000000000000000000 
	Parameter ArianeCfg[ExecuteRegionAddrBase][7] bound to: 64'b0000000000000000000000000000000000000000000000000000000000000000 
	Parameter ArianeCfg[ExecuteRegionAddrBase][6] bound to: 64'b0000000000000000000000000000000000000000000000000000000000000000 
	Parameter ArianeCfg[ExecuteRegionAddrBase][5] bound to: 64'b0000000000000000000000000000000000000000000000000000000000000000 
	Parameter ArianeCfg[ExecuteRegionAddrBase][4] bound to: 64'b0000000000000000000000000000000000000000000000000000000000000000 
	Parameter ArianeCfg[ExecuteRegionAddrBase][3] bound to: 64'b0000000000000000000000000000000000000000000000000000000000000000 
	Parameter ArianeCfg[ExecuteRegionAddrBase][2] bound to: 64'b0000000000000000000000000000000010000000000000000000000000000000 
	Parameter ArianeCfg[ExecuteRegionAddrBase][1] bound to: 64'b0000000000000000000000000000000000000000000000010000000000000000 
	Parameter ArianeCfg[ExecuteRegionAddrBase][0] bound to: 64'b0000000000000000000000000000000000000000000000000000000000000000 
	Parameter ArianeCfg[ExecuteRegionLength][15] bound to: 64'b0000000000000000000000000000000000000000000000000000000000000000 
	Parameter ArianeCfg[ExecuteRegionLength][14] bound to: 64'b0000000000000000000000000000000000000000000000000000000000000000 
	Parameter ArianeCfg[ExecuteRegionLength][13] bound to: 64'b0000000000000000000000000000000000000000000000000000000000000000 
	Parameter ArianeCfg[ExecuteRegionLength][12] bound to: 64'b0000000000000000000000000000000000000000000000000000000000000000 
	Parameter ArianeCfg[ExecuteRegionLength][11] bound to: 64'b0000000000000000000000000000000000000000000000000000000000000000 
	Parameter ArianeCfg[ExecuteRegionLength][10] bound to: 64'b0000000000000000000000000000000000000000000000000000000000000000 
	Parameter ArianeCfg[ExecuteRegionLength][9] bound to: 64'b0000000000000000000000000000000000000000000000000000000000000000 
	Parameter ArianeCfg[ExecuteRegionLength][8] bound to: 64'b0000000000000000000000000000000000000000000000000000000000000000 
	Parameter ArianeCfg[ExecuteRegionLength][7] bound to: 64'b0000000000000000000000000000000000000000000000000000000000000000 
	Parameter ArianeCfg[ExecuteRegionLength][6] bound to: 64'b0000000000000000000000000000000000000000000000000000000000000000 
	Parameter ArianeCfg[ExecuteRegionLength][5] bound to: 64'b0000000000000000000000000000000000000000000000000000000000000000 
	Parameter ArianeCfg[ExecuteRegionLength][4] bound to: 64'b0000000000000000000000000000000000000000000000000000000000000000 
	Parameter ArianeCfg[ExecuteRegionLength][3] bound to: 64'b0000000000000000000000000000000000000000000000000000000000000000 
	Parameter ArianeCfg[ExecuteRegionLength][2] bound to: 64'b0000000000000000000000000000000001000000000000000000000000000000 
	Parameter ArianeCfg[ExecuteRegionLength][1] bound to: 64'b0000000000000000000000000000000000000000000000010000000000000000 
	Parameter ArianeCfg[ExecuteRegionLength][0] bound to: 64'b0000000000000000000000000000000000000000000000000001000000000000 
	Parameter ArianeCfg[NrCachedRegionRules] bound to: 32'b00000000000000000000000000000001 
	Parameter ArianeCfg[CachedRegionAddrBase][15] bound to: 64'b0000000000000000000000000000000000000000000000000000000000000000 
	Parameter ArianeCfg[CachedRegionAddrBase][14] bound to: 64'b0000000000000000000000000000000000000000000000000000000000000000 
	Parameter ArianeCfg[CachedRegionAddrBase][13] bound to: 64'b0000000000000000000000000000000000000000000000000000000000000000 
	Parameter ArianeCfg[CachedRegionAddrBase][12] bound to: 64'b0000000000000000000000000000000000000000000000000000000000000000 
	Parameter ArianeCfg[CachedRegionAddrBase][11] bound to: 64'b0000000000000000000000000000000000000000000000000000000000000000 
	Parameter ArianeCfg[CachedRegionAddrBase][10] bound to: 64'b0000000000000000000000000000000000000000000000000000000000000000 
	Parameter ArianeCfg[CachedRegionAddrBase][9] bound to: 64'b0000000000000000000000000000000000000000000000000000000000000000 
	Parameter ArianeCfg[CachedRegionAddrBase][8] bound to: 64'b0000000000000000000000000000000000000000000000000000000000000000 
	Parameter ArianeCfg[CachedRegionAddrBase][7] bound to: 64'b0000000000000000000000000000000000000000000000000000000000000000 
	Parameter ArianeCfg[CachedRegionAddrBase][6] bound to: 64'b0000000000000000000000000000000000000000000000000000000000000000 
	Parameter ArianeCfg[CachedRegionAddrBase][5] bound to: 64'b0000000000000000000000000000000000000000000000000000000000000000 
	Parameter ArianeCfg[CachedRegionAddrBase][4] bound to: 64'b0000000000000000000000000000000000000000000000000000000000000000 
	Parameter ArianeCfg[CachedRegionAddrBase][3] bound to: 64'b0000000000000000000000000000000000000000000000000000000000000000 
	Parameter ArianeCfg[CachedRegionAddrBase][2] bound to: 64'b0000000000000000000000000000000000000000000000000000000000000000 
	Parameter ArianeCfg[CachedRegionAddrBase][1] bound to: 64'b0000000000000000000000000000000000000000000000000000000000000000 
	Parameter ArianeCfg[CachedRegionAddrBase][0] bound to: 64'b0000000000000000000000000000000010000000000000000000000000000000 
	Parameter ArianeCfg[CachedRegionLength][15] bound to: 64'b0000000000000000000000000000000000000000000000000000000000000000 
	Parameter ArianeCfg[CachedRegionLength][14] bound to: 64'b0000000000000000000000000000000000000000000000000000000000000000 
	Parameter ArianeCfg[CachedRegionLength][13] bound to: 64'b0000000000000000000000000000000000000000000000000000000000000000 
	Parameter ArianeCfg[CachedRegionLength][12] bound to: 64'b0000000000000000000000000000000000000000000000000000000000000000 
	Parameter ArianeCfg[CachedRegionLength][11] bound to: 64'b0000000000000000000000000000000000000000000000000000000000000000 
	Parameter ArianeCfg[CachedRegionLength][10] bound to: 64'b0000000000000000000000000000000000000000000000000000000000000000 
	Parameter ArianeCfg[CachedRegionLength][9] bound to: 64'b0000000000000000000000000000000000000000000000000000000000000000 
	Parameter ArianeCfg[CachedRegionLength][8] bound to: 64'b0000000000000000000000000000000000000000000000000000000000000000 
	Parameter ArianeCfg[CachedRegionLength][7] bound to: 64'b0000000000000000000000000000000000000000000000000000000000000000 
	Parameter ArianeCfg[CachedRegionLength][6] bound to: 64'b0000000000000000000000000000000000000000000000000000000000000000 
	Parameter ArianeCfg[CachedRegionLength][5] bound to: 64'b0000000000000000000000000000000000000000000000000000000000000000 
	Parameter ArianeCfg[CachedRegionLength][4] bound to: 64'b0000000000000000000000000000000000000000000000000000000000000000 
	Parameter ArianeCfg[CachedRegionLength][3] bound to: 64'b0000000000000000000000000000000000000000000000000000000000000000 
	Parameter ArianeCfg[CachedRegionLength][2] bound to: 64'b0000000000000000000000000000000000000000000000000000000000000000 
	Parameter ArianeCfg[CachedRegionLength][1] bound to: 64'b0000000000000000000000000000000000000000000000000000000000000000 
	Parameter ArianeCfg[CachedRegionLength][0] bound to: 64'b0000000000000000000000000000000001000000000000000000000000000000 
	Parameter ArianeCfg[AxiCompliant] bound to: 1'b1 
	Parameter ArianeCfg[SwapEndianess] bound to: 1'b0 
	Parameter ArianeCfg[DmBaseAddress] bound to: 64'b0000000000000000000000000000000000000000000000000000000000000000 
	Parameter ArianeCfg[NrPMPEntries] bound to: 32'b00000000000000000000000000001000 
INFO: [Synth 8-6157] synthesizing module 'cvxif_example_coprocessor' [/home/jc/tmp/riscv-iommu-demo/cva6/core/cvxif_example/cvxif_example_coprocessor.sv:12]
INFO: [Synth 8-6157] synthesizing module 'instr_decoder' [/home/jc/tmp/riscv-iommu-demo/cva6/core/cvxif_example/instr_decoder.sv:10]
	Parameter NbInstr bound to: 32'sb00000000000000000000000000000010 
	Parameter CoproInstr bound to: 140'b00000000000000000000000000101011000000000000000000000000011111111000000000000000000000000000000101101100000000000000000000000001111111110000 
INFO: [Synth 8-6155] done synthesizing module 'instr_decoder' (0#1) [/home/jc/tmp/riscv-iommu-demo/cva6/core/cvxif_example/instr_decoder.sv:10]
INFO: [Synth 8-6157] synthesizing module 'fifo_v3__parameterized6' [/home/jc/tmp/riscv-iommu-demo/cva6/vendor/pulp-platform/common_cells/src/fifo_v3.sv:13]
	Parameter FALL_THROUGH bound to: 1'b1 
	Parameter DATA_WIDTH bound to: 32'b00000000000000000000000001000000 
	Parameter DEPTH bound to: 32'b00000000000000000000000000001000 
INFO: [Synth 8-6155] done synthesizing module 'fifo_v3__parameterized6' (0#1) [/home/jc/tmp/riscv-iommu-demo/cva6/vendor/pulp-platform/common_cells/src/fifo_v3.sv:13]
INFO: [Synth 8-6157] synthesizing module 'counter__parameterized0' [/home/jc/tmp/riscv-iommu-demo/cva6/vendor/pulp-platform/common_cells/src/counter.sv:14]
	Parameter WIDTH bound to: 32'b00000000000000000000000000000100 
INFO: [Synth 8-6157] synthesizing module 'delta_counter__parameterized1' [/home/jc/tmp/riscv-iommu-demo/cva6/vendor/pulp-platform/common_cells/src/delta_counter.sv:13]
	Parameter WIDTH bound to: 32'b00000000000000000000000000000100 
	Parameter STICKY_OVERFLOW bound to: 1'b0 
INFO: [Synth 8-6155] done synthesizing module 'delta_counter__parameterized1' (0#1) [/home/jc/tmp/riscv-iommu-demo/cva6/vendor/pulp-platform/common_cells/src/delta_counter.sv:13]
INFO: [Synth 8-6155] done synthesizing module 'counter__parameterized0' (0#1) [/home/jc/tmp/riscv-iommu-demo/cva6/vendor/pulp-platform/common_cells/src/counter.sv:14]
INFO: [Synth 8-6155] done synthesizing module 'cvxif_example_coprocessor' (0#1) [/home/jc/tmp/riscv-iommu-demo/cva6/core/cvxif_example/cvxif_example_coprocessor.sv:12]
INFO: [Synth 8-6157] synthesizing module 'cva6' [/home/jc/tmp/riscv-iommu-demo/cva6/core/cva6.sv:26]
	Parameter ArianeCfg[RASDepth] bound to: 32'sb00000000000000000000000000000010 
	Parameter ArianeCfg[BTBEntries] bound to: 32'sb00000000000000000000000000100000 
	Parameter ArianeCfg[BHTEntries] bound to: 32'sb00000000000000000000000010000000 
	Parameter ArianeCfg[NrNonIdempotentRules] bound to: 32'b00000000000000000000000000000001 
	Parameter ArianeCfg[NonIdempotentAddrBase][15] bound to: 64'b0000000000000000000000000000000000000000000000000000000000000000 
	Parameter ArianeCfg[NonIdempotentAddrBase][14] bound to: 64'b0000000000000000000000000000000000000000000000000000000000000000 
	Parameter ArianeCfg[NonIdempotentAddrBase][13] bound to: 64'b0000000000000000000000000000000000000000000000000000000000000000 
	Parameter ArianeCfg[NonIdempotentAddrBase][12] bound to: 64'b0000000000000000000000000000000000000000000000000000000000000000 
	Parameter ArianeCfg[NonIdempotentAddrBase][11] bound to: 64'b0000000000000000000000000000000000000000000000000000000000000000 
	Parameter ArianeCfg[NonIdempotentAddrBase][10] bound to: 64'b0000000000000000000000000000000000000000000000000000000000000000 
	Parameter ArianeCfg[NonIdempotentAddrBase][9] bound to: 64'b0000000000000000000000000000000000000000000000000000000000000000 
	Parameter ArianeCfg[NonIdempotentAddrBase][8] bound to: 64'b0000000000000000000000000000000000000000000000000000000000000000 
	Parameter ArianeCfg[NonIdempotentAddrBase][7] bound to: 64'b0000000000000000000000000000000000000000000000000000000000000000 
	Parameter ArianeCfg[NonIdempotentAddrBase][6] bound to: 64'b0000000000000000000000000000000000000000000000000000000000000000 
	Parameter ArianeCfg[NonIdempotentAddrBase][5] bound to: 64'b0000000000000000000000000000000000000000000000000000000000000000 
	Parameter ArianeCfg[NonIdempotentAddrBase][4] bound to: 64'b0000000000000000000000000000000000000000000000000000000000000000 
	Parameter ArianeCfg[NonIdempotentAddrBase][3] bound to: 64'b0000000000000000000000000000000000000000000000000000000000000000 
	Parameter ArianeCfg[NonIdempotentAddrBase][2] bound to: 64'b0000000000000000000000000000000000000000000000000000000000000000 
	Parameter ArianeCfg[NonIdempotentAddrBase][1] bound to: 64'b0000000000000000000000000000000000000000000000000000000000000000 
	Parameter ArianeCfg[NonIdempotentAddrBase][0] bound to: 64'b0000000000000000000000000000000000000000000000000000000000000000 
	Parameter ArianeCfg[NonIdempotentLength][15] bound to: 64'b0000000000000000000000000000000000000000000000000000000000000000 
	Parameter ArianeCfg[NonIdempotentLength][14] bound to: 64'b0000000000000000000000000000000000000000000000000000000000000000 
	Parameter ArianeCfg[NonIdempotentLength][13] bound to: 64'b0000000000000000000000000000000000000000000000000000000000000000 
	Parameter ArianeCfg[NonIdempotentLength][12] bound to: 64'b0000000000000000000000000000000000000000000000000000000000000000 
	Parameter ArianeCfg[NonIdempotentLength][11] bound to: 64'b0000000000000000000000000000000000000000000000000000000000000000 
	Parameter ArianeCfg[NonIdempotentLength][10] bound to: 64'b0000000000000000000000000000000000000000000000000000000000000000 
	Parameter ArianeCfg[NonIdempotentLength][9] bound to: 64'b0000000000000000000000000000000000000000000000000000000000000000 
	Parameter ArianeCfg[NonIdempotentLength][8] bound to: 64'b0000000000000000000000000000000000000000000000000000000000000000 
	Parameter ArianeCfg[NonIdempotentLength][7] bound to: 64'b0000000000000000000000000000000000000000000000000000000000000000 
	Parameter ArianeCfg[NonIdempotentLength][6] bound to: 64'b0000000000000000000000000000000000000000000000000000000000000000 
	Parameter ArianeCfg[NonIdempotentLength][5] bound to: 64'b0000000000000000000000000000000000000000000000000000000000000000 
	Parameter ArianeCfg[NonIdempotentLength][4] bound to: 64'b0000000000000000000000000000000000000000000000000000000000000000 
	Parameter ArianeCfg[NonIdempotentLength][3] bound to: 64'b0000000000000000000000000000000000000000000000000000000000000000 
	Parameter ArianeCfg[NonIdempotentLength][2] bound to: 64'b0000000000000000000000000000000000000000000000000000000000000000 
	Parameter ArianeCfg[NonIdempotentLength][1] bound to: 64'b0000000000000000000000000000000000000000000000000000000000000000 
	Parameter ArianeCfg[NonIdempotentLength][0] bound to: 64'b0000000000000000000000000000000010000000000000000000000000000000 
	Parameter ArianeCfg[NrExecuteRegionRules] bound to: 32'b00000000000000000000000000000011 
	Parameter ArianeCfg[ExecuteRegionAddrBase][15] bound to: 64'b0000000000000000000000000000000000000000000000000000000000000000 
	Parameter ArianeCfg[ExecuteRegionAddrBase][14] bound to: 64'b0000000000000000000000000000000000000000000000000000000000000000 
	Parameter ArianeCfg[ExecuteRegionAddrBase][13] bound to: 64'b0000000000000000000000000000000000000000000000000000000000000000 
	Parameter ArianeCfg[ExecuteRegionAddrBase][12] bound to: 64'b0000000000000000000000000000000000000000000000000000000000000000 
	Parameter ArianeCfg[ExecuteRegionAddrBase][11] bound to: 64'b0000000000000000000000000000000000000000000000000000000000000000 
	Parameter ArianeCfg[ExecuteRegionAddrBase][10] bound to: 64'b0000000000000000000000000000000000000000000000000000000000000000 
	Parameter ArianeCfg[ExecuteRegionAddrBase][9] bound to: 64'b0000000000000000000000000000000000000000000000000000000000000000 
	Parameter ArianeCfg[ExecuteRegionAddrBase][8] bound to: 64'b0000000000000000000000000000000000000000000000000000000000000000 
	Parameter ArianeCfg[ExecuteRegionAddrBase][7] bound to: 64'b0000000000000000000000000000000000000000000000000000000000000000 
	Parameter ArianeCfg[ExecuteRegionAddrBase][6] bound to: 64'b0000000000000000000000000000000000000000000000000000000000000000 
	Parameter ArianeCfg[ExecuteRegionAddrBase][5] bound to: 64'b0000000000000000000000000000000000000000000000000000000000000000 
	Parameter ArianeCfg[ExecuteRegionAddrBase][4] bound to: 64'b0000000000000000000000000000000000000000000000000000000000000000 
	Parameter ArianeCfg[ExecuteRegionAddrBase][3] bound to: 64'b0000000000000000000000000000000000000000000000000000000000000000 
	Parameter ArianeCfg[ExecuteRegionAddrBase][2] bound to: 64'b0000000000000000000000000000000010000000000000000000000000000000 
	Parameter ArianeCfg[ExecuteRegionAddrBase][1] bound to: 64'b0000000000000000000000000000000000000000000000010000000000000000 
	Parameter ArianeCfg[ExecuteRegionAddrBase][0] bound to: 64'b0000000000000000000000000000000000000000000000000000000000000000 
	Parameter ArianeCfg[ExecuteRegionLength][15] bound to: 64'b0000000000000000000000000000000000000000000000000000000000000000 
	Parameter ArianeCfg[ExecuteRegionLength][14] bound to: 64'b0000000000000000000000000000000000000000000000000000000000000000 
	Parameter ArianeCfg[ExecuteRegionLength][13] bound to: 64'b0000000000000000000000000000000000000000000000000000000000000000 
	Parameter ArianeCfg[ExecuteRegionLength][12] bound to: 64'b0000000000000000000000000000000000000000000000000000000000000000 
	Parameter ArianeCfg[ExecuteRegionLength][11] bound to: 64'b0000000000000000000000000000000000000000000000000000000000000000 
	Parameter ArianeCfg[ExecuteRegionLength][10] bound to: 64'b0000000000000000000000000000000000000000000000000000000000000000 
	Parameter ArianeCfg[ExecuteRegionLength][9] bound to: 64'b0000000000000000000000000000000000000000000000000000000000000000 
	Parameter ArianeCfg[ExecuteRegionLength][8] bound to: 64'b0000000000000000000000000000000000000000000000000000000000000000 
	Parameter ArianeCfg[ExecuteRegionLength][7] bound to: 64'b0000000000000000000000000000000000000000000000000000000000000000 
	Parameter ArianeCfg[ExecuteRegionLength][6] bound to: 64'b0000000000000000000000000000000000000000000000000000000000000000 
	Parameter ArianeCfg[ExecuteRegionLength][5] bound to: 64'b0000000000000000000000000000000000000000000000000000000000000000 
	Parameter ArianeCfg[ExecuteRegionLength][4] bound to: 64'b0000000000000000000000000000000000000000000000000000000000000000 
	Parameter ArianeCfg[ExecuteRegionLength][3] bound to: 64'b0000000000000000000000000000000000000000000000000000000000000000 
	Parameter ArianeCfg[ExecuteRegionLength][2] bound to: 64'b0000000000000000000000000000000001000000000000000000000000000000 
	Parameter ArianeCfg[ExecuteRegionLength][1] bound to: 64'b0000000000000000000000000000000000000000000000010000000000000000 
	Parameter ArianeCfg[ExecuteRegionLength][0] bound to: 64'b0000000000000000000000000000000000000000000000000001000000000000 
	Parameter ArianeCfg[NrCachedRegionRules] bound to: 32'b00000000000000000000000000000001 
	Parameter ArianeCfg[CachedRegionAddrBase][15] bound to: 64'b0000000000000000000000000000000000000000000000000000000000000000 
	Parameter ArianeCfg[CachedRegionAddrBase][14] bound to: 64'b0000000000000000000000000000000000000000000000000000000000000000 
	Parameter ArianeCfg[CachedRegionAddrBase][13] bound to: 64'b0000000000000000000000000000000000000000000000000000000000000000 
	Parameter ArianeCfg[CachedRegionAddrBase][12] bound to: 64'b0000000000000000000000000000000000000000000000000000000000000000 
	Parameter ArianeCfg[CachedRegionAddrBase][11] bound to: 64'b0000000000000000000000000000000000000000000000000000000000000000 
	Parameter ArianeCfg[CachedRegionAddrBase][10] bound to: 64'b0000000000000000000000000000000000000000000000000000000000000000 
	Parameter ArianeCfg[CachedRegionAddrBase][9] bound to: 64'b0000000000000000000000000000000000000000000000000000000000000000 
	Parameter ArianeCfg[CachedRegionAddrBase][8] bound to: 64'b0000000000000000000000000000000000000000000000000000000000000000 
	Parameter ArianeCfg[CachedRegionAddrBase][7] bound to: 64'b0000000000000000000000000000000000000000000000000000000000000000 
	Parameter ArianeCfg[CachedRegionAddrBase][6] bound to: 64'b0000000000000000000000000000000000000000000000000000000000000000 
	Parameter ArianeCfg[CachedRegionAddrBase][5] bound to: 64'b0000000000000000000000000000000000000000000000000000000000000000 
	Parameter ArianeCfg[CachedRegionAddrBase][4] bound to: 64'b0000000000000000000000000000000000000000000000000000000000000000 
	Parameter ArianeCfg[CachedRegionAddrBase][3] bound to: 64'b0000000000000000000000000000000000000000000000000000000000000000 
	Parameter ArianeCfg[CachedRegionAddrBase][2] bound to: 64'b0000000000000000000000000000000000000000000000000000000000000000 
	Parameter ArianeCfg[CachedRegionAddrBase][1] bound to: 64'b0000000000000000000000000000000000000000000000000000000000000000 
	Parameter ArianeCfg[CachedRegionAddrBase][0] bound to: 64'b0000000000000000000000000000000010000000000000000000000000000000 
	Parameter ArianeCfg[CachedRegionLength][15] bound to: 64'b0000000000000000000000000000000000000000000000000000000000000000 
	Parameter ArianeCfg[CachedRegionLength][14] bound to: 64'b0000000000000000000000000000000000000000000000000000000000000000 
	Parameter ArianeCfg[CachedRegionLength][13] bound to: 64'b0000000000000000000000000000000000000000000000000000000000000000 
	Parameter ArianeCfg[CachedRegionLength][12] bound to: 64'b0000000000000000000000000000000000000000000000000000000000000000 
	Parameter ArianeCfg[CachedRegionLength][11] bound to: 64'b0000000000000000000000000000000000000000000000000000000000000000 
	Parameter ArianeCfg[CachedRegionLength][10] bound to: 64'b0000000000000000000000000000000000000000000000000000000000000000 
	Parameter ArianeCfg[CachedRegionLength][9] bound to: 64'b0000000000000000000000000000000000000000000000000000000000000000 
	Parameter ArianeCfg[CachedRegionLength][8] bound to: 64'b0000000000000000000000000000000000000000000000000000000000000000 
	Parameter ArianeCfg[CachedRegionLength][7] bound to: 64'b0000000000000000000000000000000000000000000000000000000000000000 
	Parameter ArianeCfg[CachedRegionLength][6] bound to: 64'b0000000000000000000000000000000000000000000000000000000000000000 
	Parameter ArianeCfg[CachedRegionLength][5] bound to: 64'b0000000000000000000000000000000000000000000000000000000000000000 
	Parameter ArianeCfg[CachedRegionLength][4] bound to: 64'b0000000000000000000000000000000000000000000000000000000000000000 
	Parameter ArianeCfg[CachedRegionLength][3] bound to: 64'b0000000000000000000000000000000000000000000000000000000000000000 
	Parameter ArianeCfg[CachedRegionLength][2] bound to: 64'b0000000000000000000000000000000000000000000000000000000000000000 
	Parameter ArianeCfg[CachedRegionLength][1] bound to: 64'b0000000000000000000000000000000000000000000000000000000000000000 
	Parameter ArianeCfg[CachedRegionLength][0] bound to: 64'b0000000000000000000000000000000001000000000000000000000000000000 
	Parameter ArianeCfg[AxiCompliant] bound to: 1'b1 
	Parameter ArianeCfg[SwapEndianess] bound to: 1'b0 
	Parameter ArianeCfg[DmBaseAddress] bound to: 64'b0000000000000000000000000000000000000000000000000000000000000000 
	Parameter ArianeCfg[NrPMPEntries] bound to: 32'b00000000000000000000000000001000 
	Parameter AxiAddrWidth bound to: 32'b00000000000000000000000001000000 
	Parameter AxiDataWidth bound to: 32'b00000000000000000000000001000000 
	Parameter AxiIdWidth bound to: 32'b00000000000000000000000000000100 
INFO: [Synth 8-6157] synthesizing module 'frontend' [/home/jc/tmp/riscv-iommu-demo/cva6/core/frontend/frontend.sv:18]
	Parameter ArianeCfg[RASDepth] bound to: 32'sb00000000000000000000000000000010 
	Parameter ArianeCfg[BTBEntries] bound to: 32'sb00000000000000000000000000100000 
	Parameter ArianeCfg[BHTEntries] bound to: 32'sb00000000000000000000000010000000 
	Parameter ArianeCfg[NrNonIdempotentRules] bound to: 32'b00000000000000000000000000000001 
	Parameter ArianeCfg[NonIdempotentAddrBase][15] bound to: 64'b0000000000000000000000000000000000000000000000000000000000000000 
	Parameter ArianeCfg[NonIdempotentAddrBase][14] bound to: 64'b0000000000000000000000000000000000000000000000000000000000000000 
	Parameter ArianeCfg[NonIdempotentAddrBase][13] bound to: 64'b0000000000000000000000000000000000000000000000000000000000000000 
	Parameter ArianeCfg[NonIdempotentAddrBase][12] bound to: 64'b0000000000000000000000000000000000000000000000000000000000000000 
	Parameter ArianeCfg[NonIdempotentAddrBase][11] bound to: 64'b0000000000000000000000000000000000000000000000000000000000000000 
	Parameter ArianeCfg[NonIdempotentAddrBase][10] bound to: 64'b0000000000000000000000000000000000000000000000000000000000000000 
	Parameter ArianeCfg[NonIdempotentAddrBase][9] bound to: 64'b0000000000000000000000000000000000000000000000000000000000000000 
	Parameter ArianeCfg[NonIdempotentAddrBase][8] bound to: 64'b0000000000000000000000000000000000000000000000000000000000000000 
	Parameter ArianeCfg[NonIdempotentAddrBase][7] bound to: 64'b0000000000000000000000000000000000000000000000000000000000000000 
	Parameter ArianeCfg[NonIdempotentAddrBase][6] bound to: 64'b0000000000000000000000000000000000000000000000000000000000000000 
	Parameter ArianeCfg[NonIdempotentAddrBase][5] bound to: 64'b0000000000000000000000000000000000000000000000000000000000000000 
	Parameter ArianeCfg[NonIdempotentAddrBase][4] bound to: 64'b0000000000000000000000000000000000000000000000000000000000000000 
	Parameter ArianeCfg[NonIdempotentAddrBase][3] bound to: 64'b0000000000000000000000000000000000000000000000000000000000000000 
	Parameter ArianeCfg[NonIdempotentAddrBase][2] bound to: 64'b0000000000000000000000000000000000000000000000000000000000000000 
	Parameter ArianeCfg[NonIdempotentAddrBase][1] bound to: 64'b0000000000000000000000000000000000000000000000000000000000000000 
	Parameter ArianeCfg[NonIdempotentAddrBase][0] bound to: 64'b0000000000000000000000000000000000000000000000000000000000000000 
	Parameter ArianeCfg[NonIdempotentLength][15] bound to: 64'b0000000000000000000000000000000000000000000000000000000000000000 
	Parameter ArianeCfg[NonIdempotentLength][14] bound to: 64'b0000000000000000000000000000000000000000000000000000000000000000 
	Parameter ArianeCfg[NonIdempotentLength][13] bound to: 64'b0000000000000000000000000000000000000000000000000000000000000000 
	Parameter ArianeCfg[NonIdempotentLength][12] bound to: 64'b0000000000000000000000000000000000000000000000000000000000000000 
	Parameter ArianeCfg[NonIdempotentLength][11] bound to: 64'b0000000000000000000000000000000000000000000000000000000000000000 
	Parameter ArianeCfg[NonIdempotentLength][10] bound to: 64'b0000000000000000000000000000000000000000000000000000000000000000 
	Parameter ArianeCfg[NonIdempotentLength][9] bound to: 64'b0000000000000000000000000000000000000000000000000000000000000000 
	Parameter ArianeCfg[NonIdempotentLength][8] bound to: 64'b0000000000000000000000000000000000000000000000000000000000000000 
	Parameter ArianeCfg[NonIdempotentLength][7] bound to: 64'b0000000000000000000000000000000000000000000000000000000000000000 
	Parameter ArianeCfg[NonIdempotentLength][6] bound to: 64'b0000000000000000000000000000000000000000000000000000000000000000 
	Parameter ArianeCfg[NonIdempotentLength][5] bound to: 64'b0000000000000000000000000000000000000000000000000000000000000000 
	Parameter ArianeCfg[NonIdempotentLength][4] bound to: 64'b0000000000000000000000000000000000000000000000000000000000000000 
	Parameter ArianeCfg[NonIdempotentLength][3] bound to: 64'b0000000000000000000000000000000000000000000000000000000000000000 
	Parameter ArianeCfg[NonIdempotentLength][2] bound to: 64'b0000000000000000000000000000000000000000000000000000000000000000 
	Parameter ArianeCfg[NonIdempotentLength][1] bound to: 64'b0000000000000000000000000000000000000000000000000000000000000000 
	Parameter ArianeCfg[NonIdempotentLength][0] bound to: 64'b0000000000000000000000000000000010000000000000000000000000000000 
	Parameter ArianeCfg[NrExecuteRegionRules] bound to: 32'b00000000000000000000000000000011 
	Parameter ArianeCfg[ExecuteRegionAddrBase][15] bound to: 64'b0000000000000000000000000000000000000000000000000000000000000000 
	Parameter ArianeCfg[ExecuteRegionAddrBase][14] bound to: 64'b0000000000000000000000000000000000000000000000000000000000000000 
	Parameter ArianeCfg[ExecuteRegionAddrBase][13] bound to: 64'b0000000000000000000000000000000000000000000000000000000000000000 
	Parameter ArianeCfg[ExecuteRegionAddrBase][12] bound to: 64'b0000000000000000000000000000000000000000000000000000000000000000 
	Parameter ArianeCfg[ExecuteRegionAddrBase][11] bound to: 64'b0000000000000000000000000000000000000000000000000000000000000000 
	Parameter ArianeCfg[ExecuteRegionAddrBase][10] bound to: 64'b0000000000000000000000000000000000000000000000000000000000000000 
	Parameter ArianeCfg[ExecuteRegionAddrBase][9] bound to: 64'b0000000000000000000000000000000000000000000000000000000000000000 
	Parameter ArianeCfg[ExecuteRegionAddrBase][8] bound to: 64'b0000000000000000000000000000000000000000000000000000000000000000 
	Parameter ArianeCfg[ExecuteRegionAddrBase][7] bound to: 64'b0000000000000000000000000000000000000000000000000000000000000000 
	Parameter ArianeCfg[ExecuteRegionAddrBase][6] bound to: 64'b0000000000000000000000000000000000000000000000000000000000000000 
	Parameter ArianeCfg[ExecuteRegionAddrBase][5] bound to: 64'b0000000000000000000000000000000000000000000000000000000000000000 
	Parameter ArianeCfg[ExecuteRegionAddrBase][4] bound to: 64'b0000000000000000000000000000000000000000000000000000000000000000 
	Parameter ArianeCfg[ExecuteRegionAddrBase][3] bound to: 64'b0000000000000000000000000000000000000000000000000000000000000000 
	Parameter ArianeCfg[ExecuteRegionAddrBase][2] bound to: 64'b0000000000000000000000000000000010000000000000000000000000000000 
	Parameter ArianeCfg[ExecuteRegionAddrBase][1] bound to: 64'b0000000000000000000000000000000000000000000000010000000000000000 
	Parameter ArianeCfg[ExecuteRegionAddrBase][0] bound to: 64'b0000000000000000000000000000000000000000000000000000000000000000 
	Parameter ArianeCfg[ExecuteRegionLength][15] bound to: 64'b0000000000000000000000000000000000000000000000000000000000000000 
	Parameter ArianeCfg[ExecuteRegionLength][14] bound to: 64'b0000000000000000000000000000000000000000000000000000000000000000 
	Parameter ArianeCfg[ExecuteRegionLength][13] bound to: 64'b0000000000000000000000000000000000000000000000000000000000000000 
	Parameter ArianeCfg[ExecuteRegionLength][12] bound to: 64'b0000000000000000000000000000000000000000000000000000000000000000 
	Parameter ArianeCfg[ExecuteRegionLength][11] bound to: 64'b0000000000000000000000000000000000000000000000000000000000000000 
	Parameter ArianeCfg[ExecuteRegionLength][10] bound to: 64'b0000000000000000000000000000000000000000000000000000000000000000 
	Parameter ArianeCfg[ExecuteRegionLength][9] bound to: 64'b0000000000000000000000000000000000000000000000000000000000000000 
	Parameter ArianeCfg[ExecuteRegionLength][8] bound to: 64'b0000000000000000000000000000000000000000000000000000000000000000 
	Parameter ArianeCfg[ExecuteRegionLength][7] bound to: 64'b0000000000000000000000000000000000000000000000000000000000000000 
	Parameter ArianeCfg[ExecuteRegionLength][6] bound to: 64'b0000000000000000000000000000000000000000000000000000000000000000 
	Parameter ArianeCfg[ExecuteRegionLength][5] bound to: 64'b0000000000000000000000000000000000000000000000000000000000000000 
	Parameter ArianeCfg[ExecuteRegionLength][4] bound to: 64'b0000000000000000000000000000000000000000000000000000000000000000 
	Parameter ArianeCfg[ExecuteRegionLength][3] bound to: 64'b0000000000000000000000000000000000000000000000000000000000000000 
	Parameter ArianeCfg[ExecuteRegionLength][2] bound to: 64'b0000000000000000000000000000000001000000000000000000000000000000 
	Parameter ArianeCfg[ExecuteRegionLength][1] bound to: 64'b0000000000000000000000000000000000000000000000010000000000000000 
	Parameter ArianeCfg[ExecuteRegionLength][0] bound to: 64'b0000000000000000000000000000000000000000000000000001000000000000 
	Parameter ArianeCfg[NrCachedRegionRules] bound to: 32'b00000000000000000000000000000001 
	Parameter ArianeCfg[CachedRegionAddrBase][15] bound to: 64'b0000000000000000000000000000000000000000000000000000000000000000 
	Parameter ArianeCfg[CachedRegionAddrBase][14] bound to: 64'b0000000000000000000000000000000000000000000000000000000000000000 
	Parameter ArianeCfg[CachedRegionAddrBase][13] bound to: 64'b0000000000000000000000000000000000000000000000000000000000000000 
	Parameter ArianeCfg[CachedRegionAddrBase][12] bound to: 64'b0000000000000000000000000000000000000000000000000000000000000000 
	Parameter ArianeCfg[CachedRegionAddrBase][11] bound to: 64'b0000000000000000000000000000000000000000000000000000000000000000 
	Parameter ArianeCfg[CachedRegionAddrBase][10] bound to: 64'b0000000000000000000000000000000000000000000000000000000000000000 
	Parameter ArianeCfg[CachedRegionAddrBase][9] bound to: 64'b0000000000000000000000000000000000000000000000000000000000000000 
	Parameter ArianeCfg[CachedRegionAddrBase][8] bound to: 64'b0000000000000000000000000000000000000000000000000000000000000000 
	Parameter ArianeCfg[CachedRegionAddrBase][7] bound to: 64'b0000000000000000000000000000000000000000000000000000000000000000 
	Parameter ArianeCfg[CachedRegionAddrBase][6] bound to: 64'b0000000000000000000000000000000000000000000000000000000000000000 
	Parameter ArianeCfg[CachedRegionAddrBase][5] bound to: 64'b0000000000000000000000000000000000000000000000000000000000000000 
	Parameter ArianeCfg[CachedRegionAddrBase][4] bound to: 64'b0000000000000000000000000000000000000000000000000000000000000000 
	Parameter ArianeCfg[CachedRegionAddrBase][3] bound to: 64'b0000000000000000000000000000000000000000000000000000000000000000 
	Parameter ArianeCfg[CachedRegionAddrBase][2] bound to: 64'b0000000000000000000000000000000000000000000000000000000000000000 
	Parameter ArianeCfg[CachedRegionAddrBase][1] bound to: 64'b0000000000000000000000000000000000000000000000000000000000000000 
	Parameter ArianeCfg[CachedRegionAddrBase][0] bound to: 64'b0000000000000000000000000000000010000000000000000000000000000000 
	Parameter ArianeCfg[CachedRegionLength][15] bound to: 64'b0000000000000000000000000000000000000000000000000000000000000000 
	Parameter ArianeCfg[CachedRegionLength][14] bound to: 64'b0000000000000000000000000000000000000000000000000000000000000000 
	Parameter ArianeCfg[CachedRegionLength][13] bound to: 64'b0000000000000000000000000000000000000000000000000000000000000000 
	Parameter ArianeCfg[CachedRegionLength][12] bound to: 64'b0000000000000000000000000000000000000000000000000000000000000000 
	Parameter ArianeCfg[CachedRegionLength][11] bound to: 64'b0000000000000000000000000000000000000000000000000000000000000000 
	Parameter ArianeCfg[CachedRegionLength][10] bound to: 64'b0000000000000000000000000000000000000000000000000000000000000000 
	Parameter ArianeCfg[CachedRegionLength][9] bound to: 64'b0000000000000000000000000000000000000000000000000000000000000000 
	Parameter ArianeCfg[CachedRegionLength][8] bound to: 64'b0000000000000000000000000000000000000000000000000000000000000000 
	Parameter ArianeCfg[CachedRegionLength][7] bound to: 64'b0000000000000000000000000000000000000000000000000000000000000000 
	Parameter ArianeCfg[CachedRegionLength][6] bound to: 64'b0000000000000000000000000000000000000000000000000000000000000000 
	Parameter ArianeCfg[CachedRegionLength][5] bound to: 64'b0000000000000000000000000000000000000000000000000000000000000000 
	Parameter ArianeCfg[CachedRegionLength][4] bound to: 64'b0000000000000000000000000000000000000000000000000000000000000000 
	Parameter ArianeCfg[CachedRegionLength][3] bound to: 64'b0000000000000000000000000000000000000000000000000000000000000000 
	Parameter ArianeCfg[CachedRegionLength][2] bound to: 64'b0000000000000000000000000000000000000000000000000000000000000000 
	Parameter ArianeCfg[CachedRegionLength][1] bound to: 64'b0000000000000000000000000000000000000000000000000000000000000000 
	Parameter ArianeCfg[CachedRegionLength][0] bound to: 64'b0000000000000000000000000000000001000000000000000000000000000000 
	Parameter ArianeCfg[AxiCompliant] bound to: 1'b1 
	Parameter ArianeCfg[SwapEndianess] bound to: 1'b0 
	Parameter ArianeCfg[DmBaseAddress] bound to: 64'b0000000000000000000000000000000000000000000000000000000000000000 
	Parameter ArianeCfg[NrPMPEntries] bound to: 32'b00000000000000000000000000001000 
INFO: [Synth 8-6157] synthesizing module 'ras' [/home/jc/tmp/riscv-iommu-demo/cva6/core/frontend/ras.sv:17]
INFO: [Common 17-14] Message 'Synth 8-6157' appears 100 times and further instances of the messages will be disabled. Use the Tcl command set_msg_config to change the current settings.
	Parameter DEPTH bound to: 32'b00000000000000000000000000000010 
INFO: [Synth 8-6155] done synthesizing module 'ras' (0#1) [/home/jc/tmp/riscv-iommu-demo/cva6/core/frontend/ras.sv:17]
	Parameter NR_ENTRIES bound to: 32'sb00000000000000000000000000100000 
WARNING: [Synth 8-4446] all outputs are unconnected for this instance and logic may be removed [/home/jc/tmp/riscv-iommu-demo/cva6/core/frontend/btb.sv:54]
INFO: [Synth 8-6155] done synthesizing module 'unread' (0#1) [/home/jc/tmp/riscv-iommu-demo/cva6/vendor/pulp-platform/common_cells/src/unread.sv:16]
INFO: [Synth 8-6155] done synthesizing module 'btb' (0#1) [/home/jc/tmp/riscv-iommu-demo/cva6/core/frontend/btb.sv:28]
	Parameter NR_ENTRIES bound to: 32'b00000000000000000000000010000000 
WARNING: [Synth 8-4446] all outputs are unconnected for this instance and logic may be removed [/home/jc/tmp/riscv-iommu-demo/cva6/core/frontend/bht.sv:43]
INFO: [Synth 8-6155] done synthesizing module 'bht' (0#1) [/home/jc/tmp/riscv-iommu-demo/cva6/core/frontend/bht.sv:21]
INFO: [Synth 8-6155] done synthesizing module 'instr_scan' (0#1) [/home/jc/tmp/riscv-iommu-demo/cva6/core/frontend/instr_scan.sv:18]
INFO: [Common 17-14] Message 'Synth 8-6155' appears 100 times and further instances of the messages will be disabled. Use the Tcl command set_msg_config to change the current settings.
INFO: [Synth 8-294] found qualifier unique on case statement: implementing as parallel_case [/home/jc/tmp/riscv-iommu-demo/cva6/core/frontend/frontend.sv:183]
INFO: [Synth 8-294] found qualifier unique on case statement: implementing as parallel_case [/home/jc/tmp/riscv-iommu-demo/cva6/core/frontend/frontend.sv:183]
	Parameter WIDTH bound to: 32'b00000000000000000000000000000010 
	Parameter MODE bound to: 1'b0 
	Parameter INPUT_WIDTH bound to: 32'b00000000000000000000000000000010 
WARNING: [Synth 8-693] zero replication count - replication ignored [/home/jc/tmp/riscv-iommu-demo/cva6/core/frontend/instr_queue.sv:299]
WARNING: [Synth 8-693] zero replication count - replication ignored [/home/jc/tmp/riscv-iommu-demo/cva6/core/frontend/instr_queue.sv:301]
WARNING: [Synth 8-693] zero replication count - replication ignored [/home/jc/tmp/riscv-iommu-demo/cva6/core/frontend/instr_queue.sv:299]
WARNING: [Synth 8-693] zero replication count - replication ignored [/home/jc/tmp/riscv-iommu-demo/cva6/core/frontend/instr_queue.sv:301]
	Parameter DEPTH bound to: 32'b00000000000000000000000000000100 
	Parameter DATA_WIDTH bound to: 32'b00000000000000000000000001000000 
	Parameter DEPTH bound to: 32'b00000000000000000000000000000100 
WARNING: [Synth 8-4446] all outputs are unconnected for this instance and logic may be removed [/home/jc/tmp/riscv-iommu-demo/cva6/core/frontend/instr_queue.sv:413]
WARNING: [Synth 8-4446] all outputs are unconnected for this instance and logic may be removed [/home/jc/tmp/riscv-iommu-demo/cva6/core/frontend/instr_queue.sv:414]
WARNING: [Synth 8-4446] all outputs are unconnected for this instance and logic may be removed [/home/jc/tmp/riscv-iommu-demo/cva6/core/frontend/instr_queue.sv:415]
WARNING: [Synth 8-4446] all outputs are unconnected for this instance and logic may be removed [/home/jc/tmp/riscv-iommu-demo/cva6/core/frontend/instr_queue.sv:416]
WARNING: [Synth 8-4446] all outputs are unconnected for this instance and logic may be removed [/home/jc/tmp/riscv-iommu-demo/cva6/core/frontend/instr_queue.sv:417]
INFO: [Synth 8-294] found qualifier unique on case statement: implementing as parallel_case [/home/jc/tmp/riscv-iommu-demo/cva6/core/compressed_decoder.sv:41]
INFO: [Synth 8-294] found qualifier unique on case statement: implementing as parallel_case [/home/jc/tmp/riscv-iommu-demo/cva6/core/compressed_decoder.sv:44]
INFO: [Synth 8-294] found qualifier unique on case statement: implementing as parallel_case [/home/jc/tmp/riscv-iommu-demo/cva6/core/compressed_decoder.sv:106]
INFO: [Synth 8-294] found qualifier unique on case statement: implementing as parallel_case [/home/jc/tmp/riscv-iommu-demo/cva6/core/compressed_decoder.sv:149]
INFO: [Synth 8-294] found qualifier unique on case statement: implementing as parallel_case [/home/jc/tmp/riscv-iommu-demo/cva6/core/compressed_decoder.sv:163]
INFO: [Synth 8-294] found qualifier unique on case statement: implementing as parallel_case [/home/jc/tmp/riscv-iommu-demo/cva6/core/compressed_decoder.sv:220]
INFO: [Synth 8-226] default block is never used [/home/jc/tmp/riscv-iommu-demo/cva6/core/compressed_decoder.sv:220]
INFO: [Synth 8-294] found qualifier unique on case statement: implementing as parallel_case [/home/jc/tmp/riscv-iommu-demo/cva6/core/decoder.sv:108]
INFO: [Synth 8-226] default block is never used [/home/jc/tmp/riscv-iommu-demo/cva6/core/decoder.sv:108]
INFO: [Synth 8-294] found qualifier unique on case statement: implementing as parallel_case [/home/jc/tmp/riscv-iommu-demo/cva6/core/decoder.sv:251]
INFO: [Synth 8-294] found qualifier unique on case statement: implementing as parallel_case [/home/jc/tmp/riscv-iommu-demo/cva6/core/decoder.sv:608]
INFO: [Synth 8-294] found qualifier unique on case statement: implementing as parallel_case [/home/jc/tmp/riscv-iommu-demo/cva6/core/decoder.sv:678]
INFO: [Synth 8-294] found qualifier unique on case statement: implementing as parallel_case [/home/jc/tmp/riscv-iommu-demo/cva6/core/decoder.sv:719]
INFO: [Synth 8-294] found qualifier unique on case statement: implementing as parallel_case [/home/jc/tmp/riscv-iommu-demo/cva6/core/decoder.sv:795]
INFO: [Synth 8-294] found qualifier unique on case statement: implementing as parallel_case [/home/jc/tmp/riscv-iommu-demo/cva6/core/decoder.sv:848]
INFO: [Synth 8-294] found qualifier unique on case statement: implementing as parallel_case [/home/jc/tmp/riscv-iommu-demo/cva6/core/decoder.sv:868]
INFO: [Synth 8-294] found qualifier unique on case statement: implementing as parallel_case [/home/jc/tmp/riscv-iommu-demo/cva6/core/decoder.sv:895]
INFO: [Synth 8-294] found qualifier unique on case statement: implementing as parallel_case [/home/jc/tmp/riscv-iommu-demo/cva6/core/decoder.sv:922]
INFO: [Synth 8-294] found qualifier unique on case statement: implementing as parallel_case [/home/jc/tmp/riscv-iommu-demo/cva6/core/decoder.sv:957]
INFO: [Synth 8-294] found qualifier unique on case statement: implementing as parallel_case [/home/jc/tmp/riscv-iommu-demo/cva6/core/decoder.sv:965]
INFO: [Synth 8-226] default block is never used [/home/jc/tmp/riscv-iommu-demo/cva6/core/decoder.sv:965]
INFO: [Synth 8-294] found qualifier unique on case statement: implementing as parallel_case [/home/jc/tmp/riscv-iommu-demo/cva6/core/decoder.sv:976]
INFO: [Synth 8-294] found qualifier unique on case statement: implementing as parallel_case [/home/jc/tmp/riscv-iommu-demo/cva6/core/decoder.sv:981]
INFO: [Synth 8-294] found qualifier unique on case statement: implementing as parallel_case [/home/jc/tmp/riscv-iommu-demo/cva6/core/decoder.sv:988]
INFO: [Synth 8-294] found qualifier unique on case statement: implementing as parallel_case [/home/jc/tmp/riscv-iommu-demo/cva6/core/decoder.sv:1009]
INFO: [Synth 8-294] found qualifier unique on case statement: implementing as parallel_case [/home/jc/tmp/riscv-iommu-demo/cva6/core/decoder.sv:1057]
INFO: [Synth 8-294] found qualifier unique on case statement: implementing as parallel_case [/home/jc/tmp/riscv-iommu-demo/cva6/core/decoder.sv:1112]
INFO: [Synth 8-226] default block is never used [/home/jc/tmp/riscv-iommu-demo/cva6/core/decoder.sv:1112]
INFO: [Synth 8-294] found qualifier unique on case statement: implementing as parallel_case [/home/jc/tmp/riscv-iommu-demo/cva6/core/decoder.sv:1123]
INFO: [Synth 8-294] found qualifier unique on case statement: implementing as parallel_case [/home/jc/tmp/riscv-iommu-demo/cva6/core/decoder.sv:1128]
INFO: [Synth 8-294] found qualifier unique on case statement: implementing as parallel_case [/home/jc/tmp/riscv-iommu-demo/cva6/core/decoder.sv:1135]
INFO: [Synth 8-294] found qualifier unique on case statement: implementing as parallel_case [/home/jc/tmp/riscv-iommu-demo/cva6/core/decoder.sv:1160]
INFO: [Synth 8-294] found qualifier unique on case statement: implementing as parallel_case [/home/jc/tmp/riscv-iommu-demo/cva6/core/decoder.sv:1179]
	Parameter NR_ENTRIES bound to: 32'b00000000000000000000000000001000 
	Parameter NR_WB_PORTS bound to: 32'b00000000000000000000000000000101 
	Parameter NR_COMMIT_PORTS bound to: 32'b00000000000000000000000000000010 
INFO: [Synth 8-294] found qualifier unique on case statement: implementing as parallel_case [/home/jc/tmp/riscv-iommu-demo/cva6/core/include/ariane_pkg.sv:634]
INFO: [Synth 8-294] found qualifier unique on case statement: implementing as parallel_case [/home/jc/tmp/riscv-iommu-demo/cva6/core/include/ariane_pkg.sv:588]
INFO: [Synth 8-294] found qualifier unique on case statement: implementing as parallel_case [/home/jc/tmp/riscv-iommu-demo/cva6/core/include/ariane_pkg.sv:605]
INFO: [Synth 8-294] found qualifier unique on case statement: implementing as parallel_case [/home/jc/tmp/riscv-iommu-demo/cva6/core/include/ariane_pkg.sv:622]
	Parameter NR_ENTRIES bound to: 32'b00000000000000000000000000001000 
	Parameter NR_WB_PORTS bound to: 32'b00000000000000000000000000000101 
	Parameter NR_COMMIT_PORTS bound to: 32'b00000000000000000000000000000010 
	Parameter NumIn bound to: 32'b00000000000000000000000000001001 
	Parameter ExtPrio bound to: 1'b1 
	Parameter AxiVldRdy bound to: 1'b1 
INFO: [Synth 8-294] found qualifier unique on case statement: implementing as parallel_case [/home/jc/tmp/riscv-iommu-demo/cva6/core/include/ariane_pkg.sv:588]
INFO: [Synth 8-294] found qualifier unique on case statement: implementing as parallel_case [/home/jc/tmp/riscv-iommu-demo/cva6/core/include/ariane_pkg.sv:605]
INFO: [Synth 8-294] found qualifier unique on case statement: implementing as parallel_case [/home/jc/tmp/riscv-iommu-demo/cva6/core/include/ariane_pkg.sv:622]
INFO: [Synth 8-294] found qualifier unique on case statement: implementing as parallel_case [/home/jc/tmp/riscv-iommu-demo/cva6/core/include/ariane_pkg.sv:588]
INFO: [Synth 8-294] found qualifier unique on case statement: implementing as parallel_case [/home/jc/tmp/riscv-iommu-demo/cva6/core/include/ariane_pkg.sv:605]
INFO: [Synth 8-294] found qualifier unique on case statement: implementing as parallel_case [/home/jc/tmp/riscv-iommu-demo/cva6/core/include/ariane_pkg.sv:622]
INFO: [Synth 8-294] found qualifier unique on case statement: implementing as parallel_case [/home/jc/tmp/riscv-iommu-demo/cva6/core/include/ariane_pkg.sv:588]
INFO: [Synth 8-294] found qualifier unique on case statement: implementing as parallel_case [/home/jc/tmp/riscv-iommu-demo/cva6/core/include/ariane_pkg.sv:605]
INFO: [Synth 8-294] found qualifier unique on case statement: implementing as parallel_case [/home/jc/tmp/riscv-iommu-demo/cva6/core/include/ariane_pkg.sv:622]
INFO: [Synth 8-294] found qualifier unique on case statement: implementing as parallel_case [/home/jc/tmp/riscv-iommu-demo/cva6/core/include/ariane_pkg.sv:588]
INFO: [Synth 8-294] found qualifier unique on case statement: implementing as parallel_case [/home/jc/tmp/riscv-iommu-demo/cva6/core/include/ariane_pkg.sv:605]
INFO: [Synth 8-294] found qualifier unique on case statement: implementing as parallel_case [/home/jc/tmp/riscv-iommu-demo/cva6/core/include/ariane_pkg.sv:622]
INFO: [Synth 8-294] found qualifier unique on case statement: implementing as parallel_case [/home/jc/tmp/riscv-iommu-demo/cva6/core/include/ariane_pkg.sv:588]
INFO: [Synth 8-294] found qualifier unique on case statement: implementing as parallel_case [/home/jc/tmp/riscv-iommu-demo/cva6/core/include/ariane_pkg.sv:605]
INFO: [Synth 8-294] found qualifier unique on case statement: implementing as parallel_case [/home/jc/tmp/riscv-iommu-demo/cva6/core/include/ariane_pkg.sv:622]
INFO: [Synth 8-294] found qualifier unique on case statement: implementing as parallel_case [/home/jc/tmp/riscv-iommu-demo/cva6/core/include/ariane_pkg.sv:588]
INFO: [Synth 8-294] found qualifier unique on case statement: implementing as parallel_case [/home/jc/tmp/riscv-iommu-demo/cva6/core/include/ariane_pkg.sv:605]
INFO: [Synth 8-294] found qualifier unique on case statement: implementing as parallel_case [/home/jc/tmp/riscv-iommu-demo/cva6/core/include/ariane_pkg.sv:622]
INFO: [Synth 8-294] found qualifier unique on case statement: implementing as parallel_case [/home/jc/tmp/riscv-iommu-demo/cva6/core/include/ariane_pkg.sv:588]
INFO: [Synth 8-294] found qualifier unique on case statement: implementing as parallel_case [/home/jc/tmp/riscv-iommu-demo/cva6/core/include/ariane_pkg.sv:605]
INFO: [Synth 8-294] found qualifier unique on case statement: implementing as parallel_case [/home/jc/tmp/riscv-iommu-demo/cva6/core/include/ariane_pkg.sv:622]
INFO: [Synth 8-294] found qualifier unique on case statement: implementing as parallel_case [/home/jc/tmp/riscv-iommu-demo/cva6/core/include/ariane_pkg.sv:588]
INFO: [Synth 8-294] found qualifier unique on case statement: implementing as parallel_case [/home/jc/tmp/riscv-iommu-demo/cva6/core/include/ariane_pkg.sv:605]
INFO: [Synth 8-294] found qualifier unique on case statement: implementing as parallel_case [/home/jc/tmp/riscv-iommu-demo/cva6/core/include/ariane_pkg.sv:622]
INFO: [Synth 8-294] found qualifier unique on case statement: implementing as parallel_case [/home/jc/tmp/riscv-iommu-demo/cva6/core/include/ariane_pkg.sv:588]
INFO: [Synth 8-294] found qualifier unique on case statement: implementing as parallel_case [/home/jc/tmp/riscv-iommu-demo/cva6/core/include/ariane_pkg.sv:605]
INFO: [Synth 8-294] found qualifier unique on case statement: implementing as parallel_case [/home/jc/tmp/riscv-iommu-demo/cva6/core/include/ariane_pkg.sv:622]
INFO: [Synth 8-294] found qualifier unique on case statement: implementing as parallel_case [/home/jc/tmp/riscv-iommu-demo/cva6/core/include/ariane_pkg.sv:588]
INFO: [Synth 8-294] found qualifier unique on case statement: implementing as parallel_case [/home/jc/tmp/riscv-iommu-demo/cva6/core/include/ariane_pkg.sv:605]
INFO: [Synth 8-294] found qualifier unique on case statement: implementing as parallel_case [/home/jc/tmp/riscv-iommu-demo/cva6/core/include/ariane_pkg.sv:622]
INFO: [Synth 8-294] found qualifier unique on case statement: implementing as parallel_case [/home/jc/tmp/riscv-iommu-demo/cva6/core/include/ariane_pkg.sv:588]
INFO: [Synth 8-294] found qualifier unique on case statement: implementing as parallel_case [/home/jc/tmp/riscv-iommu-demo/cva6/core/include/ariane_pkg.sv:605]
INFO: [Synth 8-294] found qualifier unique on case statement: implementing as parallel_case [/home/jc/tmp/riscv-iommu-demo/cva6/core/include/ariane_pkg.sv:622]
INFO: [Synth 8-294] found qualifier unique on case statement: implementing as parallel_case [/home/jc/tmp/riscv-iommu-demo/cva6/core/include/ariane_pkg.sv:588]
INFO: [Common 17-14] Message 'Synth 8-294' appears 100 times and further instances of the messages will be disabled. Use the Tcl command set_msg_config to change the current settings.
	Parameter NumIn bound to: 32'b00000000000000000000000000001101 
	Parameter DataWidth bound to: 32'b00000000000000000000000001000000 
	Parameter ExtPrio bound to: 1'b1 
	Parameter AxiVldRdy bound to: 1'b1 
	Parameter NR_COMMIT_PORTS bound to: 32'b00000000000000000000000000000010 
	Parameter DATA_WIDTH bound to: 32'b00000000000000000000000001000000 
	Parameter NR_READ_PORTS bound to: 32'b00000000000000000000000000000010 
	Parameter NR_WRITE_PORTS bound to: 32'b00000000000000000000000000000010 
	Parameter ZERO_REG_ZERO bound to: 1'b1 
	Parameter DATA_WIDTH bound to: 32'b00000000000000000000000001000000 
	Parameter NR_READ_PORTS bound to: 32'b00000000000000000000000000000011 
	Parameter NR_WRITE_PORTS bound to: 32'b00000000000000000000000000000010 
	Parameter ZERO_REG_ZERO bound to: 1'b0 
WARNING: [Synth 8-693] zero replication count - replication ignored [/home/jc/tmp/riscv-iommu-demo/cva6/core/issue_read_operands.sv:222]
WARNING: [Synth 8-693] zero replication count - replication ignored [/home/jc/tmp/riscv-iommu-demo/cva6/core/issue_read_operands.sv:238]
WARNING: [Synth 8-693] zero replication count - replication ignored [/home/jc/tmp/riscv-iommu-demo/cva6/core/issue_read_operands.sv:243]
WARNING: [Synth 8-693] zero replication count - replication ignored [/home/jc/tmp/riscv-iommu-demo/cva6/core/issue_read_operands.sv:497]
WARNING: [Synth 8-693] zero replication count - replication ignored [/home/jc/tmp/riscv-iommu-demo/cva6/core/issue_read_operands.sv:498]
	Parameter ASID_WIDTH bound to: 32'b00000000000000000000000000010000 
	Parameter VMID_WIDTH bound to: 32'b00000000000000000000000000001110 
	Parameter ArianeCfg[RASDepth] bound to: 32'sb00000000000000000000000000000010 
	Parameter ArianeCfg[BTBEntries] bound to: 32'sb00000000000000000000000000100000 
	Parameter ArianeCfg[BHTEntries] bound to: 32'sb00000000000000000000000010000000 
	Parameter ArianeCfg[NrNonIdempotentRules] bound to: 32'b00000000000000000000000000000001 
	Parameter ArianeCfg[NonIdempotentAddrBase][15] bound to: 64'b0000000000000000000000000000000000000000000000000000000000000000 
	Parameter ArianeCfg[NonIdempotentAddrBase][14] bound to: 64'b0000000000000000000000000000000000000000000000000000000000000000 
	Parameter ArianeCfg[NonIdempotentAddrBase][13] bound to: 64'b0000000000000000000000000000000000000000000000000000000000000000 
	Parameter ArianeCfg[NonIdempotentAddrBase][12] bound to: 64'b0000000000000000000000000000000000000000000000000000000000000000 
	Parameter ArianeCfg[NonIdempotentAddrBase][11] bound to: 64'b0000000000000000000000000000000000000000000000000000000000000000 
	Parameter ArianeCfg[NonIdempotentAddrBase][10] bound to: 64'b0000000000000000000000000000000000000000000000000000000000000000 
	Parameter ArianeCfg[NonIdempotentAddrBase][9] bound to: 64'b0000000000000000000000000000000000000000000000000000000000000000 
	Parameter ArianeCfg[NonIdempotentAddrBase][8] bound to: 64'b0000000000000000000000000000000000000000000000000000000000000000 
	Parameter ArianeCfg[NonIdempotentAddrBase][7] bound to: 64'b0000000000000000000000000000000000000000000000000000000000000000 
	Parameter ArianeCfg[NonIdempotentAddrBase][6] bound to: 64'b0000000000000000000000000000000000000000000000000000000000000000 
	Parameter ArianeCfg[NonIdempotentAddrBase][5] bound to: 64'b0000000000000000000000000000000000000000000000000000000000000000 
	Parameter ArianeCfg[NonIdempotentAddrBase][4] bound to: 64'b0000000000000000000000000000000000000000000000000000000000000000 
	Parameter ArianeCfg[NonIdempotentAddrBase][3] bound to: 64'b0000000000000000000000000000000000000000000000000000000000000000 
	Parameter ArianeCfg[NonIdempotentAddrBase][2] bound to: 64'b0000000000000000000000000000000000000000000000000000000000000000 
	Parameter ArianeCfg[NonIdempotentAddrBase][1] bound to: 64'b0000000000000000000000000000000000000000000000000000000000000000 
	Parameter ArianeCfg[NonIdempotentAddrBase][0] bound to: 64'b0000000000000000000000000000000000000000000000000000000000000000 
	Parameter ArianeCfg[NonIdempotentLength][15] bound to: 64'b0000000000000000000000000000000000000000000000000000000000000000 
	Parameter ArianeCfg[NonIdempotentLength][14] bound to: 64'b0000000000000000000000000000000000000000000000000000000000000000 
	Parameter ArianeCfg[NonIdempotentLength][13] bound to: 64'b0000000000000000000000000000000000000000000000000000000000000000 
	Parameter ArianeCfg[NonIdempotentLength][12] bound to: 64'b0000000000000000000000000000000000000000000000000000000000000000 
	Parameter ArianeCfg[NonIdempotentLength][11] bound to: 64'b0000000000000000000000000000000000000000000000000000000000000000 
	Parameter ArianeCfg[NonIdempotentLength][10] bound to: 64'b0000000000000000000000000000000000000000000000000000000000000000 
	Parameter ArianeCfg[NonIdempotentLength][9] bound to: 64'b0000000000000000000000000000000000000000000000000000000000000000 
	Parameter ArianeCfg[NonIdempotentLength][8] bound to: 64'b0000000000000000000000000000000000000000000000000000000000000000 
	Parameter ArianeCfg[NonIdempotentLength][7] bound to: 64'b0000000000000000000000000000000000000000000000000000000000000000 
	Parameter ArianeCfg[NonIdempotentLength][6] bound to: 64'b0000000000000000000000000000000000000000000000000000000000000000 
	Parameter ArianeCfg[NonIdempotentLength][5] bound to: 64'b0000000000000000000000000000000000000000000000000000000000000000 
	Parameter ArianeCfg[NonIdempotentLength][4] bound to: 64'b0000000000000000000000000000000000000000000000000000000000000000 
	Parameter ArianeCfg[NonIdempotentLength][3] bound to: 64'b0000000000000000000000000000000000000000000000000000000000000000 
	Parameter ArianeCfg[NonIdempotentLength][2] bound to: 64'b0000000000000000000000000000000000000000000000000000000000000000 
	Parameter ArianeCfg[NonIdempotentLength][1] bound to: 64'b0000000000000000000000000000000000000000000000000000000000000000 
	Parameter ArianeCfg[NonIdempotentLength][0] bound to: 64'b0000000000000000000000000000000010000000000000000000000000000000 
	Parameter ArianeCfg[NrExecuteRegionRules] bound to: 32'b00000000000000000000000000000011 
	Parameter ArianeCfg[ExecuteRegionAddrBase][15] bound to: 64'b0000000000000000000000000000000000000000000000000000000000000000 
	Parameter ArianeCfg[ExecuteRegionAddrBase][14] bound to: 64'b0000000000000000000000000000000000000000000000000000000000000000 
	Parameter ArianeCfg[ExecuteRegionAddrBase][13] bound to: 64'b0000000000000000000000000000000000000000000000000000000000000000 
	Parameter ArianeCfg[ExecuteRegionAddrBase][12] bound to: 64'b0000000000000000000000000000000000000000000000000000000000000000 
	Parameter ArianeCfg[ExecuteRegionAddrBase][11] bound to: 64'b0000000000000000000000000000000000000000000000000000000000000000 
	Parameter ArianeCfg[ExecuteRegionAddrBase][10] bound to: 64'b0000000000000000000000000000000000000000000000000000000000000000 
	Parameter ArianeCfg[ExecuteRegionAddrBase][9] bound to: 64'b0000000000000000000000000000000000000000000000000000000000000000 
	Parameter ArianeCfg[ExecuteRegionAddrBase][8] bound to: 64'b0000000000000000000000000000000000000000000000000000000000000000 
	Parameter ArianeCfg[ExecuteRegionAddrBase][7] bound to: 64'b0000000000000000000000000000000000000000000000000000000000000000 
	Parameter ArianeCfg[ExecuteRegionAddrBase][6] bound to: 64'b0000000000000000000000000000000000000000000000000000000000000000 
	Parameter ArianeCfg[ExecuteRegionAddrBase][5] bound to: 64'b0000000000000000000000000000000000000000000000000000000000000000 
	Parameter ArianeCfg[ExecuteRegionAddrBase][4] bound to: 64'b0000000000000000000000000000000000000000000000000000000000000000 
	Parameter ArianeCfg[ExecuteRegionAddrBase][3] bound to: 64'b0000000000000000000000000000000000000000000000000000000000000000 
	Parameter ArianeCfg[ExecuteRegionAddrBase][2] bound to: 64'b0000000000000000000000000000000010000000000000000000000000000000 
	Parameter ArianeCfg[ExecuteRegionAddrBase][1] bound to: 64'b0000000000000000000000000000000000000000000000010000000000000000 
	Parameter ArianeCfg[ExecuteRegionAddrBase][0] bound to: 64'b0000000000000000000000000000000000000000000000000000000000000000 
	Parameter ArianeCfg[ExecuteRegionLength][15] bound to: 64'b0000000000000000000000000000000000000000000000000000000000000000 
	Parameter ArianeCfg[ExecuteRegionLength][14] bound to: 64'b0000000000000000000000000000000000000000000000000000000000000000 
	Parameter ArianeCfg[ExecuteRegionLength][13] bound to: 64'b0000000000000000000000000000000000000000000000000000000000000000 
	Parameter ArianeCfg[ExecuteRegionLength][12] bound to: 64'b0000000000000000000000000000000000000000000000000000000000000000 
	Parameter ArianeCfg[ExecuteRegionLength][11] bound to: 64'b0000000000000000000000000000000000000000000000000000000000000000 
	Parameter ArianeCfg[ExecuteRegionLength][10] bound to: 64'b0000000000000000000000000000000000000000000000000000000000000000 
	Parameter ArianeCfg[ExecuteRegionLength][9] bound to: 64'b0000000000000000000000000000000000000000000000000000000000000000 
	Parameter ArianeCfg[ExecuteRegionLength][8] bound to: 64'b0000000000000000000000000000000000000000000000000000000000000000 
	Parameter ArianeCfg[ExecuteRegionLength][7] bound to: 64'b0000000000000000000000000000000000000000000000000000000000000000 
	Parameter ArianeCfg[ExecuteRegionLength][6] bound to: 64'b0000000000000000000000000000000000000000000000000000000000000000 
	Parameter ArianeCfg[ExecuteRegionLength][5] bound to: 64'b0000000000000000000000000000000000000000000000000000000000000000 
	Parameter ArianeCfg[ExecuteRegionLength][4] bound to: 64'b0000000000000000000000000000000000000000000000000000000000000000 
	Parameter ArianeCfg[ExecuteRegionLength][3] bound to: 64'b0000000000000000000000000000000000000000000000000000000000000000 
	Parameter ArianeCfg[ExecuteRegionLength][2] bound to: 64'b0000000000000000000000000000000001000000000000000000000000000000 
	Parameter ArianeCfg[ExecuteRegionLength][1] bound to: 64'b0000000000000000000000000000000000000000000000010000000000000000 
	Parameter ArianeCfg[ExecuteRegionLength][0] bound to: 64'b0000000000000000000000000000000000000000000000000001000000000000 
	Parameter ArianeCfg[NrCachedRegionRules] bound to: 32'b00000000000000000000000000000001 
	Parameter ArianeCfg[CachedRegionAddrBase][15] bound to: 64'b0000000000000000000000000000000000000000000000000000000000000000 
	Parameter ArianeCfg[CachedRegionAddrBase][14] bound to: 64'b0000000000000000000000000000000000000000000000000000000000000000 
	Parameter ArianeCfg[CachedRegionAddrBase][13] bound to: 64'b0000000000000000000000000000000000000000000000000000000000000000 
	Parameter ArianeCfg[CachedRegionAddrBase][12] bound to: 64'b0000000000000000000000000000000000000000000000000000000000000000 
	Parameter ArianeCfg[CachedRegionAddrBase][11] bound to: 64'b0000000000000000000000000000000000000000000000000000000000000000 
	Parameter ArianeCfg[CachedRegionAddrBase][10] bound to: 64'b0000000000000000000000000000000000000000000000000000000000000000 
	Parameter ArianeCfg[CachedRegionAddrBase][9] bound to: 64'b0000000000000000000000000000000000000000000000000000000000000000 
	Parameter ArianeCfg[CachedRegionAddrBase][8] bound to: 64'b0000000000000000000000000000000000000000000000000000000000000000 
	Parameter ArianeCfg[CachedRegionAddrBase][7] bound to: 64'b0000000000000000000000000000000000000000000000000000000000000000 
	Parameter ArianeCfg[CachedRegionAddrBase][6] bound to: 64'b0000000000000000000000000000000000000000000000000000000000000000 
	Parameter ArianeCfg[CachedRegionAddrBase][5] bound to: 64'b0000000000000000000000000000000000000000000000000000000000000000 
	Parameter ArianeCfg[CachedRegionAddrBase][4] bound to: 64'b0000000000000000000000000000000000000000000000000000000000000000 
	Parameter ArianeCfg[CachedRegionAddrBase][3] bound to: 64'b0000000000000000000000000000000000000000000000000000000000000000 
	Parameter ArianeCfg[CachedRegionAddrBase][2] bound to: 64'b0000000000000000000000000000000000000000000000000000000000000000 
	Parameter ArianeCfg[CachedRegionAddrBase][1] bound to: 64'b0000000000000000000000000000000000000000000000000000000000000000 
	Parameter ArianeCfg[CachedRegionAddrBase][0] bound to: 64'b0000000000000000000000000000000010000000000000000000000000000000 
	Parameter ArianeCfg[CachedRegionLength][15] bound to: 64'b0000000000000000000000000000000000000000000000000000000000000000 
	Parameter ArianeCfg[CachedRegionLength][14] bound to: 64'b0000000000000000000000000000000000000000000000000000000000000000 
	Parameter ArianeCfg[CachedRegionLength][13] bound to: 64'b0000000000000000000000000000000000000000000000000000000000000000 
	Parameter ArianeCfg[CachedRegionLength][12] bound to: 64'b0000000000000000000000000000000000000000000000000000000000000000 
	Parameter ArianeCfg[CachedRegionLength][11] bound to: 64'b0000000000000000000000000000000000000000000000000000000000000000 
	Parameter ArianeCfg[CachedRegionLength][10] bound to: 64'b0000000000000000000000000000000000000000000000000000000000000000 
	Parameter ArianeCfg[CachedRegionLength][9] bound to: 64'b0000000000000000000000000000000000000000000000000000000000000000 
	Parameter ArianeCfg[CachedRegionLength][8] bound to: 64'b0000000000000000000000000000000000000000000000000000000000000000 
	Parameter ArianeCfg[CachedRegionLength][7] bound to: 64'b0000000000000000000000000000000000000000000000000000000000000000 
	Parameter ArianeCfg[CachedRegionLength][6] bound to: 64'b0000000000000000000000000000000000000000000000000000000000000000 
	Parameter ArianeCfg[CachedRegionLength][5] bound to: 64'b0000000000000000000000000000000000000000000000000000000000000000 
	Parameter ArianeCfg[CachedRegionLength][4] bound to: 64'b0000000000000000000000000000000000000000000000000000000000000000 
	Parameter ArianeCfg[CachedRegionLength][3] bound to: 64'b0000000000000000000000000000000000000000000000000000000000000000 
	Parameter ArianeCfg[CachedRegionLength][2] bound to: 64'b0000000000000000000000000000000000000000000000000000000000000000 
	Parameter ArianeCfg[CachedRegionLength][1] bound to: 64'b0000000000000000000000000000000000000000000000000000000000000000 
	Parameter ArianeCfg[CachedRegionLength][0] bound to: 64'b0000000000000000000000000000000001000000000000000000000000000000 
	Parameter ArianeCfg[AxiCompliant] bound to: 1'b1 
	Parameter ArianeCfg[SwapEndianess] bound to: 1'b0 
	Parameter ArianeCfg[DmBaseAddress] bound to: 64'b0000000000000000000000000000000000000000000000000000000000000000 
	Parameter ArianeCfg[NrPMPEntries] bound to: 32'b00000000000000000000000000001000 
INFO: [Synth 8-226] default block is never used [/home/jc/tmp/riscv-iommu-demo/cva6/core/fpu_wrap.sv:421]
	Parameter Features[Width] bound to: 32'b00000000000000000000000001000000 
	Parameter Features[EnableVectors] bound to: 1'b0 
	Parameter Features[EnableNanBox] bound to: 1'b1 
	Parameter Features[FpFmtMask] bound to: 5'b11000 
	Parameter Features[IntFmtMask] bound to: 4'b0011 
	Parameter Implementation[PipeRegs][0][0] bound to: 32'b00000000000000000000000000000010 
	Parameter Implementation[PipeRegs][0][1] bound to: 32'b00000000000000000000000000000011 
	Parameter Implementation[PipeRegs][0][2] bound to: 32'b00000000000000000000000000000001 
	Parameter Implementation[PipeRegs][0][3] bound to: 32'b00000000000000000000000000000001 
	Parameter Implementation[PipeRegs][0][4] bound to: 32'b00000000000000000000000000000001 
	Parameter Implementation[PipeRegs][1][0] bound to: 32'b00000000000000000000000000000010 
	Parameter Implementation[PipeRegs][1][1] bound to: 32'b00000000000000000000000000000010 
	Parameter Implementation[PipeRegs][1][2] bound to: 32'b00000000000000000000000000000010 
	Parameter Implementation[PipeRegs][1][3] bound to: 32'b00000000000000000000000000000010 
	Parameter Implementation[PipeRegs][1][4] bound to: 32'b00000000000000000000000000000010 
	Parameter Implementation[PipeRegs][2][0] bound to: 32'b00000000000000000000000000000001 
	Parameter Implementation[PipeRegs][2][1] bound to: 32'b00000000000000000000000000000001 
	Parameter Implementation[PipeRegs][2][2] bound to: 32'b00000000000000000000000000000001 
	Parameter Implementation[PipeRegs][2][3] bound to: 32'b00000000000000000000000000000001 
	Parameter Implementation[PipeRegs][2][4] bound to: 32'b00000000000000000000000000000001 
	Parameter Implementation[PipeRegs][3][0] bound to: 32'b00000000000000000000000000000010 
	Parameter Implementation[PipeRegs][3][1] bound to: 32'b00000000000000000000000000000010 
	Parameter Implementation[PipeRegs][3][2] bound to: 32'b00000000000000000000000000000010 
	Parameter Implementation[PipeRegs][3][3] bound to: 32'b00000000000000000000000000000010 
	Parameter Implementation[PipeRegs][3][4] bound to: 32'b00000000000000000000000000000010 
	Parameter Implementation[UnitTypes][0][0] bound to: 2'b01 
	Parameter Implementation[UnitTypes][0][1] bound to: 2'b01 
	Parameter Implementation[UnitTypes][0][2] bound to: 2'b01 
	Parameter Implementation[UnitTypes][0][3] bound to: 2'b01 
	Parameter Implementation[UnitTypes][0][4] bound to: 2'b01 
	Parameter Implementation[UnitTypes][1][0] bound to: 2'b10 
	Parameter Implementation[UnitTypes][1][1] bound to: 2'b10 
	Parameter Implementation[UnitTypes][1][2] bound to: 2'b10 
	Parameter Implementation[UnitTypes][1][3] bound to: 2'b10 
	Parameter Implementation[UnitTypes][1][4] bound to: 2'b10 
	Parameter Implementation[UnitTypes][2][0] bound to: 2'b01 
	Parameter Implementation[UnitTypes][2][1] bound to: 2'b01 
	Parameter Implementation[UnitTypes][2][2] bound to: 2'b01 
	Parameter Implementation[UnitTypes][2][3] bound to: 2'b01 
	Parameter Implementation[UnitTypes][2][4] bound to: 2'b01 
	Parameter Implementation[UnitTypes][3][0] bound to: 2'b10 
	Parameter Implementation[UnitTypes][3][1] bound to: 2'b10 
	Parameter Implementation[UnitTypes][3][2] bound to: 2'b10 
	Parameter Implementation[UnitTypes][3][3] bound to: 2'b10 
	Parameter Implementation[UnitTypes][3][4] bound to: 2'b10 
	Parameter Implementation[PipeConfig] bound to: 2'b11 
	Parameter OpGroup bound to: 2'b00 
	Parameter Width bound to: 32'b00000000000000000000000001000000 
	Parameter EnableVectors bound to: 1'b0 
	Parameter FpFmtMask bound to: 5'b11000 
	Parameter IntFmtMask bound to: 4'b0011 
	Parameter FmtPipeRegs bound to: 160'b0000000000000000000000000000001000000000000000000000000000000011000000000000000000000000000000010000000000000000000000000000000100000000000000000000000000000001 
	Parameter FmtUnitTypes bound to: 10'b0101010101 
	Parameter PipeConfig bound to: 2'b11 
	Parameter OpGroup bound to: 2'b00 
	Parameter FpFormat bound to: 3'b000 
	Parameter Width bound to: 32'b00000000000000000000000001000000 
	Parameter EnableVectors bound to: 1'b0 
	Parameter NumPipeRegs bound to: 32'b00000000000000000000000000000010 
	Parameter PipeConfig bound to: 2'b11 
	Parameter FpFormat bound to: 3'b000 
	Parameter NumPipeRegs bound to: 32'b00000000000000000000000000000010 
	Parameter PipeConfig bound to: 2'b11 
	Parameter FpFormat bound to: 3'b000 
	Parameter NumOperands bound to: 32'b00000000000000000000000000000011 
	Parameter WIDTH bound to: 32'b00000000000000000000000000110011 
	Parameter MODE bound to: 1'b1 
	Parameter AbsWidth bound to: 32'b00000000000000000000000000011111 
INFO: [Synth 8-226] default block is never used [/home/jc/tmp/riscv-iommu-demo/cva6/vendor/pulp-platform/fpnew/src/fpnew_rounding.sv:45]
	Parameter OpGroup bound to: 2'b00 
	Parameter FpFormat bound to: 3'b001 
	Parameter Width bound to: 32'b00000000000000000000000001000000 
	Parameter EnableVectors bound to: 1'b0 
	Parameter NumPipeRegs bound to: 32'b00000000000000000000000000000011 
	Parameter PipeConfig bound to: 2'b11 
	Parameter FpFormat bound to: 3'b001 
	Parameter NumPipeRegs bound to: 32'b00000000000000000000000000000011 
	Parameter PipeConfig bound to: 2'b11 
	Parameter FpFormat bound to: 3'b001 
	Parameter NumOperands bound to: 32'b00000000000000000000000000000011 
	Parameter WIDTH bound to: 32'b00000000000000000000000001101101 
	Parameter MODE bound to: 1'b1 
	Parameter AbsWidth bound to: 32'b00000000000000000000000000111111 
INFO: [Synth 8-226] default block is never used [/home/jc/tmp/riscv-iommu-demo/cva6/vendor/pulp-platform/fpnew/src/fpnew_rounding.sv:45]
	Parameter NumIn bound to: 32'b00000000000000000000000000000101 
	Parameter AxiVldRdy bound to: 1'b1 
	Parameter WIDTH bound to: 32'b00000000000000000000000000000101 
	Parameter MODE bound to: 1'b0 
	Parameter OpGroup bound to: 2'b01 
	Parameter Width bound to: 32'b00000000000000000000000001000000 
	Parameter EnableVectors bound to: 1'b0 
	Parameter FpFmtMask bound to: 5'b11000 
	Parameter IntFmtMask bound to: 4'b0011 
	Parameter FmtPipeRegs bound to: 160'b0000000000000000000000000000001000000000000000000000000000000010000000000000000000000000000000100000000000000000000000000000001000000000000000000000000000000010 
	Parameter FmtUnitTypes bound to: 10'b1010101010 
	Parameter PipeConfig bound to: 2'b11 
	Parameter OpGroup bound to: 2'b01 
	Parameter Width bound to: 32'b00000000000000000000000001000000 
	Parameter FpFmtConfig bound to: 5'b11000 
	Parameter IntFmtConfig bound to: 4'b0011 
	Parameter EnableVectors bound to: 1'b0 
	Parameter NumPipeRegs bound to: 32'b00000000000000000000000000000010 
	Parameter PipeConfig bound to: 2'b11 
	Parameter FpFmtConfig bound to: 5'b11000 
	Parameter NumPipeRegs bound to: 32'b00000000000000000000000000000010 
	Parameter PipeConfig bound to: 2'b11 
	Parameter WIDTH bound to: 32'b00000000000000000000000000110101 
	Parameter MODE bound to: 1'b1 
	Parameter WIDTH bound to: 58 - type: integer 
	Parameter OpGroup bound to: 2'b10 
	Parameter Width bound to: 32'b00000000000000000000000001000000 
	Parameter EnableVectors bound to: 1'b0 
	Parameter FpFmtMask bound to: 5'b11000 
	Parameter IntFmtMask bound to: 4'b0011 
	Parameter FmtPipeRegs bound to: 160'b0000000000000000000000000000000100000000000000000000000000000001000000000000000000000000000000010000000000000000000000000000000100000000000000000000000000000001 
	Parameter FmtUnitTypes bound to: 10'b0101010101 
	Parameter PipeConfig bound to: 2'b11 
	Parameter OpGroup bound to: 2'b10 
	Parameter FpFormat bound to: 3'b000 
	Parameter Width bound to: 32'b00000000000000000000000001000000 
	Parameter EnableVectors bound to: 1'b0 
	Parameter NumPipeRegs bound to: 32'b00000000000000000000000000000001 
	Parameter PipeConfig bound to: 2'b11 
	Parameter FpFormat bound to: 3'b000 
	Parameter NumPipeRegs bound to: 32'b00000000000000000000000000000001 
	Parameter PipeConfig bound to: 2'b11 
	Parameter FpFormat bound to: 3'b000 
	Parameter NumOperands bound to: 32'b00000000000000000000000000000010 
	Parameter OpGroup bound to: 2'b10 
	Parameter FpFormat bound to: 3'b001 
	Parameter Width bound to: 32'b00000000000000000000000001000000 
	Parameter EnableVectors bound to: 1'b0 
	Parameter NumPipeRegs bound to: 32'b00000000000000000000000000000001 
	Parameter PipeConfig bound to: 2'b11 
	Parameter FpFormat bound to: 3'b001 
	Parameter NumPipeRegs bound to: 32'b00000000000000000000000000000001 
	Parameter PipeConfig bound to: 2'b11 
	Parameter FpFormat bound to: 3'b001 
	Parameter NumOperands bound to: 32'b00000000000000000000000000000010 
	Parameter OpGroup bound to: 2'b11 
	Parameter Width bound to: 32'b00000000000000000000000001000000 
	Parameter EnableVectors bound to: 1'b0 
	Parameter FpFmtMask bound to: 5'b11000 
	Parameter IntFmtMask bound to: 4'b0011 
	Parameter FmtPipeRegs bound to: 160'b0000000000000000000000000000001000000000000000000000000000000010000000000000000000000000000000100000000000000000000000000000001000000000000000000000000000000010 
	Parameter FmtUnitTypes bound to: 10'b1010101010 
	Parameter PipeConfig bound to: 2'b11 
	Parameter OpGroup bound to: 2'b11 
	Parameter Width bound to: 32'b00000000000000000000000001000000 
	Parameter FpFmtConfig bound to: 5'b11000 
	Parameter IntFmtConfig bound to: 4'b0011 
	Parameter EnableVectors bound to: 1'b0 
	Parameter NumPipeRegs bound to: 32'b00000000000000000000000000000010 
	Parameter PipeConfig bound to: 2'b11 
	Parameter FpFmtConfig bound to: 5'b11000 
	Parameter IntFmtConfig bound to: 4'b0011 
	Parameter NumPipeRegs bound to: 32'b00000000000000000000000000000010 
	Parameter PipeConfig bound to: 2'b11 
	Parameter FpFormat bound to: 3'b000 
	Parameter NumOperands bound to: 32'b00000000000000000000000000000001 
	Parameter FpFormat bound to: 3'b001 
	Parameter NumOperands bound to: 32'b00000000000000000000000000000001 
	Parameter WIDTH bound to: 32'b00000000000000000000000001000000 
	Parameter MODE bound to: 1'b1 
	Parameter AbsWidth bound to: 32'b00000000000000000000000001000000 
INFO: [Synth 8-226] default block is never used [/home/jc/tmp/riscv-iommu-demo/cva6/vendor/pulp-platform/fpnew/src/fpnew_rounding.sv:45]
	Parameter NumIn bound to: 32'b00000000000000000000000000000100 
	Parameter AxiVldRdy bound to: 1'b1 
WARNING: [Synth 8-693] zero replication count - replication ignored [/home/jc/tmp/riscv-iommu-demo/cva6/core/branch_unit.sv:91]
WARNING: [Synth 8-693] zero replication count - replication ignored [/home/jc/tmp/riscv-iommu-demo/cva6/core/ex_stage.sv:234]
	Parameter WIDTH bound to: 64 - type: integer 
	Parameter ASID_WIDTH bound to: 32'b00000000000000000000000000010000 
	Parameter VMID_WIDTH bound to: 32'b00000000000000000000000000001110 
	Parameter ArianeCfg[RASDepth] bound to: 32'sb00000000000000000000000000000010 
	Parameter ArianeCfg[BTBEntries] bound to: 32'sb00000000000000000000000000100000 
	Parameter ArianeCfg[BHTEntries] bound to: 32'sb00000000000000000000000010000000 
	Parameter ArianeCfg[NrNonIdempotentRules] bound to: 32'b00000000000000000000000000000001 
	Parameter ArianeCfg[NonIdempotentAddrBase][15] bound to: 64'b0000000000000000000000000000000000000000000000000000000000000000 
	Parameter ArianeCfg[NonIdempotentAddrBase][14] bound to: 64'b0000000000000000000000000000000000000000000000000000000000000000 
	Parameter ArianeCfg[NonIdempotentAddrBase][13] bound to: 64'b0000000000000000000000000000000000000000000000000000000000000000 
	Parameter ArianeCfg[NonIdempotentAddrBase][12] bound to: 64'b0000000000000000000000000000000000000000000000000000000000000000 
	Parameter ArianeCfg[NonIdempotentAddrBase][11] bound to: 64'b0000000000000000000000000000000000000000000000000000000000000000 
	Parameter ArianeCfg[NonIdempotentAddrBase][10] bound to: 64'b0000000000000000000000000000000000000000000000000000000000000000 
	Parameter ArianeCfg[NonIdempotentAddrBase][9] bound to: 64'b0000000000000000000000000000000000000000000000000000000000000000 
	Parameter ArianeCfg[NonIdempotentAddrBase][8] bound to: 64'b0000000000000000000000000000000000000000000000000000000000000000 
	Parameter ArianeCfg[NonIdempotentAddrBase][7] bound to: 64'b0000000000000000000000000000000000000000000000000000000000000000 
	Parameter ArianeCfg[NonIdempotentAddrBase][6] bound to: 64'b0000000000000000000000000000000000000000000000000000000000000000 
	Parameter ArianeCfg[NonIdempotentAddrBase][5] bound to: 64'b0000000000000000000000000000000000000000000000000000000000000000 
	Parameter ArianeCfg[NonIdempotentAddrBase][4] bound to: 64'b0000000000000000000000000000000000000000000000000000000000000000 
	Parameter ArianeCfg[NonIdempotentAddrBase][3] bound to: 64'b0000000000000000000000000000000000000000000000000000000000000000 
	Parameter ArianeCfg[NonIdempotentAddrBase][2] bound to: 64'b0000000000000000000000000000000000000000000000000000000000000000 
	Parameter ArianeCfg[NonIdempotentAddrBase][1] bound to: 64'b0000000000000000000000000000000000000000000000000000000000000000 
	Parameter ArianeCfg[NonIdempotentAddrBase][0] bound to: 64'b0000000000000000000000000000000000000000000000000000000000000000 
	Parameter ArianeCfg[NonIdempotentLength][15] bound to: 64'b0000000000000000000000000000000000000000000000000000000000000000 
	Parameter ArianeCfg[NonIdempotentLength][14] bound to: 64'b0000000000000000000000000000000000000000000000000000000000000000 
	Parameter ArianeCfg[NonIdempotentLength][13] bound to: 64'b0000000000000000000000000000000000000000000000000000000000000000 
	Parameter ArianeCfg[NonIdempotentLength][12] bound to: 64'b0000000000000000000000000000000000000000000000000000000000000000 
	Parameter ArianeCfg[NonIdempotentLength][11] bound to: 64'b0000000000000000000000000000000000000000000000000000000000000000 
	Parameter ArianeCfg[NonIdempotentLength][10] bound to: 64'b0000000000000000000000000000000000000000000000000000000000000000 
	Parameter ArianeCfg[NonIdempotentLength][9] bound to: 64'b0000000000000000000000000000000000000000000000000000000000000000 
	Parameter ArianeCfg[NonIdempotentLength][8] bound to: 64'b0000000000000000000000000000000000000000000000000000000000000000 
	Parameter ArianeCfg[NonIdempotentLength][7] bound to: 64'b0000000000000000000000000000000000000000000000000000000000000000 
	Parameter ArianeCfg[NonIdempotentLength][6] bound to: 64'b0000000000000000000000000000000000000000000000000000000000000000 
	Parameter ArianeCfg[NonIdempotentLength][5] bound to: 64'b0000000000000000000000000000000000000000000000000000000000000000 
	Parameter ArianeCfg[NonIdempotentLength][4] bound to: 64'b0000000000000000000000000000000000000000000000000000000000000000 
	Parameter ArianeCfg[NonIdempotentLength][3] bound to: 64'b0000000000000000000000000000000000000000000000000000000000000000 
	Parameter ArianeCfg[NonIdempotentLength][2] bound to: 64'b0000000000000000000000000000000000000000000000000000000000000000 
	Parameter ArianeCfg[NonIdempotentLength][1] bound to: 64'b0000000000000000000000000000000000000000000000000000000000000000 
	Parameter ArianeCfg[NonIdempotentLength][0] bound to: 64'b0000000000000000000000000000000010000000000000000000000000000000 
	Parameter ArianeCfg[NrExecuteRegionRules] bound to: 32'b00000000000000000000000000000011 
	Parameter ArianeCfg[ExecuteRegionAddrBase][15] bound to: 64'b0000000000000000000000000000000000000000000000000000000000000000 
	Parameter ArianeCfg[ExecuteRegionAddrBase][14] bound to: 64'b0000000000000000000000000000000000000000000000000000000000000000 
	Parameter ArianeCfg[ExecuteRegionAddrBase][13] bound to: 64'b0000000000000000000000000000000000000000000000000000000000000000 
	Parameter ArianeCfg[ExecuteRegionAddrBase][12] bound to: 64'b0000000000000000000000000000000000000000000000000000000000000000 
	Parameter ArianeCfg[ExecuteRegionAddrBase][11] bound to: 64'b0000000000000000000000000000000000000000000000000000000000000000 
	Parameter ArianeCfg[ExecuteRegionAddrBase][10] bound to: 64'b0000000000000000000000000000000000000000000000000000000000000000 
	Parameter ArianeCfg[ExecuteRegionAddrBase][9] bound to: 64'b0000000000000000000000000000000000000000000000000000000000000000 
	Parameter ArianeCfg[ExecuteRegionAddrBase][8] bound to: 64'b0000000000000000000000000000000000000000000000000000000000000000 
	Parameter ArianeCfg[ExecuteRegionAddrBase][7] bound to: 64'b0000000000000000000000000000000000000000000000000000000000000000 
	Parameter ArianeCfg[ExecuteRegionAddrBase][6] bound to: 64'b0000000000000000000000000000000000000000000000000000000000000000 
	Parameter ArianeCfg[ExecuteRegionAddrBase][5] bound to: 64'b0000000000000000000000000000000000000000000000000000000000000000 
	Parameter ArianeCfg[ExecuteRegionAddrBase][4] bound to: 64'b0000000000000000000000000000000000000000000000000000000000000000 
	Parameter ArianeCfg[ExecuteRegionAddrBase][3] bound to: 64'b0000000000000000000000000000000000000000000000000000000000000000 
	Parameter ArianeCfg[ExecuteRegionAddrBase][2] bound to: 64'b0000000000000000000000000000000010000000000000000000000000000000 
	Parameter ArianeCfg[ExecuteRegionAddrBase][1] bound to: 64'b0000000000000000000000000000000000000000000000010000000000000000 
	Parameter ArianeCfg[ExecuteRegionAddrBase][0] bound to: 64'b0000000000000000000000000000000000000000000000000000000000000000 
	Parameter ArianeCfg[ExecuteRegionLength][15] bound to: 64'b0000000000000000000000000000000000000000000000000000000000000000 
	Parameter ArianeCfg[ExecuteRegionLength][14] bound to: 64'b0000000000000000000000000000000000000000000000000000000000000000 
	Parameter ArianeCfg[ExecuteRegionLength][13] bound to: 64'b0000000000000000000000000000000000000000000000000000000000000000 
	Parameter ArianeCfg[ExecuteRegionLength][12] bound to: 64'b0000000000000000000000000000000000000000000000000000000000000000 
	Parameter ArianeCfg[ExecuteRegionLength][11] bound to: 64'b0000000000000000000000000000000000000000000000000000000000000000 
	Parameter ArianeCfg[ExecuteRegionLength][10] bound to: 64'b0000000000000000000000000000000000000000000000000000000000000000 
	Parameter ArianeCfg[ExecuteRegionLength][9] bound to: 64'b0000000000000000000000000000000000000000000000000000000000000000 
	Parameter ArianeCfg[ExecuteRegionLength][8] bound to: 64'b0000000000000000000000000000000000000000000000000000000000000000 
	Parameter ArianeCfg[ExecuteRegionLength][7] bound to: 64'b0000000000000000000000000000000000000000000000000000000000000000 
	Parameter ArianeCfg[ExecuteRegionLength][6] bound to: 64'b0000000000000000000000000000000000000000000000000000000000000000 
	Parameter ArianeCfg[ExecuteRegionLength][5] bound to: 64'b0000000000000000000000000000000000000000000000000000000000000000 
	Parameter ArianeCfg[ExecuteRegionLength][4] bound to: 64'b0000000000000000000000000000000000000000000000000000000000000000 
	Parameter ArianeCfg[ExecuteRegionLength][3] bound to: 64'b0000000000000000000000000000000000000000000000000000000000000000 
	Parameter ArianeCfg[ExecuteRegionLength][2] bound to: 64'b0000000000000000000000000000000001000000000000000000000000000000 
	Parameter ArianeCfg[ExecuteRegionLength][1] bound to: 64'b0000000000000000000000000000000000000000000000010000000000000000 
	Parameter ArianeCfg[ExecuteRegionLength][0] bound to: 64'b0000000000000000000000000000000000000000000000000001000000000000 
	Parameter ArianeCfg[NrCachedRegionRules] bound to: 32'b00000000000000000000000000000001 
	Parameter ArianeCfg[CachedRegionAddrBase][15] bound to: 64'b0000000000000000000000000000000000000000000000000000000000000000 
	Parameter ArianeCfg[CachedRegionAddrBase][14] bound to: 64'b0000000000000000000000000000000000000000000000000000000000000000 
	Parameter ArianeCfg[CachedRegionAddrBase][13] bound to: 64'b0000000000000000000000000000000000000000000000000000000000000000 
	Parameter ArianeCfg[CachedRegionAddrBase][12] bound to: 64'b0000000000000000000000000000000000000000000000000000000000000000 
	Parameter ArianeCfg[CachedRegionAddrBase][11] bound to: 64'b0000000000000000000000000000000000000000000000000000000000000000 
	Parameter ArianeCfg[CachedRegionAddrBase][10] bound to: 64'b0000000000000000000000000000000000000000000000000000000000000000 
	Parameter ArianeCfg[CachedRegionAddrBase][9] bound to: 64'b0000000000000000000000000000000000000000000000000000000000000000 
	Parameter ArianeCfg[CachedRegionAddrBase][8] bound to: 64'b0000000000000000000000000000000000000000000000000000000000000000 
	Parameter ArianeCfg[CachedRegionAddrBase][7] bound to: 64'b0000000000000000000000000000000000000000000000000000000000000000 
	Parameter ArianeCfg[CachedRegionAddrBase][6] bound to: 64'b0000000000000000000000000000000000000000000000000000000000000000 
	Parameter ArianeCfg[CachedRegionAddrBase][5] bound to: 64'b0000000000000000000000000000000000000000000000000000000000000000 
	Parameter ArianeCfg[CachedRegionAddrBase][4] bound to: 64'b0000000000000000000000000000000000000000000000000000000000000000 
	Parameter ArianeCfg[CachedRegionAddrBase][3] bound to: 64'b0000000000000000000000000000000000000000000000000000000000000000 
	Parameter ArianeCfg[CachedRegionAddrBase][2] bound to: 64'b0000000000000000000000000000000000000000000000000000000000000000 
	Parameter ArianeCfg[CachedRegionAddrBase][1] bound to: 64'b0000000000000000000000000000000000000000000000000000000000000000 
	Parameter ArianeCfg[CachedRegionAddrBase][0] bound to: 64'b0000000000000000000000000000000010000000000000000000000000000000 
	Parameter ArianeCfg[CachedRegionLength][15] bound to: 64'b0000000000000000000000000000000000000000000000000000000000000000 
	Parameter ArianeCfg[CachedRegionLength][14] bound to: 64'b0000000000000000000000000000000000000000000000000000000000000000 
	Parameter ArianeCfg[CachedRegionLength][13] bound to: 64'b0000000000000000000000000000000000000000000000000000000000000000 
	Parameter ArianeCfg[CachedRegionLength][12] bound to: 64'b0000000000000000000000000000000000000000000000000000000000000000 
	Parameter ArianeCfg[CachedRegionLength][11] bound to: 64'b0000000000000000000000000000000000000000000000000000000000000000 
	Parameter ArianeCfg[CachedRegionLength][10] bound to: 64'b0000000000000000000000000000000000000000000000000000000000000000 
	Parameter ArianeCfg[CachedRegionLength][9] bound to: 64'b0000000000000000000000000000000000000000000000000000000000000000 
	Parameter ArianeCfg[CachedRegionLength][8] bound to: 64'b0000000000000000000000000000000000000000000000000000000000000000 
	Parameter ArianeCfg[CachedRegionLength][7] bound to: 64'b0000000000000000000000000000000000000000000000000000000000000000 
	Parameter ArianeCfg[CachedRegionLength][6] bound to: 64'b0000000000000000000000000000000000000000000000000000000000000000 
	Parameter ArianeCfg[CachedRegionLength][5] bound to: 64'b0000000000000000000000000000000000000000000000000000000000000000 
	Parameter ArianeCfg[CachedRegionLength][4] bound to: 64'b0000000000000000000000000000000000000000000000000000000000000000 
	Parameter ArianeCfg[CachedRegionLength][3] bound to: 64'b0000000000000000000000000000000000000000000000000000000000000000 
	Parameter ArianeCfg[CachedRegionLength][2] bound to: 64'b0000000000000000000000000000000000000000000000000000000000000000 
	Parameter ArianeCfg[CachedRegionLength][1] bound to: 64'b0000000000000000000000000000000000000000000000000000000000000000 
	Parameter ArianeCfg[CachedRegionLength][0] bound to: 64'b0000000000000000000000000000000001000000000000000000000000000000 
	Parameter ArianeCfg[AxiCompliant] bound to: 1'b1 
	Parameter ArianeCfg[SwapEndianess] bound to: 1'b0 
	Parameter ArianeCfg[DmBaseAddress] bound to: 64'b0000000000000000000000000000000000000000000000000000000000000000 
	Parameter ArianeCfg[NrPMPEntries] bound to: 32'b00000000000000000000000000001000 
	Parameter INSTR_TLB_ENTRIES bound to: 32'b00000000000000000000000000010000 
	Parameter DATA_TLB_ENTRIES bound to: 32'b00000000000000000000000000010000 
	Parameter ASID_WIDTH bound to: 32'b00000000000000000000000000010000 
	Parameter VMID_WIDTH bound to: 32'b00000000000000000000000000001110 
	Parameter ArianeCfg[RASDepth] bound to: 32'sb00000000000000000000000000000010 
	Parameter ArianeCfg[BTBEntries] bound to: 32'sb00000000000000000000000000100000 
	Parameter ArianeCfg[BHTEntries] bound to: 32'sb00000000000000000000000010000000 
	Parameter ArianeCfg[NrNonIdempotentRules] bound to: 32'b00000000000000000000000000000001 
	Parameter ArianeCfg[NonIdempotentAddrBase][15] bound to: 64'b0000000000000000000000000000000000000000000000000000000000000000 
	Parameter ArianeCfg[NonIdempotentAddrBase][14] bound to: 64'b0000000000000000000000000000000000000000000000000000000000000000 
	Parameter ArianeCfg[NonIdempotentAddrBase][13] bound to: 64'b0000000000000000000000000000000000000000000000000000000000000000 
	Parameter ArianeCfg[NonIdempotentAddrBase][12] bound to: 64'b0000000000000000000000000000000000000000000000000000000000000000 
	Parameter ArianeCfg[NonIdempotentAddrBase][11] bound to: 64'b0000000000000000000000000000000000000000000000000000000000000000 
	Parameter ArianeCfg[NonIdempotentAddrBase][10] bound to: 64'b0000000000000000000000000000000000000000000000000000000000000000 
	Parameter ArianeCfg[NonIdempotentAddrBase][9] bound to: 64'b0000000000000000000000000000000000000000000000000000000000000000 
	Parameter ArianeCfg[NonIdempotentAddrBase][8] bound to: 64'b0000000000000000000000000000000000000000000000000000000000000000 
	Parameter ArianeCfg[NonIdempotentAddrBase][7] bound to: 64'b0000000000000000000000000000000000000000000000000000000000000000 
	Parameter ArianeCfg[NonIdempotentAddrBase][6] bound to: 64'b0000000000000000000000000000000000000000000000000000000000000000 
	Parameter ArianeCfg[NonIdempotentAddrBase][5] bound to: 64'b0000000000000000000000000000000000000000000000000000000000000000 
	Parameter ArianeCfg[NonIdempotentAddrBase][4] bound to: 64'b0000000000000000000000000000000000000000000000000000000000000000 
	Parameter ArianeCfg[NonIdempotentAddrBase][3] bound to: 64'b0000000000000000000000000000000000000000000000000000000000000000 
	Parameter ArianeCfg[NonIdempotentAddrBase][2] bound to: 64'b0000000000000000000000000000000000000000000000000000000000000000 
	Parameter ArianeCfg[NonIdempotentAddrBase][1] bound to: 64'b0000000000000000000000000000000000000000000000000000000000000000 
	Parameter ArianeCfg[NonIdempotentAddrBase][0] bound to: 64'b0000000000000000000000000000000000000000000000000000000000000000 
	Parameter ArianeCfg[NonIdempotentLength][15] bound to: 64'b0000000000000000000000000000000000000000000000000000000000000000 
	Parameter ArianeCfg[NonIdempotentLength][14] bound to: 64'b0000000000000000000000000000000000000000000000000000000000000000 
	Parameter ArianeCfg[NonIdempotentLength][13] bound to: 64'b0000000000000000000000000000000000000000000000000000000000000000 
	Parameter ArianeCfg[NonIdempotentLength][12] bound to: 64'b0000000000000000000000000000000000000000000000000000000000000000 
	Parameter ArianeCfg[NonIdempotentLength][11] bound to: 64'b0000000000000000000000000000000000000000000000000000000000000000 
	Parameter ArianeCfg[NonIdempotentLength][10] bound to: 64'b0000000000000000000000000000000000000000000000000000000000000000 
	Parameter ArianeCfg[NonIdempotentLength][9] bound to: 64'b0000000000000000000000000000000000000000000000000000000000000000 
	Parameter ArianeCfg[NonIdempotentLength][8] bound to: 64'b0000000000000000000000000000000000000000000000000000000000000000 
	Parameter ArianeCfg[NonIdempotentLength][7] bound to: 64'b0000000000000000000000000000000000000000000000000000000000000000 
	Parameter ArianeCfg[NonIdempotentLength][6] bound to: 64'b0000000000000000000000000000000000000000000000000000000000000000 
	Parameter ArianeCfg[NonIdempotentLength][5] bound to: 64'b0000000000000000000000000000000000000000000000000000000000000000 
	Parameter ArianeCfg[NonIdempotentLength][4] bound to: 64'b0000000000000000000000000000000000000000000000000000000000000000 
	Parameter ArianeCfg[NonIdempotentLength][3] bound to: 64'b0000000000000000000000000000000000000000000000000000000000000000 
	Parameter ArianeCfg[NonIdempotentLength][2] bound to: 64'b0000000000000000000000000000000000000000000000000000000000000000 
	Parameter ArianeCfg[NonIdempotentLength][1] bound to: 64'b0000000000000000000000000000000000000000000000000000000000000000 
	Parameter ArianeCfg[NonIdempotentLength][0] bound to: 64'b0000000000000000000000000000000010000000000000000000000000000000 
	Parameter ArianeCfg[NrExecuteRegionRules] bound to: 32'b00000000000000000000000000000011 
	Parameter ArianeCfg[ExecuteRegionAddrBase][15] bound to: 64'b0000000000000000000000000000000000000000000000000000000000000000 
	Parameter ArianeCfg[ExecuteRegionAddrBase][14] bound to: 64'b0000000000000000000000000000000000000000000000000000000000000000 
	Parameter ArianeCfg[ExecuteRegionAddrBase][13] bound to: 64'b0000000000000000000000000000000000000000000000000000000000000000 
	Parameter ArianeCfg[ExecuteRegionAddrBase][12] bound to: 64'b0000000000000000000000000000000000000000000000000000000000000000 
	Parameter ArianeCfg[ExecuteRegionAddrBase][11] bound to: 64'b0000000000000000000000000000000000000000000000000000000000000000 
	Parameter ArianeCfg[ExecuteRegionAddrBase][10] bound to: 64'b0000000000000000000000000000000000000000000000000000000000000000 
	Parameter ArianeCfg[ExecuteRegionAddrBase][9] bound to: 64'b0000000000000000000000000000000000000000000000000000000000000000 
	Parameter ArianeCfg[ExecuteRegionAddrBase][8] bound to: 64'b0000000000000000000000000000000000000000000000000000000000000000 
	Parameter ArianeCfg[ExecuteRegionAddrBase][7] bound to: 64'b0000000000000000000000000000000000000000000000000000000000000000 
	Parameter ArianeCfg[ExecuteRegionAddrBase][6] bound to: 64'b0000000000000000000000000000000000000000000000000000000000000000 
	Parameter ArianeCfg[ExecuteRegionAddrBase][5] bound to: 64'b0000000000000000000000000000000000000000000000000000000000000000 
	Parameter ArianeCfg[ExecuteRegionAddrBase][4] bound to: 64'b0000000000000000000000000000000000000000000000000000000000000000 
	Parameter ArianeCfg[ExecuteRegionAddrBase][3] bound to: 64'b0000000000000000000000000000000000000000000000000000000000000000 
	Parameter ArianeCfg[ExecuteRegionAddrBase][2] bound to: 64'b0000000000000000000000000000000010000000000000000000000000000000 
	Parameter ArianeCfg[ExecuteRegionAddrBase][1] bound to: 64'b0000000000000000000000000000000000000000000000010000000000000000 
	Parameter ArianeCfg[ExecuteRegionAddrBase][0] bound to: 64'b0000000000000000000000000000000000000000000000000000000000000000 
	Parameter ArianeCfg[ExecuteRegionLength][15] bound to: 64'b0000000000000000000000000000000000000000000000000000000000000000 
	Parameter ArianeCfg[ExecuteRegionLength][14] bound to: 64'b0000000000000000000000000000000000000000000000000000000000000000 
	Parameter ArianeCfg[ExecuteRegionLength][13] bound to: 64'b0000000000000000000000000000000000000000000000000000000000000000 
	Parameter ArianeCfg[ExecuteRegionLength][12] bound to: 64'b0000000000000000000000000000000000000000000000000000000000000000 
	Parameter ArianeCfg[ExecuteRegionLength][11] bound to: 64'b0000000000000000000000000000000000000000000000000000000000000000 
	Parameter ArianeCfg[ExecuteRegionLength][10] bound to: 64'b0000000000000000000000000000000000000000000000000000000000000000 
	Parameter ArianeCfg[ExecuteRegionLength][9] bound to: 64'b0000000000000000000000000000000000000000000000000000000000000000 
	Parameter ArianeCfg[ExecuteRegionLength][8] bound to: 64'b0000000000000000000000000000000000000000000000000000000000000000 
	Parameter ArianeCfg[ExecuteRegionLength][7] bound to: 64'b0000000000000000000000000000000000000000000000000000000000000000 
	Parameter ArianeCfg[ExecuteRegionLength][6] bound to: 64'b0000000000000000000000000000000000000000000000000000000000000000 
	Parameter ArianeCfg[ExecuteRegionLength][5] bound to: 64'b0000000000000000000000000000000000000000000000000000000000000000 
	Parameter ArianeCfg[ExecuteRegionLength][4] bound to: 64'b0000000000000000000000000000000000000000000000000000000000000000 
	Parameter ArianeCfg[ExecuteRegionLength][3] bound to: 64'b0000000000000000000000000000000000000000000000000000000000000000 
	Parameter ArianeCfg[ExecuteRegionLength][2] bound to: 64'b0000000000000000000000000000000001000000000000000000000000000000 
	Parameter ArianeCfg[ExecuteRegionLength][1] bound to: 64'b0000000000000000000000000000000000000000000000010000000000000000 
	Parameter ArianeCfg[ExecuteRegionLength][0] bound to: 64'b0000000000000000000000000000000000000000000000000001000000000000 
	Parameter ArianeCfg[NrCachedRegionRules] bound to: 32'b00000000000000000000000000000001 
	Parameter ArianeCfg[CachedRegionAddrBase][15] bound to: 64'b0000000000000000000000000000000000000000000000000000000000000000 
	Parameter ArianeCfg[CachedRegionAddrBase][14] bound to: 64'b0000000000000000000000000000000000000000000000000000000000000000 
	Parameter ArianeCfg[CachedRegionAddrBase][13] bound to: 64'b0000000000000000000000000000000000000000000000000000000000000000 
	Parameter ArianeCfg[CachedRegionAddrBase][12] bound to: 64'b0000000000000000000000000000000000000000000000000000000000000000 
	Parameter ArianeCfg[CachedRegionAddrBase][11] bound to: 64'b0000000000000000000000000000000000000000000000000000000000000000 
	Parameter ArianeCfg[CachedRegionAddrBase][10] bound to: 64'b0000000000000000000000000000000000000000000000000000000000000000 
	Parameter ArianeCfg[CachedRegionAddrBase][9] bound to: 64'b0000000000000000000000000000000000000000000000000000000000000000 
	Parameter ArianeCfg[CachedRegionAddrBase][8] bound to: 64'b0000000000000000000000000000000000000000000000000000000000000000 
	Parameter ArianeCfg[CachedRegionAddrBase][7] bound to: 64'b0000000000000000000000000000000000000000000000000000000000000000 
	Parameter ArianeCfg[CachedRegionAddrBase][6] bound to: 64'b0000000000000000000000000000000000000000000000000000000000000000 
	Parameter ArianeCfg[CachedRegionAddrBase][5] bound to: 64'b0000000000000000000000000000000000000000000000000000000000000000 
	Parameter ArianeCfg[CachedRegionAddrBase][4] bound to: 64'b0000000000000000000000000000000000000000000000000000000000000000 
	Parameter ArianeCfg[CachedRegionAddrBase][3] bound to: 64'b0000000000000000000000000000000000000000000000000000000000000000 
	Parameter ArianeCfg[CachedRegionAddrBase][2] bound to: 64'b0000000000000000000000000000000000000000000000000000000000000000 
	Parameter ArianeCfg[CachedRegionAddrBase][1] bound to: 64'b0000000000000000000000000000000000000000000000000000000000000000 
	Parameter ArianeCfg[CachedRegionAddrBase][0] bound to: 64'b0000000000000000000000000000000010000000000000000000000000000000 
	Parameter ArianeCfg[CachedRegionLength][15] bound to: 64'b0000000000000000000000000000000000000000000000000000000000000000 
	Parameter ArianeCfg[CachedRegionLength][14] bound to: 64'b0000000000000000000000000000000000000000000000000000000000000000 
	Parameter ArianeCfg[CachedRegionLength][13] bound to: 64'b0000000000000000000000000000000000000000000000000000000000000000 
	Parameter ArianeCfg[CachedRegionLength][12] bound to: 64'b0000000000000000000000000000000000000000000000000000000000000000 
	Parameter ArianeCfg[CachedRegionLength][11] bound to: 64'b0000000000000000000000000000000000000000000000000000000000000000 
	Parameter ArianeCfg[CachedRegionLength][10] bound to: 64'b0000000000000000000000000000000000000000000000000000000000000000 
	Parameter ArianeCfg[CachedRegionLength][9] bound to: 64'b0000000000000000000000000000000000000000000000000000000000000000 
	Parameter ArianeCfg[CachedRegionLength][8] bound to: 64'b0000000000000000000000000000000000000000000000000000000000000000 
	Parameter ArianeCfg[CachedRegionLength][7] bound to: 64'b0000000000000000000000000000000000000000000000000000000000000000 
	Parameter ArianeCfg[CachedRegionLength][6] bound to: 64'b0000000000000000000000000000000000000000000000000000000000000000 
	Parameter ArianeCfg[CachedRegionLength][5] bound to: 64'b0000000000000000000000000000000000000000000000000000000000000000 
	Parameter ArianeCfg[CachedRegionLength][4] bound to: 64'b0000000000000000000000000000000000000000000000000000000000000000 
	Parameter ArianeCfg[CachedRegionLength][3] bound to: 64'b0000000000000000000000000000000000000000000000000000000000000000 
	Parameter ArianeCfg[CachedRegionLength][2] bound to: 64'b0000000000000000000000000000000000000000000000000000000000000000 
	Parameter ArianeCfg[CachedRegionLength][1] bound to: 64'b0000000000000000000000000000000000000000000000000000000000000000 
	Parameter ArianeCfg[CachedRegionLength][0] bound to: 64'b0000000000000000000000000000000001000000000000000000000000000000 
	Parameter ArianeCfg[AxiCompliant] bound to: 1'b1 
	Parameter ArianeCfg[SwapEndianess] bound to: 1'b0 
	Parameter ArianeCfg[DmBaseAddress] bound to: 64'b0000000000000000000000000000000000000000000000000000000000000000 
	Parameter ArianeCfg[NrPMPEntries] bound to: 32'b00000000000000000000000000001000 
	Parameter TLB_ENTRIES bound to: 32'b00000000000000000000000000010000 
	Parameter ASID_WIDTH bound to: 32'b00000000000000000000000000010000 
	Parameter VMID_WIDTH bound to: 32'b00000000000000000000000000001110 
	Parameter ASID_WIDTH bound to: 32'sb00000000000000000000000000010000 
	Parameter VMID_WIDTH bound to: 32'sb00000000000000000000000000001110 
	Parameter ArianeCfg[RASDepth] bound to: 32'sb00000000000000000000000000000010 
	Parameter ArianeCfg[BTBEntries] bound to: 32'sb00000000000000000000000000100000 
	Parameter ArianeCfg[BHTEntries] bound to: 32'sb00000000000000000000000010000000 
	Parameter ArianeCfg[NrNonIdempotentRules] bound to: 32'b00000000000000000000000000000001 
	Parameter ArianeCfg[NonIdempotentAddrBase][15] bound to: 64'b0000000000000000000000000000000000000000000000000000000000000000 
	Parameter ArianeCfg[NonIdempotentAddrBase][14] bound to: 64'b0000000000000000000000000000000000000000000000000000000000000000 
	Parameter ArianeCfg[NonIdempotentAddrBase][13] bound to: 64'b0000000000000000000000000000000000000000000000000000000000000000 
	Parameter ArianeCfg[NonIdempotentAddrBase][12] bound to: 64'b0000000000000000000000000000000000000000000000000000000000000000 
	Parameter ArianeCfg[NonIdempotentAddrBase][11] bound to: 64'b0000000000000000000000000000000000000000000000000000000000000000 
	Parameter ArianeCfg[NonIdempotentAddrBase][10] bound to: 64'b0000000000000000000000000000000000000000000000000000000000000000 
	Parameter ArianeCfg[NonIdempotentAddrBase][9] bound to: 64'b0000000000000000000000000000000000000000000000000000000000000000 
	Parameter ArianeCfg[NonIdempotentAddrBase][8] bound to: 64'b0000000000000000000000000000000000000000000000000000000000000000 
	Parameter ArianeCfg[NonIdempotentAddrBase][7] bound to: 64'b0000000000000000000000000000000000000000000000000000000000000000 
	Parameter ArianeCfg[NonIdempotentAddrBase][6] bound to: 64'b0000000000000000000000000000000000000000000000000000000000000000 
	Parameter ArianeCfg[NonIdempotentAddrBase][5] bound to: 64'b0000000000000000000000000000000000000000000000000000000000000000 
	Parameter ArianeCfg[NonIdempotentAddrBase][4] bound to: 64'b0000000000000000000000000000000000000000000000000000000000000000 
	Parameter ArianeCfg[NonIdempotentAddrBase][3] bound to: 64'b0000000000000000000000000000000000000000000000000000000000000000 
	Parameter ArianeCfg[NonIdempotentAddrBase][2] bound to: 64'b0000000000000000000000000000000000000000000000000000000000000000 
	Parameter ArianeCfg[NonIdempotentAddrBase][1] bound to: 64'b0000000000000000000000000000000000000000000000000000000000000000 
	Parameter ArianeCfg[NonIdempotentAddrBase][0] bound to: 64'b0000000000000000000000000000000000000000000000000000000000000000 
	Parameter ArianeCfg[NonIdempotentLength][15] bound to: 64'b0000000000000000000000000000000000000000000000000000000000000000 
	Parameter ArianeCfg[NonIdempotentLength][14] bound to: 64'b0000000000000000000000000000000000000000000000000000000000000000 
	Parameter ArianeCfg[NonIdempotentLength][13] bound to: 64'b0000000000000000000000000000000000000000000000000000000000000000 
	Parameter ArianeCfg[NonIdempotentLength][12] bound to: 64'b0000000000000000000000000000000000000000000000000000000000000000 
	Parameter ArianeCfg[NonIdempotentLength][11] bound to: 64'b0000000000000000000000000000000000000000000000000000000000000000 
	Parameter ArianeCfg[NonIdempotentLength][10] bound to: 64'b0000000000000000000000000000000000000000000000000000000000000000 
	Parameter ArianeCfg[NonIdempotentLength][9] bound to: 64'b0000000000000000000000000000000000000000000000000000000000000000 
	Parameter ArianeCfg[NonIdempotentLength][8] bound to: 64'b0000000000000000000000000000000000000000000000000000000000000000 
	Parameter ArianeCfg[NonIdempotentLength][7] bound to: 64'b0000000000000000000000000000000000000000000000000000000000000000 
	Parameter ArianeCfg[NonIdempotentLength][6] bound to: 64'b0000000000000000000000000000000000000000000000000000000000000000 
	Parameter ArianeCfg[NonIdempotentLength][5] bound to: 64'b0000000000000000000000000000000000000000000000000000000000000000 
	Parameter ArianeCfg[NonIdempotentLength][4] bound to: 64'b0000000000000000000000000000000000000000000000000000000000000000 
	Parameter ArianeCfg[NonIdempotentLength][3] bound to: 64'b0000000000000000000000000000000000000000000000000000000000000000 
	Parameter ArianeCfg[NonIdempotentLength][2] bound to: 64'b0000000000000000000000000000000000000000000000000000000000000000 
	Parameter ArianeCfg[NonIdempotentLength][1] bound to: 64'b0000000000000000000000000000000000000000000000000000000000000000 
	Parameter ArianeCfg[NonIdempotentLength][0] bound to: 64'b0000000000000000000000000000000010000000000000000000000000000000 
	Parameter ArianeCfg[NrExecuteRegionRules] bound to: 32'b00000000000000000000000000000011 
	Parameter ArianeCfg[ExecuteRegionAddrBase][15] bound to: 64'b0000000000000000000000000000000000000000000000000000000000000000 
	Parameter ArianeCfg[ExecuteRegionAddrBase][14] bound to: 64'b0000000000000000000000000000000000000000000000000000000000000000 
	Parameter ArianeCfg[ExecuteRegionAddrBase][13] bound to: 64'b0000000000000000000000000000000000000000000000000000000000000000 
	Parameter ArianeCfg[ExecuteRegionAddrBase][12] bound to: 64'b0000000000000000000000000000000000000000000000000000000000000000 
	Parameter ArianeCfg[ExecuteRegionAddrBase][11] bound to: 64'b0000000000000000000000000000000000000000000000000000000000000000 
	Parameter ArianeCfg[ExecuteRegionAddrBase][10] bound to: 64'b0000000000000000000000000000000000000000000000000000000000000000 
	Parameter ArianeCfg[ExecuteRegionAddrBase][9] bound to: 64'b0000000000000000000000000000000000000000000000000000000000000000 
	Parameter ArianeCfg[ExecuteRegionAddrBase][8] bound to: 64'b0000000000000000000000000000000000000000000000000000000000000000 
	Parameter ArianeCfg[ExecuteRegionAddrBase][7] bound to: 64'b0000000000000000000000000000000000000000000000000000000000000000 
	Parameter ArianeCfg[ExecuteRegionAddrBase][6] bound to: 64'b0000000000000000000000000000000000000000000000000000000000000000 
	Parameter ArianeCfg[ExecuteRegionAddrBase][5] bound to: 64'b0000000000000000000000000000000000000000000000000000000000000000 
	Parameter ArianeCfg[ExecuteRegionAddrBase][4] bound to: 64'b0000000000000000000000000000000000000000000000000000000000000000 
	Parameter ArianeCfg[ExecuteRegionAddrBase][3] bound to: 64'b0000000000000000000000000000000000000000000000000000000000000000 
	Parameter ArianeCfg[ExecuteRegionAddrBase][2] bound to: 64'b0000000000000000000000000000000010000000000000000000000000000000 
	Parameter ArianeCfg[ExecuteRegionAddrBase][1] bound to: 64'b0000000000000000000000000000000000000000000000010000000000000000 
	Parameter ArianeCfg[ExecuteRegionAddrBase][0] bound to: 64'b0000000000000000000000000000000000000000000000000000000000000000 
	Parameter ArianeCfg[ExecuteRegionLength][15] bound to: 64'b0000000000000000000000000000000000000000000000000000000000000000 
	Parameter ArianeCfg[ExecuteRegionLength][14] bound to: 64'b0000000000000000000000000000000000000000000000000000000000000000 
	Parameter ArianeCfg[ExecuteRegionLength][13] bound to: 64'b0000000000000000000000000000000000000000000000000000000000000000 
	Parameter ArianeCfg[ExecuteRegionLength][12] bound to: 64'b0000000000000000000000000000000000000000000000000000000000000000 
	Parameter ArianeCfg[ExecuteRegionLength][11] bound to: 64'b0000000000000000000000000000000000000000000000000000000000000000 
	Parameter ArianeCfg[ExecuteRegionLength][10] bound to: 64'b0000000000000000000000000000000000000000000000000000000000000000 
	Parameter ArianeCfg[ExecuteRegionLength][9] bound to: 64'b0000000000000000000000000000000000000000000000000000000000000000 
	Parameter ArianeCfg[ExecuteRegionLength][8] bound to: 64'b0000000000000000000000000000000000000000000000000000000000000000 
	Parameter ArianeCfg[ExecuteRegionLength][7] bound to: 64'b0000000000000000000000000000000000000000000000000000000000000000 
	Parameter ArianeCfg[ExecuteRegionLength][6] bound to: 64'b0000000000000000000000000000000000000000000000000000000000000000 
	Parameter ArianeCfg[ExecuteRegionLength][5] bound to: 64'b0000000000000000000000000000000000000000000000000000000000000000 
	Parameter ArianeCfg[ExecuteRegionLength][4] bound to: 64'b0000000000000000000000000000000000000000000000000000000000000000 
	Parameter ArianeCfg[ExecuteRegionLength][3] bound to: 64'b0000000000000000000000000000000000000000000000000000000000000000 
	Parameter ArianeCfg[ExecuteRegionLength][2] bound to: 64'b0000000000000000000000000000000001000000000000000000000000000000 
	Parameter ArianeCfg[ExecuteRegionLength][1] bound to: 64'b0000000000000000000000000000000000000000000000010000000000000000 
	Parameter ArianeCfg[ExecuteRegionLength][0] bound to: 64'b0000000000000000000000000000000000000000000000000001000000000000 
	Parameter ArianeCfg[NrCachedRegionRules] bound to: 32'b00000000000000000000000000000001 
	Parameter ArianeCfg[CachedRegionAddrBase][15] bound to: 64'b0000000000000000000000000000000000000000000000000000000000000000 
	Parameter ArianeCfg[CachedRegionAddrBase][14] bound to: 64'b0000000000000000000000000000000000000000000000000000000000000000 
	Parameter ArianeCfg[CachedRegionAddrBase][13] bound to: 64'b0000000000000000000000000000000000000000000000000000000000000000 
	Parameter ArianeCfg[CachedRegionAddrBase][12] bound to: 64'b0000000000000000000000000000000000000000000000000000000000000000 
	Parameter ArianeCfg[CachedRegionAddrBase][11] bound to: 64'b0000000000000000000000000000000000000000000000000000000000000000 
	Parameter ArianeCfg[CachedRegionAddrBase][10] bound to: 64'b0000000000000000000000000000000000000000000000000000000000000000 
	Parameter ArianeCfg[CachedRegionAddrBase][9] bound to: 64'b0000000000000000000000000000000000000000000000000000000000000000 
	Parameter ArianeCfg[CachedRegionAddrBase][8] bound to: 64'b0000000000000000000000000000000000000000000000000000000000000000 
	Parameter ArianeCfg[CachedRegionAddrBase][7] bound to: 64'b0000000000000000000000000000000000000000000000000000000000000000 
	Parameter ArianeCfg[CachedRegionAddrBase][6] bound to: 64'b0000000000000000000000000000000000000000000000000000000000000000 
	Parameter ArianeCfg[CachedRegionAddrBase][5] bound to: 64'b0000000000000000000000000000000000000000000000000000000000000000 
	Parameter ArianeCfg[CachedRegionAddrBase][4] bound to: 64'b0000000000000000000000000000000000000000000000000000000000000000 
	Parameter ArianeCfg[CachedRegionAddrBase][3] bound to: 64'b0000000000000000000000000000000000000000000000000000000000000000 
	Parameter ArianeCfg[CachedRegionAddrBase][2] bound to: 64'b0000000000000000000000000000000000000000000000000000000000000000 
	Parameter ArianeCfg[CachedRegionAddrBase][1] bound to: 64'b0000000000000000000000000000000000000000000000000000000000000000 
	Parameter ArianeCfg[CachedRegionAddrBase][0] bound to: 64'b0000000000000000000000000000000010000000000000000000000000000000 
	Parameter ArianeCfg[CachedRegionLength][15] bound to: 64'b0000000000000000000000000000000000000000000000000000000000000000 
	Parameter ArianeCfg[CachedRegionLength][14] bound to: 64'b0000000000000000000000000000000000000000000000000000000000000000 
	Parameter ArianeCfg[CachedRegionLength][13] bound to: 64'b0000000000000000000000000000000000000000000000000000000000000000 
	Parameter ArianeCfg[CachedRegionLength][12] bound to: 64'b0000000000000000000000000000000000000000000000000000000000000000 
	Parameter ArianeCfg[CachedRegionLength][11] bound to: 64'b0000000000000000000000000000000000000000000000000000000000000000 
	Parameter ArianeCfg[CachedRegionLength][10] bound to: 64'b0000000000000000000000000000000000000000000000000000000000000000 
	Parameter ArianeCfg[CachedRegionLength][9] bound to: 64'b0000000000000000000000000000000000000000000000000000000000000000 
	Parameter ArianeCfg[CachedRegionLength][8] bound to: 64'b0000000000000000000000000000000000000000000000000000000000000000 
	Parameter ArianeCfg[CachedRegionLength][7] bound to: 64'b0000000000000000000000000000000000000000000000000000000000000000 
	Parameter ArianeCfg[CachedRegionLength][6] bound to: 64'b0000000000000000000000000000000000000000000000000000000000000000 
	Parameter ArianeCfg[CachedRegionLength][5] bound to: 64'b0000000000000000000000000000000000000000000000000000000000000000 
	Parameter ArianeCfg[CachedRegionLength][4] bound to: 64'b0000000000000000000000000000000000000000000000000000000000000000 
	Parameter ArianeCfg[CachedRegionLength][3] bound to: 64'b0000000000000000000000000000000000000000000000000000000000000000 
	Parameter ArianeCfg[CachedRegionLength][2] bound to: 64'b0000000000000000000000000000000000000000000000000000000000000000 
	Parameter ArianeCfg[CachedRegionLength][1] bound to: 64'b0000000000000000000000000000000000000000000000000000000000000000 
	Parameter ArianeCfg[CachedRegionLength][0] bound to: 64'b0000000000000000000000000000000001000000000000000000000000000000 
	Parameter ArianeCfg[AxiCompliant] bound to: 1'b1 
	Parameter ArianeCfg[SwapEndianess] bound to: 1'b0 
	Parameter ArianeCfg[DmBaseAddress] bound to: 64'b0000000000000000000000000000000000000000000000000000000000000000 
	Parameter ArianeCfg[NrPMPEntries] bound to: 32'b00000000000000000000000000001000 
WARNING: [Synth 8-693] zero replication count - replication ignored [/home/jc/tmp/riscv-iommu-demo/cva6/core/mmu_sv39x4/cva6_ptw_sv39x4.sv:155]
WARNING: [Synth 8-693] zero replication count - replication ignored [/home/jc/tmp/riscv-iommu-demo/cva6/core/mmu_sv39x4/cva6_ptw_sv39x4.sv:156]
	Parameter PLEN bound to: 32'b00000000000000000000000000111000 
	Parameter PMP_LEN bound to: 32'b00000000000000000000000000110110 
	Parameter NR_ENTRIES bound to: 32'b00000000000000000000000000001000 
	Parameter PLEN bound to: 32'b00000000000000000000000000111000 
	Parameter PMP_LEN bound to: 32'b00000000000000000000000000110110 
	Parameter WIDTH bound to: 32'b00000000000000000000000000111000 
	Parameter MODE bound to: 1'b0 
INFO: [Synth 8-226] default block is never used [/home/jc/tmp/riscv-iommu-demo/cva6/core/pmp/src/pmp_entry.sv:40]
INFO: [Synth 8-155] case statement is not full and has no default [/home/jc/tmp/riscv-iommu-demo/cva6/core/mmu_sv39x4/cva6_ptw_sv39x4.sv:483]
WARNING: [Synth 8-693] zero replication count - replication ignored [/home/jc/tmp/riscv-iommu-demo/cva6/core/mmu_sv39x4/cva6_mmu_sv39x4.sv:286]
WARNING: [Synth 8-693] zero replication count - replication ignored [/home/jc/tmp/riscv-iommu-demo/cva6/core/mmu_sv39x4/cva6_mmu_sv39x4.sv:315]
WARNING: [Synth 8-693] zero replication count - replication ignored [/home/jc/tmp/riscv-iommu-demo/cva6/core/mmu_sv39x4/cva6_mmu_sv39x4.sv:326]
WARNING: [Synth 8-693] zero replication count - replication ignored [/home/jc/tmp/riscv-iommu-demo/cva6/core/mmu_sv39x4/cva6_mmu_sv39x4.sv:353]
WARNING: [Synth 8-693] zero replication count - replication ignored [/home/jc/tmp/riscv-iommu-demo/cva6/core/mmu_sv39x4/cva6_mmu_sv39x4.sv:362]
WARNING: [Synth 8-693] zero replication count - replication ignored [/home/jc/tmp/riscv-iommu-demo/cva6/core/mmu_sv39x4/cva6_mmu_sv39x4.sv:373]
WARNING: [Synth 8-693] zero replication count - replication ignored [/home/jc/tmp/riscv-iommu-demo/cva6/core/mmu_sv39x4/cva6_mmu_sv39x4.sv:502]
WARNING: [Synth 8-693] zero replication count - replication ignored [/home/jc/tmp/riscv-iommu-demo/cva6/core/mmu_sv39x4/cva6_mmu_sv39x4.sv:511]
WARNING: [Synth 8-693] zero replication count - replication ignored [/home/jc/tmp/riscv-iommu-demo/cva6/core/mmu_sv39x4/cva6_mmu_sv39x4.sv:534]
WARNING: [Synth 8-693] zero replication count - replication ignored [/home/jc/tmp/riscv-iommu-demo/cva6/core/mmu_sv39x4/cva6_mmu_sv39x4.sv:544]
WARNING: [Synth 8-693] zero replication count - replication ignored [/home/jc/tmp/riscv-iommu-demo/cva6/core/mmu_sv39x4/cva6_mmu_sv39x4.sv:554]
WARNING: [Synth 8-693] zero replication count - replication ignored [/home/jc/tmp/riscv-iommu-demo/cva6/core/mmu_sv39x4/cva6_mmu_sv39x4.sv:578]
WARNING: [Synth 8-693] zero replication count - replication ignored [/home/jc/tmp/riscv-iommu-demo/cva6/core/mmu_sv39x4/cva6_mmu_sv39x4.sv:587]
WARNING: [Synth 8-693] zero replication count - replication ignored [/home/jc/tmp/riscv-iommu-demo/cva6/core/mmu_sv39x4/cva6_mmu_sv39x4.sv:598]
WARNING: [Synth 8-693] zero replication count - replication ignored [/home/jc/tmp/riscv-iommu-demo/cva6/core/mmu_sv39x4/cva6_mmu_sv39x4.sv:607]
WARNING: [Synth 8-693] zero replication count - replication ignored [/home/jc/tmp/riscv-iommu-demo/cva6/core/mmu_sv39x4/cva6_mmu_sv39x4.sv:623]
WARNING: [Synth 8-693] zero replication count - replication ignored [/home/jc/tmp/riscv-iommu-demo/cva6/core/mmu_sv39x4/cva6_mmu_sv39x4.sv:637]
WARNING: [Synth 8-693] zero replication count - replication ignored [/home/jc/tmp/riscv-iommu-demo/cva6/core/mmu_sv39x4/cva6_mmu_sv39x4.sv:646]
INFO: [Synth 8-155] case statement is not full and has no default [/home/jc/tmp/riscv-iommu-demo/cva6/core/include/ariane_pkg.sv:974]
WARNING: [Synth 8-693] zero replication count - replication ignored [/home/jc/tmp/riscv-iommu-demo/cva6/core/amo_buffer.sv:52]
	Parameter DEPTH bound to: 32'b00000000000000000000000000000001 
	Parameter ArianeCfg[RASDepth] bound to: 32'sb00000000000000000000000000000010 
	Parameter ArianeCfg[BTBEntries] bound to: 32'sb00000000000000000000000000100000 
	Parameter ArianeCfg[BHTEntries] bound to: 32'sb00000000000000000000000010000000 
	Parameter ArianeCfg[NrNonIdempotentRules] bound to: 32'b00000000000000000000000000000001 
	Parameter ArianeCfg[NonIdempotentAddrBase][15] bound to: 64'b0000000000000000000000000000000000000000000000000000000000000000 
	Parameter ArianeCfg[NonIdempotentAddrBase][14] bound to: 64'b0000000000000000000000000000000000000000000000000000000000000000 
	Parameter ArianeCfg[NonIdempotentAddrBase][13] bound to: 64'b0000000000000000000000000000000000000000000000000000000000000000 
	Parameter ArianeCfg[NonIdempotentAddrBase][12] bound to: 64'b0000000000000000000000000000000000000000000000000000000000000000 
	Parameter ArianeCfg[NonIdempotentAddrBase][11] bound to: 64'b0000000000000000000000000000000000000000000000000000000000000000 
	Parameter ArianeCfg[NonIdempotentAddrBase][10] bound to: 64'b0000000000000000000000000000000000000000000000000000000000000000 
	Parameter ArianeCfg[NonIdempotentAddrBase][9] bound to: 64'b0000000000000000000000000000000000000000000000000000000000000000 
	Parameter ArianeCfg[NonIdempotentAddrBase][8] bound to: 64'b0000000000000000000000000000000000000000000000000000000000000000 
	Parameter ArianeCfg[NonIdempotentAddrBase][7] bound to: 64'b0000000000000000000000000000000000000000000000000000000000000000 
	Parameter ArianeCfg[NonIdempotentAddrBase][6] bound to: 64'b0000000000000000000000000000000000000000000000000000000000000000 
	Parameter ArianeCfg[NonIdempotentAddrBase][5] bound to: 64'b0000000000000000000000000000000000000000000000000000000000000000 
	Parameter ArianeCfg[NonIdempotentAddrBase][4] bound to: 64'b0000000000000000000000000000000000000000000000000000000000000000 
	Parameter ArianeCfg[NonIdempotentAddrBase][3] bound to: 64'b0000000000000000000000000000000000000000000000000000000000000000 
	Parameter ArianeCfg[NonIdempotentAddrBase][2] bound to: 64'b0000000000000000000000000000000000000000000000000000000000000000 
	Parameter ArianeCfg[NonIdempotentAddrBase][1] bound to: 64'b0000000000000000000000000000000000000000000000000000000000000000 
	Parameter ArianeCfg[NonIdempotentAddrBase][0] bound to: 64'b0000000000000000000000000000000000000000000000000000000000000000 
	Parameter ArianeCfg[NonIdempotentLength][15] bound to: 64'b0000000000000000000000000000000000000000000000000000000000000000 
	Parameter ArianeCfg[NonIdempotentLength][14] bound to: 64'b0000000000000000000000000000000000000000000000000000000000000000 
	Parameter ArianeCfg[NonIdempotentLength][13] bound to: 64'b0000000000000000000000000000000000000000000000000000000000000000 
	Parameter ArianeCfg[NonIdempotentLength][12] bound to: 64'b0000000000000000000000000000000000000000000000000000000000000000 
	Parameter ArianeCfg[NonIdempotentLength][11] bound to: 64'b0000000000000000000000000000000000000000000000000000000000000000 
	Parameter ArianeCfg[NonIdempotentLength][10] bound to: 64'b0000000000000000000000000000000000000000000000000000000000000000 
	Parameter ArianeCfg[NonIdempotentLength][9] bound to: 64'b0000000000000000000000000000000000000000000000000000000000000000 
	Parameter ArianeCfg[NonIdempotentLength][8] bound to: 64'b0000000000000000000000000000000000000000000000000000000000000000 
	Parameter ArianeCfg[NonIdempotentLength][7] bound to: 64'b0000000000000000000000000000000000000000000000000000000000000000 
	Parameter ArianeCfg[NonIdempotentLength][6] bound to: 64'b0000000000000000000000000000000000000000000000000000000000000000 
	Parameter ArianeCfg[NonIdempotentLength][5] bound to: 64'b0000000000000000000000000000000000000000000000000000000000000000 
	Parameter ArianeCfg[NonIdempotentLength][4] bound to: 64'b0000000000000000000000000000000000000000000000000000000000000000 
	Parameter ArianeCfg[NonIdempotentLength][3] bound to: 64'b0000000000000000000000000000000000000000000000000000000000000000 
	Parameter ArianeCfg[NonIdempotentLength][2] bound to: 64'b0000000000000000000000000000000000000000000000000000000000000000 
	Parameter ArianeCfg[NonIdempotentLength][1] bound to: 64'b0000000000000000000000000000000000000000000000000000000000000000 
	Parameter ArianeCfg[NonIdempotentLength][0] bound to: 64'b0000000000000000000000000000000010000000000000000000000000000000 
	Parameter ArianeCfg[NrExecuteRegionRules] bound to: 32'b00000000000000000000000000000011 
	Parameter ArianeCfg[ExecuteRegionAddrBase][15] bound to: 64'b0000000000000000000000000000000000000000000000000000000000000000 
	Parameter ArianeCfg[ExecuteRegionAddrBase][14] bound to: 64'b0000000000000000000000000000000000000000000000000000000000000000 
	Parameter ArianeCfg[ExecuteRegionAddrBase][13] bound to: 64'b0000000000000000000000000000000000000000000000000000000000000000 
	Parameter ArianeCfg[ExecuteRegionAddrBase][12] bound to: 64'b0000000000000000000000000000000000000000000000000000000000000000 
	Parameter ArianeCfg[ExecuteRegionAddrBase][11] bound to: 64'b0000000000000000000000000000000000000000000000000000000000000000 
	Parameter ArianeCfg[ExecuteRegionAddrBase][10] bound to: 64'b0000000000000000000000000000000000000000000000000000000000000000 
	Parameter ArianeCfg[ExecuteRegionAddrBase][9] bound to: 64'b0000000000000000000000000000000000000000000000000000000000000000 
	Parameter ArianeCfg[ExecuteRegionAddrBase][8] bound to: 64'b0000000000000000000000000000000000000000000000000000000000000000 
	Parameter ArianeCfg[ExecuteRegionAddrBase][7] bound to: 64'b0000000000000000000000000000000000000000000000000000000000000000 
	Parameter ArianeCfg[ExecuteRegionAddrBase][6] bound to: 64'b0000000000000000000000000000000000000000000000000000000000000000 
	Parameter ArianeCfg[ExecuteRegionAddrBase][5] bound to: 64'b0000000000000000000000000000000000000000000000000000000000000000 
	Parameter ArianeCfg[ExecuteRegionAddrBase][4] bound to: 64'b0000000000000000000000000000000000000000000000000000000000000000 
	Parameter ArianeCfg[ExecuteRegionAddrBase][3] bound to: 64'b0000000000000000000000000000000000000000000000000000000000000000 
	Parameter ArianeCfg[ExecuteRegionAddrBase][2] bound to: 64'b0000000000000000000000000000000010000000000000000000000000000000 
	Parameter ArianeCfg[ExecuteRegionAddrBase][1] bound to: 64'b0000000000000000000000000000000000000000000000010000000000000000 
	Parameter ArianeCfg[ExecuteRegionAddrBase][0] bound to: 64'b0000000000000000000000000000000000000000000000000000000000000000 
	Parameter ArianeCfg[ExecuteRegionLength][15] bound to: 64'b0000000000000000000000000000000000000000000000000000000000000000 
	Parameter ArianeCfg[ExecuteRegionLength][14] bound to: 64'b0000000000000000000000000000000000000000000000000000000000000000 
	Parameter ArianeCfg[ExecuteRegionLength][13] bound to: 64'b0000000000000000000000000000000000000000000000000000000000000000 
	Parameter ArianeCfg[ExecuteRegionLength][12] bound to: 64'b0000000000000000000000000000000000000000000000000000000000000000 
	Parameter ArianeCfg[ExecuteRegionLength][11] bound to: 64'b0000000000000000000000000000000000000000000000000000000000000000 
	Parameter ArianeCfg[ExecuteRegionLength][10] bound to: 64'b0000000000000000000000000000000000000000000000000000000000000000 
	Parameter ArianeCfg[ExecuteRegionLength][9] bound to: 64'b0000000000000000000000000000000000000000000000000000000000000000 
	Parameter ArianeCfg[ExecuteRegionLength][8] bound to: 64'b0000000000000000000000000000000000000000000000000000000000000000 
	Parameter ArianeCfg[ExecuteRegionLength][7] bound to: 64'b0000000000000000000000000000000000000000000000000000000000000000 
	Parameter ArianeCfg[ExecuteRegionLength][6] bound to: 64'b0000000000000000000000000000000000000000000000000000000000000000 
	Parameter ArianeCfg[ExecuteRegionLength][5] bound to: 64'b0000000000000000000000000000000000000000000000000000000000000000 
	Parameter ArianeCfg[ExecuteRegionLength][4] bound to: 64'b0000000000000000000000000000000000000000000000000000000000000000 
	Parameter ArianeCfg[ExecuteRegionLength][3] bound to: 64'b0000000000000000000000000000000000000000000000000000000000000000 
	Parameter ArianeCfg[ExecuteRegionLength][2] bound to: 64'b0000000000000000000000000000000001000000000000000000000000000000 
	Parameter ArianeCfg[ExecuteRegionLength][1] bound to: 64'b0000000000000000000000000000000000000000000000010000000000000000 
	Parameter ArianeCfg[ExecuteRegionLength][0] bound to: 64'b0000000000000000000000000000000000000000000000000001000000000000 
	Parameter ArianeCfg[NrCachedRegionRules] bound to: 32'b00000000000000000000000000000001 
	Parameter ArianeCfg[CachedRegionAddrBase][15] bound to: 64'b0000000000000000000000000000000000000000000000000000000000000000 
	Parameter ArianeCfg[CachedRegionAddrBase][14] bound to: 64'b0000000000000000000000000000000000000000000000000000000000000000 
	Parameter ArianeCfg[CachedRegionAddrBase][13] bound to: 64'b0000000000000000000000000000000000000000000000000000000000000000 
	Parameter ArianeCfg[CachedRegionAddrBase][12] bound to: 64'b0000000000000000000000000000000000000000000000000000000000000000 
	Parameter ArianeCfg[CachedRegionAddrBase][11] bound to: 64'b0000000000000000000000000000000000000000000000000000000000000000 
	Parameter ArianeCfg[CachedRegionAddrBase][10] bound to: 64'b0000000000000000000000000000000000000000000000000000000000000000 
	Parameter ArianeCfg[CachedRegionAddrBase][9] bound to: 64'b0000000000000000000000000000000000000000000000000000000000000000 
	Parameter ArianeCfg[CachedRegionAddrBase][8] bound to: 64'b0000000000000000000000000000000000000000000000000000000000000000 
	Parameter ArianeCfg[CachedRegionAddrBase][7] bound to: 64'b0000000000000000000000000000000000000000000000000000000000000000 
	Parameter ArianeCfg[CachedRegionAddrBase][6] bound to: 64'b0000000000000000000000000000000000000000000000000000000000000000 
	Parameter ArianeCfg[CachedRegionAddrBase][5] bound to: 64'b0000000000000000000000000000000000000000000000000000000000000000 
	Parameter ArianeCfg[CachedRegionAddrBase][4] bound to: 64'b0000000000000000000000000000000000000000000000000000000000000000 
	Parameter ArianeCfg[CachedRegionAddrBase][3] bound to: 64'b0000000000000000000000000000000000000000000000000000000000000000 
	Parameter ArianeCfg[CachedRegionAddrBase][2] bound to: 64'b0000000000000000000000000000000000000000000000000000000000000000 
	Parameter ArianeCfg[CachedRegionAddrBase][1] bound to: 64'b0000000000000000000000000000000000000000000000000000000000000000 
	Parameter ArianeCfg[CachedRegionAddrBase][0] bound to: 64'b0000000000000000000000000000000010000000000000000000000000000000 
	Parameter ArianeCfg[CachedRegionLength][15] bound to: 64'b0000000000000000000000000000000000000000000000000000000000000000 
	Parameter ArianeCfg[CachedRegionLength][14] bound to: 64'b0000000000000000000000000000000000000000000000000000000000000000 
	Parameter ArianeCfg[CachedRegionLength][13] bound to: 64'b0000000000000000000000000000000000000000000000000000000000000000 
	Parameter ArianeCfg[CachedRegionLength][12] bound to: 64'b0000000000000000000000000000000000000000000000000000000000000000 
	Parameter ArianeCfg[CachedRegionLength][11] bound to: 64'b0000000000000000000000000000000000000000000000000000000000000000 
	Parameter ArianeCfg[CachedRegionLength][10] bound to: 64'b0000000000000000000000000000000000000000000000000000000000000000 
	Parameter ArianeCfg[CachedRegionLength][9] bound to: 64'b0000000000000000000000000000000000000000000000000000000000000000 
	Parameter ArianeCfg[CachedRegionLength][8] bound to: 64'b0000000000000000000000000000000000000000000000000000000000000000 
	Parameter ArianeCfg[CachedRegionLength][7] bound to: 64'b0000000000000000000000000000000000000000000000000000000000000000 
	Parameter ArianeCfg[CachedRegionLength][6] bound to: 64'b0000000000000000000000000000000000000000000000000000000000000000 
	Parameter ArianeCfg[CachedRegionLength][5] bound to: 64'b0000000000000000000000000000000000000000000000000000000000000000 
	Parameter ArianeCfg[CachedRegionLength][4] bound to: 64'b0000000000000000000000000000000000000000000000000000000000000000 
	Parameter ArianeCfg[CachedRegionLength][3] bound to: 64'b0000000000000000000000000000000000000000000000000000000000000000 
	Parameter ArianeCfg[CachedRegionLength][2] bound to: 64'b0000000000000000000000000000000000000000000000000000000000000000 
	Parameter ArianeCfg[CachedRegionLength][1] bound to: 64'b0000000000000000000000000000000000000000000000000000000000000000 
	Parameter ArianeCfg[CachedRegionLength][0] bound to: 64'b0000000000000000000000000000000001000000000000000000000000000000 
	Parameter ArianeCfg[AxiCompliant] bound to: 1'b1 
	Parameter ArianeCfg[SwapEndianess] bound to: 1'b0 
	Parameter ArianeCfg[DmBaseAddress] bound to: 64'b0000000000000000000000000000000000000000000000000000000000000000 
	Parameter ArianeCfg[NrPMPEntries] bound to: 32'b00000000000000000000000000001000 
INFO: [Synth 8-155] case statement is not full and has no default [/home/jc/tmp/riscv-iommu-demo/cva6/core/include/ariane_pkg.sv:974]
INFO: [Synth 8-155] case statement is not full and has no default [/home/jc/tmp/riscv-iommu-demo/cva6/core/load_unit.sv:116]
	Parameter Depth bound to: 32'b00000000000000000000000000000001 
	Parameter Depth bound to: 32'b00000000000000000000000000000000 
INFO: [Synth 8-155] case statement is not full and has no default [/home/jc/tmp/riscv-iommu-demo/cva6/core/include/ariane_pkg.sv:974]
INFO: [Synth 8-155] case statement is not full and has no default [/home/jc/tmp/riscv-iommu-demo/cva6/core/include/ariane_pkg.sv:909]
INFO: [Synth 8-155] case statement is not full and has no default [/home/jc/tmp/riscv-iommu-demo/cva6/core/include/ariane_pkg.sv:918]
WARNING: [Synth 8-693] zero replication count - replication ignored [/home/jc/tmp/riscv-iommu-demo/cva6/core/load_store_unit.sv:540]
WARNING: [Synth 8-693] zero replication count - replication ignored [/home/jc/tmp/riscv-iommu-demo/cva6/core/load_store_unit.sv:550]
WARNING: [Synth 8-693] zero replication count - replication ignored [/home/jc/tmp/riscv-iommu-demo/cva6/core/load_store_unit.sv:564]
WARNING: [Synth 8-693] zero replication count - replication ignored [/home/jc/tmp/riscv-iommu-demo/cva6/core/load_store_unit.sv:574]
WARNING: [Synth 8-693] zero replication count - replication ignored [/home/jc/tmp/riscv-iommu-demo/cva6/core/load_store_unit.sv:588]
WARNING: [Synth 8-693] zero replication count - replication ignored [/home/jc/tmp/riscv-iommu-demo/cva6/core/load_store_unit.sv:598]
WARNING: [Synth 8-693] zero replication count - replication ignored [/home/jc/tmp/riscv-iommu-demo/cva6/core/load_store_unit.sv:614]
	Parameter NR_COMMIT_PORTS bound to: 32'b00000000000000000000000000000010 
	Parameter DmBaseAddress bound to: 64'b0000000000000000000000000000000000000000000000000000000000000000 
	Parameter AsidWidth bound to: 32'sb00000000000000000000000000010000 
	Parameter VmidWidth bound to: 32'sb00000000000000000000000000001110 
	Parameter NrCommitPorts bound to: 32'b00000000000000000000000000000010 
	Parameter NrPMPEntries bound to: 32'b00000000000000000000000000001000 
WARNING: [Synth 8-693] zero replication count - replication ignored [/home/jc/tmp/riscv-iommu-demo/cva6/core/csr_regfile.sv:573]
WARNING: [Synth 8-693] zero replication count - replication ignored [/home/jc/tmp/riscv-iommu-demo/cva6/core/csr_regfile.sv:703]
WARNING: [Synth 8-693] zero replication count - replication ignored [/home/jc/tmp/riscv-iommu-demo/cva6/core/csr_regfile.sv:703]
WARNING: [Synth 8-693] zero replication count - replication ignored [/home/jc/tmp/riscv-iommu-demo/cva6/core/csr_regfile.sv:774]
WARNING: [Synth 8-693] zero replication count - replication ignored [/home/jc/tmp/riscv-iommu-demo/cva6/core/csr_regfile.sv:785]
WARNING: [Synth 8-693] zero replication count - replication ignored [/home/jc/tmp/riscv-iommu-demo/cva6/core/csr_regfile.sv:785]
WARNING: [Synth 8-693] zero replication count - replication ignored [/home/jc/tmp/riscv-iommu-demo/cva6/core/csr_regfile.sv:827]
WARNING: [Synth 8-693] zero replication count - replication ignored [/home/jc/tmp/riscv-iommu-demo/cva6/core/csr_regfile.sv:848]
WARNING: [Synth 8-693] zero replication count - replication ignored [/home/jc/tmp/riscv-iommu-demo/cva6/core/csr_regfile.sv:848]
WARNING: [Synth 8-693] zero replication count - replication ignored [/home/jc/tmp/riscv-iommu-demo/cva6/core/csr_regfile.sv:942]
WARNING: [Synth 8-693] zero replication count - replication ignored [/home/jc/tmp/riscv-iommu-demo/cva6/core/csr_regfile.sv:964]
WARNING: [Synth 8-693] zero replication count - replication ignored [/home/jc/tmp/riscv-iommu-demo/cva6/core/csr_regfile.sv:1222]
WARNING: [Synth 8-693] zero replication count - replication ignored [/home/jc/tmp/riscv-iommu-demo/cva6/core/csr_regfile.sv:1239]
WARNING: [Synth 8-693] zero replication count - replication ignored [/home/jc/tmp/riscv-iommu-demo/cva6/core/csr_regfile.sv:1277]
WARNING: [Synth 8-693] zero replication count - replication ignored [/home/jc/tmp/riscv-iommu-demo/cva6/core/csr_regfile.sv:1352]
WARNING: [Synth 8-693] zero replication count - replication ignored [/home/jc/tmp/riscv-iommu-demo/cva6/core/csr_regfile.sv:1362]
WARNING: [Synth 8-693] zero replication count - replication ignored [/home/jc/tmp/riscv-iommu-demo/cva6/core/csr_regfile.sv:1379]
WARNING: [Synth 8-693] zero replication count - replication ignored [/home/jc/tmp/riscv-iommu-demo/cva6/core/csr_regfile.sv:1382]
WARNING: [Synth 8-693] zero replication count - replication ignored [/home/jc/tmp/riscv-iommu-demo/cva6/core/csr_regfile.sv:1388]
	Parameter ArianeCfg[RASDepth] bound to: 32'sb00000000000000000000000000000010 
	Parameter ArianeCfg[BTBEntries] bound to: 32'sb00000000000000000000000000100000 
	Parameter ArianeCfg[BHTEntries] bound to: 32'sb00000000000000000000000010000000 
	Parameter ArianeCfg[NrNonIdempotentRules] bound to: 32'b00000000000000000000000000000001 
	Parameter ArianeCfg[NonIdempotentAddrBase][15] bound to: 64'b0000000000000000000000000000000000000000000000000000000000000000 
	Parameter ArianeCfg[NonIdempotentAddrBase][14] bound to: 64'b0000000000000000000000000000000000000000000000000000000000000000 
	Parameter ArianeCfg[NonIdempotentAddrBase][13] bound to: 64'b0000000000000000000000000000000000000000000000000000000000000000 
	Parameter ArianeCfg[NonIdempotentAddrBase][12] bound to: 64'b0000000000000000000000000000000000000000000000000000000000000000 
	Parameter ArianeCfg[NonIdempotentAddrBase][11] bound to: 64'b0000000000000000000000000000000000000000000000000000000000000000 
	Parameter ArianeCfg[NonIdempotentAddrBase][10] bound to: 64'b0000000000000000000000000000000000000000000000000000000000000000 
	Parameter ArianeCfg[NonIdempotentAddrBase][9] bound to: 64'b0000000000000000000000000000000000000000000000000000000000000000 
	Parameter ArianeCfg[NonIdempotentAddrBase][8] bound to: 64'b0000000000000000000000000000000000000000000000000000000000000000 
	Parameter ArianeCfg[NonIdempotentAddrBase][7] bound to: 64'b0000000000000000000000000000000000000000000000000000000000000000 
	Parameter ArianeCfg[NonIdempotentAddrBase][6] bound to: 64'b0000000000000000000000000000000000000000000000000000000000000000 
	Parameter ArianeCfg[NonIdempotentAddrBase][5] bound to: 64'b0000000000000000000000000000000000000000000000000000000000000000 
	Parameter ArianeCfg[NonIdempotentAddrBase][4] bound to: 64'b0000000000000000000000000000000000000000000000000000000000000000 
	Parameter ArianeCfg[NonIdempotentAddrBase][3] bound to: 64'b0000000000000000000000000000000000000000000000000000000000000000 
	Parameter ArianeCfg[NonIdempotentAddrBase][2] bound to: 64'b0000000000000000000000000000000000000000000000000000000000000000 
	Parameter ArianeCfg[NonIdempotentAddrBase][1] bound to: 64'b0000000000000000000000000000000000000000000000000000000000000000 
	Parameter ArianeCfg[NonIdempotentAddrBase][0] bound to: 64'b0000000000000000000000000000000000000000000000000000000000000000 
	Parameter ArianeCfg[NonIdempotentLength][15] bound to: 64'b0000000000000000000000000000000000000000000000000000000000000000 
	Parameter ArianeCfg[NonIdempotentLength][14] bound to: 64'b0000000000000000000000000000000000000000000000000000000000000000 
	Parameter ArianeCfg[NonIdempotentLength][13] bound to: 64'b0000000000000000000000000000000000000000000000000000000000000000 
	Parameter ArianeCfg[NonIdempotentLength][12] bound to: 64'b0000000000000000000000000000000000000000000000000000000000000000 
	Parameter ArianeCfg[NonIdempotentLength][11] bound to: 64'b0000000000000000000000000000000000000000000000000000000000000000 
	Parameter ArianeCfg[NonIdempotentLength][10] bound to: 64'b0000000000000000000000000000000000000000000000000000000000000000 
	Parameter ArianeCfg[NonIdempotentLength][9] bound to: 64'b0000000000000000000000000000000000000000000000000000000000000000 
	Parameter ArianeCfg[NonIdempotentLength][8] bound to: 64'b0000000000000000000000000000000000000000000000000000000000000000 
	Parameter ArianeCfg[NonIdempotentLength][7] bound to: 64'b0000000000000000000000000000000000000000000000000000000000000000 
	Parameter ArianeCfg[NonIdempotentLength][6] bound to: 64'b0000000000000000000000000000000000000000000000000000000000000000 
	Parameter ArianeCfg[NonIdempotentLength][5] bound to: 64'b0000000000000000000000000000000000000000000000000000000000000000 
	Parameter ArianeCfg[NonIdempotentLength][4] bound to: 64'b0000000000000000000000000000000000000000000000000000000000000000 
	Parameter ArianeCfg[NonIdempotentLength][3] bound to: 64'b0000000000000000000000000000000000000000000000000000000000000000 
	Parameter ArianeCfg[NonIdempotentLength][2] bound to: 64'b0000000000000000000000000000000000000000000000000000000000000000 
	Parameter ArianeCfg[NonIdempotentLength][1] bound to: 64'b0000000000000000000000000000000000000000000000000000000000000000 
	Parameter ArianeCfg[NonIdempotentLength][0] bound to: 64'b0000000000000000000000000000000010000000000000000000000000000000 
	Parameter ArianeCfg[NrExecuteRegionRules] bound to: 32'b00000000000000000000000000000011 
	Parameter ArianeCfg[ExecuteRegionAddrBase][15] bound to: 64'b0000000000000000000000000000000000000000000000000000000000000000 
	Parameter ArianeCfg[ExecuteRegionAddrBase][14] bound to: 64'b0000000000000000000000000000000000000000000000000000000000000000 
	Parameter ArianeCfg[ExecuteRegionAddrBase][13] bound to: 64'b0000000000000000000000000000000000000000000000000000000000000000 
	Parameter ArianeCfg[ExecuteRegionAddrBase][12] bound to: 64'b0000000000000000000000000000000000000000000000000000000000000000 
	Parameter ArianeCfg[ExecuteRegionAddrBase][11] bound to: 64'b0000000000000000000000000000000000000000000000000000000000000000 
	Parameter ArianeCfg[ExecuteRegionAddrBase][10] bound to: 64'b0000000000000000000000000000000000000000000000000000000000000000 
	Parameter ArianeCfg[ExecuteRegionAddrBase][9] bound to: 64'b0000000000000000000000000000000000000000000000000000000000000000 
	Parameter ArianeCfg[ExecuteRegionAddrBase][8] bound to: 64'b0000000000000000000000000000000000000000000000000000000000000000 
	Parameter ArianeCfg[ExecuteRegionAddrBase][7] bound to: 64'b0000000000000000000000000000000000000000000000000000000000000000 
	Parameter ArianeCfg[ExecuteRegionAddrBase][6] bound to: 64'b0000000000000000000000000000000000000000000000000000000000000000 
	Parameter ArianeCfg[ExecuteRegionAddrBase][5] bound to: 64'b0000000000000000000000000000000000000000000000000000000000000000 
	Parameter ArianeCfg[ExecuteRegionAddrBase][4] bound to: 64'b0000000000000000000000000000000000000000000000000000000000000000 
	Parameter ArianeCfg[ExecuteRegionAddrBase][3] bound to: 64'b0000000000000000000000000000000000000000000000000000000000000000 
	Parameter ArianeCfg[ExecuteRegionAddrBase][2] bound to: 64'b0000000000000000000000000000000010000000000000000000000000000000 
	Parameter ArianeCfg[ExecuteRegionAddrBase][1] bound to: 64'b0000000000000000000000000000000000000000000000010000000000000000 
	Parameter ArianeCfg[ExecuteRegionAddrBase][0] bound to: 64'b0000000000000000000000000000000000000000000000000000000000000000 
	Parameter ArianeCfg[ExecuteRegionLength][15] bound to: 64'b0000000000000000000000000000000000000000000000000000000000000000 
	Parameter ArianeCfg[ExecuteRegionLength][14] bound to: 64'b0000000000000000000000000000000000000000000000000000000000000000 
	Parameter ArianeCfg[ExecuteRegionLength][13] bound to: 64'b0000000000000000000000000000000000000000000000000000000000000000 
	Parameter ArianeCfg[ExecuteRegionLength][12] bound to: 64'b0000000000000000000000000000000000000000000000000000000000000000 
	Parameter ArianeCfg[ExecuteRegionLength][11] bound to: 64'b0000000000000000000000000000000000000000000000000000000000000000 
	Parameter ArianeCfg[ExecuteRegionLength][10] bound to: 64'b0000000000000000000000000000000000000000000000000000000000000000 
	Parameter ArianeCfg[ExecuteRegionLength][9] bound to: 64'b0000000000000000000000000000000000000000000000000000000000000000 
	Parameter ArianeCfg[ExecuteRegionLength][8] bound to: 64'b0000000000000000000000000000000000000000000000000000000000000000 
	Parameter ArianeCfg[ExecuteRegionLength][7] bound to: 64'b0000000000000000000000000000000000000000000000000000000000000000 
	Parameter ArianeCfg[ExecuteRegionLength][6] bound to: 64'b0000000000000000000000000000000000000000000000000000000000000000 
	Parameter ArianeCfg[ExecuteRegionLength][5] bound to: 64'b0000000000000000000000000000000000000000000000000000000000000000 
	Parameter ArianeCfg[ExecuteRegionLength][4] bound to: 64'b0000000000000000000000000000000000000000000000000000000000000000 
	Parameter ArianeCfg[ExecuteRegionLength][3] bound to: 64'b0000000000000000000000000000000000000000000000000000000000000000 
	Parameter ArianeCfg[ExecuteRegionLength][2] bound to: 64'b0000000000000000000000000000000001000000000000000000000000000000 
	Parameter ArianeCfg[ExecuteRegionLength][1] bound to: 64'b0000000000000000000000000000000000000000000000010000000000000000 
	Parameter ArianeCfg[ExecuteRegionLength][0] bound to: 64'b0000000000000000000000000000000000000000000000000001000000000000 
	Parameter ArianeCfg[NrCachedRegionRules] bound to: 32'b00000000000000000000000000000001 
	Parameter ArianeCfg[CachedRegionAddrBase][15] bound to: 64'b0000000000000000000000000000000000000000000000000000000000000000 
	Parameter ArianeCfg[CachedRegionAddrBase][14] bound to: 64'b0000000000000000000000000000000000000000000000000000000000000000 
	Parameter ArianeCfg[CachedRegionAddrBase][13] bound to: 64'b0000000000000000000000000000000000000000000000000000000000000000 
	Parameter ArianeCfg[CachedRegionAddrBase][12] bound to: 64'b0000000000000000000000000000000000000000000000000000000000000000 
	Parameter ArianeCfg[CachedRegionAddrBase][11] bound to: 64'b0000000000000000000000000000000000000000000000000000000000000000 
	Parameter ArianeCfg[CachedRegionAddrBase][10] bound to: 64'b0000000000000000000000000000000000000000000000000000000000000000 
	Parameter ArianeCfg[CachedRegionAddrBase][9] bound to: 64'b0000000000000000000000000000000000000000000000000000000000000000 
	Parameter ArianeCfg[CachedRegionAddrBase][8] bound to: 64'b0000000000000000000000000000000000000000000000000000000000000000 
	Parameter ArianeCfg[CachedRegionAddrBase][7] bound to: 64'b0000000000000000000000000000000000000000000000000000000000000000 
	Parameter ArianeCfg[CachedRegionAddrBase][6] bound to: 64'b0000000000000000000000000000000000000000000000000000000000000000 
	Parameter ArianeCfg[CachedRegionAddrBase][5] bound to: 64'b0000000000000000000000000000000000000000000000000000000000000000 
	Parameter ArianeCfg[CachedRegionAddrBase][4] bound to: 64'b0000000000000000000000000000000000000000000000000000000000000000 
	Parameter ArianeCfg[CachedRegionAddrBase][3] bound to: 64'b0000000000000000000000000000000000000000000000000000000000000000 
	Parameter ArianeCfg[CachedRegionAddrBase][2] bound to: 64'b0000000000000000000000000000000000000000000000000000000000000000 
	Parameter ArianeCfg[CachedRegionAddrBase][1] bound to: 64'b0000000000000000000000000000000000000000000000000000000000000000 
	Parameter ArianeCfg[CachedRegionAddrBase][0] bound to: 64'b0000000000000000000000000000000010000000000000000000000000000000 
	Parameter ArianeCfg[CachedRegionLength][15] bound to: 64'b0000000000000000000000000000000000000000000000000000000000000000 
	Parameter ArianeCfg[CachedRegionLength][14] bound to: 64'b0000000000000000000000000000000000000000000000000000000000000000 
	Parameter ArianeCfg[CachedRegionLength][13] bound to: 64'b0000000000000000000000000000000000000000000000000000000000000000 
	Parameter ArianeCfg[CachedRegionLength][12] bound to: 64'b0000000000000000000000000000000000000000000000000000000000000000 
	Parameter ArianeCfg[CachedRegionLength][11] bound to: 64'b0000000000000000000000000000000000000000000000000000000000000000 
	Parameter ArianeCfg[CachedRegionLength][10] bound to: 64'b0000000000000000000000000000000000000000000000000000000000000000 
	Parameter ArianeCfg[CachedRegionLength][9] bound to: 64'b0000000000000000000000000000000000000000000000000000000000000000 
	Parameter ArianeCfg[CachedRegionLength][8] bound to: 64'b0000000000000000000000000000000000000000000000000000000000000000 
	Parameter ArianeCfg[CachedRegionLength][7] bound to: 64'b0000000000000000000000000000000000000000000000000000000000000000 
	Parameter ArianeCfg[CachedRegionLength][6] bound to: 64'b0000000000000000000000000000000000000000000000000000000000000000 
	Parameter ArianeCfg[CachedRegionLength][5] bound to: 64'b0000000000000000000000000000000000000000000000000000000000000000 
	Parameter ArianeCfg[CachedRegionLength][4] bound to: 64'b0000000000000000000000000000000000000000000000000000000000000000 
	Parameter ArianeCfg[CachedRegionLength][3] bound to: 64'b0000000000000000000000000000000000000000000000000000000000000000 
	Parameter ArianeCfg[CachedRegionLength][2] bound to: 64'b0000000000000000000000000000000000000000000000000000000000000000 
	Parameter ArianeCfg[CachedRegionLength][1] bound to: 64'b0000000000000000000000000000000000000000000000000000000000000000 
	Parameter ArianeCfg[CachedRegionLength][0] bound to: 64'b0000000000000000000000000000000001000000000000000000000000000000 
	Parameter ArianeCfg[AxiCompliant] bound to: 1'b1 
	Parameter ArianeCfg[SwapEndianess] bound to: 1'b0 
	Parameter ArianeCfg[DmBaseAddress] bound to: 64'b0000000000000000000000000000000000000000000000000000000000000000 
	Parameter ArianeCfg[NrPMPEntries] bound to: 32'b00000000000000000000000000001000 
	Parameter AxiAddrWidth bound to: 32'b00000000000000000000000001000000 
	Parameter AxiDataWidth bound to: 32'b00000000000000000000000001000000 
	Parameter AxiIdWidth bound to: 32'b00000000000000000000000000000100 
	Parameter RdTxId bound to: 2'b00 
	Parameter ArianeCfg[RASDepth] bound to: 32'sb00000000000000000000000000000010 
	Parameter ArianeCfg[BTBEntries] bound to: 32'sb00000000000000000000000000100000 
	Parameter ArianeCfg[BHTEntries] bound to: 32'sb00000000000000000000000010000000 
	Parameter ArianeCfg[NrNonIdempotentRules] bound to: 32'b00000000000000000000000000000001 
	Parameter ArianeCfg[NonIdempotentAddrBase][15] bound to: 64'b0000000000000000000000000000000000000000000000000000000000000000 
	Parameter ArianeCfg[NonIdempotentAddrBase][14] bound to: 64'b0000000000000000000000000000000000000000000000000000000000000000 
	Parameter ArianeCfg[NonIdempotentAddrBase][13] bound to: 64'b0000000000000000000000000000000000000000000000000000000000000000 
	Parameter ArianeCfg[NonIdempotentAddrBase][12] bound to: 64'b0000000000000000000000000000000000000000000000000000000000000000 
	Parameter ArianeCfg[NonIdempotentAddrBase][11] bound to: 64'b0000000000000000000000000000000000000000000000000000000000000000 
	Parameter ArianeCfg[NonIdempotentAddrBase][10] bound to: 64'b0000000000000000000000000000000000000000000000000000000000000000 
	Parameter ArianeCfg[NonIdempotentAddrBase][9] bound to: 64'b0000000000000000000000000000000000000000000000000000000000000000 
	Parameter ArianeCfg[NonIdempotentAddrBase][8] bound to: 64'b0000000000000000000000000000000000000000000000000000000000000000 
	Parameter ArianeCfg[NonIdempotentAddrBase][7] bound to: 64'b0000000000000000000000000000000000000000000000000000000000000000 
	Parameter ArianeCfg[NonIdempotentAddrBase][6] bound to: 64'b0000000000000000000000000000000000000000000000000000000000000000 
	Parameter ArianeCfg[NonIdempotentAddrBase][5] bound to: 64'b0000000000000000000000000000000000000000000000000000000000000000 
	Parameter ArianeCfg[NonIdempotentAddrBase][4] bound to: 64'b0000000000000000000000000000000000000000000000000000000000000000 
	Parameter ArianeCfg[NonIdempotentAddrBase][3] bound to: 64'b0000000000000000000000000000000000000000000000000000000000000000 
	Parameter ArianeCfg[NonIdempotentAddrBase][2] bound to: 64'b0000000000000000000000000000000000000000000000000000000000000000 
	Parameter ArianeCfg[NonIdempotentAddrBase][1] bound to: 64'b0000000000000000000000000000000000000000000000000000000000000000 
	Parameter ArianeCfg[NonIdempotentAddrBase][0] bound to: 64'b0000000000000000000000000000000000000000000000000000000000000000 
	Parameter ArianeCfg[NonIdempotentLength][15] bound to: 64'b0000000000000000000000000000000000000000000000000000000000000000 
	Parameter ArianeCfg[NonIdempotentLength][14] bound to: 64'b0000000000000000000000000000000000000000000000000000000000000000 
	Parameter ArianeCfg[NonIdempotentLength][13] bound to: 64'b0000000000000000000000000000000000000000000000000000000000000000 
	Parameter ArianeCfg[NonIdempotentLength][12] bound to: 64'b0000000000000000000000000000000000000000000000000000000000000000 
	Parameter ArianeCfg[NonIdempotentLength][11] bound to: 64'b0000000000000000000000000000000000000000000000000000000000000000 
	Parameter ArianeCfg[NonIdempotentLength][10] bound to: 64'b0000000000000000000000000000000000000000000000000000000000000000 
	Parameter ArianeCfg[NonIdempotentLength][9] bound to: 64'b0000000000000000000000000000000000000000000000000000000000000000 
	Parameter ArianeCfg[NonIdempotentLength][8] bound to: 64'b0000000000000000000000000000000000000000000000000000000000000000 
	Parameter ArianeCfg[NonIdempotentLength][7] bound to: 64'b0000000000000000000000000000000000000000000000000000000000000000 
	Parameter ArianeCfg[NonIdempotentLength][6] bound to: 64'b0000000000000000000000000000000000000000000000000000000000000000 
	Parameter ArianeCfg[NonIdempotentLength][5] bound to: 64'b0000000000000000000000000000000000000000000000000000000000000000 
	Parameter ArianeCfg[NonIdempotentLength][4] bound to: 64'b0000000000000000000000000000000000000000000000000000000000000000 
	Parameter ArianeCfg[NonIdempotentLength][3] bound to: 64'b0000000000000000000000000000000000000000000000000000000000000000 
	Parameter ArianeCfg[NonIdempotentLength][2] bound to: 64'b0000000000000000000000000000000000000000000000000000000000000000 
	Parameter ArianeCfg[NonIdempotentLength][1] bound to: 64'b0000000000000000000000000000000000000000000000000000000000000000 
	Parameter ArianeCfg[NonIdempotentLength][0] bound to: 64'b0000000000000000000000000000000010000000000000000000000000000000 
	Parameter ArianeCfg[NrExecuteRegionRules] bound to: 32'b00000000000000000000000000000011 
	Parameter ArianeCfg[ExecuteRegionAddrBase][15] bound to: 64'b0000000000000000000000000000000000000000000000000000000000000000 
	Parameter ArianeCfg[ExecuteRegionAddrBase][14] bound to: 64'b0000000000000000000000000000000000000000000000000000000000000000 
	Parameter ArianeCfg[ExecuteRegionAddrBase][13] bound to: 64'b0000000000000000000000000000000000000000000000000000000000000000 
	Parameter ArianeCfg[ExecuteRegionAddrBase][12] bound to: 64'b0000000000000000000000000000000000000000000000000000000000000000 
	Parameter ArianeCfg[ExecuteRegionAddrBase][11] bound to: 64'b0000000000000000000000000000000000000000000000000000000000000000 
	Parameter ArianeCfg[ExecuteRegionAddrBase][10] bound to: 64'b0000000000000000000000000000000000000000000000000000000000000000 
	Parameter ArianeCfg[ExecuteRegionAddrBase][9] bound to: 64'b0000000000000000000000000000000000000000000000000000000000000000 
	Parameter ArianeCfg[ExecuteRegionAddrBase][8] bound to: 64'b0000000000000000000000000000000000000000000000000000000000000000 
	Parameter ArianeCfg[ExecuteRegionAddrBase][7] bound to: 64'b0000000000000000000000000000000000000000000000000000000000000000 
	Parameter ArianeCfg[ExecuteRegionAddrBase][6] bound to: 64'b0000000000000000000000000000000000000000000000000000000000000000 
	Parameter ArianeCfg[ExecuteRegionAddrBase][5] bound to: 64'b0000000000000000000000000000000000000000000000000000000000000000 
	Parameter ArianeCfg[ExecuteRegionAddrBase][4] bound to: 64'b0000000000000000000000000000000000000000000000000000000000000000 
	Parameter ArianeCfg[ExecuteRegionAddrBase][3] bound to: 64'b0000000000000000000000000000000000000000000000000000000000000000 
	Parameter ArianeCfg[ExecuteRegionAddrBase][2] bound to: 64'b0000000000000000000000000000000010000000000000000000000000000000 
	Parameter ArianeCfg[ExecuteRegionAddrBase][1] bound to: 64'b0000000000000000000000000000000000000000000000010000000000000000 
	Parameter ArianeCfg[ExecuteRegionAddrBase][0] bound to: 64'b0000000000000000000000000000000000000000000000000000000000000000 
	Parameter ArianeCfg[ExecuteRegionLength][15] bound to: 64'b0000000000000000000000000000000000000000000000000000000000000000 
	Parameter ArianeCfg[ExecuteRegionLength][14] bound to: 64'b0000000000000000000000000000000000000000000000000000000000000000 
	Parameter ArianeCfg[ExecuteRegionLength][13] bound to: 64'b0000000000000000000000000000000000000000000000000000000000000000 
	Parameter ArianeCfg[ExecuteRegionLength][12] bound to: 64'b0000000000000000000000000000000000000000000000000000000000000000 
	Parameter ArianeCfg[ExecuteRegionLength][11] bound to: 64'b0000000000000000000000000000000000000000000000000000000000000000 
	Parameter ArianeCfg[ExecuteRegionLength][10] bound to: 64'b0000000000000000000000000000000000000000000000000000000000000000 
	Parameter ArianeCfg[ExecuteRegionLength][9] bound to: 64'b0000000000000000000000000000000000000000000000000000000000000000 
	Parameter ArianeCfg[ExecuteRegionLength][8] bound to: 64'b0000000000000000000000000000000000000000000000000000000000000000 
	Parameter ArianeCfg[ExecuteRegionLength][7] bound to: 64'b0000000000000000000000000000000000000000000000000000000000000000 
	Parameter ArianeCfg[ExecuteRegionLength][6] bound to: 64'b0000000000000000000000000000000000000000000000000000000000000000 
	Parameter ArianeCfg[ExecuteRegionLength][5] bound to: 64'b0000000000000000000000000000000000000000000000000000000000000000 
	Parameter ArianeCfg[ExecuteRegionLength][4] bound to: 64'b0000000000000000000000000000000000000000000000000000000000000000 
	Parameter ArianeCfg[ExecuteRegionLength][3] bound to: 64'b0000000000000000000000000000000000000000000000000000000000000000 
	Parameter ArianeCfg[ExecuteRegionLength][2] bound to: 64'b0000000000000000000000000000000001000000000000000000000000000000 
	Parameter ArianeCfg[ExecuteRegionLength][1] bound to: 64'b0000000000000000000000000000000000000000000000010000000000000000 
	Parameter ArianeCfg[ExecuteRegionLength][0] bound to: 64'b0000000000000000000000000000000000000000000000000001000000000000 
	Parameter ArianeCfg[NrCachedRegionRules] bound to: 32'b00000000000000000000000000000001 
	Parameter ArianeCfg[CachedRegionAddrBase][15] bound to: 64'b0000000000000000000000000000000000000000000000000000000000000000 
	Parameter ArianeCfg[CachedRegionAddrBase][14] bound to: 64'b0000000000000000000000000000000000000000000000000000000000000000 
	Parameter ArianeCfg[CachedRegionAddrBase][13] bound to: 64'b0000000000000000000000000000000000000000000000000000000000000000 
	Parameter ArianeCfg[CachedRegionAddrBase][12] bound to: 64'b0000000000000000000000000000000000000000000000000000000000000000 
	Parameter ArianeCfg[CachedRegionAddrBase][11] bound to: 64'b0000000000000000000000000000000000000000000000000000000000000000 
	Parameter ArianeCfg[CachedRegionAddrBase][10] bound to: 64'b0000000000000000000000000000000000000000000000000000000000000000 
	Parameter ArianeCfg[CachedRegionAddrBase][9] bound to: 64'b0000000000000000000000000000000000000000000000000000000000000000 
	Parameter ArianeCfg[CachedRegionAddrBase][8] bound to: 64'b0000000000000000000000000000000000000000000000000000000000000000 
	Parameter ArianeCfg[CachedRegionAddrBase][7] bound to: 64'b0000000000000000000000000000000000000000000000000000000000000000 
	Parameter ArianeCfg[CachedRegionAddrBase][6] bound to: 64'b0000000000000000000000000000000000000000000000000000000000000000 
	Parameter ArianeCfg[CachedRegionAddrBase][5] bound to: 64'b0000000000000000000000000000000000000000000000000000000000000000 
	Parameter ArianeCfg[CachedRegionAddrBase][4] bound to: 64'b0000000000000000000000000000000000000000000000000000000000000000 
	Parameter ArianeCfg[CachedRegionAddrBase][3] bound to: 64'b0000000000000000000000000000000000000000000000000000000000000000 
	Parameter ArianeCfg[CachedRegionAddrBase][2] bound to: 64'b0000000000000000000000000000000000000000000000000000000000000000 
	Parameter ArianeCfg[CachedRegionAddrBase][1] bound to: 64'b0000000000000000000000000000000000000000000000000000000000000000 
	Parameter ArianeCfg[CachedRegionAddrBase][0] bound to: 64'b0000000000000000000000000000000010000000000000000000000000000000 
	Parameter ArianeCfg[CachedRegionLength][15] bound to: 64'b0000000000000000000000000000000000000000000000000000000000000000 
	Parameter ArianeCfg[CachedRegionLength][14] bound to: 64'b0000000000000000000000000000000000000000000000000000000000000000 
	Parameter ArianeCfg[CachedRegionLength][13] bound to: 64'b0000000000000000000000000000000000000000000000000000000000000000 
	Parameter ArianeCfg[CachedRegionLength][12] bound to: 64'b0000000000000000000000000000000000000000000000000000000000000000 
	Parameter ArianeCfg[CachedRegionLength][11] bound to: 64'b0000000000000000000000000000000000000000000000000000000000000000 
	Parameter ArianeCfg[CachedRegionLength][10] bound to: 64'b0000000000000000000000000000000000000000000000000000000000000000 
	Parameter ArianeCfg[CachedRegionLength][9] bound to: 64'b0000000000000000000000000000000000000000000000000000000000000000 
	Parameter ArianeCfg[CachedRegionLength][8] bound to: 64'b0000000000000000000000000000000000000000000000000000000000000000 
	Parameter ArianeCfg[CachedRegionLength][7] bound to: 64'b0000000000000000000000000000000000000000000000000000000000000000 
	Parameter ArianeCfg[CachedRegionLength][6] bound to: 64'b0000000000000000000000000000000000000000000000000000000000000000 
	Parameter ArianeCfg[CachedRegionLength][5] bound to: 64'b0000000000000000000000000000000000000000000000000000000000000000 
	Parameter ArianeCfg[CachedRegionLength][4] bound to: 64'b0000000000000000000000000000000000000000000000000000000000000000 
	Parameter ArianeCfg[CachedRegionLength][3] bound to: 64'b0000000000000000000000000000000000000000000000000000000000000000 
	Parameter ArianeCfg[CachedRegionLength][2] bound to: 64'b0000000000000000000000000000000000000000000000000000000000000000 
	Parameter ArianeCfg[CachedRegionLength][1] bound to: 64'b0000000000000000000000000000000000000000000000000000000000000000 
	Parameter ArianeCfg[CachedRegionLength][0] bound to: 64'b0000000000000000000000000000000001000000000000000000000000000000 
	Parameter ArianeCfg[AxiCompliant] bound to: 1'b1 
	Parameter ArianeCfg[SwapEndianess] bound to: 1'b0 
	Parameter ArianeCfg[DmBaseAddress] bound to: 64'b0000000000000000000000000000000000000000000000000000000000000000 
	Parameter ArianeCfg[NrPMPEntries] bound to: 32'b00000000000000000000000000001000 
	Parameter DATA_WIDTH bound to: 45 - type: integer 
	Parameter NUM_WORDS bound to: 256 - type: integer 
	Parameter NumWords bound to: 256 - type: integer 
	Parameter DataWidth bound to: 32'b00000000000000000000000001000000 
	Parameter ByteWidth bound to: 8 - type: integer 
	Parameter NumPorts bound to: 1 - type: integer 
	Parameter Latency bound to: 1 - type: integer 
	Parameter SimInit bound to: none - type: string 
	Parameter PrintSimCfg bound to: 1'b0 
	Parameter ADDR_WIDTH bound to: 8 - type: integer 
	Parameter DATA_DEPTH bound to: 256 - type: integer 
	Parameter OUT_REGS bound to: 0 - type: integer 
	Parameter SIM_INIT bound to: 1 - type: integer 
	Parameter DATA_WIDTH bound to: 128 - type: integer 
	Parameter USER_WIDTH bound to: 4 - type: integer 
	Parameter USER_EN bound to: 0 - type: integer 
	Parameter NUM_WORDS bound to: 256 - type: integer 
	Parameter LfsrWidth bound to: 32'b00000000000000000000000000001000 
	Parameter OutWidth bound to: 32'b00000000000000000000000000000010 
	Parameter AxiDataWidth bound to: 32'b00000000000000000000000001000000 
	Parameter RdAmoTxId bound to: 2'b01 
	Parameter ArianeCfg[RASDepth] bound to: 32'sb00000000000000000000000000000010 
	Parameter ArianeCfg[BTBEntries] bound to: 32'sb00000000000000000000000000100000 
	Parameter ArianeCfg[BHTEntries] bound to: 32'sb00000000000000000000000010000000 
	Parameter ArianeCfg[NrNonIdempotentRules] bound to: 32'b00000000000000000000000000000001 
	Parameter ArianeCfg[NonIdempotentAddrBase][15] bound to: 64'b0000000000000000000000000000000000000000000000000000000000000000 
	Parameter ArianeCfg[NonIdempotentAddrBase][14] bound to: 64'b0000000000000000000000000000000000000000000000000000000000000000 
	Parameter ArianeCfg[NonIdempotentAddrBase][13] bound to: 64'b0000000000000000000000000000000000000000000000000000000000000000 
	Parameter ArianeCfg[NonIdempotentAddrBase][12] bound to: 64'b0000000000000000000000000000000000000000000000000000000000000000 
	Parameter ArianeCfg[NonIdempotentAddrBase][11] bound to: 64'b0000000000000000000000000000000000000000000000000000000000000000 
	Parameter ArianeCfg[NonIdempotentAddrBase][10] bound to: 64'b0000000000000000000000000000000000000000000000000000000000000000 
	Parameter ArianeCfg[NonIdempotentAddrBase][9] bound to: 64'b0000000000000000000000000000000000000000000000000000000000000000 
	Parameter ArianeCfg[NonIdempotentAddrBase][8] bound to: 64'b0000000000000000000000000000000000000000000000000000000000000000 
	Parameter ArianeCfg[NonIdempotentAddrBase][7] bound to: 64'b0000000000000000000000000000000000000000000000000000000000000000 
	Parameter ArianeCfg[NonIdempotentAddrBase][6] bound to: 64'b0000000000000000000000000000000000000000000000000000000000000000 
	Parameter ArianeCfg[NonIdempotentAddrBase][5] bound to: 64'b0000000000000000000000000000000000000000000000000000000000000000 
	Parameter ArianeCfg[NonIdempotentAddrBase][4] bound to: 64'b0000000000000000000000000000000000000000000000000000000000000000 
	Parameter ArianeCfg[NonIdempotentAddrBase][3] bound to: 64'b0000000000000000000000000000000000000000000000000000000000000000 
	Parameter ArianeCfg[NonIdempotentAddrBase][2] bound to: 64'b0000000000000000000000000000000000000000000000000000000000000000 
	Parameter ArianeCfg[NonIdempotentAddrBase][1] bound to: 64'b0000000000000000000000000000000000000000000000000000000000000000 
	Parameter ArianeCfg[NonIdempotentAddrBase][0] bound to: 64'b0000000000000000000000000000000000000000000000000000000000000000 
	Parameter ArianeCfg[NonIdempotentLength][15] bound to: 64'b0000000000000000000000000000000000000000000000000000000000000000 
	Parameter ArianeCfg[NonIdempotentLength][14] bound to: 64'b0000000000000000000000000000000000000000000000000000000000000000 
	Parameter ArianeCfg[NonIdempotentLength][13] bound to: 64'b0000000000000000000000000000000000000000000000000000000000000000 
	Parameter ArianeCfg[NonIdempotentLength][12] bound to: 64'b0000000000000000000000000000000000000000000000000000000000000000 
	Parameter ArianeCfg[NonIdempotentLength][11] bound to: 64'b0000000000000000000000000000000000000000000000000000000000000000 
	Parameter ArianeCfg[NonIdempotentLength][10] bound to: 64'b0000000000000000000000000000000000000000000000000000000000000000 
	Parameter ArianeCfg[NonIdempotentLength][9] bound to: 64'b0000000000000000000000000000000000000000000000000000000000000000 
	Parameter ArianeCfg[NonIdempotentLength][8] bound to: 64'b0000000000000000000000000000000000000000000000000000000000000000 
	Parameter ArianeCfg[NonIdempotentLength][7] bound to: 64'b0000000000000000000000000000000000000000000000000000000000000000 
	Parameter ArianeCfg[NonIdempotentLength][6] bound to: 64'b0000000000000000000000000000000000000000000000000000000000000000 
	Parameter ArianeCfg[NonIdempotentLength][5] bound to: 64'b0000000000000000000000000000000000000000000000000000000000000000 
	Parameter ArianeCfg[NonIdempotentLength][4] bound to: 64'b0000000000000000000000000000000000000000000000000000000000000000 
	Parameter ArianeCfg[NonIdempotentLength][3] bound to: 64'b0000000000000000000000000000000000000000000000000000000000000000 
	Parameter ArianeCfg[NonIdempotentLength][2] bound to: 64'b0000000000000000000000000000000000000000000000000000000000000000 
	Parameter ArianeCfg[NonIdempotentLength][1] bound to: 64'b0000000000000000000000000000000000000000000000000000000000000000 
	Parameter ArianeCfg[NonIdempotentLength][0] bound to: 64'b0000000000000000000000000000000010000000000000000000000000000000 
	Parameter ArianeCfg[NrExecuteRegionRules] bound to: 32'b00000000000000000000000000000011 
	Parameter ArianeCfg[ExecuteRegionAddrBase][15] bound to: 64'b0000000000000000000000000000000000000000000000000000000000000000 
	Parameter ArianeCfg[ExecuteRegionAddrBase][14] bound to: 64'b0000000000000000000000000000000000000000000000000000000000000000 
	Parameter ArianeCfg[ExecuteRegionAddrBase][13] bound to: 64'b0000000000000000000000000000000000000000000000000000000000000000 
	Parameter ArianeCfg[ExecuteRegionAddrBase][12] bound to: 64'b0000000000000000000000000000000000000000000000000000000000000000 
	Parameter ArianeCfg[ExecuteRegionAddrBase][11] bound to: 64'b0000000000000000000000000000000000000000000000000000000000000000 
	Parameter ArianeCfg[ExecuteRegionAddrBase][10] bound to: 64'b0000000000000000000000000000000000000000000000000000000000000000 
	Parameter ArianeCfg[ExecuteRegionAddrBase][9] bound to: 64'b0000000000000000000000000000000000000000000000000000000000000000 
	Parameter ArianeCfg[ExecuteRegionAddrBase][8] bound to: 64'b0000000000000000000000000000000000000000000000000000000000000000 
	Parameter ArianeCfg[ExecuteRegionAddrBase][7] bound to: 64'b0000000000000000000000000000000000000000000000000000000000000000 
	Parameter ArianeCfg[ExecuteRegionAddrBase][6] bound to: 64'b0000000000000000000000000000000000000000000000000000000000000000 
	Parameter ArianeCfg[ExecuteRegionAddrBase][5] bound to: 64'b0000000000000000000000000000000000000000000000000000000000000000 
	Parameter ArianeCfg[ExecuteRegionAddrBase][4] bound to: 64'b0000000000000000000000000000000000000000000000000000000000000000 
	Parameter ArianeCfg[ExecuteRegionAddrBase][3] bound to: 64'b0000000000000000000000000000000000000000000000000000000000000000 
	Parameter ArianeCfg[ExecuteRegionAddrBase][2] bound to: 64'b0000000000000000000000000000000010000000000000000000000000000000 
	Parameter ArianeCfg[ExecuteRegionAddrBase][1] bound to: 64'b0000000000000000000000000000000000000000000000010000000000000000 
	Parameter ArianeCfg[ExecuteRegionAddrBase][0] bound to: 64'b0000000000000000000000000000000000000000000000000000000000000000 
	Parameter ArianeCfg[ExecuteRegionLength][15] bound to: 64'b0000000000000000000000000000000000000000000000000000000000000000 
	Parameter ArianeCfg[ExecuteRegionLength][14] bound to: 64'b0000000000000000000000000000000000000000000000000000000000000000 
	Parameter ArianeCfg[ExecuteRegionLength][13] bound to: 64'b0000000000000000000000000000000000000000000000000000000000000000 
	Parameter ArianeCfg[ExecuteRegionLength][12] bound to: 64'b0000000000000000000000000000000000000000000000000000000000000000 
	Parameter ArianeCfg[ExecuteRegionLength][11] bound to: 64'b0000000000000000000000000000000000000000000000000000000000000000 
	Parameter ArianeCfg[ExecuteRegionLength][10] bound to: 64'b0000000000000000000000000000000000000000000000000000000000000000 
	Parameter ArianeCfg[ExecuteRegionLength][9] bound to: 64'b0000000000000000000000000000000000000000000000000000000000000000 
	Parameter ArianeCfg[ExecuteRegionLength][8] bound to: 64'b0000000000000000000000000000000000000000000000000000000000000000 
	Parameter ArianeCfg[ExecuteRegionLength][7] bound to: 64'b0000000000000000000000000000000000000000000000000000000000000000 
	Parameter ArianeCfg[ExecuteRegionLength][6] bound to: 64'b0000000000000000000000000000000000000000000000000000000000000000 
	Parameter ArianeCfg[ExecuteRegionLength][5] bound to: 64'b0000000000000000000000000000000000000000000000000000000000000000 
	Parameter ArianeCfg[ExecuteRegionLength][4] bound to: 64'b0000000000000000000000000000000000000000000000000000000000000000 
	Parameter ArianeCfg[ExecuteRegionLength][3] bound to: 64'b0000000000000000000000000000000000000000000000000000000000000000 
	Parameter ArianeCfg[ExecuteRegionLength][2] bound to: 64'b0000000000000000000000000000000001000000000000000000000000000000 
	Parameter ArianeCfg[ExecuteRegionLength][1] bound to: 64'b0000000000000000000000000000000000000000000000010000000000000000 
	Parameter ArianeCfg[ExecuteRegionLength][0] bound to: 64'b0000000000000000000000000000000000000000000000000001000000000000 
	Parameter ArianeCfg[NrCachedRegionRules] bound to: 32'b00000000000000000000000000000001 
	Parameter ArianeCfg[CachedRegionAddrBase][15] bound to: 64'b0000000000000000000000000000000000000000000000000000000000000000 
	Parameter ArianeCfg[CachedRegionAddrBase][14] bound to: 64'b0000000000000000000000000000000000000000000000000000000000000000 
	Parameter ArianeCfg[CachedRegionAddrBase][13] bound to: 64'b0000000000000000000000000000000000000000000000000000000000000000 
	Parameter ArianeCfg[CachedRegionAddrBase][12] bound to: 64'b0000000000000000000000000000000000000000000000000000000000000000 
	Parameter ArianeCfg[CachedRegionAddrBase][11] bound to: 64'b0000000000000000000000000000000000000000000000000000000000000000 
	Parameter ArianeCfg[CachedRegionAddrBase][10] bound to: 64'b0000000000000000000000000000000000000000000000000000000000000000 
	Parameter ArianeCfg[CachedRegionAddrBase][9] bound to: 64'b0000000000000000000000000000000000000000000000000000000000000000 
	Parameter ArianeCfg[CachedRegionAddrBase][8] bound to: 64'b0000000000000000000000000000000000000000000000000000000000000000 
	Parameter ArianeCfg[CachedRegionAddrBase][7] bound to: 64'b0000000000000000000000000000000000000000000000000000000000000000 
	Parameter ArianeCfg[CachedRegionAddrBase][6] bound to: 64'b0000000000000000000000000000000000000000000000000000000000000000 
	Parameter ArianeCfg[CachedRegionAddrBase][5] bound to: 64'b0000000000000000000000000000000000000000000000000000000000000000 
	Parameter ArianeCfg[CachedRegionAddrBase][4] bound to: 64'b0000000000000000000000000000000000000000000000000000000000000000 
	Parameter ArianeCfg[CachedRegionAddrBase][3] bound to: 64'b0000000000000000000000000000000000000000000000000000000000000000 
	Parameter ArianeCfg[CachedRegionAddrBase][2] bound to: 64'b0000000000000000000000000000000000000000000000000000000000000000 
	Parameter ArianeCfg[CachedRegionAddrBase][1] bound to: 64'b0000000000000000000000000000000000000000000000000000000000000000 
	Parameter ArianeCfg[CachedRegionAddrBase][0] bound to: 64'b0000000000000000000000000000000010000000000000000000000000000000 
	Parameter ArianeCfg[CachedRegionLength][15] bound to: 64'b0000000000000000000000000000000000000000000000000000000000000000 
	Parameter ArianeCfg[CachedRegionLength][14] bound to: 64'b0000000000000000000000000000000000000000000000000000000000000000 
	Parameter ArianeCfg[CachedRegionLength][13] bound to: 64'b0000000000000000000000000000000000000000000000000000000000000000 
	Parameter ArianeCfg[CachedRegionLength][12] bound to: 64'b0000000000000000000000000000000000000000000000000000000000000000 
	Parameter ArianeCfg[CachedRegionLength][11] bound to: 64'b0000000000000000000000000000000000000000000000000000000000000000 
	Parameter ArianeCfg[CachedRegionLength][10] bound to: 64'b0000000000000000000000000000000000000000000000000000000000000000 
	Parameter ArianeCfg[CachedRegionLength][9] bound to: 64'b0000000000000000000000000000000000000000000000000000000000000000 
	Parameter ArianeCfg[CachedRegionLength][8] bound to: 64'b0000000000000000000000000000000000000000000000000000000000000000 
	Parameter ArianeCfg[CachedRegionLength][7] bound to: 64'b0000000000000000000000000000000000000000000000000000000000000000 
	Parameter ArianeCfg[CachedRegionLength][6] bound to: 64'b0000000000000000000000000000000000000000000000000000000000000000 
	Parameter ArianeCfg[CachedRegionLength][5] bound to: 64'b0000000000000000000000000000000000000000000000000000000000000000 
	Parameter ArianeCfg[CachedRegionLength][4] bound to: 64'b0000000000000000000000000000000000000000000000000000000000000000 
	Parameter ArianeCfg[CachedRegionLength][3] bound to: 64'b0000000000000000000000000000000000000000000000000000000000000000 
	Parameter ArianeCfg[CachedRegionLength][2] bound to: 64'b0000000000000000000000000000000000000000000000000000000000000000 
	Parameter ArianeCfg[CachedRegionLength][1] bound to: 64'b0000000000000000000000000000000000000000000000000000000000000000 
	Parameter ArianeCfg[CachedRegionLength][0] bound to: 64'b0000000000000000000000000000000001000000000000000000000000000000 
	Parameter ArianeCfg[AxiCompliant] bound to: 1'b1 
	Parameter ArianeCfg[SwapEndianess] bound to: 1'b0 
	Parameter ArianeCfg[DmBaseAddress] bound to: 64'b0000000000000000000000000000000000000000000000000000000000000000 
	Parameter ArianeCfg[NrPMPEntries] bound to: 32'b00000000000000000000000000001000 
	Parameter RdTxId bound to: 2'b01 
	Parameter ArianeCfg[RASDepth] bound to: 32'sb00000000000000000000000000000010 
	Parameter ArianeCfg[BTBEntries] bound to: 32'sb00000000000000000000000000100000 
	Parameter ArianeCfg[BHTEntries] bound to: 32'sb00000000000000000000000010000000 
	Parameter ArianeCfg[NrNonIdempotentRules] bound to: 32'b00000000000000000000000000000001 
	Parameter ArianeCfg[NonIdempotentAddrBase][15] bound to: 64'b0000000000000000000000000000000000000000000000000000000000000000 
	Parameter ArianeCfg[NonIdempotentAddrBase][14] bound to: 64'b0000000000000000000000000000000000000000000000000000000000000000 
	Parameter ArianeCfg[NonIdempotentAddrBase][13] bound to: 64'b0000000000000000000000000000000000000000000000000000000000000000 
	Parameter ArianeCfg[NonIdempotentAddrBase][12] bound to: 64'b0000000000000000000000000000000000000000000000000000000000000000 
	Parameter ArianeCfg[NonIdempotentAddrBase][11] bound to: 64'b0000000000000000000000000000000000000000000000000000000000000000 
	Parameter ArianeCfg[NonIdempotentAddrBase][10] bound to: 64'b0000000000000000000000000000000000000000000000000000000000000000 
	Parameter ArianeCfg[NonIdempotentAddrBase][9] bound to: 64'b0000000000000000000000000000000000000000000000000000000000000000 
	Parameter ArianeCfg[NonIdempotentAddrBase][8] bound to: 64'b0000000000000000000000000000000000000000000000000000000000000000 
	Parameter ArianeCfg[NonIdempotentAddrBase][7] bound to: 64'b0000000000000000000000000000000000000000000000000000000000000000 
	Parameter ArianeCfg[NonIdempotentAddrBase][6] bound to: 64'b0000000000000000000000000000000000000000000000000000000000000000 
	Parameter ArianeCfg[NonIdempotentAddrBase][5] bound to: 64'b0000000000000000000000000000000000000000000000000000000000000000 
	Parameter ArianeCfg[NonIdempotentAddrBase][4] bound to: 64'b0000000000000000000000000000000000000000000000000000000000000000 
	Parameter ArianeCfg[NonIdempotentAddrBase][3] bound to: 64'b0000000000000000000000000000000000000000000000000000000000000000 
	Parameter ArianeCfg[NonIdempotentAddrBase][2] bound to: 64'b0000000000000000000000000000000000000000000000000000000000000000 
	Parameter ArianeCfg[NonIdempotentAddrBase][1] bound to: 64'b0000000000000000000000000000000000000000000000000000000000000000 
	Parameter ArianeCfg[NonIdempotentAddrBase][0] bound to: 64'b0000000000000000000000000000000000000000000000000000000000000000 
	Parameter ArianeCfg[NonIdempotentLength][15] bound to: 64'b0000000000000000000000000000000000000000000000000000000000000000 
	Parameter ArianeCfg[NonIdempotentLength][14] bound to: 64'b0000000000000000000000000000000000000000000000000000000000000000 
	Parameter ArianeCfg[NonIdempotentLength][13] bound to: 64'b0000000000000000000000000000000000000000000000000000000000000000 
	Parameter ArianeCfg[NonIdempotentLength][12] bound to: 64'b0000000000000000000000000000000000000000000000000000000000000000 
	Parameter ArianeCfg[NonIdempotentLength][11] bound to: 64'b0000000000000000000000000000000000000000000000000000000000000000 
	Parameter ArianeCfg[NonIdempotentLength][10] bound to: 64'b0000000000000000000000000000000000000000000000000000000000000000 
	Parameter ArianeCfg[NonIdempotentLength][9] bound to: 64'b0000000000000000000000000000000000000000000000000000000000000000 
	Parameter ArianeCfg[NonIdempotentLength][8] bound to: 64'b0000000000000000000000000000000000000000000000000000000000000000 
	Parameter ArianeCfg[NonIdempotentLength][7] bound to: 64'b0000000000000000000000000000000000000000000000000000000000000000 
	Parameter ArianeCfg[NonIdempotentLength][6] bound to: 64'b0000000000000000000000000000000000000000000000000000000000000000 
	Parameter ArianeCfg[NonIdempotentLength][5] bound to: 64'b0000000000000000000000000000000000000000000000000000000000000000 
	Parameter ArianeCfg[NonIdempotentLength][4] bound to: 64'b0000000000000000000000000000000000000000000000000000000000000000 
	Parameter ArianeCfg[NonIdempotentLength][3] bound to: 64'b0000000000000000000000000000000000000000000000000000000000000000 
	Parameter ArianeCfg[NonIdempotentLength][2] bound to: 64'b0000000000000000000000000000000000000000000000000000000000000000 
	Parameter ArianeCfg[NonIdempotentLength][1] bound to: 64'b0000000000000000000000000000000000000000000000000000000000000000 
	Parameter ArianeCfg[NonIdempotentLength][0] bound to: 64'b0000000000000000000000000000000010000000000000000000000000000000 
	Parameter ArianeCfg[NrExecuteRegionRules] bound to: 32'b00000000000000000000000000000011 
	Parameter ArianeCfg[ExecuteRegionAddrBase][15] bound to: 64'b0000000000000000000000000000000000000000000000000000000000000000 
	Parameter ArianeCfg[ExecuteRegionAddrBase][14] bound to: 64'b0000000000000000000000000000000000000000000000000000000000000000 
	Parameter ArianeCfg[ExecuteRegionAddrBase][13] bound to: 64'b0000000000000000000000000000000000000000000000000000000000000000 
	Parameter ArianeCfg[ExecuteRegionAddrBase][12] bound to: 64'b0000000000000000000000000000000000000000000000000000000000000000 
	Parameter ArianeCfg[ExecuteRegionAddrBase][11] bound to: 64'b0000000000000000000000000000000000000000000000000000000000000000 
	Parameter ArianeCfg[ExecuteRegionAddrBase][10] bound to: 64'b0000000000000000000000000000000000000000000000000000000000000000 
	Parameter ArianeCfg[ExecuteRegionAddrBase][9] bound to: 64'b0000000000000000000000000000000000000000000000000000000000000000 
	Parameter ArianeCfg[ExecuteRegionAddrBase][8] bound to: 64'b0000000000000000000000000000000000000000000000000000000000000000 
	Parameter ArianeCfg[ExecuteRegionAddrBase][7] bound to: 64'b0000000000000000000000000000000000000000000000000000000000000000 
	Parameter ArianeCfg[ExecuteRegionAddrBase][6] bound to: 64'b0000000000000000000000000000000000000000000000000000000000000000 
	Parameter ArianeCfg[ExecuteRegionAddrBase][5] bound to: 64'b0000000000000000000000000000000000000000000000000000000000000000 
	Parameter ArianeCfg[ExecuteRegionAddrBase][4] bound to: 64'b0000000000000000000000000000000000000000000000000000000000000000 
	Parameter ArianeCfg[ExecuteRegionAddrBase][3] bound to: 64'b0000000000000000000000000000000000000000000000000000000000000000 
	Parameter ArianeCfg[ExecuteRegionAddrBase][2] bound to: 64'b0000000000000000000000000000000010000000000000000000000000000000 
	Parameter ArianeCfg[ExecuteRegionAddrBase][1] bound to: 64'b0000000000000000000000000000000000000000000000010000000000000000 
	Parameter ArianeCfg[ExecuteRegionAddrBase][0] bound to: 64'b0000000000000000000000000000000000000000000000000000000000000000 
	Parameter ArianeCfg[ExecuteRegionLength][15] bound to: 64'b0000000000000000000000000000000000000000000000000000000000000000 
	Parameter ArianeCfg[ExecuteRegionLength][14] bound to: 64'b0000000000000000000000000000000000000000000000000000000000000000 
	Parameter ArianeCfg[ExecuteRegionLength][13] bound to: 64'b0000000000000000000000000000000000000000000000000000000000000000 
	Parameter ArianeCfg[ExecuteRegionLength][12] bound to: 64'b0000000000000000000000000000000000000000000000000000000000000000 
	Parameter ArianeCfg[ExecuteRegionLength][11] bound to: 64'b0000000000000000000000000000000000000000000000000000000000000000 
	Parameter ArianeCfg[ExecuteRegionLength][10] bound to: 64'b0000000000000000000000000000000000000000000000000000000000000000 
	Parameter ArianeCfg[ExecuteRegionLength][9] bound to: 64'b0000000000000000000000000000000000000000000000000000000000000000 
	Parameter ArianeCfg[ExecuteRegionLength][8] bound to: 64'b0000000000000000000000000000000000000000000000000000000000000000 
	Parameter ArianeCfg[ExecuteRegionLength][7] bound to: 64'b0000000000000000000000000000000000000000000000000000000000000000 
	Parameter ArianeCfg[ExecuteRegionLength][6] bound to: 64'b0000000000000000000000000000000000000000000000000000000000000000 
	Parameter ArianeCfg[ExecuteRegionLength][5] bound to: 64'b0000000000000000000000000000000000000000000000000000000000000000 
	Parameter ArianeCfg[ExecuteRegionLength][4] bound to: 64'b0000000000000000000000000000000000000000000000000000000000000000 
	Parameter ArianeCfg[ExecuteRegionLength][3] bound to: 64'b0000000000000000000000000000000000000000000000000000000000000000 
	Parameter ArianeCfg[ExecuteRegionLength][2] bound to: 64'b0000000000000000000000000000000001000000000000000000000000000000 
	Parameter ArianeCfg[ExecuteRegionLength][1] bound to: 64'b0000000000000000000000000000000000000000000000010000000000000000 
	Parameter ArianeCfg[ExecuteRegionLength][0] bound to: 64'b0000000000000000000000000000000000000000000000000001000000000000 
	Parameter ArianeCfg[NrCachedRegionRules] bound to: 32'b00000000000000000000000000000001 
	Parameter ArianeCfg[CachedRegionAddrBase][15] bound to: 64'b0000000000000000000000000000000000000000000000000000000000000000 
	Parameter ArianeCfg[CachedRegionAddrBase][14] bound to: 64'b0000000000000000000000000000000000000000000000000000000000000000 
	Parameter ArianeCfg[CachedRegionAddrBase][13] bound to: 64'b0000000000000000000000000000000000000000000000000000000000000000 
	Parameter ArianeCfg[CachedRegionAddrBase][12] bound to: 64'b0000000000000000000000000000000000000000000000000000000000000000 
	Parameter ArianeCfg[CachedRegionAddrBase][11] bound to: 64'b0000000000000000000000000000000000000000000000000000000000000000 
	Parameter ArianeCfg[CachedRegionAddrBase][10] bound to: 64'b0000000000000000000000000000000000000000000000000000000000000000 
	Parameter ArianeCfg[CachedRegionAddrBase][9] bound to: 64'b0000000000000000000000000000000000000000000000000000000000000000 
	Parameter ArianeCfg[CachedRegionAddrBase][8] bound to: 64'b0000000000000000000000000000000000000000000000000000000000000000 
	Parameter ArianeCfg[CachedRegionAddrBase][7] bound to: 64'b0000000000000000000000000000000000000000000000000000000000000000 
	Parameter ArianeCfg[CachedRegionAddrBase][6] bound to: 64'b0000000000000000000000000000000000000000000000000000000000000000 
	Parameter ArianeCfg[CachedRegionAddrBase][5] bound to: 64'b0000000000000000000000000000000000000000000000000000000000000000 
	Parameter ArianeCfg[CachedRegionAddrBase][4] bound to: 64'b0000000000000000000000000000000000000000000000000000000000000000 
	Parameter ArianeCfg[CachedRegionAddrBase][3] bound to: 64'b0000000000000000000000000000000000000000000000000000000000000000 
	Parameter ArianeCfg[CachedRegionAddrBase][2] bound to: 64'b0000000000000000000000000000000000000000000000000000000000000000 
	Parameter ArianeCfg[CachedRegionAddrBase][1] bound to: 64'b0000000000000000000000000000000000000000000000000000000000000000 
	Parameter ArianeCfg[CachedRegionAddrBase][0] bound to: 64'b0000000000000000000000000000000010000000000000000000000000000000 
	Parameter ArianeCfg[CachedRegionLength][15] bound to: 64'b0000000000000000000000000000000000000000000000000000000000000000 
	Parameter ArianeCfg[CachedRegionLength][14] bound to: 64'b0000000000000000000000000000000000000000000000000000000000000000 
	Parameter ArianeCfg[CachedRegionLength][13] bound to: 64'b0000000000000000000000000000000000000000000000000000000000000000 
	Parameter ArianeCfg[CachedRegionLength][12] bound to: 64'b0000000000000000000000000000000000000000000000000000000000000000 
	Parameter ArianeCfg[CachedRegionLength][11] bound to: 64'b0000000000000000000000000000000000000000000000000000000000000000 
	Parameter ArianeCfg[CachedRegionLength][10] bound to: 64'b0000000000000000000000000000000000000000000000000000000000000000 
	Parameter ArianeCfg[CachedRegionLength][9] bound to: 64'b0000000000000000000000000000000000000000000000000000000000000000 
	Parameter ArianeCfg[CachedRegionLength][8] bound to: 64'b0000000000000000000000000000000000000000000000000000000000000000 
	Parameter ArianeCfg[CachedRegionLength][7] bound to: 64'b0000000000000000000000000000000000000000000000000000000000000000 
	Parameter ArianeCfg[CachedRegionLength][6] bound to: 64'b0000000000000000000000000000000000000000000000000000000000000000 
	Parameter ArianeCfg[CachedRegionLength][5] bound to: 64'b0000000000000000000000000000000000000000000000000000000000000000 
	Parameter ArianeCfg[CachedRegionLength][4] bound to: 64'b0000000000000000000000000000000000000000000000000000000000000000 
	Parameter ArianeCfg[CachedRegionLength][3] bound to: 64'b0000000000000000000000000000000000000000000000000000000000000000 
	Parameter ArianeCfg[CachedRegionLength][2] bound to: 64'b0000000000000000000000000000000000000000000000000000000000000000 
	Parameter ArianeCfg[CachedRegionLength][1] bound to: 64'b0000000000000000000000000000000000000000000000000000000000000000 
	Parameter ArianeCfg[CachedRegionLength][0] bound to: 64'b0000000000000000000000000000000001000000000000000000000000000000 
	Parameter ArianeCfg[AxiCompliant] bound to: 1'b1 
	Parameter ArianeCfg[SwapEndianess] bound to: 1'b0 
	Parameter ArianeCfg[DmBaseAddress] bound to: 64'b0000000000000000000000000000000000000000000000000000000000000000 
	Parameter ArianeCfg[NrPMPEntries] bound to: 32'b00000000000000000000000000001000 
INFO: [Synth 8-226] default block is never used [/home/jc/tmp/riscv-iommu-demo/cva6/core/cache_subsystem/wt_dcache_ctrl.sv:113]
	Parameter AxiCompliant bound to: 1'b1 
	Parameter AmoTxId bound to: 2'b01 
	Parameter NumPorts bound to: 3 - type: integer 
	Parameter AxiDataWidth bound to: 32'sb00000000000000000000000001000000 
	Parameter WIDTH bound to: 3 - type: integer 
	Parameter WIDTH bound to: 32'b00000000000000000000000000001000 
	Parameter LfsrWidth bound to: 32'b00000000000000000000000000001000 
	Parameter OutWidth bound to: 32'b00000000000000000000000000000011 
	Parameter Seed bound to: 32'b00000000000000000000000000000011 
	Parameter MaxExp bound to: 32'b00000000000000000000000000010000 
WARNING: [Synth 8-693] zero replication count - replication ignored [/home/jc/tmp/riscv-iommu-demo/cva6/vendor/pulp-platform/common_cells/src/exp_backoff.sv:59]
	Parameter ArianeCfg[RASDepth] bound to: 32'sb00000000000000000000000000000010 
	Parameter ArianeCfg[BTBEntries] bound to: 32'sb00000000000000000000000000100000 
	Parameter ArianeCfg[BHTEntries] bound to: 32'sb00000000000000000000000010000000 
	Parameter ArianeCfg[NrNonIdempotentRules] bound to: 32'b00000000000000000000000000000001 
	Parameter ArianeCfg[NonIdempotentAddrBase][15] bound to: 64'b0000000000000000000000000000000000000000000000000000000000000000 
	Parameter ArianeCfg[NonIdempotentAddrBase][14] bound to: 64'b0000000000000000000000000000000000000000000000000000000000000000 
	Parameter ArianeCfg[NonIdempotentAddrBase][13] bound to: 64'b0000000000000000000000000000000000000000000000000000000000000000 
	Parameter ArianeCfg[NonIdempotentAddrBase][12] bound to: 64'b0000000000000000000000000000000000000000000000000000000000000000 
	Parameter ArianeCfg[NonIdempotentAddrBase][11] bound to: 64'b0000000000000000000000000000000000000000000000000000000000000000 
	Parameter ArianeCfg[NonIdempotentAddrBase][10] bound to: 64'b0000000000000000000000000000000000000000000000000000000000000000 
	Parameter ArianeCfg[NonIdempotentAddrBase][9] bound to: 64'b0000000000000000000000000000000000000000000000000000000000000000 
	Parameter ArianeCfg[NonIdempotentAddrBase][8] bound to: 64'b0000000000000000000000000000000000000000000000000000000000000000 
	Parameter ArianeCfg[NonIdempotentAddrBase][7] bound to: 64'b0000000000000000000000000000000000000000000000000000000000000000 
	Parameter ArianeCfg[NonIdempotentAddrBase][6] bound to: 64'b0000000000000000000000000000000000000000000000000000000000000000 
	Parameter ArianeCfg[NonIdempotentAddrBase][5] bound to: 64'b0000000000000000000000000000000000000000000000000000000000000000 
	Parameter ArianeCfg[NonIdempotentAddrBase][4] bound to: 64'b0000000000000000000000000000000000000000000000000000000000000000 
	Parameter ArianeCfg[NonIdempotentAddrBase][3] bound to: 64'b0000000000000000000000000000000000000000000000000000000000000000 
	Parameter ArianeCfg[NonIdempotentAddrBase][2] bound to: 64'b0000000000000000000000000000000000000000000000000000000000000000 
	Parameter ArianeCfg[NonIdempotentAddrBase][1] bound to: 64'b0000000000000000000000000000000000000000000000000000000000000000 
	Parameter ArianeCfg[NonIdempotentAddrBase][0] bound to: 64'b0000000000000000000000000000000000000000000000000000000000000000 
	Parameter ArianeCfg[NonIdempotentLength][15] bound to: 64'b0000000000000000000000000000000000000000000000000000000000000000 
	Parameter ArianeCfg[NonIdempotentLength][14] bound to: 64'b0000000000000000000000000000000000000000000000000000000000000000 
	Parameter ArianeCfg[NonIdempotentLength][13] bound to: 64'b0000000000000000000000000000000000000000000000000000000000000000 
	Parameter ArianeCfg[NonIdempotentLength][12] bound to: 64'b0000000000000000000000000000000000000000000000000000000000000000 
	Parameter ArianeCfg[NonIdempotentLength][11] bound to: 64'b0000000000000000000000000000000000000000000000000000000000000000 
	Parameter ArianeCfg[NonIdempotentLength][10] bound to: 64'b0000000000000000000000000000000000000000000000000000000000000000 
	Parameter ArianeCfg[NonIdempotentLength][9] bound to: 64'b0000000000000000000000000000000000000000000000000000000000000000 
	Parameter ArianeCfg[NonIdempotentLength][8] bound to: 64'b0000000000000000000000000000000000000000000000000000000000000000 
	Parameter ArianeCfg[NonIdempotentLength][7] bound to: 64'b0000000000000000000000000000000000000000000000000000000000000000 
	Parameter ArianeCfg[NonIdempotentLength][6] bound to: 64'b0000000000000000000000000000000000000000000000000000000000000000 
	Parameter ArianeCfg[NonIdempotentLength][5] bound to: 64'b0000000000000000000000000000000000000000000000000000000000000000 
	Parameter ArianeCfg[NonIdempotentLength][4] bound to: 64'b0000000000000000000000000000000000000000000000000000000000000000 
	Parameter ArianeCfg[NonIdempotentLength][3] bound to: 64'b0000000000000000000000000000000000000000000000000000000000000000 
	Parameter ArianeCfg[NonIdempotentLength][2] bound to: 64'b0000000000000000000000000000000000000000000000000000000000000000 
	Parameter ArianeCfg[NonIdempotentLength][1] bound to: 64'b0000000000000000000000000000000000000000000000000000000000000000 
	Parameter ArianeCfg[NonIdempotentLength][0] bound to: 64'b0000000000000000000000000000000010000000000000000000000000000000 
	Parameter ArianeCfg[NrExecuteRegionRules] bound to: 32'b00000000000000000000000000000011 
	Parameter ArianeCfg[ExecuteRegionAddrBase][15] bound to: 64'b0000000000000000000000000000000000000000000000000000000000000000 
	Parameter ArianeCfg[ExecuteRegionAddrBase][14] bound to: 64'b0000000000000000000000000000000000000000000000000000000000000000 
	Parameter ArianeCfg[ExecuteRegionAddrBase][13] bound to: 64'b0000000000000000000000000000000000000000000000000000000000000000 
	Parameter ArianeCfg[ExecuteRegionAddrBase][12] bound to: 64'b0000000000000000000000000000000000000000000000000000000000000000 
	Parameter ArianeCfg[ExecuteRegionAddrBase][11] bound to: 64'b0000000000000000000000000000000000000000000000000000000000000000 
	Parameter ArianeCfg[ExecuteRegionAddrBase][10] bound to: 64'b0000000000000000000000000000000000000000000000000000000000000000 
	Parameter ArianeCfg[ExecuteRegionAddrBase][9] bound to: 64'b0000000000000000000000000000000000000000000000000000000000000000 
	Parameter ArianeCfg[ExecuteRegionAddrBase][8] bound to: 64'b0000000000000000000000000000000000000000000000000000000000000000 
	Parameter ArianeCfg[ExecuteRegionAddrBase][7] bound to: 64'b0000000000000000000000000000000000000000000000000000000000000000 
	Parameter ArianeCfg[ExecuteRegionAddrBase][6] bound to: 64'b0000000000000000000000000000000000000000000000000000000000000000 
	Parameter ArianeCfg[ExecuteRegionAddrBase][5] bound to: 64'b0000000000000000000000000000000000000000000000000000000000000000 
	Parameter ArianeCfg[ExecuteRegionAddrBase][4] bound to: 64'b0000000000000000000000000000000000000000000000000000000000000000 
	Parameter ArianeCfg[ExecuteRegionAddrBase][3] bound to: 64'b0000000000000000000000000000000000000000000000000000000000000000 
	Parameter ArianeCfg[ExecuteRegionAddrBase][2] bound to: 64'b0000000000000000000000000000000010000000000000000000000000000000 
	Parameter ArianeCfg[ExecuteRegionAddrBase][1] bound to: 64'b0000000000000000000000000000000000000000000000010000000000000000 
	Parameter ArianeCfg[ExecuteRegionAddrBase][0] bound to: 64'b0000000000000000000000000000000000000000000000000000000000000000 
	Parameter ArianeCfg[ExecuteRegionLength][15] bound to: 64'b0000000000000000000000000000000000000000000000000000000000000000 
	Parameter ArianeCfg[ExecuteRegionLength][14] bound to: 64'b0000000000000000000000000000000000000000000000000000000000000000 
	Parameter ArianeCfg[ExecuteRegionLength][13] bound to: 64'b0000000000000000000000000000000000000000000000000000000000000000 
	Parameter ArianeCfg[ExecuteRegionLength][12] bound to: 64'b0000000000000000000000000000000000000000000000000000000000000000 
	Parameter ArianeCfg[ExecuteRegionLength][11] bound to: 64'b0000000000000000000000000000000000000000000000000000000000000000 
	Parameter ArianeCfg[ExecuteRegionLength][10] bound to: 64'b0000000000000000000000000000000000000000000000000000000000000000 
	Parameter ArianeCfg[ExecuteRegionLength][9] bound to: 64'b0000000000000000000000000000000000000000000000000000000000000000 
	Parameter ArianeCfg[ExecuteRegionLength][8] bound to: 64'b0000000000000000000000000000000000000000000000000000000000000000 
	Parameter ArianeCfg[ExecuteRegionLength][7] bound to: 64'b0000000000000000000000000000000000000000000000000000000000000000 
	Parameter ArianeCfg[ExecuteRegionLength][6] bound to: 64'b0000000000000000000000000000000000000000000000000000000000000000 
	Parameter ArianeCfg[ExecuteRegionLength][5] bound to: 64'b0000000000000000000000000000000000000000000000000000000000000000 
	Parameter ArianeCfg[ExecuteRegionLength][4] bound to: 64'b0000000000000000000000000000000000000000000000000000000000000000 
	Parameter ArianeCfg[ExecuteRegionLength][3] bound to: 64'b0000000000000000000000000000000000000000000000000000000000000000 
	Parameter ArianeCfg[ExecuteRegionLength][2] bound to: 64'b0000000000000000000000000000000001000000000000000000000000000000 
	Parameter ArianeCfg[ExecuteRegionLength][1] bound to: 64'b0000000000000000000000000000000000000000000000010000000000000000 
	Parameter ArianeCfg[ExecuteRegionLength][0] bound to: 64'b0000000000000000000000000000000000000000000000000001000000000000 
	Parameter ArianeCfg[NrCachedRegionRules] bound to: 32'b00000000000000000000000000000001 
	Parameter ArianeCfg[CachedRegionAddrBase][15] bound to: 64'b0000000000000000000000000000000000000000000000000000000000000000 
	Parameter ArianeCfg[CachedRegionAddrBase][14] bound to: 64'b0000000000000000000000000000000000000000000000000000000000000000 
	Parameter ArianeCfg[CachedRegionAddrBase][13] bound to: 64'b0000000000000000000000000000000000000000000000000000000000000000 
	Parameter ArianeCfg[CachedRegionAddrBase][12] bound to: 64'b0000000000000000000000000000000000000000000000000000000000000000 
	Parameter ArianeCfg[CachedRegionAddrBase][11] bound to: 64'b0000000000000000000000000000000000000000000000000000000000000000 
	Parameter ArianeCfg[CachedRegionAddrBase][10] bound to: 64'b0000000000000000000000000000000000000000000000000000000000000000 
	Parameter ArianeCfg[CachedRegionAddrBase][9] bound to: 64'b0000000000000000000000000000000000000000000000000000000000000000 
	Parameter ArianeCfg[CachedRegionAddrBase][8] bound to: 64'b0000000000000000000000000000000000000000000000000000000000000000 
	Parameter ArianeCfg[CachedRegionAddrBase][7] bound to: 64'b0000000000000000000000000000000000000000000000000000000000000000 
	Parameter ArianeCfg[CachedRegionAddrBase][6] bound to: 64'b0000000000000000000000000000000000000000000000000000000000000000 
	Parameter ArianeCfg[CachedRegionAddrBase][5] bound to: 64'b0000000000000000000000000000000000000000000000000000000000000000 
	Parameter ArianeCfg[CachedRegionAddrBase][4] bound to: 64'b0000000000000000000000000000000000000000000000000000000000000000 
	Parameter ArianeCfg[CachedRegionAddrBase][3] bound to: 64'b0000000000000000000000000000000000000000000000000000000000000000 
	Parameter ArianeCfg[CachedRegionAddrBase][2] bound to: 64'b0000000000000000000000000000000000000000000000000000000000000000 
	Parameter ArianeCfg[CachedRegionAddrBase][1] bound to: 64'b0000000000000000000000000000000000000000000000000000000000000000 
	Parameter ArianeCfg[CachedRegionAddrBase][0] bound to: 64'b0000000000000000000000000000000010000000000000000000000000000000 
	Parameter ArianeCfg[CachedRegionLength][15] bound to: 64'b0000000000000000000000000000000000000000000000000000000000000000 
	Parameter ArianeCfg[CachedRegionLength][14] bound to: 64'b0000000000000000000000000000000000000000000000000000000000000000 
	Parameter ArianeCfg[CachedRegionLength][13] bound to: 64'b0000000000000000000000000000000000000000000000000000000000000000 
	Parameter ArianeCfg[CachedRegionLength][12] bound to: 64'b0000000000000000000000000000000000000000000000000000000000000000 
	Parameter ArianeCfg[CachedRegionLength][11] bound to: 64'b0000000000000000000000000000000000000000000000000000000000000000 
	Parameter ArianeCfg[CachedRegionLength][10] bound to: 64'b0000000000000000000000000000000000000000000000000000000000000000 
	Parameter ArianeCfg[CachedRegionLength][9] bound to: 64'b0000000000000000000000000000000000000000000000000000000000000000 
	Parameter ArianeCfg[CachedRegionLength][8] bound to: 64'b0000000000000000000000000000000000000000000000000000000000000000 
	Parameter ArianeCfg[CachedRegionLength][7] bound to: 64'b0000000000000000000000000000000000000000000000000000000000000000 
	Parameter ArianeCfg[CachedRegionLength][6] bound to: 64'b0000000000000000000000000000000000000000000000000000000000000000 
	Parameter ArianeCfg[CachedRegionLength][5] bound to: 64'b0000000000000000000000000000000000000000000000000000000000000000 
	Parameter ArianeCfg[CachedRegionLength][4] bound to: 64'b0000000000000000000000000000000000000000000000000000000000000000 
	Parameter ArianeCfg[CachedRegionLength][3] bound to: 64'b0000000000000000000000000000000000000000000000000000000000000000 
	Parameter ArianeCfg[CachedRegionLength][2] bound to: 64'b0000000000000000000000000000000000000000000000000000000000000000 
	Parameter ArianeCfg[CachedRegionLength][1] bound to: 64'b0000000000000000000000000000000000000000000000000000000000000000 
	Parameter ArianeCfg[CachedRegionLength][0] bound to: 64'b0000000000000000000000000000000001000000000000000000000000000000 
	Parameter ArianeCfg[AxiCompliant] bound to: 1'b1 
	Parameter ArianeCfg[SwapEndianess] bound to: 1'b0 
	Parameter ArianeCfg[DmBaseAddress] bound to: 64'b0000000000000000000000000000000000000000000000000000000000000000 
	Parameter ArianeCfg[NrPMPEntries] bound to: 32'b00000000000000000000000000001000 
	Parameter FALL_THROUGH bound to: 1'b0 
	Parameter DATA_WIDTH bound to: 32'b00000000000000000000000000000010 
	Parameter DEPTH bound to: 32'b00000000000000000000000000000100 
	Parameter NumIn bound to: 32'b00000000000000000000000000000100 
	Parameter DataWidth bound to: 32'b00000000000000000000000000000001 
	Parameter LockIn bound to: 1'b1 
	Parameter NumIn bound to: 32'b00000000000000000000000000001000 
	Parameter LockIn bound to: 1'b1 
	Parameter NumIn bound to: 32'b00000000000000000000000000001000 
	Parameter AxiCompliant bound to: 1'b1 
	Parameter AxiDataWidth bound to: 32'b00000000000000000000000001000000 
	Parameter NumPorts bound to: 3 - type: integer 
	Parameter DATA_WIDTH bound to: 512 - type: integer 
	Parameter USER_WIDTH bound to: 8 - type: integer 
	Parameter USER_EN bound to: 0 - type: integer 
	Parameter NUM_WORDS bound to: 256 - type: integer 
	Parameter NumIn bound to: 3 - type: integer 
	Parameter DataWidth bound to: 32'b00000000000000000000000000000001 
	Parameter AxiAddrWidth bound to: 32'b00000000000000000000000001000000 
	Parameter AxiDataWidth bound to: 32'b00000000000000000000000001000000 
	Parameter AxiIdWidth bound to: 32'b00000000000000000000000000000100 
	Parameter NumIn bound to: 32'b00000000000000000000000000000010 
	Parameter DataWidth bound to: 32'b00000000000000000000000000000001 
	Parameter AxiVldRdy bound to: 1'b1 
	Parameter LockIn bound to: 1'b1 
	Parameter DEPTH bound to: 32'b00000000000000000000000000000010 
	Parameter DEPTH bound to: 32'b00000000000000000000000000000010 
	Parameter FALL_THROUGH bound to: 1'b1 
	Parameter DATA_WIDTH bound to: 32'b00000000000000000000000000000101 
	Parameter DEPTH bound to: 32'b00000000000000000000000000000100 
	Parameter AxiUserWidth bound to: 32'b00000000000000000000000000000001 
	Parameter AxiNumWords bound to: 2 - type: integer 
	Parameter AxiAddrWidth bound to: 32'b00000000000000000000000001000000 
	Parameter AxiDataWidth bound to: 32'b00000000000000000000000001000000 
	Parameter AxiIdWidth bound to: 32'b00000000000000000000000000000100 
	Parameter AXI_ADDR_WIDTH bound to: 64 - type: integer 
	Parameter AXI_DATA_WIDTH bound to: 64 - type: integer 
	Parameter AXI_ID_WIDTH bound to: 6 - type: integer 
	Parameter NR_CORES bound to: 32'b00000000000000000000000000000001 
	Parameter AXI_ADDR_WIDTH bound to: 64 - type: integer 
	Parameter AXI_DATA_WIDTH bound to: 64 - type: integer 
	Parameter AXI_ID_WIDTH bound to: 6 - type: integer 
INFO: [Synth 8-226] default block is never used [/home/jc/tmp/riscv-iommu-demo/cva6/corev_apu/clint/axi_lite_interface.sv:78]
	Parameter STAGES bound to: 32'b00000000000000000000000000000010 
	Parameter AXI_ID_WIDTH bound to: 6 - type: integer 
	Parameter AXI_ADDR_WIDTH bound to: 64 - type: integer 
	Parameter AXI_DATA_WIDTH bound to: 64 - type: integer 
	Parameter AXI_USER_WIDTH bound to: 1 - type: integer 
INFO: [Synth 8-155] case statement is not full and has no default [/home/jc/tmp/riscv-iommu-demo/cva6/corev_apu/axi_mem_if/src/axi2mem.sv:192]
INFO: [Synth 8-155] case statement is not full and has no default [/home/jc/tmp/riscv-iommu-demo/cva6/corev_apu/axi_mem_if/src/axi2mem.sv:234]
INFO: [Synth 8-155] case statement is not full and has no default [/home/jc/tmp/riscv-iommu-demo/cva6/corev_apu/axi_mem_if/src/axi2mem.sv:122]
	Parameter AxiAddrWidth bound to: 64 - type: integer 
	Parameter AxiDataWidth bound to: 64 - type: integer 
	Parameter AxiIdWidth bound to: 6 - type: integer 
	Parameter AxiUserWidth bound to: 1 - type: integer 
	Parameter InclUART bound to: 1'b1 
	Parameter InclSPI bound to: 1'b1 
	Parameter InclEthernet bound to: 1'b1 
	Parameter InclGPIO bound to: 1'b1 
	Parameter InclHWICAP bound to: 1'b1 
	Parameter InclDMA bound to: 1'b1 
	Parameter InclDMA2 bound to: 1'b1 
	Parameter InclIOMMU bound to: 1'b1 
INFO: [Synth 8-638] synthesizing module 'apb_uart' [/home/jc/tmp/riscv-iommu-demo/cva6/corev_apu/fpga/src/apb_uart/src/apb_uart.vhd:66]
INFO: [Synth 8-3491] module 'slib_input_sync' declared at '/home/jc/tmp/riscv-iommu-demo/cva6/corev_apu/fpga/src/apb_uart/src/slib_input_sync.vhd:28' bound to instance 'UART_IS_SIN' of component 'slib_input_sync' [/home/jc/tmp/riscv-iommu-demo/cva6/corev_apu/fpga/src/apb_uart/src/apb_uart.vhd:396]
INFO: [Synth 8-638] synthesizing module 'slib_input_sync' [/home/jc/tmp/riscv-iommu-demo/cva6/corev_apu/fpga/src/apb_uart/src/slib_input_sync.vhd:37]
INFO: [Synth 8-256] done synthesizing module 'slib_input_sync' (0#1) [/home/jc/tmp/riscv-iommu-demo/cva6/corev_apu/fpga/src/apb_uart/src/slib_input_sync.vhd:37]
INFO: [Synth 8-3491] module 'slib_input_sync' declared at '/home/jc/tmp/riscv-iommu-demo/cva6/corev_apu/fpga/src/apb_uart/src/slib_input_sync.vhd:28' bound to instance 'UART_IS_CTS' of component 'slib_input_sync' [/home/jc/tmp/riscv-iommu-demo/cva6/corev_apu/fpga/src/apb_uart/src/apb_uart.vhd:397]
INFO: [Synth 8-3491] module 'slib_input_sync' declared at '/home/jc/tmp/riscv-iommu-demo/cva6/corev_apu/fpga/src/apb_uart/src/slib_input_sync.vhd:28' bound to instance 'UART_IS_DSR' of component 'slib_input_sync' [/home/jc/tmp/riscv-iommu-demo/cva6/corev_apu/fpga/src/apb_uart/src/apb_uart.vhd:398]
INFO: [Synth 8-3491] module 'slib_input_sync' declared at '/home/jc/tmp/riscv-iommu-demo/cva6/corev_apu/fpga/src/apb_uart/src/slib_input_sync.vhd:28' bound to instance 'UART_IS_DCD' of component 'slib_input_sync' [/home/jc/tmp/riscv-iommu-demo/cva6/corev_apu/fpga/src/apb_uart/src/apb_uart.vhd:399]
INFO: [Synth 8-3491] module 'slib_input_sync' declared at '/home/jc/tmp/riscv-iommu-demo/cva6/corev_apu/fpga/src/apb_uart/src/slib_input_sync.vhd:28' bound to instance 'UART_IS_RI' of component 'slib_input_sync' [/home/jc/tmp/riscv-iommu-demo/cva6/corev_apu/fpga/src/apb_uart/src/apb_uart.vhd:400]
	Parameter SIZE bound to: 2 - type: integer 
INFO: [Synth 8-3491] module 'slib_input_filter' declared at '/home/jc/tmp/riscv-iommu-demo/cva6/corev_apu/fpga/src/apb_uart/src/slib_input_filter.vhd:28' bound to instance 'UART_IF_CTS' of component 'slib_input_filter' [/home/jc/tmp/riscv-iommu-demo/cva6/corev_apu/fpga/src/apb_uart/src/apb_uart.vhd:403]
INFO: [Synth 8-638] synthesizing module 'slib_input_filter' [/home/jc/tmp/riscv-iommu-demo/cva6/corev_apu/fpga/src/apb_uart/src/slib_input_filter.vhd:41]
	Parameter SIZE bound to: 2 - type: integer 
INFO: [Synth 8-256] done synthesizing module 'slib_input_filter' (0#1) [/home/jc/tmp/riscv-iommu-demo/cva6/corev_apu/fpga/src/apb_uart/src/slib_input_filter.vhd:41]
	Parameter SIZE bound to: 2 - type: integer 
INFO: [Synth 8-3491] module 'slib_input_filter' declared at '/home/jc/tmp/riscv-iommu-demo/cva6/corev_apu/fpga/src/apb_uart/src/slib_input_filter.vhd:28' bound to instance 'UART_IF_DSR' of component 'slib_input_filter' [/home/jc/tmp/riscv-iommu-demo/cva6/corev_apu/fpga/src/apb_uart/src/apb_uart.vhd:404]
	Parameter SIZE bound to: 2 - type: integer 
INFO: [Synth 8-3491] module 'slib_input_filter' declared at '/home/jc/tmp/riscv-iommu-demo/cva6/corev_apu/fpga/src/apb_uart/src/slib_input_filter.vhd:28' bound to instance 'UART_IF_DCD' of component 'slib_input_filter' [/home/jc/tmp/riscv-iommu-demo/cva6/corev_apu/fpga/src/apb_uart/src/apb_uart.vhd:405]
	Parameter SIZE bound to: 2 - type: integer 
INFO: [Synth 8-3491] module 'slib_input_filter' declared at '/home/jc/tmp/riscv-iommu-demo/cva6/corev_apu/fpga/src/apb_uart/src/slib_input_filter.vhd:28' bound to instance 'UART_IF_RI' of component 'slib_input_filter' [/home/jc/tmp/riscv-iommu-demo/cva6/corev_apu/fpga/src/apb_uart/src/apb_uart.vhd:406]
INFO: [Synth 8-3491] module 'uart_interrupt' declared at '/home/jc/tmp/riscv-iommu-demo/cva6/corev_apu/fpga/src/apb_uart/src/uart_interrupt.vhd:33' bound to instance 'UART_IIC' of component 'uart_interrupt' [/home/jc/tmp/riscv-iommu-demo/cva6/corev_apu/fpga/src/apb_uart/src/apb_uart.vhd:444]
INFO: [Synth 8-638] synthesizing module 'uart_interrupt' [/home/jc/tmp/riscv-iommu-demo/cva6/corev_apu/fpga/src/apb_uart/src/uart_interrupt.vhd:49]
INFO: [Synth 8-256] done synthesizing module 'uart_interrupt' (0#1) [/home/jc/tmp/riscv-iommu-demo/cva6/corev_apu/fpga/src/apb_uart/src/uart_interrupt.vhd:49]
INFO: [Synth 8-3491] module 'slib_edge_detect' declared at '/home/jc/tmp/riscv-iommu-demo/cva6/corev_apu/fpga/src/apb_uart/src/slib_edge_detect.vhd:28' bound to instance 'UART_IIC_THRE_ED' of component 'slib_edge_detect' [/home/jc/tmp/riscv-iommu-demo/cva6/corev_apu/fpga/src/apb_uart/src/apb_uart.vhd:457]
INFO: [Synth 8-638] synthesizing module 'slib_edge_detect' [/home/jc/tmp/riscv-iommu-demo/cva6/corev_apu/fpga/src/apb_uart/src/slib_edge_detect.vhd:38]
INFO: [Synth 8-256] done synthesizing module 'slib_edge_detect' (0#1) [/home/jc/tmp/riscv-iommu-demo/cva6/corev_apu/fpga/src/apb_uart/src/slib_edge_detect.vhd:38]
INFO: [Synth 8-3491] module 'slib_edge_detect' declared at '/home/jc/tmp/riscv-iommu-demo/cva6/corev_apu/fpga/src/apb_uart/src/slib_edge_detect.vhd:28' bound to instance 'UART_PEDET' of component 'slib_edge_detect' [/home/jc/tmp/riscv-iommu-demo/cva6/corev_apu/fpga/src/apb_uart/src/apb_uart.vhd:657]
INFO: [Synth 8-3491] module 'slib_edge_detect' declared at '/home/jc/tmp/riscv-iommu-demo/cva6/corev_apu/fpga/src/apb_uart/src/slib_edge_detect.vhd:28' bound to instance 'UART_FEDET' of component 'slib_edge_detect' [/home/jc/tmp/riscv-iommu-demo/cva6/corev_apu/fpga/src/apb_uart/src/apb_uart.vhd:658]
INFO: [Synth 8-3491] module 'slib_edge_detect' declared at '/home/jc/tmp/riscv-iommu-demo/cva6/corev_apu/fpga/src/apb_uart/src/slib_edge_detect.vhd:28' bound to instance 'UART_BIDET' of component 'slib_edge_detect' [/home/jc/tmp/riscv-iommu-demo/cva6/corev_apu/fpga/src/apb_uart/src/apb_uart.vhd:659]
INFO: [Synth 8-3491] module 'slib_edge_detect' declared at '/home/jc/tmp/riscv-iommu-demo/cva6/corev_apu/fpga/src/apb_uart/src/slib_edge_detect.vhd:28' bound to instance 'UART_ED_CTS' of component 'slib_edge_detect' [/home/jc/tmp/riscv-iommu-demo/cva6/corev_apu/fpga/src/apb_uart/src/apb_uart.vhd:683]
INFO: [Synth 8-3491] module 'slib_edge_detect' declared at '/home/jc/tmp/riscv-iommu-demo/cva6/corev_apu/fpga/src/apb_uart/src/slib_edge_detect.vhd:28' bound to instance 'UART_ED_DSR' of component 'slib_edge_detect' [/home/jc/tmp/riscv-iommu-demo/cva6/corev_apu/fpga/src/apb_uart/src/apb_uart.vhd:684]
INFO: [Synth 8-3491] module 'slib_edge_detect' declared at '/home/jc/tmp/riscv-iommu-demo/cva6/corev_apu/fpga/src/apb_uart/src/slib_edge_detect.vhd:28' bound to instance 'UART_ED_RI' of component 'slib_edge_detect' [/home/jc/tmp/riscv-iommu-demo/cva6/corev_apu/fpga/src/apb_uart/src/apb_uart.vhd:685]
INFO: [Synth 8-3491] module 'slib_edge_detect' declared at '/home/jc/tmp/riscv-iommu-demo/cva6/corev_apu/fpga/src/apb_uart/src/slib_edge_detect.vhd:28' bound to instance 'UART_ED_DCD' of component 'slib_edge_detect' [/home/jc/tmp/riscv-iommu-demo/cva6/corev_apu/fpga/src/apb_uart/src/apb_uart.vhd:686]
INFO: [Synth 8-3491] module 'uart_baudgen' declared at '/home/jc/tmp/riscv-iommu-demo/cva6/corev_apu/fpga/src/apb_uart/src/uart_baudgen.vhd:29' bound to instance 'UART_BG16' of component 'uart_baudgen' [/home/jc/tmp/riscv-iommu-demo/cva6/corev_apu/fpga/src/apb_uart/src/apb_uart.vhd:747]
INFO: [Synth 8-638] synthesizing module 'uart_baudgen' [/home/jc/tmp/riscv-iommu-demo/cva6/corev_apu/fpga/src/apb_uart/src/uart_baudgen.vhd:40]
INFO: [Synth 8-256] done synthesizing module 'uart_baudgen' (0#1) [/home/jc/tmp/riscv-iommu-demo/cva6/corev_apu/fpga/src/apb_uart/src/uart_baudgen.vhd:40]
	Parameter RATIO bound to: 8 - type: integer 
INFO: [Synth 8-3491] module 'slib_clock_div' declared at '/home/jc/tmp/riscv-iommu-demo/cva6/corev_apu/fpga/src/apb_uart/src/slib_clock_div.vhd:29' bound to instance 'UART_BG2' of component 'slib_clock_div' [/home/jc/tmp/riscv-iommu-demo/cva6/corev_apu/fpga/src/apb_uart/src/apb_uart.vhd:754]
INFO: [Synth 8-638] synthesizing module 'slib_clock_div' [/home/jc/tmp/riscv-iommu-demo/cva6/corev_apu/fpga/src/apb_uart/src/slib_clock_div.vhd:41]
	Parameter RATIO bound to: 8 - type: integer 
INFO: [Synth 8-256] done synthesizing module 'slib_clock_div' (0#1) [/home/jc/tmp/riscv-iommu-demo/cva6/corev_apu/fpga/src/apb_uart/src/slib_clock_div.vhd:41]
INFO: [Synth 8-3491] module 'slib_edge_detect' declared at '/home/jc/tmp/riscv-iommu-demo/cva6/corev_apu/fpga/src/apb_uart/src/slib_edge_detect.vhd:28' bound to instance 'UART_RCLK' of component 'slib_edge_detect' [/home/jc/tmp/riscv-iommu-demo/cva6/corev_apu/fpga/src/apb_uart/src/apb_uart.vhd:760]
	Parameter WIDTH bound to: 8 - type: integer 
	Parameter SIZE_E bound to: 6 - type: integer 
INFO: [Synth 8-3491] module 'slib_fifo' declared at '/home/jc/tmp/riscv-iommu-demo/cva6/corev_apu/fpga/src/apb_uart/src/slib_fifo.vhd:29' bound to instance 'UART_TXFF' of component 'slib_fifo' [/home/jc/tmp/riscv-iommu-demo/cva6/corev_apu/fpga/src/apb_uart/src/apb_uart.vhd:767]
INFO: [Synth 8-638] synthesizing module 'slib_fifo' [/home/jc/tmp/riscv-iommu-demo/cva6/corev_apu/fpga/src/apb_uart/src/slib_fifo.vhd:48]
	Parameter WIDTH bound to: 8 - type: integer 
	Parameter SIZE_E bound to: 6 - type: integer 
INFO: [Synth 8-256] done synthesizing module 'slib_fifo' (0#1) [/home/jc/tmp/riscv-iommu-demo/cva6/corev_apu/fpga/src/apb_uart/src/slib_fifo.vhd:48]
	Parameter WIDTH bound to: 11 - type: integer 
	Parameter SIZE_E bound to: 6 - type: integer 
INFO: [Synth 8-3491] module 'slib_fifo' declared at '/home/jc/tmp/riscv-iommu-demo/cva6/corev_apu/fpga/src/apb_uart/src/slib_fifo.vhd:29' bound to instance 'UART_RXFF' of component 'slib_fifo' [/home/jc/tmp/riscv-iommu-demo/cva6/corev_apu/fpga/src/apb_uart/src/apb_uart.vhd:786]
INFO: [Synth 8-638] synthesizing module 'slib_fifo__parameterized1' [/home/jc/tmp/riscv-iommu-demo/cva6/corev_apu/fpga/src/apb_uart/src/slib_fifo.vhd:48]
	Parameter WIDTH bound to: 11 - type: integer 
	Parameter SIZE_E bound to: 6 - type: integer 
INFO: [Synth 8-256] done synthesizing module 'slib_fifo__parameterized1' (0#1) [/home/jc/tmp/riscv-iommu-demo/cva6/corev_apu/fpga/src/apb_uart/src/slib_fifo.vhd:48]
INFO: [Synth 8-3491] module 'uart_transmitter' declared at '/home/jc/tmp/riscv-iommu-demo/cva6/corev_apu/fpga/src/apb_uart/src/uart_transmitter.vhd:29' bound to instance 'UART_TX' of component 'uart_transmitter' [/home/jc/tmp/riscv-iommu-demo/cva6/corev_apu/fpga/src/apb_uart/src/apb_uart.vhd:822]
INFO: [Synth 8-638] synthesizing module 'uart_transmitter' [/home/jc/tmp/riscv-iommu-demo/cva6/corev_apu/fpga/src/apb_uart/src/uart_transmitter.vhd:48]
INFO: [Synth 8-256] done synthesizing module 'uart_transmitter' (0#1) [/home/jc/tmp/riscv-iommu-demo/cva6/corev_apu/fpga/src/apb_uart/src/uart_transmitter.vhd:48]
INFO: [Synth 8-3491] module 'uart_receiver' declared at '/home/jc/tmp/riscv-iommu-demo/cva6/corev_apu/fpga/src/apb_uart/src/uart_receiver.vhd:29' bound to instance 'UART_RX' of component 'uart_receiver' [/home/jc/tmp/riscv-iommu-demo/cva6/corev_apu/fpga/src/apb_uart/src/apb_uart.vhd:840]
INFO: [Synth 8-638] synthesizing module 'uart_receiver' [/home/jc/tmp/riscv-iommu-demo/cva6/corev_apu/fpga/src/apb_uart/src/uart_receiver.vhd:49]
	Parameter WIDTH bound to: 4 - type: integer 
INFO: [Synth 8-3491] module 'slib_counter' declared at '/home/jc/tmp/riscv-iommu-demo/cva6/corev_apu/fpga/src/apb_uart/src/slib_counter.vhd:29' bound to instance 'RX_BRC' of component 'slib_counter' [/home/jc/tmp/riscv-iommu-demo/cva6/corev_apu/fpga/src/apb_uart/src/uart_receiver.vhd:122]
INFO: [Synth 8-638] synthesizing module 'slib_counter' [/home/jc/tmp/riscv-iommu-demo/cva6/corev_apu/fpga/src/apb_uart/src/slib_counter.vhd:46]
	Parameter WIDTH bound to: 4 - type: integer 
INFO: [Synth 8-256] done synthesizing module 'slib_counter' (0#1) [/home/jc/tmp/riscv-iommu-demo/cva6/corev_apu/fpga/src/apb_uart/src/slib_counter.vhd:46]
	Parameter WIDTH bound to: 4 - type: integer 
	Parameter THRESHOLD bound to: 10 - type: integer 
INFO: [Synth 8-3491] module 'slib_mv_filter' declared at '/home/jc/tmp/riscv-iommu-demo/cva6/corev_apu/fpga/src/apb_uart/src/slib_mv_filter.vhd:29' bound to instance 'RX_MVF' of component 'slib_mv_filter' [/home/jc/tmp/riscv-iommu-demo/cva6/corev_apu/fpga/src/apb_uart/src/uart_receiver.vhd:137]
INFO: [Synth 8-638] synthesizing module 'slib_mv_filter' [/home/jc/tmp/riscv-iommu-demo/cva6/corev_apu/fpga/src/apb_uart/src/slib_mv_filter.vhd:44]
	Parameter WIDTH bound to: 4 - type: integer 
	Parameter THRESHOLD bound to: 10 - type: integer 
INFO: [Synth 8-256] done synthesizing module 'slib_mv_filter' (0#1) [/home/jc/tmp/riscv-iommu-demo/cva6/corev_apu/fpga/src/apb_uart/src/slib_mv_filter.vhd:44]
	Parameter SIZE bound to: 4 - type: integer 
INFO: [Synth 8-3491] module 'slib_input_filter' declared at '/home/jc/tmp/riscv-iommu-demo/cva6/corev_apu/fpga/src/apb_uart/src/slib_input_filter.vhd:28' bound to instance 'RX_IFSB' of component 'slib_input_filter' [/home/jc/tmp/riscv-iommu-demo/cva6/corev_apu/fpga/src/apb_uart/src/uart_receiver.vhd:150]
INFO: [Synth 8-638] synthesizing module 'slib_input_filter__parameterized2' [/home/jc/tmp/riscv-iommu-demo/cva6/corev_apu/fpga/src/apb_uart/src/slib_input_filter.vhd:41]
	Parameter SIZE bound to: 4 - type: integer 
INFO: [Synth 8-256] done synthesizing module 'slib_input_filter__parameterized2' (0#1) [/home/jc/tmp/riscv-iommu-demo/cva6/corev_apu/fpga/src/apb_uart/src/slib_input_filter.vhd:41]
INFO: [Synth 8-256] done synthesizing module 'uart_receiver' (0#1) [/home/jc/tmp/riscv-iommu-demo/cva6/corev_apu/fpga/src/apb_uart/src/uart_receiver.vhd:49]
INFO: [Synth 8-226] default block is never used [/home/jc/tmp/riscv-iommu-demo/cva6/corev_apu/fpga/src/apb_uart/src/apb_uart.vhd:880]
INFO: [Synth 8-226] default block is never used [/home/jc/tmp/riscv-iommu-demo/cva6/corev_apu/fpga/src/apb_uart/src/apb_uart.vhd:919]
INFO: [Synth 8-226] default block is never used [/home/jc/tmp/riscv-iommu-demo/cva6/corev_apu/fpga/src/apb_uart/src/apb_uart.vhd:1006]
INFO: [Synth 8-256] done synthesizing module 'apb_uart' (0#1) [/home/jc/tmp/riscv-iommu-demo/cva6/corev_apu/fpga/src/apb_uart/src/apb_uart.vhd:66]
WARNING: [Synth 8-689] width (4) of port connection 'm_axi_awprot' does not match port width (3) of module 'xlnx_axi_dwidth_converter' [/home/jc/tmp/riscv-iommu-demo/cva6/corev_apu/fpga/src/ariane_peripherals_xilinx.sv:265]
WARNING: [Synth 8-689] width (4) of port connection 'm_axi_arprot' does not match port width (3) of module 'xlnx_axi_dwidth_converter' [/home/jc/tmp/riscv-iommu-demo/cva6/corev_apu/fpga/src/ariane_peripherals_xilinx.sv:274]
WARNING: [Synth 8-689] width (4) of port connection 's_axi4_awprot' does not match port width (3) of module 'xlnx_axi_quad_spi' [/home/jc/tmp/riscv-iommu-demo/cva6/corev_apu/fpga/src/ariane_peripherals_xilinx.sv:287]
WARNING: [Synth 8-689] width (4) of port connection 's_axi4_arprot' does not match port width (3) of module 'xlnx_axi_quad_spi' [/home/jc/tmp/riscv-iommu-demo/cva6/corev_apu/fpga/src/ariane_peripherals_xilinx.sv:296]
	Parameter AXI_ID_WIDTH bound to: 6 - type: integer 
	Parameter AXI_ADDR_WIDTH bound to: 64 - type: integer 
	Parameter AXI_DATA_WIDTH bound to: 64 - type: integer 
	Parameter AXI_USER_WIDTH bound to: 1 - type: integer 
INFO: [Synth 8-155] case statement is not full and has no default [/home/jc/tmp/riscv-iommu-demo/cva6/corev_apu/axi_mem_if/src/axi2mem.sv:192]
INFO: [Synth 8-155] case statement is not full and has no default [/home/jc/tmp/riscv-iommu-demo/cva6/corev_apu/axi_mem_if/src/axi2mem.sv:234]
INFO: [Synth 8-155] case statement is not full and has no default [/home/jc/tmp/riscv-iommu-demo/cva6/corev_apu/axi_mem_if/src/axi2mem.sv:122]
WARNING: [Synth 8-4446] all outputs are unconnected for this instance and logic may be removed [/home/jc/tmp/riscv-iommu-demo/cva6/corev_apu/fpga/src/ariane-ethernet/rgmii_soc.sv:86]
	Parameter IDELAY_TYPE bound to: FIXED - type: string 
	Parameter TARGET bound to: XILINX - type: string 
	Parameter IODDR_STYLE bound to: IODDR - type: string 
	Parameter CLOCK_INPUT_STYLE bound to: BUFR - type: string 
	Parameter USE_CLK90 bound to: TRUE - type: string 
	Parameter ENABLE_PADDING bound to: 1 - type: integer 
	Parameter MIN_FRAME_LENGTH bound to: 64 - type: integer 
	Parameter TX_FIFO_ADDR_WIDTH bound to: 12 - type: integer 
	Parameter TX_FRAME_FIFO bound to: 1 - type: integer 
	Parameter RX_FIFO_ADDR_WIDTH bound to: 12 - type: integer 
	Parameter RX_FRAME_FIFO bound to: 1 - type: integer 
	Parameter TARGET bound to: XILINX - type: string 
	Parameter IODDR_STYLE bound to: IODDR - type: string 
	Parameter CLOCK_INPUT_STYLE bound to: BUFR - type: string 
	Parameter USE_CLK90 bound to: TRUE - type: string 
	Parameter ENABLE_PADDING bound to: 1 - type: integer 
	Parameter MIN_FRAME_LENGTH bound to: 64 - type: integer 
	Parameter TARGET bound to: XILINX - type: string 
	Parameter IODDR_STYLE bound to: IODDR - type: string 
	Parameter CLOCK_INPUT_STYLE bound to: BUFR - type: string 
	Parameter USE_CLK90 bound to: TRUE - type: string 
	Parameter TARGET bound to: XILINX - type: string 
	Parameter IODDR_STYLE bound to: IODDR - type: string 
	Parameter CLOCK_INPUT_STYLE bound to: BUFR - type: string 
	Parameter WIDTH bound to: 5 - type: integer 
	Parameter BUFR_DIVIDE bound to: BYPASS - type: string 
	Parameter TARGET bound to: XILINX - type: string 
	Parameter IODDR_STYLE bound to: IODDR - type: string 
	Parameter WIDTH bound to: 5 - type: integer 
	Parameter DDR_CLK_EDGE bound to: SAME_EDGE_PIPELINED - type: string 
	Parameter SRTYPE bound to: ASYNC - type: string 
	Parameter TARGET bound to: XILINX - type: string 
	Parameter IODDR_STYLE bound to: IODDR - type: string 
	Parameter WIDTH bound to: 1 - type: integer 
	Parameter DDR_CLK_EDGE bound to: SAME_EDGE - type: string 
	Parameter SRTYPE bound to: ASYNC - type: string 
	Parameter TARGET bound to: XILINX - type: string 
	Parameter IODDR_STYLE bound to: IODDR - type: string 
	Parameter WIDTH bound to: 5 - type: integer 
	Parameter ENABLE_PADDING bound to: 1 - type: integer 
	Parameter MIN_FRAME_LENGTH bound to: 64 - type: integer 
	Parameter LFSR_WIDTH bound to: 32 - type: integer 
	Parameter LFSR_POLY bound to: 79764919 - type: integer 
	Parameter LFSR_CONFIG bound to: GALOIS - type: string 
	Parameter LFSR_FEED_FORWARD bound to: 0 - type: integer 
	Parameter REVERSE bound to: 1 - type: integer 
	Parameter DATA_WIDTH bound to: 8 - type: integer 
	Parameter STYLE bound to: AUTO - type: string 
	Parameter ENABLE_PADDING bound to: 1 - type: integer 
	Parameter MIN_FRAME_LENGTH bound to: 64 - type: integer 
	Parameter DRIVE bound to: 12 - type: integer 
	Parameter IBUF_LOW_PWR bound to: TRUE - type: string 
	Parameter IOSTANDARD bound to: DEFAULT - type: string 
	Parameter SLEW bound to: SLOW - type: string 
	Parameter AXI4_ADDRESS_WIDTH bound to: 64 - type: integer 
	Parameter AXI4_RDATA_WIDTH bound to: 64 - type: integer 
	Parameter AXI4_WDATA_WIDTH bound to: 64 - type: integer 
	Parameter AXI4_ID_WIDTH bound to: 6 - type: integer 
	Parameter AXI4_USER_WIDTH bound to: 1 - type: integer 
	Parameter BUFF_DEPTH_SLAVE bound to: 32'b00000000000000000000000000000010 
	Parameter APB_ADDR_WIDTH bound to: 32'b00000000000000000000000000100000 
	Parameter ID_WIDTH bound to: 6 - type: integer 
	Parameter ADDR_WIDTH bound to: 64 - type: integer 
	Parameter USER_WIDTH bound to: 1 - type: integer 
	Parameter BUFFER_DEPTH bound to: 32'sb00000000000000000000000000000010 
	Parameter BUFFER_DEPTH bound to: 32'sb00000000000000000000000000000010 
	Parameter DATA_WIDTH bound to: 32'sb00000000000000000000000001100100 
	Parameter FALL_THROUGH bound to: 1'b0 
	Parameter DATA_WIDTH bound to: 32'b00000000000000000000000001100100 
	Parameter DEPTH bound to: 32'b00000000000000000000000000000010 
	Parameter FALL_THROUGH bound to: 1'b0 
	Parameter DATA_WIDTH bound to: 32'b00000000000000000000000001100100 
	Parameter DEPTH bound to: 32'b00000000000000000000000000000010 
	Parameter ALM_FULL_TH bound to: 32'b00000000000000000000000000000001 
	Parameter FALL_THROUGH bound to: 1'b0 
	Parameter DATA_WIDTH bound to: 32'b00000000000000000000000001100100 
	Parameter DEPTH bound to: 32'b00000000000000000000000000000010 
	Parameter ID_WIDTH bound to: 6 - type: integer 
	Parameter ADDR_WIDTH bound to: 64 - type: integer 
	Parameter USER_WIDTH bound to: 1 - type: integer 
	Parameter BUFFER_DEPTH bound to: 32'sb00000000000000000000000000000010 
	Parameter DATA_WIDTH bound to: 64 - type: integer 
	Parameter USER_WIDTH bound to: 1 - type: integer 
	Parameter BUFFER_DEPTH bound to: 32'sb00000000000000000000000000000010 
	Parameter BUFFER_DEPTH bound to: 32'sb00000000000000000000000000000010 
	Parameter DATA_WIDTH bound to: 32'sb00000000000000000000000001001010 
	Parameter FALL_THROUGH bound to: 1'b0 
	Parameter DATA_WIDTH bound to: 32'b00000000000000000000000001001010 
	Parameter DEPTH bound to: 32'b00000000000000000000000000000010 
	Parameter FALL_THROUGH bound to: 1'b0 
	Parameter DATA_WIDTH bound to: 32'b00000000000000000000000001001010 
	Parameter DEPTH bound to: 32'b00000000000000000000000000000010 
	Parameter ALM_FULL_TH bound to: 32'b00000000000000000000000000000001 
	Parameter FALL_THROUGH bound to: 1'b0 
	Parameter DATA_WIDTH bound to: 32'b00000000000000000000000001001010 
	Parameter DEPTH bound to: 32'b00000000000000000000000000000010 
	Parameter ID_WIDTH bound to: 6 - type: integer 
	Parameter DATA_WIDTH bound to: 64 - type: integer 
	Parameter USER_WIDTH bound to: 1 - type: integer 
	Parameter BUFFER_DEPTH bound to: 2 - type: integer 
	Parameter ID_WIDTH bound to: 6 - type: integer 
	Parameter USER_WIDTH bound to: 1 - type: integer 
	Parameter BUFFER_DEPTH bound to: 32'sb00000000000000000000000000000010 
	Parameter BUFFER_DEPTH bound to: 32'sb00000000000000000000000000000010 
	Parameter DATA_WIDTH bound to: 32'sb00000000000000000000000000001001 
	Parameter FALL_THROUGH bound to: 1'b0 
	Parameter DATA_WIDTH bound to: 32'b00000000000000000000000000001001 
	Parameter DEPTH bound to: 32'b00000000000000000000000000000010 
	Parameter FALL_THROUGH bound to: 1'b0 
	Parameter DATA_WIDTH bound to: 32'b00000000000000000000000000001001 
	Parameter DEPTH bound to: 32'b00000000000000000000000000000010 
	Parameter ALM_FULL_TH bound to: 32'b00000000000000000000000000000001 
	Parameter FALL_THROUGH bound to: 1'b0 
	Parameter DATA_WIDTH bound to: 32'b00000000000000000000000000001001 
	Parameter DEPTH bound to: 32'b00000000000000000000000000000010 
	Parameter APB_ADDR_WIDTH bound to: 32 - type: integer 
	Parameter TIMER_CNT bound to: 2 - type: integer 
	Parameter APB_ADDR_WIDTH bound to: 32 - type: integer 
INFO: [Synth 8-155] case statement is not full and has no default [/home/jc/tmp/riscv-iommu-demo/cva6/corev_apu/fpga/src/apb_timer/timer.sv:92]
INFO: [Synth 8-155] case statement is not full and has no default [/home/jc/tmp/riscv-iommu-demo/cva6/corev_apu/fpga/src/apb_timer/timer.sv:116]
	Parameter ADDR_WIDTH bound to: 32'b00000000000000000000000000100000 
	Parameter DATA_WIDTH bound to: 32'b00000000000000000000000000100000 
	Parameter AXI_ADDR_WIDTH bound to: 64 - type: integer 
	Parameter AXI_DATA_WIDTH bound to: 64 - type: integer 
	Parameter AXI_ID_WIDTH bound to: 32'b00000000000000000000000000000110 
	Parameter AXI_USER_WIDTH bound to: 1 - type: integer 
	Parameter AXI_ADDR_WIDTH bound to: 64 - type: integer 
	Parameter AXI_DATA_WIDTH bound to: 64 - type: integer 
	Parameter AXI_ID_WIDTH bound to: 3 - type: integer 
	Parameter AXI_USER_WIDTH bound to: 1 - type: integer 
	Parameter AXI_ADDR_WIDTH bound to: 64 - type: integer 
	Parameter AXI_DATA_WIDTH bound to: 64 - type: integer 
	Parameter AXI_ID_WIDTH bound to: 3 - type: integer 
	Parameter AXI_USER_WIDTH bound to: 1 - type: integer 
	Parameter AXI_ADDR_WIDTH bound to: 64 - type: integer 
	Parameter AXI_DATA_WIDTH bound to: 64 - type: integer 
	Parameter AXI_ID_WIDTH bound to: 3 - type: integer 
	Parameter AXI_USER_WIDTH bound to: 1 - type: integer 
	Parameter AXI_ADDR_WIDTH bound to: 64 - type: integer 
	Parameter AXI_DATA_WIDTH bound to: 64 - type: integer 
	Parameter AXI_ID_WIDTH bound to: 32'b00000000000000000000000000000110 
	Parameter AXI_USER_WIDTH bound to: 1 - type: integer 
	Parameter PASS_THROUGH bound to: 1'b0 
	Parameter AXI_ADDR_WIDTH bound to: 64 - type: integer 
	Parameter AXI_DATA_WIDTH bound to: 64 - type: integer 
	Parameter AXI_ID_WIDTH bound to: 32'b00000000000000000000000000000011 
	Parameter AXI_USER_WIDTH bound to: 1 - type: integer 
	Parameter PASS_THROUGH bound to: 1'b0 
	Parameter AXI_ADDR_WIDTH bound to: 64 - type: integer 
	Parameter AXI_DATA_WIDTH bound to: 64 - type: integer 
	Parameter AXI_ID_WIDTH bound to: 32'b00000000000000000000000000000011 
	Parameter AXI_USER_WIDTH bound to: 1 - type: integer 
	Parameter AXI_SLV_ID_WIDTH bound to: 32'b00000000000000000000000000000110 
	Parameter STREAM_ID bound to: 24'b000000000000000000000010 
	Parameter IdWidth bound to: 3 - type: integer 
	Parameter IdWidthSlv bound to: 6 - type: integer 
	Parameter AddrWidth bound to: 64 - type: integer 
	Parameter UserWidth bound to: 1 - type: integer 
	Parameter DevIDWidth bound to: 24 - type: integer 
	Parameter ProcIDWidth bound to: 20 - type: integer 
	Parameter DataWidth bound to: 64 - type: integer 
	Parameter StrbWidth bound to: 8 - type: integer 
	Parameter DevIDWidth bound to: 24 - type: integer 
	Parameter AddrWidth bound to: 64 - type: integer 
	Parameter AddrWidth bound to: 64 - type: integer 
	Parameter DevIDWidth bound to: 24 - type: integer 
	Parameter MAX_FAILURES bound to: 3 - type: integer 
	Parameter BLOCK_DURATION bound to: 100000 - type: integer 
	Parameter WINDOW_CYCLES bound to: 100 - type: integer 
	Parameter MAX_REQ_PER_WINDOW bound to: 8 - type: integer 
	Parameter BLOCK_CYCLES bound to: 4 - type: integer 
	Parameter MAX_OUTSTANDING bound to: 16 - type: integer 
	Parameter BLOCK_CYCLES bound to: 10 - type: integer 
	Parameter WINDOW_CYCLES bound to: 32'b00000000000000000000010000000000 
	Parameter MAX_MSI_PER_WINDOW bound to: 32'b00000000000000000000000000100000 
	Parameter MAX_RATIO_MSI_DMA bound to: 32'b00000000000000000000000000000010 
	Parameter MAX_DELAY bound to: 32'b00000000000000000000000000010000 
WARNING: [Synth 8-639] system function call 'urandom_range' not supported [/home/jc/tmp/riscv-iommu-demo/cva6/corev_apu/fpga/src/armor/SRC/Delay_inserter.sv:36]
	Parameter AXI_ADDR_WIDTH bound to: 64 - type: integer 
	Parameter AXI_DATA_WIDTH bound to: 64 - type: integer 
	Parameter AXI_ID_WIDTH bound to: 32'b00000000000000000000000000000011 
	Parameter AXI_USER_WIDTH bound to: 1 - type: integer 
	Parameter AXI_ADDR_WIDTH bound to: 64 - type: integer 
	Parameter AXI_DATA_WIDTH bound to: 64 - type: integer 
	Parameter AXI_ID_WIDTH bound to: 32'b00000000000000000000000000000011 
	Parameter AXI_USER_WIDTH bound to: 1 - type: integer 
	Parameter AXI_ADDR_WIDTH bound to: 64 - type: integer 
	Parameter AXI_DATA_WIDTH bound to: 64 - type: integer 
	Parameter AXI_ID_WIDTH bound to: 3 - type: integer 
	Parameter AXI_USER_WIDTH bound to: 1 - type: integer 
	Parameter AXI_ADDR_WIDTH bound to: 64 - type: integer 
	Parameter AXI_DATA_WIDTH bound to: 64 - type: integer 
	Parameter AXI_ID_WIDTH bound to: 32'b00000000000000000000000000000100 
	Parameter AXI_USER_WIDTH bound to: 1 - type: integer 
	Parameter SLV_AXI_ID_WIDTH bound to: 32'b00000000000000000000000000000011 
	Parameter MST_AXI_ID_WIDTH bound to: 32'b00000000000000000000000000000100 
	Parameter AXI_ADDR_WIDTH bound to: 64 - type: integer 
	Parameter AXI_DATA_WIDTH bound to: 64 - type: integer 
	Parameter AXI_USER_WIDTH bound to: 1 - type: integer 
	Parameter NO_SLV_PORTS bound to: 32'b00000000000000000000000000000010 
	Parameter MAX_W_TRANS bound to: 32'b00000000000000000000000000000100 
	Parameter FALL_THROUGH bound to: 1'b0 
	Parameter SPILL_AW bound to: 1'b1 
	Parameter SPILL_AR bound to: 1'b1 
	Parameter SlvAxiIDWidth bound to: 32'b00000000000000000000000000000011 
	Parameter NoSlvPorts bound to: 32'b00000000000000000000000000000010 
	Parameter MaxWTrans bound to: 32'b00000000000000000000000000000100 
	Parameter FallThrough bound to: 1'b0 
	Parameter SpillAw bound to: 1'b1 
	Parameter SpillW bound to: 1'b0 
	Parameter SpillB bound to: 1'b0 
	Parameter SpillAr bound to: 1'b1 
	Parameter SpillR bound to: 1'b0 
	Parameter NoBus bound to: 1 - type: integer 
	Parameter AxiIdWidthSlvPort bound to: 32'b00000000000000000000000000000011 
	Parameter AxiIdWidthMstPort bound to: 32'b00000000000000000000000000000100 
	Parameter NumIn bound to: 32'b00000000000000000000000000000010 
	Parameter AxiVldRdy bound to: 1'b1 
	Parameter LockIn bound to: 1'b1 
	Parameter FALL_THROUGH bound to: 1'b0 
	Parameter DEPTH bound to: 32'b00000000000000000000000000000100 
	Parameter Bypass bound to: 1'b0 
	Parameter Bypass bound to: 1'b0 
	Parameter Bypass bound to: 1'b1 
	Parameter Bypass bound to: 1'b1 
	Parameter Bypass bound to: 1'b1 
	Parameter Bypass bound to: 1'b1 
	Parameter NumIn bound to: 32'b00000000000000000000000000000010 
	Parameter AxiVldRdy bound to: 1'b1 
	Parameter LockIn bound to: 1'b1 
	Parameter Bypass bound to: 1'b0 
	Parameter Bypass bound to: 1'b0 
	Parameter Bypass bound to: 1'b1 
	Parameter Bypass bound to: 1'b1 
	Parameter AXI_ADDR_WIDTH bound to: 64 - type: integer 
	Parameter AXI_DATA_WIDTH bound to: 64 - type: integer 
	Parameter AXI_ID_WIDTH bound to: 32'b00000000000000000000000000000110 
	Parameter AXI_USER_WIDTH bound to: 1 - type: integer 
	Parameter AXI_ADDR_WIDTH bound to: 64 - type: integer 
	Parameter AXI_DATA_WIDTH bound to: 64 - type: integer 
	Parameter AXI_ID_WIDTH bound to: 3 - type: integer 
	Parameter AXI_USER_WIDTH bound to: 1 - type: integer 
	Parameter AXI_ADDR_WIDTH bound to: 64 - type: integer 
	Parameter AXI_DATA_WIDTH bound to: 64 - type: integer 
	Parameter AXI_ID_WIDTH bound to: 3 - type: integer 
	Parameter AXI_USER_WIDTH bound to: 1 - type: integer 
	Parameter AXI_ADDR_WIDTH bound to: 64 - type: integer 
	Parameter AXI_DATA_WIDTH bound to: 64 - type: integer 
	Parameter AXI_ID_WIDTH bound to: 32'b00000000000000000000000000000110 
	Parameter AXI_USER_WIDTH bound to: 1 - type: integer 
	Parameter PASS_THROUGH bound to: 1'b0 
	Parameter AXI_ADDR_WIDTH bound to: 64 - type: integer 
	Parameter AXI_DATA_WIDTH bound to: 64 - type: integer 
	Parameter AXI_ID_WIDTH bound to: 32'b00000000000000000000000000000011 
	Parameter AXI_USER_WIDTH bound to: 1 - type: integer 
	Parameter PASS_THROUGH bound to: 1'b0 
	Parameter AXI_ADDR_WIDTH bound to: 64 - type: integer 
	Parameter AXI_DATA_WIDTH bound to: 64 - type: integer 
	Parameter AXI_ID_WIDTH bound to: 32'b00000000000000000000000000000011 
	Parameter AXI_USER_WIDTH bound to: 1 - type: integer 
	Parameter AXI_SLV_ID_WIDTH bound to: 32'b00000000000000000000000000000110 
	Parameter STREAM_ID bound to: 24'b000000000000000000000001 
	Parameter IOTLB_ENTRIES bound to: 32'b00000000000000000000000000001000 
	Parameter DDTC_ENTRIES bound to: 32'b00000000000000000000000000000100 
	Parameter PDTC_ENTRIES bound to: 32'b00000000000000000000000000000100 
	Parameter MRIFC_ENTRIES bound to: 32'b00000000000000000000000000000100 
	Parameter InclPC bound to: 1'b0 
	Parameter InclBC bound to: 1'b1 
	Parameter InclDBG bound to: 1'b0 
	Parameter MSITrans bound to: 2'b10 
	Parameter IGS bound to: 2'b10 
	Parameter N_INT_VEC bound to: 32'b00000000000000000000000000000100 
	Parameter N_IOHPMCTR bound to: 32'b00000000000000000000000000001000 
	Parameter ADDR_WIDTH bound to: 64 - type: integer 
	Parameter DATA_WIDTH bound to: 64 - type: integer 
	Parameter ID_WIDTH bound to: 32'sb00000000000000000000000000000100 
	Parameter ID_SLV_WIDTH bound to: 32'sb00000000000000000000000000000110 
	Parameter USER_WIDTH bound to: 1 - type: integer 
	Parameter AxiIdWidth bound to: 32'b00000000000000000000000000000100 
	Parameter Resp bound to: 2'b00 
	Parameter RespWidth bound to: 64 - type: integer 
	Parameter RespData bound to: 64'b0000000000000000000000000000000000000000000000000000000000000000 
	Parameter AxiIdWidth bound to: 32'b00000000000000000000000000000100 
	Parameter NoMstPorts bound to: 32'b00000000000000000000000000000011 
	Parameter AxiLookBits bound to: 32'b00000000000000000000000000000100 
	Parameter FallThrough bound to: 1'b0 
	Parameter SpillAw bound to: 1'b0 
	Parameter SpillW bound to: 1'b0 
	Parameter SpillB bound to: 1'b0 
	Parameter SpillAr bound to: 1'b0 
	Parameter SpillR bound to: 1'b0 
	Parameter AxiIdBits bound to: 32'b00000000000000000000000000000100 
	Parameter CounterWidth bound to: 32'b00000000000000000000000000000011 
	Parameter Bypass bound to: 1'b1 
	Parameter Bypass bound to: 1'b1 
	Parameter NumIn bound to: 32'b00000000000000000000000000000011 
	Parameter AxiVldRdy bound to: 1'b1 
	Parameter LockIn bound to: 1'b1 
	Parameter Bypass bound to: 1'b1 
	Parameter Bypass bound to: 1'b1 
	Parameter NumIn bound to: 32'b00000000000000000000000000000011 
	Parameter AxiVldRdy bound to: 1'b1 
	Parameter LockIn bound to: 1'b1 
	Parameter ADDR_WIDTH bound to: 64 - type: integer 
	Parameter DATA_WIDTH bound to: 64 - type: integer 
	Parameter ID_WIDTH bound to: 32'sb00000000000000000000000000000110 
	Parameter USER_WIDTH bound to: 1 - type: integer 
	Parameter ADDR_WIDTH bound to: 64 - type: integer 
	Parameter DATA_WIDTH bound to: 32'sb00000000000000000000000000100000 
	Parameter AXI4_ADDRESS_WIDTH bound to: 64 - type: integer 
	Parameter AXI4_RDATA_WIDTH bound to: 64 - type: integer 
	Parameter AXI4_WDATA_WIDTH bound to: 64 - type: integer 
	Parameter AXI4_ID_WIDTH bound to: 32'b00000000000000000000000000000110 
	Parameter AXI4_USER_WIDTH bound to: 1 - type: integer 
	Parameter BUFF_DEPTH_SLAVE bound to: 32'b00000000000000000000000000000010 
	Parameter APB_ADDR_WIDTH bound to: 64 - type: integer 
WARNING: [Synth 8-689] width (64) of port connection 'paddr_i' does not match port width (32) of module 'apb_to_reg' [/home/jc/tmp/riscv-iommu-demo/cva6/corev_apu/rv_iommu/rtl/ext_interfaces/rv_iommu_prog_if.sv:150]
	Parameter N_INP bound to: 5 - type: integer 
	Parameter N_INP bound to: 5 - type: integer 
	Parameter ARBITER bound to: rr - type: string 
	Parameter NumIn bound to: 5 - type: integer 
	Parameter ExtPrio bound to: 1'b0 
	Parameter AxiVldRdy bound to: 1'b1 
	Parameter LockIn bound to: 1'b1 
	Parameter N_INP bound to: 4 - type: integer 
	Parameter N_INP bound to: 4 - type: integer 
	Parameter ARBITER bound to: rr - type: string 
	Parameter NumIn bound to: 4 - type: integer 
	Parameter ExtPrio bound to: 1'b0 
	Parameter AxiVldRdy bound to: 1'b1 
	Parameter LockIn bound to: 1'b1 
	Parameter DATA_WIDTH bound to: 32'b00000000000000000000000000000010 
	Parameter DEPTH bound to: 32'b00000000000000000000000000000010 
	Parameter N_INP bound to: 4 - type: integer 
	Parameter N_OUP bound to: 32'b00000000000000000000000000000101 
	Parameter N_OUP bound to: 32'b00000000000000000000000000000100 
	Parameter IOTLB_ENTRIES bound to: 32'b00000000000000000000000000001000 
	Parameter DDTC_ENTRIES bound to: 32'b00000000000000000000000000000100 
	Parameter PDTC_ENTRIES bound to: 32'b00000000000000000000000000000100 
	Parameter MRIFC_ENTRIES bound to: 32'b00000000000000000000000000000100 
	Parameter InclPC bound to: 1'b0 
	Parameter MSITrans bound to: 2'b10 
	Parameter IOTLB_ENTRIES bound to: 32'b00000000000000000000000000001000 
	Parameter DDTC_ENTRIES bound to: 32'b00000000000000000000000000000100 
	Parameter MRIFC_ENTRIES bound to: 32'b00000000000000000000000000000100 
	Parameter MSITrans bound to: 2'b10 
	Parameter DC_WIDTH bound to: 32'sb00000000000000000000001000000000 
	Parameter MSITrans bound to: 2'b10 
	Parameter MRIFC_ENTRIES bound to: 32'b00000000000000000000000000000100 
	Parameter DDTC_ENTRIES bound to: 32'b00000000000000000000000000000100 
	Parameter DC_WIDTH bound to: 32'sb00000000000000000000001000000000 
	Parameter IOTLB_ENTRIES bound to: 32'b00000000000000000000000000001000 
	Parameter MSITrans bound to: 2'b10 
	Parameter MSITrans bound to: 2'b10 
	Parameter DC_WIDTH bound to: 32'sb00000000000000000000001000000000 
	Parameter MSITrans bound to: 2'b10 
	Parameter IGS bound to: 2'b10 
	Parameter N_INT_VEC bound to: 32'b00000000000000000000000000000100 
	Parameter N_IOHPMCTR bound to: 32'b00000000000000000000000000001000 
	Parameter InclPC bound to: 1'b0 
	Parameter InclDBG bound to: 1'b0 
	Parameter N_INT_VEC bound to: 32'b00000000000000000000000000000100 
	Parameter N_INT_SRCS bound to: 32'b00000000000000000000000000000011 
	Parameter N_IOHPMCTR bound to: 32'b00000000000000000000000000001000 
	Parameter N_INT_VEC bound to: 32'b00000000000000000000000000000100 
	Parameter N_INT_SRCS bound to: 32'b00000000000000000000000000000011 
	Parameter DATA_WIDTH bound to: 32'sb00000000000000000000000000100000 
	Parameter MSITrans bound to: 2'b10 
	Parameter IGS bound to: 2'b10 
	Parameter N_INT_VEC bound to: 32'b00000000000000000000000000000100 
	Parameter N_IOHPMCTR bound to: 32'b00000000000000000000000000001000 
	Parameter InclPC bound to: 1'b0 
	Parameter InclDBG bound to: 1'b0 
	Parameter DATA_WIDTH bound to: 32'sb00000000000000000000000000100000 
	Parameter SwAccess bound to: 3'b000 
	Parameter RESVAL bound to: 0 - type: integer 
	Parameter DATA_WIDTH bound to: 32'sb00000000000000000000000000100000 
	Parameter SwAccess bound to: 3'b000 
	Parameter DATA_WIDTH bound to: 32'sb00000000000000000000000000001111 
	Parameter SwAccess bound to: 3'b000 
	Parameter RESVAL bound to: 15'b000000000000000 
	Parameter DATA_WIDTH bound to: 32'sb00000000000000000000000000001111 
	Parameter SwAccess bound to: 3'b000 
	Parameter DATA_WIDTH bound to: 32'sb00000000000000000000000000000001 
	Parameter SwAccess bound to: 3'b000 
	Parameter RESVAL bound to: 1'b0 
	Parameter DATA_WIDTH bound to: 32'sb00000000000000000000000000000001 
	Parameter SwAccess bound to: 3'b000 
	Parameter DATA_WIDTH bound to: 32'sb00000000000000000000000000010000 
	Parameter SwAccess bound to: 3'b000 
	Parameter RESVAL bound to: 16'b0000000000000000 
	Parameter DATA_WIDTH bound to: 32'sb00000000000000000000000000010000 
	Parameter SwAccess bound to: 3'b000 
	Parameter DATA_WIDTH bound to: 32'sb00000000000000000000000000000100 
	Parameter SwAccess bound to: 3'b000 
	Parameter RESVAL bound to: 4'b0000 
	Parameter DATA_WIDTH bound to: 32'sb00000000000000000000000000000100 
	Parameter SwAccess bound to: 3'b000 
	Parameter DATA_WIDTH bound to: 32'sb00000000000000000000000000011000 
	Parameter SwAccess bound to: 3'b000 
	Parameter RESVAL bound to: 24'b000000000000000000000000 
	Parameter DATA_WIDTH bound to: 32'sb00000000000000000000000000011000 
	Parameter SwAccess bound to: 3'b000 
	Parameter DATA_WIDTH bound to: 32'sb00000000000000000000000000000001 
	Parameter SwAccess bound to: 3'b000 
	Parameter RESVAL bound to: 1'b1 
	Parameter DATA_WIDTH bound to: 32'sb00000000000000000000000000011111 
	Parameter SwAccess bound to: 3'b000 
	Parameter RESVAL bound to: 31'b0000000000000000000000000000000 
	Parameter DATA_WIDTH bound to: 32'sb00000000000000000000000000011111 
	Parameter SwAccess bound to: 3'b000 
	Parameter DATA_WIDTH bound to: 32'sb00000000000000000000000000011110 
	Parameter SwAccess bound to: 3'b000 
	Parameter RESVAL bound to: 30'b000000000000000000000000000000 
	Parameter DATA_WIDTH bound to: 32'sb00000000000000000000000000011110 
	Parameter SwAccess bound to: 3'b000 
	Parameter DATA_WIDTH bound to: 32'sb00000000000000000000000000000001 
	Parameter SwAccess bound to: 3'b001 
	Parameter RESVAL bound to: 1'b0 
	Parameter DATA_WIDTH bound to: 32'sb00000000000000000000000000000001 
	Parameter SwAccess bound to: 3'b001 
	Parameter DATA_WIDTH bound to: 32'sb00000000000000000000000000010110 
	Parameter SwAccess bound to: 3'b000 
	Parameter RESVAL bound to: 22'b0000000000000000000000 
	Parameter DATA_WIDTH bound to: 32'sb00000000000000000000000000010110 
	Parameter SwAccess bound to: 3'b000 
	Parameter DATA_WIDTH bound to: 32'sb00000000000000000000000000000101 
	Parameter SwAccess bound to: 3'b000 
	Parameter RESVAL bound to: 5'b00000 
	Parameter DATA_WIDTH bound to: 32'sb00000000000000000000000000000101 
	Parameter SwAccess bound to: 3'b000 
	Parameter DATA_WIDTH bound to: 32'sb00000000000000000000000000100000 
	Parameter SwAccess bound to: 3'b001 
	Parameter RESVAL bound to: 0 - type: integer 
	Parameter DATA_WIDTH bound to: 32'sb00000000000000000000000000100000 
	Parameter SwAccess bound to: 3'b001 
	Parameter DATA_WIDTH bound to: 32'sb00000000000000000000000000000001 
	Parameter SwAccess bound to: 3'b011 
	Parameter RESVAL bound to: 1'b0 
	Parameter DATA_WIDTH bound to: 32'sb00000000000000000000000000000001 
	Parameter SwAccess bound to: 3'b011 
	Parameter FALL_THROUGH bound to: 1'b1 
	Parameter DATA_WIDTH bound to: 32'b00000000000000000000000010101011 
	Parameter DEPTH bound to: 32'b00000000000000000000000000000100 
	Parameter AxiIdWidth bound to: 32'b00000000000000000000000000000100 
	Parameter Resp bound to: 2'b10 
	Parameter RespWidth bound to: 64 - type: integer 
	Parameter RespData bound to: 64'b1100101000010001101010110001111010111010110111001010101100011110 
	Parameter ATOPs bound to: 1'b1 
	Parameter MaxTrans bound to: 32'b00000000000000000000000000000001 
	Parameter AxiIdWidth bound to: 32'b00000000000000000000000000000100 
	Parameter AxiMaxWriteTxns bound to: 32'b00000000000000000000000000000001 
	Parameter FALL_THROUGH bound to: 1'b1 
	Parameter DEPTH bound to: 32'b00000000000000000000000000000001 
	Parameter FALL_THROUGH bound to: 1'b0 
	Parameter DEPTH bound to: 32'b00000000000000000000000000000001 
	Parameter ADDR_WIDTH bound to: 32'sb00000000000000000000000000100000 
	Parameter DATA_WIDTH bound to: 32'sb00000000000000000000000000100000 
	Parameter N_SOURCE bound to: 32'sb00000000000000000000000000011110 
	Parameter N_TARGET bound to: 32'sb00000000000000000000000000000010 
	Parameter MAX_PRIO bound to: 32'sb00000000000000000000000000000111 
	Parameter N_SOURCE bound to: 32'sb00000000000000000000000000011110 
	Parameter MAX_PRIO bound to: 32'sb00000000000000000000000000000111 
	Parameter ALGORITHM bound to: SEQUENTIAL - type: string 
	Parameter N_SOURCE bound to: 32'sb00000000000000000000000000011110 
	Parameter AXI_ADDR_WIDTH bound to: 64 - type: integer 
	Parameter AXI_DATA_WIDTH bound to: 64 - type: integer 
	Parameter AXI_ID_WIDTH bound to: 6 - type: integer 
	Parameter AXI_USER_WIDTH bound to: 1 - type: integer 
	Parameter AXI_ADDR_WIDTH bound to: 64 - type: integer 
	Parameter AXI_DATA_WIDTH bound to: 64 - type: integer 
	Parameter AXI_ID_WIDTH bound to: 6 - type: integer 
	Parameter AXI_USER_WIDTH bound to: 1 - type: integer 
	Parameter AXI_MAX_WRITE_TXNS bound to: 32'b00000000000000000000000000000001 
	Parameter RISCV_WORD_WIDTH bound to: 32'b00000000000000000000000001000000 
	Parameter AXI_ADDR_WIDTH bound to: 64 - type: integer 
	Parameter AXI_DATA_WIDTH bound to: 64 - type: integer 
	Parameter AXI_ID_WIDTH bound to: 6 - type: integer 
	Parameter AXI_USER_WIDTH bound to: 1 - type: integer 
	Parameter AXI_MAX_WRITE_TXNS bound to: 32'b00000000000000000000000000000001 
	Parameter RISCV_WORD_WIDTH bound to: 32'b00000000000000000000000001000000 
	Parameter AXI_ADDR_WIDTH bound to: 64 - type: integer 
	Parameter AXI_DATA_WIDTH bound to: 64 - type: integer 
	Parameter AXI_ID_WIDTH bound to: 6 - type: integer 
	Parameter AXI_USER_WIDTH bound to: 1 - type: integer 
	Parameter AXI_MAX_WRITE_TXNS bound to: 32'b00000000000000000000000000000001 
	Parameter RISCV_WORD_WIDTH bound to: 32'b00000000000000000000000001000000 
INFO: [Synth 8-226] default block is never used [/home/jc/tmp/riscv-iommu-demo/cva6/corev_apu/src/axi_riscv_atomics/src/axi_riscv_amos.sv:580]
INFO: [Synth 8-226] default block is never used [/home/jc/tmp/riscv-iommu-demo/cva6/corev_apu/src/axi_riscv_atomics/src/axi_riscv_amos.sv:809]
	Parameter DATA_WIDTH bound to: 32'b00000000000000000000000001000000 
INFO: [Synth 8-226] default block is never used [/home/jc/tmp/riscv-iommu-demo/cva6/corev_apu/src/axi_riscv_atomics/src/axi_riscv_amos_alu.sv:39]
	Parameter ADDR_BEGIN bound to: 64'b0000000000000000000000000000000000000000000000000000000000000000 
	Parameter ADDR_END bound to: 64'b1111111111111111111111111111111111111111111111111111111111111111 
	Parameter AXI_ADDR_WIDTH bound to: 64 - type: integer 
	Parameter AXI_DATA_WIDTH bound to: 64 - type: integer 
	Parameter AXI_ID_WIDTH bound to: 6 - type: integer 
	Parameter AXI_USER_WIDTH bound to: 1 - type: integer 
	Parameter AXI_ADDR_WIDTH bound to: 64 - type: integer 
	Parameter AXI_ID_WIDTH bound to: 6 - type: integer 
	Parameter N_INP bound to: 2 - type: integer 
	Parameter N_INP bound to: 2 - type: integer 
	Parameter ARBITER bound to: rr - type: string 
	Parameter NumIn bound to: 2 - type: integer 
	Parameter ExtPrio bound to: 1'b0 
	Parameter AxiVldRdy bound to: 1'b1 
	Parameter LockIn bound to: 1'b1 
WARNING: [Synth 8-6014] Unused sequential element read_pointer_q_reg was removed.  [/home/jc/tmp/riscv-iommu-demo/cva6/vendor/pulp-platform/common_cells/src/fifo_v3.sv:136]
WARNING: [Synth 8-3936] Found unconnected internal register 'havereset_d_aligned_reg' and it is trimmed from '2' to '1' bits. [/home/jc/tmp/riscv-iommu-demo/cva6/corev_apu/riscv-dbg/src/dm_csrs.sv:204]
WARNING: [Synth 8-6014] Unused sequential element word_enable32_q_reg was removed.  [/home/jc/tmp/riscv-iommu-demo/cva6/corev_apu/riscv-dbg/src/dm_mem.sv:504]
WARNING: [Synth 8-3936] Found unconnected internal register 'resuming_d_aligned_reg' and it is trimmed from '2' to '1' bits. [/home/jc/tmp/riscv-iommu-demo/cva6/corev_apu/riscv-dbg/src/dm_mem.sv:116]
WARNING: [Synth 8-3936] Found unconnected internal register 'halted_d_aligned_reg' and it is trimmed from '2' to '1' bits. [/home/jc/tmp/riscv-iommu-demo/cva6/corev_apu/riscv-dbg/src/dm_mem.sv:114]
WARNING: [Synth 8-6014] Unused sequential element ax_req_q_reg[size] was removed.  [/home/jc/tmp/riscv-iommu-demo/cva6/corev_apu/axi_mem_if/src/axi2mem.sv:289]
WARNING: [Synth 8-3848] Net x_mem_valid_o in module/entity cvxif_example_coprocessor does not have driver. [/home/jc/tmp/riscv-iommu-demo/cva6/core/cvxif_example/cvxif_example_coprocessor.sv:34]
WARNING: [Synth 8-3848] Net x_mem_req_o[id] in module/entity cvxif_example_coprocessor does not have driver. [/home/jc/tmp/riscv-iommu-demo/cva6/core/cvxif_example/cvxif_example_coprocessor.sv:36]
WARNING: [Synth 8-3848] Net x_mem_req_o[addr] in module/entity cvxif_example_coprocessor does not have driver. [/home/jc/tmp/riscv-iommu-demo/cva6/core/cvxif_example/cvxif_example_coprocessor.sv:36]
WARNING: [Synth 8-3848] Net x_mem_req_o[mode] in module/entity cvxif_example_coprocessor does not have driver. [/home/jc/tmp/riscv-iommu-demo/cva6/core/cvxif_example/cvxif_example_coprocessor.sv:36]
WARNING: [Synth 8-3848] Net x_mem_req_o[we] in module/entity cvxif_example_coprocessor does not have driver. [/home/jc/tmp/riscv-iommu-demo/cva6/core/cvxif_example/cvxif_example_coprocessor.sv:36]
WARNING: [Synth 8-3848] Net x_mem_req_o[size] in module/entity cvxif_example_coprocessor does not have driver. [/home/jc/tmp/riscv-iommu-demo/cva6/core/cvxif_example/cvxif_example_coprocessor.sv:36]
WARNING: [Synth 8-3848] Net x_mem_req_o[wdata] in module/entity cvxif_example_coprocessor does not have driver. [/home/jc/tmp/riscv-iommu-demo/cva6/core/cvxif_example/cvxif_example_coprocessor.sv:36]
WARNING: [Synth 8-3848] Net x_mem_req_o[last] in module/entity cvxif_example_coprocessor does not have driver. [/home/jc/tmp/riscv-iommu-demo/cva6/core/cvxif_example/cvxif_example_coprocessor.sv:36]
WARNING: [Synth 8-3848] Net x_mem_req_o[spec] in module/entity cvxif_example_coprocessor does not have driver. [/home/jc/tmp/riscv-iommu-demo/cva6/core/cvxif_example/cvxif_example_coprocessor.sv:36]
WARNING: [Synth 8-6014] Unused sequential element mem_q_reg[7][sbe][trans_id] was removed.  [/home/jc/tmp/riscv-iommu-demo/cva6/core/scoreboard.sv:394]
WARNING: [Synth 8-6014] Unused sequential element mem_q_reg[6][sbe][trans_id] was removed.  [/home/jc/tmp/riscv-iommu-demo/cva6/core/scoreboard.sv:394]
WARNING: [Synth 8-6014] Unused sequential element mem_q_reg[5][sbe][trans_id] was removed.  [/home/jc/tmp/riscv-iommu-demo/cva6/core/scoreboard.sv:394]
WARNING: [Synth 8-6014] Unused sequential element mem_q_reg[4][sbe][trans_id] was removed.  [/home/jc/tmp/riscv-iommu-demo/cva6/core/scoreboard.sv:394]
WARNING: [Synth 8-6014] Unused sequential element mem_q_reg[3][sbe][trans_id] was removed.  [/home/jc/tmp/riscv-iommu-demo/cva6/core/scoreboard.sv:394]
WARNING: [Synth 8-6014] Unused sequential element mem_q_reg[2][sbe][trans_id] was removed.  [/home/jc/tmp/riscv-iommu-demo/cva6/core/scoreboard.sv:394]
WARNING: [Synth 8-6014] Unused sequential element mem_q_reg[1][sbe][trans_id] was removed.  [/home/jc/tmp/riscv-iommu-demo/cva6/core/scoreboard.sv:394]
WARNING: [Synth 8-6014] Unused sequential element mem_q_reg[0][sbe][trans_id] was removed.  [/home/jc/tmp/riscv-iommu-demo/cva6/core/scoreboard.sv:394]
WARNING: [Synth 8-3936] Found unconnected internal register 'final_mantissa_reg' and it is trimmed from '25' to '24' bits. [/home/jc/tmp/riscv-iommu-demo/cva6/vendor/pulp-platform/fpnew/src/fpnew_fma.sv:533]
WARNING: [Synth 8-3936] Found unconnected internal register 'final_mantissa_reg' and it is trimmed from '54' to '53' bits. [/home/jc/tmp/riscv-iommu-demo/cva6/vendor/pulp-platform/fpnew/src/fpnew_fma.sv:533]
WARNING: [Synth 8-3848] Net Iteration_cell_sum_AMASK_D[3] in module/entity control_mvp does not have driver. [/home/jc/tmp/riscv-iommu-demo/cva6/vendor/pulp-platform/fpnew/src/fpu_div_sqrt_mvp/hdl/control_mvp.sv:842]
WARNING: [Synth 8-3848] Net Iteration_cell_carry_D[3] in module/entity control_mvp does not have driver. [/home/jc/tmp/riscv-iommu-demo/cva6/vendor/pulp-platform/fpnew/src/fpu_div_sqrt_mvp/hdl/control_mvp.sv:840]
WARNING: [Synth 8-6014] Unused sequential element gen_inside_pipeline[0].mid_pipe_info_q_reg[1][is_normal] was removed.  [/home/jc/tmp/riscv-iommu-demo/cva6/vendor/pulp-platform/fpnew/src/fpnew_cast_multi.sv:375]
WARNING: [Synth 8-6014] Unused sequential element gen_inside_pipeline[0].mid_pipe_info_q_reg[1][is_subnormal] was removed.  [/home/jc/tmp/riscv-iommu-demo/cva6/vendor/pulp-platform/fpnew/src/fpnew_cast_multi.sv:375]
WARNING: [Synth 8-6014] Unused sequential element gen_inside_pipeline[0].mid_pipe_info_q_reg[1][is_quiet] was removed.  [/home/jc/tmp/riscv-iommu-demo/cva6/vendor/pulp-platform/fpnew/src/fpnew_cast_multi.sv:375]
WARNING: [Synth 8-6014] Unused sequential element gen_inside_pipeline[0].mid_pipe_src_fmt_q_reg[1] was removed.  [/home/jc/tmp/riscv-iommu-demo/cva6/vendor/pulp-platform/fpnew/src/fpnew_cast_multi.sv:379]
WARNING: [Synth 8-6014] Unused sequential element target_regs.gen_bypass_pipeline[0].byp_pipe_valid_q_reg was removed.  [/home/jc/tmp/riscv-iommu-demo/cva6/vendor/pulp-platform/fpnew/src/fpnew_opgroup_multifmt_slice.sv:370]
WARNING: [Synth 8-6014] Unused sequential element target_regs.gen_bypass_pipeline[0].byp_pipe_target_q_reg[1] was removed.  [/home/jc/tmp/riscv-iommu-demo/cva6/vendor/pulp-platform/fpnew/src/fpnew_opgroup_multifmt_slice.sv:376]
WARNING: [Synth 8-6014] Unused sequential element target_regs.gen_bypass_pipeline[0].byp_pipe_aux_q_reg[1] was removed.  [/home/jc/tmp/riscv-iommu-demo/cva6/vendor/pulp-platform/fpnew/src/fpnew_opgroup_multifmt_slice.sv:377]
WARNING: [Synth 8-6014] Unused sequential element target_regs.gen_bypass_pipeline[1].byp_pipe_valid_q_reg was removed.  [/home/jc/tmp/riscv-iommu-demo/cva6/vendor/pulp-platform/fpnew/src/fpnew_opgroup_multifmt_slice.sv:370]
WARNING: [Synth 8-6014] Unused sequential element target_regs.gen_bypass_pipeline[1].byp_pipe_target_q_reg[2] was removed.  [/home/jc/tmp/riscv-iommu-demo/cva6/vendor/pulp-platform/fpnew/src/fpnew_opgroup_multifmt_slice.sv:376]
WARNING: [Synth 8-6014] Unused sequential element target_regs.gen_bypass_pipeline[1].byp_pipe_aux_q_reg[2] was removed.  [/home/jc/tmp/riscv-iommu-demo/cva6/vendor/pulp-platform/fpnew/src/fpnew_opgroup_multifmt_slice.sv:377]
WARNING: [Synth 8-3848] Net ifmt_slice_result[1] in module/entity fpnew_opgroup_multifmt_slice__parameterized0 does not have driver. [/home/jc/tmp/riscv-iommu-demo/cva6/vendor/pulp-platform/fpnew/src/fpnew_opgroup_multifmt_slice.sv:80]
WARNING: [Synth 8-3848] Net ifmt_slice_result[0] in module/entity fpnew_opgroup_multifmt_slice__parameterized0 does not have driver. [/home/jc/tmp/riscv-iommu-demo/cva6/vendor/pulp-platform/fpnew/src/fpnew_opgroup_multifmt_slice.sv:80]
WARNING: [Synth 8-3848] Net fpu_exception_o[tval] in module/entity fpu_wrap does not have driver. [/home/jc/tmp/riscv-iommu-demo/cva6/core/fpu_wrap.sv:31]
WARNING: [Synth 8-3848] Net fpu_exception_o[tval2] in module/entity fpu_wrap does not have driver. [/home/jc/tmp/riscv-iommu-demo/cva6/core/fpu_wrap.sv:31]
WARNING: [Synth 8-3848] Net fpu_exception_o[tinst] in module/entity fpu_wrap does not have driver. [/home/jc/tmp/riscv-iommu-demo/cva6/core/fpu_wrap.sv:31]
WARNING: [Synth 8-3848] Net fpu_exception_o[gva] in module/entity fpu_wrap does not have driver. [/home/jc/tmp/riscv-iommu-demo/cva6/core/fpu_wrap.sv:31]
WARNING: [Synth 8-3848] Net x_exception_o[tval2] in module/entity cvxif_fu does not have driver. [/home/jc/tmp/riscv-iommu-demo/cva6/core/cvxif_fu.sv:23]
WARNING: [Synth 8-3848] Net x_exception_o[tinst] in module/entity cvxif_fu does not have driver. [/home/jc/tmp/riscv-iommu-demo/cva6/core/cvxif_fu.sv:23]
WARNING: [Synth 8-3848] Net x_exception_o[gva] in module/entity cvxif_fu does not have driver. [/home/jc/tmp/riscv-iommu-demo/cva6/core/cvxif_fu.sv:23]
WARNING: [Synth 8-3848] Net clmul_q in module/entity multiplier does not have driver. [/home/jc/tmp/riscv-iommu-demo/cva6/core/multiplier.sv:32]
WARNING: [Synth 8-3848] Net clmulr_q in module/entity multiplier does not have driver. [/home/jc/tmp/riscv-iommu-demo/cva6/core/multiplier.sv:32]
WARNING: [Synth 8-3848] Net req_port_o[data_wuser] in module/entity cva6_ptw_sv39x4 does not have driver. [/home/jc/tmp/riscv-iommu-demo/cva6/core/mmu_sv39x4/cva6_ptw_sv39x4.sv:49]
WARNING: [Synth 8-6014] Unused sequential element dtlb_pte_q_reg[reserved] was removed.  [/home/jc/tmp/riscv-iommu-demo/cva6/core/mmu_sv39x4/cva6_mmu_sv39x4.sv:682]
WARNING: [Synth 8-6014] Unused sequential element dtlb_pte_q_reg[rsw] was removed.  [/home/jc/tmp/riscv-iommu-demo/cva6/core/mmu_sv39x4/cva6_mmu_sv39x4.sv:682]
WARNING: [Synth 8-6014] Unused sequential element dtlb_pte_q_reg[a] was removed.  [/home/jc/tmp/riscv-iommu-demo/cva6/core/mmu_sv39x4/cva6_mmu_sv39x4.sv:682]
WARNING: [Synth 8-6014] Unused sequential element dtlb_pte_q_reg[g] was removed.  [/home/jc/tmp/riscv-iommu-demo/cva6/core/mmu_sv39x4/cva6_mmu_sv39x4.sv:682]
WARNING: [Synth 8-6014] Unused sequential element dtlb_pte_q_reg[x] was removed.  [/home/jc/tmp/riscv-iommu-demo/cva6/core/mmu_sv39x4/cva6_mmu_sv39x4.sv:682]
WARNING: [Synth 8-6014] Unused sequential element dtlb_pte_q_reg[r] was removed.  [/home/jc/tmp/riscv-iommu-demo/cva6/core/mmu_sv39x4/cva6_mmu_sv39x4.sv:682]
WARNING: [Synth 8-6014] Unused sequential element dtlb_pte_q_reg[v] was removed.  [/home/jc/tmp/riscv-iommu-demo/cva6/core/mmu_sv39x4/cva6_mmu_sv39x4.sv:682]
WARNING: [Synth 8-6014] Unused sequential element dtlb_gpte_q_reg[reserved] was removed.  [/home/jc/tmp/riscv-iommu-demo/cva6/core/mmu_sv39x4/cva6_mmu_sv39x4.sv:683]
WARNING: [Synth 8-6014] Unused sequential element dtlb_gpte_q_reg[rsw] was removed.  [/home/jc/tmp/riscv-iommu-demo/cva6/core/mmu_sv39x4/cva6_mmu_sv39x4.sv:683]
WARNING: [Synth 8-6014] Unused sequential element dtlb_gpte_q_reg[a] was removed.  [/home/jc/tmp/riscv-iommu-demo/cva6/core/mmu_sv39x4/cva6_mmu_sv39x4.sv:683]
WARNING: [Synth 8-6014] Unused sequential element dtlb_gpte_q_reg[g] was removed.  [/home/jc/tmp/riscv-iommu-demo/cva6/core/mmu_sv39x4/cva6_mmu_sv39x4.sv:683]
WARNING: [Synth 8-6014] Unused sequential element dtlb_gpte_q_reg[x] was removed.  [/home/jc/tmp/riscv-iommu-demo/cva6/core/mmu_sv39x4/cva6_mmu_sv39x4.sv:683]
WARNING: [Synth 8-6014] Unused sequential element dtlb_gpte_q_reg[r] was removed.  [/home/jc/tmp/riscv-iommu-demo/cva6/core/mmu_sv39x4/cva6_mmu_sv39x4.sv:683]
WARNING: [Synth 8-6014] Unused sequential element dtlb_gpte_q_reg[v] was removed.  [/home/jc/tmp/riscv-iommu-demo/cva6/core/mmu_sv39x4/cva6_mmu_sv39x4.sv:683]
WARNING: [Synth 8-3848] Net req_port_o[data_wuser] in module/entity store_buffer does not have driver. [/home/jc/tmp/riscv-iommu-demo/cva6/core/store_buffer.sv:44]
WARNING: [Synth 8-6014] Unused sequential element read_pointer_q_reg was removed.  [/home/jc/tmp/riscv-iommu-demo/cva6/vendor/pulp-platform/common_cells/src/fifo_v3.sv:136]
WARNING: [Synth 8-3848] Net req_port_o[data_wuser] in module/entity load_unit does not have driver. [/home/jc/tmp/riscv-iommu-demo/cva6/core/load_unit.sv:48]
WARNING: [Synth 8-6014] Unused sequential element hgeie_q_reg was removed.  [/home/jc/tmp/riscv-iommu-demo/cva6/core/csr_regfile.sv:1866]
WARNING: [Synth 8-3848] Net ruser_aligned in module/entity sram does not have driver. [/home/jc/tmp/riscv-iommu-demo/cva6/common/local/util/sram.sv:50]
WARNING: [Synth 8-3848] Net ruser_aligned in module/entity sram__parameterized0 does not have driver. [/home/jc/tmp/riscv-iommu-demo/cva6/common/local/util/sram.sv:50]
WARNING: [Synth 8-6014] Unused sequential element mshr_q_reg[size] was removed.  [/home/jc/tmp/riscv-iommu-demo/cva6/core/cache_subsystem/wt_dcache_missunit.sv:343]
WARNING: [Synth 8-6014] Unused sequential element mshr_q_reg[vld_bits] was removed.  [/home/jc/tmp/riscv-iommu-demo/cva6/core/cache_subsystem/wt_dcache_missunit.sv:343]
WARNING: [Synth 8-6014] Unused sequential element mshr_q_reg[id] was removed.  [/home/jc/tmp/riscv-iommu-demo/cva6/core/cache_subsystem/wt_dcache_missunit.sv:343]
WARNING: [Synth 8-3936] Found unconnected internal register 'amo_user_reg' and it is trimmed from '64' to '1' bits. [/home/jc/tmp/riscv-iommu-demo/cva6/core/cache_subsystem/wt_dcache_missunit.sv:212]
WARNING: [Synth 8-3848] Net ruser_aligned in module/entity sram__parameterized1 does not have driver. [/home/jc/tmp/riscv-iommu-demo/cva6/common/local/util/sram.sv:50]
WARNING: [Synth 8-3848] Net rd_user_o in module/entity wt_dcache_mem does not have driver. [/home/jc/tmp/riscv-iommu-demo/cva6/core/cache_subsystem/wt_dcache_mem.sv:48]
WARNING: [Synth 8-3848] Net axi_resp_o[b][user] in module/entity axi_lite_interface does not have driver. [/home/jc/tmp/riscv-iommu-demo/cva6/corev_apu/clint/axi_lite_interface.sv:27]
WARNING: [Synth 8-3848] Net axi_resp_o[r][user] in module/entity axi_lite_interface does not have driver. [/home/jc/tmp/riscv-iommu-demo/cva6/corev_apu/clint/axi_lite_interface.sv:27]
WARNING: [Synth 8-6014] Unused sequential element ax_req_q_reg[size] was removed.  [/home/jc/tmp/riscv-iommu-demo/cva6/corev_apu/axi_mem_if/src/axi2mem.sv:289]
WARNING: [Synth 8-6014] Unused sequential element iFCR_DMAMode_reg was removed.  [/home/jc/tmp/riscv-iommu-demo/cva6/corev_apu/fpga/src/apb_uart/src/apb_uart.vhd:516]
WARNING: [Synth 8-6014] Unused sequential element ax_req_q_reg[size] was removed.  [/home/jc/tmp/riscv-iommu-demo/cva6/corev_apu/axi_mem_if/src/axi2mem.sv:289]
WARNING: [Synth 8-6014] Unused sequential element rgmii_tx_clk_rise_reg was removed.  [/home/jc/tmp/riscv-iommu-demo/cva6/corev_apu/fpga/src/ariane-ethernet/rgmii_phy_if.sv:118]
WARNING: [Synth 8-3848] Net tx_fifo_overflow in module/entity eth_mac_1g_rgmii_fifo does not have driver. [/home/jc/tmp/riscv-iommu-demo/cva6/corev_apu/fpga/src/ariane-ethernet/eth_mac_1g_rgmii_fifo.sv:95]
WARNING: [Synth 8-3848] Net tx_fifo_bad_frame in module/entity eth_mac_1g_rgmii_fifo does not have driver. [/home/jc/tmp/riscv-iommu-demo/cva6/corev_apu/fpga/src/ariane-ethernet/eth_mac_1g_rgmii_fifo.sv:96]
WARNING: [Synth 8-3848] Net tx_fifo_good_frame in module/entity eth_mac_1g_rgmii_fifo does not have driver. [/home/jc/tmp/riscv-iommu-demo/cva6/corev_apu/fpga/src/ariane-ethernet/eth_mac_1g_rgmii_fifo.sv:97]
WARNING: [Synth 8-3848] Net rx_fifo_overflow in module/entity eth_mac_1g_rgmii_fifo does not have driver. [/home/jc/tmp/riscv-iommu-demo/cva6/corev_apu/fpga/src/ariane-ethernet/eth_mac_1g_rgmii_fifo.sv:100]
WARNING: [Synth 8-3848] Net rx_fifo_bad_frame in module/entity eth_mac_1g_rgmii_fifo does not have driver. [/home/jc/tmp/riscv-iommu-demo/cva6/corev_apu/fpga/src/ariane-ethernet/eth_mac_1g_rgmii_fifo.sv:101]
WARNING: [Synth 8-3848] Net rx_fifo_good_frame in module/entity eth_mac_1g_rgmii_fifo does not have driver. [/home/jc/tmp/riscv-iommu-demo/cva6/corev_apu/fpga/src/ariane-ethernet/eth_mac_1g_rgmii_fifo.sv:102]
WARNING: [Synth 8-7137] Register gen_registered.m\.aw_id_reg in module rp_boundary_regs has both Set and reset with same priority. This may cause simulation mismatches. Consider rewriting code  [/home/jc/tmp/riscv-iommu-demo/dpr/src/rp_boundary_regs.sv:78]
WARNING: [Synth 8-7137] Register gen_registered.m\.aw_addr_reg in module rp_boundary_regs has both Set and reset with same priority. This may cause simulation mismatches. Consider rewriting code  [/home/jc/tmp/riscv-iommu-demo/dpr/src/rp_boundary_regs.sv:79]
WARNING: [Synth 8-7137] Register gen_registered.m\.aw_len_reg in module rp_boundary_regs has both Set and reset with same priority. This may cause simulation mismatches. Consider rewriting code  [/home/jc/tmp/riscv-iommu-demo/dpr/src/rp_boundary_regs.sv:80]
WARNING: [Synth 8-7137] Register gen_registered.m\.aw_size_reg in module rp_boundary_regs has both Set and reset with same priority. This may cause simulation mismatches. Consider rewriting code  [/home/jc/tmp/riscv-iommu-demo/dpr/src/rp_boundary_regs.sv:81]
WARNING: [Synth 8-7137] Register gen_registered.m\.aw_burst_reg in module rp_boundary_regs has both Set and reset with same priority. This may cause simulation mismatches. Consider rewriting code  [/home/jc/tmp/riscv-iommu-demo/dpr/src/rp_boundary_regs.sv:82]
WARNING: [Synth 8-7137] Register gen_registered.m\.aw_lock_reg in module rp_boundary_regs has both Set and reset with same priority. This may cause simulation mismatches. Consider rewriting code  [/home/jc/tmp/riscv-iommu-demo/dpr/src/rp_boundary_regs.sv:83]
WARNING: [Synth 8-7137] Register gen_registered.m\.aw_cache_reg in module rp_boundary_regs has both Set and reset with same priority. This may cause simulation mismatches. Consider rewriting code  [/home/jc/tmp/riscv-iommu-demo/dpr/src/rp_boundary_regs.sv:84]
WARNING: [Synth 8-7137] Register gen_registered.m\.aw_prot_reg in module rp_boundary_regs has both Set and reset with same priority. This may cause simulation mismatches. Consider rewriting code  [/home/jc/tmp/riscv-iommu-demo/dpr/src/rp_boundary_regs.sv:85]
WARNING: [Synth 8-7137] Register gen_registered.m\.aw_qos_reg in module rp_boundary_regs has both Set and reset with same priority. This may cause simulation mismatches. Consider rewriting code  [/home/jc/tmp/riscv-iommu-demo/dpr/src/rp_boundary_regs.sv:86]
WARNING: [Synth 8-7137] Register gen_registered.m\.aw_region_reg in module rp_boundary_regs has both Set and reset with same priority. This may cause simulation mismatches. Consider rewriting code  [/home/jc/tmp/riscv-iommu-demo/dpr/src/rp_boundary_regs.sv:87]
WARNING: [Synth 8-7137] Register gen_registered.m\.aw_atop_reg in module rp_boundary_regs has both Set and reset with same priority. This may cause simulation mismatches. Consider rewriting code  [/home/jc/tmp/riscv-iommu-demo/dpr/src/rp_boundary_regs.sv:88]
WARNING: [Synth 8-7137] Register gen_registered.m\.aw_user_reg in module rp_boundary_regs has both Set and reset with same priority. This may cause simulation mismatches. Consider rewriting code  [/home/jc/tmp/riscv-iommu-demo/dpr/src/rp_boundary_regs.sv:89]
WARNING: [Synth 8-7137] Register gen_registered.m\.ar_id_reg in module rp_boundary_regs has both Set and reset with same priority. This may cause simulation mismatches. Consider rewriting code  [/home/jc/tmp/riscv-iommu-demo/dpr/src/rp_boundary_regs.sv:99]
WARNING: [Synth 8-7137] Register gen_registered.m\.ar_addr_reg in module rp_boundary_regs has both Set and reset with same priority. This may cause simulation mismatches. Consider rewriting code  [/home/jc/tmp/riscv-iommu-demo/dpr/src/rp_boundary_regs.sv:100]
WARNING: [Synth 8-7137] Register gen_registered.m\.ar_len_reg in module rp_boundary_regs has both Set and reset with same priority. This may cause simulation mismatches. Consider rewriting code  [/home/jc/tmp/riscv-iommu-demo/dpr/src/rp_boundary_regs.sv:101]
WARNING: [Synth 8-7137] Register gen_registered.m\.ar_size_reg in module rp_boundary_regs has both Set and reset with same priority. This may cause simulation mismatches. Consider rewriting code  [/home/jc/tmp/riscv-iommu-demo/dpr/src/rp_boundary_regs.sv:102]
WARNING: [Synth 8-7137] Register gen_registered.m\.ar_burst_reg in module rp_boundary_regs has both Set and reset with same priority. This may cause simulation mismatches. Consider rewriting code  [/home/jc/tmp/riscv-iommu-demo/dpr/src/rp_boundary_regs.sv:103]
WARNING: [Synth 8-7137] Register gen_registered.m\.ar_lock_reg in module rp_boundary_regs has both Set and reset with same priority. This may cause simulation mismatches. Consider rewriting code  [/home/jc/tmp/riscv-iommu-demo/dpr/src/rp_boundary_regs.sv:104]
WARNING: [Synth 8-7137] Register gen_registered.m\.ar_cache_reg in module rp_boundary_regs has both Set and reset with same priority. This may cause simulation mismatches. Consider rewriting code  [/home/jc/tmp/riscv-iommu-demo/dpr/src/rp_boundary_regs.sv:105]
WARNING: [Synth 8-7137] Register gen_registered.m\.ar_prot_reg in module rp_boundary_regs has both Set and reset with same priority. This may cause simulation mismatches. Consider rewriting code  [/home/jc/tmp/riscv-iommu-demo/dpr/src/rp_boundary_regs.sv:106]
WARNING: [Synth 8-7137] Register gen_registered.m\.ar_qos_reg in module rp_boundary_regs has both Set and reset with same priority. This may cause simulation mismatches. Consider rewriting code  [/home/jc/tmp/riscv-iommu-demo/dpr/src/rp_boundary_regs.sv:107]
WARNING: [Synth 8-7137] Register gen_registered.m\.ar_region_reg in module rp_boundary_regs has both Set and reset with same priority. This may cause simulation mismatches. Consider rewriting code  [/home/jc/tmp/riscv-iommu-demo/dpr/src/rp_boundary_regs.sv:108]
WARNING: [Synth 8-7137] Register gen_registered.m\.ar_user_reg in module rp_boundary_regs has both Set and reset with same priority. This may cause simulation mismatches. Consider rewriting code  [/home/jc/tmp/riscv-iommu-demo/dpr/src/rp_boundary_regs.sv:109]
WARNING: [Synth 8-7137] Register gen_registered.m\.w_data_reg in module rp_boundary_regs has both Set and reset with same priority. This may cause simulation mismatches. Consider rewriting code  [/home/jc/tmp/riscv-iommu-demo/dpr/src/rp_boundary_regs.sv:119]
WARNING: [Synth 8-7137] Register gen_registered.m\.w_strb_reg in module rp_boundary_regs has both Set and reset with same priority. This may cause simulation mismatches. Consider rewriting code  [/home/jc/tmp/riscv-iommu-demo/dpr/src/rp_boundary_regs.sv:120]
WARNING: [Synth 8-7137] Register gen_registered.m\.w_last_reg in module rp_boundary_regs has both Set and reset with same priority. This may cause simulation mismatches. Consider rewriting code  [/home/jc/tmp/riscv-iommu-demo/dpr/src/rp_boundary_regs.sv:121]
WARNING: [Synth 8-7137] Register gen_registered.m\.w_user_reg in module rp_boundary_regs has both Set and reset with same priority. This may cause simulation mismatches. Consider rewriting code  [/home/jc/tmp/riscv-iommu-demo/dpr/src/rp_boundary_regs.sv:122]
WARNING: [Synth 8-7137] Register gen_registered.s\.b_id_reg in module rp_boundary_regs has both Set and reset with same priority. This may cause simulation mismatches. Consider rewriting code  [/home/jc/tmp/riscv-iommu-demo/dpr/src/rp_boundary_regs.sv:132]
WARNING: [Synth 8-7137] Register gen_registered.s\.b_resp_reg in module rp_boundary_regs has both Set and reset with same priority. This may cause simulation mismatches. Consider rewriting code  [/home/jc/tmp/riscv-iommu-demo/dpr/src/rp_boundary_regs.sv:133]
WARNING: [Synth 8-7137] Register gen_registered.s\.b_user_reg in module rp_boundary_regs has both Set and reset with same priority. This may cause simulation mismatches. Consider rewriting code  [/home/jc/tmp/riscv-iommu-demo/dpr/src/rp_boundary_regs.sv:134]
WARNING: [Synth 8-7137] Register gen_registered.s\.r_id_reg in module rp_boundary_regs has both Set and reset with same priority. This may cause simulation mismatches. Consider rewriting code  [/home/jc/tmp/riscv-iommu-demo/dpr/src/rp_boundary_regs.sv:144]
WARNING: [Synth 8-7137] Register gen_registered.s\.r_data_reg in module rp_boundary_regs has both Set and reset with same priority. This may cause simulation mismatches. Consider rewriting code  [/home/jc/tmp/riscv-iommu-demo/dpr/src/rp_boundary_regs.sv:145]
WARNING: [Synth 8-7137] Register gen_registered.s\.r_resp_reg in module rp_boundary_regs has both Set and reset with same priority. This may cause simulation mismatches. Consider rewriting code  [/home/jc/tmp/riscv-iommu-demo/dpr/src/rp_boundary_regs.sv:146]
WARNING: [Synth 8-7137] Register gen_registered.s\.r_last_reg in module rp_boundary_regs has both Set and reset with same priority. This may cause simulation mismatches. Consider rewriting code  [/home/jc/tmp/riscv-iommu-demo/dpr/src/rp_boundary_regs.sv:147]
WARNING: [Synth 8-7137] Register gen_registered.s\.r_user_reg in module rp_boundary_regs has both Set and reset with same priority. This may cause simulation mismatches. Consider rewriting code  [/home/jc/tmp/riscv-iommu-demo/dpr/src/rp_boundary_regs.sv:148]
WARNING: [Synth 8-7137] Register gen_registered.m\.aw_id_reg in module rp_boundary_regs_mmu has both Set and reset with same priority. This may cause simulation mismatches. Consider rewriting code  [/home/jc/tmp/riscv-iommu-demo/dpr/src/rp_boundary_regs_mmu.sv:93]
WARNING: [Synth 8-7137] Register gen_registered.m\.aw_addr_reg in module rp_boundary_regs_mmu has both Set and reset with same priority. This may cause simulation mismatches. Consider rewriting code  [/home/jc/tmp/riscv-iommu-demo/dpr/src/rp_boundary_regs_mmu.sv:94]
WARNING: [Synth 8-7137] Register gen_registered.m\.aw_len_reg in module rp_boundary_regs_mmu has both Set and reset with same priority. This may cause simulation mismatches. Consider rewriting code  [/home/jc/tmp/riscv-iommu-demo/dpr/src/rp_boundary_regs_mmu.sv:95]
WARNING: [Synth 8-7137] Register gen_registered.m\.aw_size_reg in module rp_boundary_regs_mmu has both Set and reset with same priority. This may cause simulation mismatches. Consider rewriting code  [/home/jc/tmp/riscv-iommu-demo/dpr/src/rp_boundary_regs_mmu.sv:96]
WARNING: [Synth 8-7137] Register gen_registered.m\.aw_burst_reg in module rp_boundary_regs_mmu has both Set and reset with same priority. This may cause simulation mismatches. Consider rewriting code  [/home/jc/tmp/riscv-iommu-demo/dpr/src/rp_boundary_regs_mmu.sv:97]
WARNING: [Synth 8-7137] Register gen_registered.m\.aw_lock_reg in module rp_boundary_regs_mmu has both Set and reset with same priority. This may cause simulation mismatches. Consider rewriting code  [/home/jc/tmp/riscv-iommu-demo/dpr/src/rp_boundary_regs_mmu.sv:98]
WARNING: [Synth 8-7137] Register gen_registered.m\.aw_cache_reg in module rp_boundary_regs_mmu has both Set and reset with same priority. This may cause simulation mismatches. Consider rewriting code  [/home/jc/tmp/riscv-iommu-demo/dpr/src/rp_boundary_regs_mmu.sv:99]
WARNING: [Synth 8-7137] Register gen_registered.m\.aw_prot_reg in module rp_boundary_regs_mmu has both Set and reset with same priority. This may cause simulation mismatches. Consider rewriting code  [/home/jc/tmp/riscv-iommu-demo/dpr/src/rp_boundary_regs_mmu.sv:100]
WARNING: [Synth 8-7137] Register gen_registered.m\.aw_qos_reg in module rp_boundary_regs_mmu has both Set and reset with same priority. This may cause simulation mismatches. Consider rewriting code  [/home/jc/tmp/riscv-iommu-demo/dpr/src/rp_boundary_regs_mmu.sv:101]
WARNING: [Synth 8-7137] Register gen_registered.m\.aw_atop_reg in module rp_boundary_regs_mmu has both Set and reset with same priority. This may cause simulation mismatches. Consider rewriting code  [/home/jc/tmp/riscv-iommu-demo/dpr/src/rp_boundary_regs_mmu.sv:102]
WARNING: [Synth 8-7137] Register gen_registered.m\.aw_region_reg in module rp_boundary_regs_mmu has both Set and reset with same priority. This may cause simulation mismatches. Consider rewriting code  [/home/jc/tmp/riscv-iommu-demo/dpr/src/rp_boundary_regs_mmu.sv:103]
WARNING: [Synth 8-7137] Register gen_registered.m\.aw_user_reg in module rp_boundary_regs_mmu has both Set and reset with same priority. This may cause simulation mismatches. Consider rewriting code  [/home/jc/tmp/riscv-iommu-demo/dpr/src/rp_boundary_regs_mmu.sv:104]
WARNING: [Synth 8-7137] Register gen_registered.m\.aw_stream_id_reg in module rp_boundary_regs_mmu has both Set and reset with same priority. This may cause simulation mismatches. Consider rewriting code  [/home/jc/tmp/riscv-iommu-demo/dpr/src/rp_boundary_regs_mmu.sv:105]
WARNING: [Synth 8-7137] Register gen_registered.m\.aw_ss_id_valid_reg in module rp_boundary_regs_mmu has both Set and reset with same priority. This may cause simulation mismatches. Consider rewriting code  [/home/jc/tmp/riscv-iommu-demo/dpr/src/rp_boundary_regs_mmu.sv:106]
WARNING: [Synth 8-7137] Register gen_registered.m\.aw_substream_id_reg in module rp_boundary_regs_mmu has both Set and reset with same priority. This may cause simulation mismatches. Consider rewriting code  [/home/jc/tmp/riscv-iommu-demo/dpr/src/rp_boundary_regs_mmu.sv:107]
WARNING: [Synth 8-7137] Register gen_registered.m\.ar_id_reg in module rp_boundary_regs_mmu has both Set and reset with same priority. This may cause simulation mismatches. Consider rewriting code  [/home/jc/tmp/riscv-iommu-demo/dpr/src/rp_boundary_regs_mmu.sv:118]
WARNING: [Synth 8-7137] Register gen_registered.m\.ar_addr_reg in module rp_boundary_regs_mmu has both Set and reset with same priority. This may cause simulation mismatches. Consider rewriting code  [/home/jc/tmp/riscv-iommu-demo/dpr/src/rp_boundary_regs_mmu.sv:119]
WARNING: [Synth 8-7137] Register gen_registered.m\.ar_len_reg in module rp_boundary_regs_mmu has both Set and reset with same priority. This may cause simulation mismatches. Consider rewriting code  [/home/jc/tmp/riscv-iommu-demo/dpr/src/rp_boundary_regs_mmu.sv:120]
WARNING: [Synth 8-7137] Register gen_registered.m\.ar_size_reg in module rp_boundary_regs_mmu has both Set and reset with same priority. This may cause simulation mismatches. Consider rewriting code  [/home/jc/tmp/riscv-iommu-demo/dpr/src/rp_boundary_regs_mmu.sv:121]
WARNING: [Synth 8-7137] Register gen_registered.m\.ar_burst_reg in module rp_boundary_regs_mmu has both Set and reset with same priority. This may cause simulation mismatches. Consider rewriting code  [/home/jc/tmp/riscv-iommu-demo/dpr/src/rp_boundary_regs_mmu.sv:122]
WARNING: [Synth 8-7137] Register gen_registered.m\.ar_lock_reg in module rp_boundary_regs_mmu has both Set and reset with same priority. This may cause simulation mismatches. Consider rewriting code  [/home/jc/tmp/riscv-iommu-demo/dpr/src/rp_boundary_regs_mmu.sv:123]
WARNING: [Synth 8-7137] Register gen_registered.m\.ar_cache_reg in module rp_boundary_regs_mmu has both Set and reset with same priority. This may cause simulation mismatches. Consider rewriting code  [/home/jc/tmp/riscv-iommu-demo/dpr/src/rp_boundary_regs_mmu.sv:124]
WARNING: [Synth 8-7137] Register gen_registered.m\.ar_prot_reg in module rp_boundary_regs_mmu has both Set and reset with same priority. This may cause simulation mismatches. Consider rewriting code  [/home/jc/tmp/riscv-iommu-demo/dpr/src/rp_boundary_regs_mmu.sv:125]
WARNING: [Synth 8-7137] Register gen_registered.m\.ar_qos_reg in module rp_boundary_regs_mmu has both Set and reset with same priority. This may cause simulation mismatches. Consider rewriting code  [/home/jc/tmp/riscv-iommu-demo/dpr/src/rp_boundary_regs_mmu.sv:126]
WARNING: [Synth 8-7137] Register gen_registered.m\.ar_region_reg in module rp_boundary_regs_mmu has both Set and reset with same priority. This may cause simulation mismatches. Consider rewriting code  [/home/jc/tmp/riscv-iommu-demo/dpr/src/rp_boundary_regs_mmu.sv:127]
WARNING: [Synth 8-7137] Register gen_registered.m\.ar_user_reg in module rp_boundary_regs_mmu has both Set and reset with same priority. This may cause simulation mismatches. Consider rewriting code  [/home/jc/tmp/riscv-iommu-demo/dpr/src/rp_boundary_regs_mmu.sv:128]
WARNING: [Synth 8-7137] Register gen_registered.m\.ar_stream_id_reg in module rp_boundary_regs_mmu has both Set and reset with same priority. This may cause simulation mismatches. Consider rewriting code  [/home/jc/tmp/riscv-iommu-demo/dpr/src/rp_boundary_regs_mmu.sv:129]
WARNING: [Synth 8-7137] Register gen_registered.m\.ar_ss_id_valid_reg in module rp_boundary_regs_mmu has both Set and reset with same priority. This may cause simulation mismatches. Consider rewriting code  [/home/jc/tmp/riscv-iommu-demo/dpr/src/rp_boundary_regs_mmu.sv:130]
WARNING: [Synth 8-7137] Register gen_registered.m\.ar_substream_id_reg in module rp_boundary_regs_mmu has both Set and reset with same priority. This may cause simulation mismatches. Consider rewriting code  [/home/jc/tmp/riscv-iommu-demo/dpr/src/rp_boundary_regs_mmu.sv:131]
WARNING: [Synth 8-7137] Register gen_registered.m\.w_data_reg in module rp_boundary_regs_mmu has both Set and reset with same priority. This may cause simulation mismatches. Consider rewriting code  [/home/jc/tmp/riscv-iommu-demo/dpr/src/rp_boundary_regs_mmu.sv:142]
WARNING: [Synth 8-7137] Register gen_registered.m\.w_strb_reg in module rp_boundary_regs_mmu has both Set and reset with same priority. This may cause simulation mismatches. Consider rewriting code  [/home/jc/tmp/riscv-iommu-demo/dpr/src/rp_boundary_regs_mmu.sv:143]
WARNING: [Synth 8-7137] Register gen_registered.m\.w_last_reg in module rp_boundary_regs_mmu has both Set and reset with same priority. This may cause simulation mismatches. Consider rewriting code  [/home/jc/tmp/riscv-iommu-demo/dpr/src/rp_boundary_regs_mmu.sv:144]
WARNING: [Synth 8-7137] Register gen_registered.m\.w_user_reg in module rp_boundary_regs_mmu has both Set and reset with same priority. This may cause simulation mismatches. Consider rewriting code  [/home/jc/tmp/riscv-iommu-demo/dpr/src/rp_boundary_regs_mmu.sv:145]
WARNING: [Synth 8-7137] Register gen_registered.s\.b_id_reg in module rp_boundary_regs_mmu has both Set and reset with same priority. This may cause simulation mismatches. Consider rewriting code  [/home/jc/tmp/riscv-iommu-demo/dpr/src/rp_boundary_regs_mmu.sv:156]
WARNING: [Synth 8-7137] Register gen_registered.s\.b_resp_reg in module rp_boundary_regs_mmu has both Set and reset with same priority. This may cause simulation mismatches. Consider rewriting code  [/home/jc/tmp/riscv-iommu-demo/dpr/src/rp_boundary_regs_mmu.sv:157]
WARNING: [Synth 8-7137] Register gen_registered.s\.b_user_reg in module rp_boundary_regs_mmu has both Set and reset with same priority. This may cause simulation mismatches. Consider rewriting code  [/home/jc/tmp/riscv-iommu-demo/dpr/src/rp_boundary_regs_mmu.sv:158]
WARNING: [Synth 8-7137] Register gen_registered.s\.r_id_reg in module rp_boundary_regs_mmu has both Set and reset with same priority. This may cause simulation mismatches. Consider rewriting code  [/home/jc/tmp/riscv-iommu-demo/dpr/src/rp_boundary_regs_mmu.sv:169]
WARNING: [Synth 8-7137] Register gen_registered.s\.r_data_reg in module rp_boundary_regs_mmu has both Set and reset with same priority. This may cause simulation mismatches. Consider rewriting code  [/home/jc/tmp/riscv-iommu-demo/dpr/src/rp_boundary_regs_mmu.sv:170]
WARNING: [Synth 8-7137] Register gen_registered.s\.r_resp_reg in module rp_boundary_regs_mmu has both Set and reset with same priority. This may cause simulation mismatches. Consider rewriting code  [/home/jc/tmp/riscv-iommu-demo/dpr/src/rp_boundary_regs_mmu.sv:171]
WARNING: [Synth 8-7137] Register gen_registered.s\.r_last_reg in module rp_boundary_regs_mmu has both Set and reset with same priority. This may cause simulation mismatches. Consider rewriting code  [/home/jc/tmp/riscv-iommu-demo/dpr/src/rp_boundary_regs_mmu.sv:172]
WARNING: [Synth 8-7137] Register gen_registered.s\.r_user_reg in module rp_boundary_regs_mmu has both Set and reset with same priority. This may cause simulation mismatches. Consider rewriting code  [/home/jc/tmp/riscv-iommu-demo/dpr/src/rp_boundary_regs_mmu.sv:173]
WARNING: [Synth 8-6014] Unused sequential element aw_prev_reg was removed.  [/home/jc/tmp/riscv-iommu-demo/cva6/corev_apu/fpga/src/armor/SRC/request_flow_monitor.sv:37]
WARNING: [Synth 8-6014] Unused sequential element ar_prev_reg was removed.  [/home/jc/tmp/riscv-iommu-demo/cva6/corev_apu/fpga/src/armor/SRC/request_flow_monitor.sv:38]
WARNING: [Synth 8-7137] Register aw_id_prev_reg in module request_flow_monitor has both Set and reset with same priority. This may cause simulation mismatches. Consider rewriting code  [/home/jc/tmp/riscv-iommu-demo/cva6/corev_apu/fpga/src/armor/SRC/request_flow_monitor.sv:47]
WARNING: [Synth 8-7137] Register ar_id_prev_reg in module request_flow_monitor has both Set and reset with same priority. This may cause simulation mismatches. Consider rewriting code  [/home/jc/tmp/riscv-iommu-demo/cva6/corev_apu/fpga/src/armor/SRC/request_flow_monitor.sv:51]
WARNING: [Synth 8-3848] Net resp_CPU_Wrapper_o[aw_ready] in module/entity wrapper does not have driver. [/home/jc/tmp/riscv-iommu-demo/cva6/corev_apu/fpga/src/armor/SRC/wrapper.sv:63]
WARNING: [Synth 8-3848] Net resp_CPU_Wrapper_o[ar_ready] in module/entity wrapper does not have driver. [/home/jc/tmp/riscv-iommu-demo/cva6/corev_apu/fpga/src/armor/SRC/wrapper.sv:63]
WARNING: [Synth 8-3848] Net resp_CPU_Wrapper_o[w_ready] in module/entity wrapper does not have driver. [/home/jc/tmp/riscv-iommu-demo/cva6/corev_apu/fpga/src/armor/SRC/wrapper.sv:63]
WARNING: [Synth 8-3848] Net resp_CPU_Wrapper_o[b_valid] in module/entity wrapper does not have driver. [/home/jc/tmp/riscv-iommu-demo/cva6/corev_apu/fpga/src/armor/SRC/wrapper.sv:63]
WARNING: [Synth 8-3848] Net resp_CPU_Wrapper_o[b][id] in module/entity wrapper does not have driver. [/home/jc/tmp/riscv-iommu-demo/cva6/corev_apu/fpga/src/armor/SRC/wrapper.sv:63]
WARNING: [Synth 8-3848] Net resp_CPU_Wrapper_o[b][resp] in module/entity wrapper does not have driver. [/home/jc/tmp/riscv-iommu-demo/cva6/corev_apu/fpga/src/armor/SRC/wrapper.sv:63]
WARNING: [Synth 8-3848] Net resp_CPU_Wrapper_o[b][user] in module/entity wrapper does not have driver. [/home/jc/tmp/riscv-iommu-demo/cva6/corev_apu/fpga/src/armor/SRC/wrapper.sv:63]
WARNING: [Synth 8-3848] Net resp_CPU_Wrapper_o[r_valid] in module/entity wrapper does not have driver. [/home/jc/tmp/riscv-iommu-demo/cva6/corev_apu/fpga/src/armor/SRC/wrapper.sv:63]
WARNING: [Synth 8-3848] Net resp_CPU_Wrapper_o[r][id] in module/entity wrapper does not have driver. [/home/jc/tmp/riscv-iommu-demo/cva6/corev_apu/fpga/src/armor/SRC/wrapper.sv:63]
WARNING: [Synth 8-3848] Net resp_CPU_Wrapper_o[r][data] in module/entity wrapper does not have driver. [/home/jc/tmp/riscv-iommu-demo/cva6/corev_apu/fpga/src/armor/SRC/wrapper.sv:63]
WARNING: [Synth 8-3848] Net resp_CPU_Wrapper_o[r][resp] in module/entity wrapper does not have driver. [/home/jc/tmp/riscv-iommu-demo/cva6/corev_apu/fpga/src/armor/SRC/wrapper.sv:63]
WARNING: [Synth 8-3848] Net resp_CPU_Wrapper_o[r][last] in module/entity wrapper does not have driver. [/home/jc/tmp/riscv-iommu-demo/cva6/corev_apu/fpga/src/armor/SRC/wrapper.sv:63]
WARNING: [Synth 8-3848] Net resp_CPU_Wrapper_o[r][user] in module/entity wrapper does not have driver. [/home/jc/tmp/riscv-iommu-demo/cva6/corev_apu/fpga/src/armor/SRC/wrapper.sv:63]
WARNING: [Synth 8-3848] Net fixed_ID_reg in module/entity wrapper does not have driver. [/home/jc/tmp/riscv-iommu-demo/cva6/corev_apu/fpga/src/armor/SRC/wrapper.sv:76]
WARNING: [Synth 8-3848] Net msi_address_config in module/entity wrapper does not have driver. [/home/jc/tmp/riscv-iommu-demo/cva6/corev_apu/fpga/src/armor/SRC/wrapper.sv:90]
WARNING: [Synth 8-7137] Register gen_registered.m\.aw_id_reg in module rp_boundary_regs__parameterized0 has both Set and reset with same priority. This may cause simulation mismatches. Consider rewriting code  [/home/jc/tmp/riscv-iommu-demo/dpr/src/rp_boundary_regs.sv:78]
WARNING: [Synth 8-7137] Register gen_registered.m\.aw_addr_reg in module rp_boundary_regs__parameterized0 has both Set and reset with same priority. This may cause simulation mismatches. Consider rewriting code  [/home/jc/tmp/riscv-iommu-demo/dpr/src/rp_boundary_regs.sv:79]
WARNING: [Synth 8-7137] Register gen_registered.m\.aw_len_reg in module rp_boundary_regs__parameterized0 has both Set and reset with same priority. This may cause simulation mismatches. Consider rewriting code  [/home/jc/tmp/riscv-iommu-demo/dpr/src/rp_boundary_regs.sv:80]
WARNING: [Synth 8-7137] Register gen_registered.m\.aw_size_reg in module rp_boundary_regs__parameterized0 has both Set and reset with same priority. This may cause simulation mismatches. Consider rewriting code  [/home/jc/tmp/riscv-iommu-demo/dpr/src/rp_boundary_regs.sv:81]
WARNING: [Synth 8-7137] Register gen_registered.m\.aw_burst_reg in module rp_boundary_regs__parameterized0 has both Set and reset with same priority. This may cause simulation mismatches. Consider rewriting code  [/home/jc/tmp/riscv-iommu-demo/dpr/src/rp_boundary_regs.sv:82]
WARNING: [Synth 8-7137] Register gen_registered.m\.aw_lock_reg in module rp_boundary_regs__parameterized0 has both Set and reset with same priority. This may cause simulation mismatches. Consider rewriting code  [/home/jc/tmp/riscv-iommu-demo/dpr/src/rp_boundary_regs.sv:83]
WARNING: [Synth 8-7137] Register gen_registered.m\.aw_cache_reg in module rp_boundary_regs__parameterized0 has both Set and reset with same priority. This may cause simulation mismatches. Consider rewriting code  [/home/jc/tmp/riscv-iommu-demo/dpr/src/rp_boundary_regs.sv:84]
WARNING: [Synth 8-7137] Register gen_registered.m\.aw_prot_reg in module rp_boundary_regs__parameterized0 has both Set and reset with same priority. This may cause simulation mismatches. Consider rewriting code  [/home/jc/tmp/riscv-iommu-demo/dpr/src/rp_boundary_regs.sv:85]
WARNING: [Synth 8-7137] Register gen_registered.m\.aw_qos_reg in module rp_boundary_regs__parameterized0 has both Set and reset with same priority. This may cause simulation mismatches. Consider rewriting code  [/home/jc/tmp/riscv-iommu-demo/dpr/src/rp_boundary_regs.sv:86]
WARNING: [Synth 8-7137] Register gen_registered.m\.aw_region_reg in module rp_boundary_regs__parameterized0 has both Set and reset with same priority. This may cause simulation mismatches. Consider rewriting code  [/home/jc/tmp/riscv-iommu-demo/dpr/src/rp_boundary_regs.sv:87]
WARNING: [Synth 8-7137] Register gen_registered.m\.aw_atop_reg in module rp_boundary_regs__parameterized0 has both Set and reset with same priority. This may cause simulation mismatches. Consider rewriting code  [/home/jc/tmp/riscv-iommu-demo/dpr/src/rp_boundary_regs.sv:88]
WARNING: [Synth 8-7137] Register gen_registered.m\.aw_user_reg in module rp_boundary_regs__parameterized0 has both Set and reset with same priority. This may cause simulation mismatches. Consider rewriting code  [/home/jc/tmp/riscv-iommu-demo/dpr/src/rp_boundary_regs.sv:89]
WARNING: [Synth 8-7137] Register gen_registered.m\.ar_id_reg in module rp_boundary_regs__parameterized0 has both Set and reset with same priority. This may cause simulation mismatches. Consider rewriting code  [/home/jc/tmp/riscv-iommu-demo/dpr/src/rp_boundary_regs.sv:99]
WARNING: [Synth 8-7137] Register gen_registered.m\.ar_addr_reg in module rp_boundary_regs__parameterized0 has both Set and reset with same priority. This may cause simulation mismatches. Consider rewriting code  [/home/jc/tmp/riscv-iommu-demo/dpr/src/rp_boundary_regs.sv:100]
WARNING: [Synth 8-7137] Register gen_registered.m\.ar_len_reg in module rp_boundary_regs__parameterized0 has both Set and reset with same priority. This may cause simulation mismatches. Consider rewriting code  [/home/jc/tmp/riscv-iommu-demo/dpr/src/rp_boundary_regs.sv:101]
WARNING: [Synth 8-7137] Register gen_registered.m\.ar_size_reg in module rp_boundary_regs__parameterized0 has both Set and reset with same priority. This may cause simulation mismatches. Consider rewriting code  [/home/jc/tmp/riscv-iommu-demo/dpr/src/rp_boundary_regs.sv:102]
WARNING: [Synth 8-7137] Register gen_registered.m\.ar_burst_reg in module rp_boundary_regs__parameterized0 has both Set and reset with same priority. This may cause simulation mismatches. Consider rewriting code  [/home/jc/tmp/riscv-iommu-demo/dpr/src/rp_boundary_regs.sv:103]
WARNING: [Synth 8-7137] Register gen_registered.m\.ar_lock_reg in module rp_boundary_regs__parameterized0 has both Set and reset with same priority. This may cause simulation mismatches. Consider rewriting code  [/home/jc/tmp/riscv-iommu-demo/dpr/src/rp_boundary_regs.sv:104]
WARNING: [Synth 8-7137] Register gen_registered.m\.ar_cache_reg in module rp_boundary_regs__parameterized0 has both Set and reset with same priority. This may cause simulation mismatches. Consider rewriting code  [/home/jc/tmp/riscv-iommu-demo/dpr/src/rp_boundary_regs.sv:105]
WARNING: [Synth 8-7137] Register gen_registered.m\.ar_prot_reg in module rp_boundary_regs__parameterized0 has both Set and reset with same priority. This may cause simulation mismatches. Consider rewriting code  [/home/jc/tmp/riscv-iommu-demo/dpr/src/rp_boundary_regs.sv:106]
WARNING: [Synth 8-7137] Register gen_registered.m\.ar_qos_reg in module rp_boundary_regs__parameterized0 has both Set and reset with same priority. This may cause simulation mismatches. Consider rewriting code  [/home/jc/tmp/riscv-iommu-demo/dpr/src/rp_boundary_regs.sv:107]
WARNING: [Synth 8-7137] Register gen_registered.m\.ar_region_reg in module rp_boundary_regs__parameterized0 has both Set and reset with same priority. This may cause simulation mismatches. Consider rewriting code  [/home/jc/tmp/riscv-iommu-demo/dpr/src/rp_boundary_regs.sv:108]
INFO: [Common 17-14] Message 'Synth 8-7137' appears 100 times and further instances of the messages will be disabled. Use the Tcl command set_msg_config to change the current settings.
WARNING: [Synth 8-3848] Net reg2hw[tr_req_ctl][nw][q] in module/entity rv_iommu_regmap does not have driver. [/home/jc/tmp/riscv-iommu-demo/cva6/corev_apu/rv_iommu/rtl/software_interface/regmap/rv_iommu_regmap.sv:51]
WARNING: [Synth 8-6014] Unused sequential element read_pointer_q_reg was removed.  [/home/jc/tmp/riscv-iommu-demo/cva6/vendor/pulp-platform/common_cells/src/fifo_v3.sv:136]
WARNING: [Synth 8-6014] Unused sequential element read_pointer_q_reg was removed.  [/home/jc/tmp/riscv-iommu-demo/cva6/vendor/pulp-platform/common_cells/src/fifo_v3.sv:136]
WARNING: [Synth 8-87] always_comb on 'ip_re_o_reg' did not result in combinational logic [/home/jc/tmp/riscv-iommu-demo/cva6/corev_apu/rv_plic/rtl/plic_regmap.sv:325]
CRITICAL WARNING: [Synth 8-6859] multi-driven net on pin /home/jc/tmp/riscv-iommu-demo/cva6/corev_apu/fpga/src/ariane_peripherals_xilinx.sv-159.6 with 1st driver pin 'ariane_peripherals:/gen_iommu.i_riscv_iommu/wsi_wires_o[3]' [/home/jc/tmp/riscv-iommu-demo/cva6/corev_apu/fpga/src/ariane_peripherals_xilinx.sv:159]
CRITICAL WARNING: [Synth 8-6859] multi-driven net on pin /home/jc/tmp/riscv-iommu-demo/cva6/corev_apu/fpga/src/ariane_peripherals_xilinx.sv-159.6 with 2nd driver pin 'GND' [/home/jc/tmp/riscv-iommu-demo/cva6/corev_apu/fpga/src/ariane_peripherals_xilinx.sv:159]
CRITICAL WARNING: [Synth 8-6858] multi-driven net /home/jc/tmp/riscv-iommu-demo/cva6/corev_apu/fpga/src/ariane_peripherals_xilinx.sv-159.6 is connected to at least one constant driver which has been preserved, other driver is ignored [/home/jc/tmp/riscv-iommu-demo/cva6/corev_apu/fpga/src/ariane_peripherals_xilinx.sv:159]
WARNING: [Synth 8-3848] Net gen_ethernet.eth_int_n in module/entity ariane_peripherals does not have driver. [/home/jc/tmp/riscv-iommu-demo/cva6/corev_apu/fpga/src/ariane_peripherals_xilinx.sv:320]
WARNING: [Synth 8-3848] Net gen_ethernet.eth_pme_n in module/entity ariane_peripherals does not have driver. [/home/jc/tmp/riscv-iommu-demo/cva6/corev_apu/fpga/src/ariane_peripherals_xilinx.sv:320]
WARNING: [Synth 8-3848] Net master\.aw_ready in module/entity ariane_xilinx does not have driver. [/home/jc/tmp/riscv-iommu-demo/cva6/corev_apu/fpga/src/armor/SRC/axi_intf.sv:49]
WARNING: [Synth 8-3848] Net master\.w_ready in module/entity ariane_xilinx does not have driver. [/home/jc/tmp/riscv-iommu-demo/cva6/corev_apu/fpga/src/armor/SRC/axi_intf.sv:56]
WARNING: [Synth 8-3848] Net master\.b_id in module/entity ariane_xilinx does not have driver. [/home/jc/tmp/riscv-iommu-demo/cva6/corev_apu/fpga/src/armor/SRC/axi_intf.sv:58]
WARNING: [Synth 8-3848] Net master\.b_resp in module/entity ariane_xilinx does not have driver. [/home/jc/tmp/riscv-iommu-demo/cva6/corev_apu/fpga/src/armor/SRC/axi_intf.sv:59]
WARNING: [Synth 8-3848] Net master\.b_user in module/entity ariane_xilinx does not have driver. [/home/jc/tmp/riscv-iommu-demo/cva6/corev_apu/fpga/src/armor/SRC/axi_intf.sv:60]
WARNING: [Synth 8-3848] Net master\.b_valid in module/entity ariane_xilinx does not have driver. [/home/jc/tmp/riscv-iommu-demo/cva6/corev_apu/fpga/src/armor/SRC/axi_intf.sv:61]
WARNING: [Synth 8-3848] Net master\.ar_ready in module/entity ariane_xilinx does not have driver. [/home/jc/tmp/riscv-iommu-demo/cva6/corev_apu/fpga/src/armor/SRC/axi_intf.sv:76]
WARNING: [Synth 8-3848] Net master\.r_id in module/entity ariane_xilinx does not have driver. [/home/jc/tmp/riscv-iommu-demo/cva6/corev_apu/fpga/src/armor/SRC/axi_intf.sv:78]
WARNING: [Synth 8-3848] Net master\.r_data in module/entity ariane_xilinx does not have driver. [/home/jc/tmp/riscv-iommu-demo/cva6/corev_apu/fpga/src/armor/SRC/axi_intf.sv:79]
WARNING: [Synth 8-3848] Net master\.r_resp in module/entity ariane_xilinx does not have driver. [/home/jc/tmp/riscv-iommu-demo/cva6/corev_apu/fpga/src/armor/SRC/axi_intf.sv:80]
WARNING: [Synth 8-3848] Net master\.r_last in module/entity ariane_xilinx does not have driver. [/home/jc/tmp/riscv-iommu-demo/cva6/corev_apu/fpga/src/armor/SRC/axi_intf.sv:81]
WARNING: [Synth 8-3848] Net master\.r_user in module/entity ariane_xilinx does not have driver. [/home/jc/tmp/riscv-iommu-demo/cva6/corev_apu/fpga/src/armor/SRC/axi_intf.sv:82]
WARNING: [Synth 8-3848] Net master\.r_valid in module/entity ariane_xilinx does not have driver. [/home/jc/tmp/riscv-iommu-demo/cva6/corev_apu/fpga/src/armor/SRC/axi_intf.sv:83]
WARNING: [Synth 8-3848] Net master_to_dm\.aw_id in module/entity ariane_xilinx does not have driver. [/home/jc/tmp/riscv-iommu-demo/cva6/corev_apu/fpga/src/armor/SRC/axi_intf.sv:36]
WARNING: [Synth 8-3848] Net master_to_dm\.aw_addr in module/entity ariane_xilinx does not have driver. [/home/jc/tmp/riscv-iommu-demo/cva6/corev_apu/fpga/src/armor/SRC/axi_intf.sv:37]
WARNING: [Synth 8-3848] Net master_to_dm\.aw_len in module/entity ariane_xilinx does not have driver. [/home/jc/tmp/riscv-iommu-demo/cva6/corev_apu/fpga/src/armor/SRC/axi_intf.sv:38]
WARNING: [Synth 8-3848] Net master_to_dm\.aw_size in module/entity ariane_xilinx does not have driver. [/home/jc/tmp/riscv-iommu-demo/cva6/corev_apu/fpga/src/armor/SRC/axi_intf.sv:39]
WARNING: [Synth 8-3848] Net master_to_dm\.aw_burst in module/entity ariane_xilinx does not have driver. [/home/jc/tmp/riscv-iommu-demo/cva6/corev_apu/fpga/src/armor/SRC/axi_intf.sv:40]
WARNING: [Synth 8-3848] Net master_to_dm\.aw_lock in module/entity ariane_xilinx does not have driver. [/home/jc/tmp/riscv-iommu-demo/cva6/corev_apu/fpga/src/armor/SRC/axi_intf.sv:41]
WARNING: [Synth 8-3848] Net master_to_dm\.aw_cache in module/entity ariane_xilinx does not have driver. [/home/jc/tmp/riscv-iommu-demo/cva6/corev_apu/fpga/src/armor/SRC/axi_intf.sv:42]
WARNING: [Synth 8-3848] Net master_to_dm\.aw_prot in module/entity ariane_xilinx does not have driver. [/home/jc/tmp/riscv-iommu-demo/cva6/corev_apu/fpga/src/armor/SRC/axi_intf.sv:43]
WARNING: [Synth 8-3848] Net master_to_dm\.aw_qos in module/entity ariane_xilinx does not have driver. [/home/jc/tmp/riscv-iommu-demo/cva6/corev_apu/fpga/src/armor/SRC/axi_intf.sv:44]
WARNING: [Synth 8-3848] Net master_to_dm\.aw_region in module/entity ariane_xilinx does not have driver. [/home/jc/tmp/riscv-iommu-demo/cva6/corev_apu/fpga/src/armor/SRC/axi_intf.sv:45]
WARNING: [Synth 8-3848] Net master_to_dm\.aw_atop in module/entity ariane_xilinx does not have driver. [/home/jc/tmp/riscv-iommu-demo/cva6/corev_apu/fpga/src/armor/SRC/axi_intf.sv:46]
WARNING: [Synth 8-3848] Net master_to_dm\.aw_user in module/entity ariane_xilinx does not have driver. [/home/jc/tmp/riscv-iommu-demo/cva6/corev_apu/fpga/src/armor/SRC/axi_intf.sv:47]
WARNING: [Synth 8-3848] Net master_to_dm\.aw_valid in module/entity ariane_xilinx does not have driver. [/home/jc/tmp/riscv-iommu-demo/cva6/corev_apu/fpga/src/armor/SRC/axi_intf.sv:48]
WARNING: [Synth 8-3848] Net master_to_dm\.w_data in module/entity ariane_xilinx does not have driver. [/home/jc/tmp/riscv-iommu-demo/cva6/corev_apu/fpga/src/armor/SRC/axi_intf.sv:51]
WARNING: [Synth 8-3848] Net master_to_dm\.w_strb in module/entity ariane_xilinx does not have driver. [/home/jc/tmp/riscv-iommu-demo/cva6/corev_apu/fpga/src/armor/SRC/axi_intf.sv:52]
WARNING: [Synth 8-3848] Net master_to_dm\.w_last in module/entity ariane_xilinx does not have driver. [/home/jc/tmp/riscv-iommu-demo/cva6/corev_apu/fpga/src/armor/SRC/axi_intf.sv:53]
WARNING: [Synth 8-3848] Net master_to_dm\.w_user in module/entity ariane_xilinx does not have driver. [/home/jc/tmp/riscv-iommu-demo/cva6/corev_apu/fpga/src/armor/SRC/axi_intf.sv:54]
WARNING: [Synth 8-3848] Net master_to_dm\.w_valid in module/entity ariane_xilinx does not have driver. [/home/jc/tmp/riscv-iommu-demo/cva6/corev_apu/fpga/src/armor/SRC/axi_intf.sv:55]
WARNING: [Synth 8-3848] Net master_to_dm\.b_ready in module/entity ariane_xilinx does not have driver. [/home/jc/tmp/riscv-iommu-demo/cva6/corev_apu/fpga/src/armor/SRC/axi_intf.sv:62]
WARNING: [Synth 8-3848] Net master_to_dm\.ar_id in module/entity ariane_xilinx does not have driver. [/home/jc/tmp/riscv-iommu-demo/cva6/corev_apu/fpga/src/armor/SRC/axi_intf.sv:64]
WARNING: [Synth 8-3848] Net master_to_dm\.ar_addr in module/entity ariane_xilinx does not have driver. [/home/jc/tmp/riscv-iommu-demo/cva6/corev_apu/fpga/src/armor/SRC/axi_intf.sv:65]
WARNING: [Synth 8-3848] Net master_to_dm\.ar_len in module/entity ariane_xilinx does not have driver. [/home/jc/tmp/riscv-iommu-demo/cva6/corev_apu/fpga/src/armor/SRC/axi_intf.sv:66]
WARNING: [Synth 8-3848] Net master_to_dm\.ar_size in module/entity ariane_xilinx does not have driver. [/home/jc/tmp/riscv-iommu-demo/cva6/corev_apu/fpga/src/armor/SRC/axi_intf.sv:67]
WARNING: [Synth 8-3848] Net master_to_dm\.ar_burst in module/entity ariane_xilinx does not have driver. [/home/jc/tmp/riscv-iommu-demo/cva6/corev_apu/fpga/src/armor/SRC/axi_intf.sv:68]
WARNING: [Synth 8-3848] Net master_to_dm\.ar_lock in module/entity ariane_xilinx does not have driver. [/home/jc/tmp/riscv-iommu-demo/cva6/corev_apu/fpga/src/armor/SRC/axi_intf.sv:69]
WARNING: [Synth 8-3848] Net master_to_dm\.ar_cache in module/entity ariane_xilinx does not have driver. [/home/jc/tmp/riscv-iommu-demo/cva6/corev_apu/fpga/src/armor/SRC/axi_intf.sv:70]
WARNING: [Synth 8-3848] Net master_to_dm\.ar_prot in module/entity ariane_xilinx does not have driver. [/home/jc/tmp/riscv-iommu-demo/cva6/corev_apu/fpga/src/armor/SRC/axi_intf.sv:71]
WARNING: [Synth 8-3848] Net master_to_dm\.ar_qos in module/entity ariane_xilinx does not have driver. [/home/jc/tmp/riscv-iommu-demo/cva6/corev_apu/fpga/src/armor/SRC/axi_intf.sv:72]
WARNING: [Synth 8-3848] Net master_to_dm\.ar_region in module/entity ariane_xilinx does not have driver. [/home/jc/tmp/riscv-iommu-demo/cva6/corev_apu/fpga/src/armor/SRC/axi_intf.sv:73]
WARNING: [Synth 8-3848] Net master_to_dm\.ar_user in module/entity ariane_xilinx does not have driver. [/home/jc/tmp/riscv-iommu-demo/cva6/corev_apu/fpga/src/armor/SRC/axi_intf.sv:74]
WARNING: [Synth 8-3848] Net master_to_dm\.ar_valid in module/entity ariane_xilinx does not have driver. [/home/jc/tmp/riscv-iommu-demo/cva6/corev_apu/fpga/src/armor/SRC/axi_intf.sv:75]
WARNING: [Synth 8-3848] Net master_to_dm\.r_ready in module/entity ariane_xilinx does not have driver. [/home/jc/tmp/riscv-iommu-demo/cva6/corev_apu/fpga/src/armor/SRC/axi_intf.sv:84]
INFO: [Common 17-14] Message 'Synth 8-3848' appears 100 times and further instances of the messages will be disabled. Use the Tcl command set_msg_config to change the current settings.
WARNING: [Synth 8-7129] Port ALMOST_FULL_I in module output_blk__parameterized0 is either unconnected or has no load
WARNING: [Synth 8-7129] Port PROG_FULL_I in module output_blk__parameterized0 is either unconnected or has no load
WARNING: [Synth 8-7129] Port ALMOST_EMPTY_I in module output_blk__parameterized0 is either unconnected or has no load
WARNING: [Synth 8-7129] Port PROG_EMPTY_I in module output_blk__parameterized0 is either unconnected or has no load
WARNING: [Synth 8-7129] Port WR_ACK_I in module output_blk__parameterized0 is either unconnected or has no load
WARNING: [Synth 8-7129] Port VALID_I in module output_blk__parameterized0 is either unconnected or has no load
WARNING: [Synth 8-7129] Port OVERFLOW_I in module output_blk__parameterized0 is either unconnected or has no load
WARNING: [Synth 8-7129] Port UNDERFLOW_I in module output_blk__parameterized0 is either unconnected or has no load
WARNING: [Synth 8-7129] Port DATA_COUNT_I[4] in module output_blk__parameterized0 is either unconnected or has no load
WARNING: [Synth 8-7129] Port DATA_COUNT_I[3] in module output_blk__parameterized0 is either unconnected or has no load
WARNING: [Synth 8-7129] Port DATA_COUNT_I[2] in module output_blk__parameterized0 is either unconnected or has no load
WARNING: [Synth 8-7129] Port DATA_COUNT_I[1] in module output_blk__parameterized0 is either unconnected or has no load
WARNING: [Synth 8-7129] Port DATA_COUNT_I[0] in module output_blk__parameterized0 is either unconnected or has no load
WARNING: [Synth 8-7129] Port WR_DATA_COUNT_I[4] in module output_blk__parameterized0 is either unconnected or has no load
WARNING: [Synth 8-7129] Port WR_DATA_COUNT_I[3] in module output_blk__parameterized0 is either unconnected or has no load
WARNING: [Synth 8-7129] Port WR_DATA_COUNT_I[2] in module output_blk__parameterized0 is either unconnected or has no load
WARNING: [Synth 8-7129] Port WR_DATA_COUNT_I[1] in module output_blk__parameterized0 is either unconnected or has no load
WARNING: [Synth 8-7129] Port WR_DATA_COUNT_I[0] in module output_blk__parameterized0 is either unconnected or has no load
WARNING: [Synth 8-7129] Port RD_DATA_COUNT_I[4] in module output_blk__parameterized0 is either unconnected or has no load
WARNING: [Synth 8-7129] Port RD_DATA_COUNT_I[3] in module output_blk__parameterized0 is either unconnected or has no load
WARNING: [Synth 8-7129] Port RD_DATA_COUNT_I[2] in module output_blk__parameterized0 is either unconnected or has no load
WARNING: [Synth 8-7129] Port RD_DATA_COUNT_I[1] in module output_blk__parameterized0 is either unconnected or has no load
WARNING: [Synth 8-7129] Port RD_DATA_COUNT_I[0] in module output_blk__parameterized0 is either unconnected or has no load
WARNING: [Synth 8-7129] Port SBITERR_I in module output_blk__parameterized0 is either unconnected or has no load
WARNING: [Synth 8-7129] Port DBITERR_I in module output_blk__parameterized0 is either unconnected or has no load
WARNING: [Synth 8-7129] Port WR_RST in module wr_status_flags_as is either unconnected or has no load
WARNING: [Synth 8-7129] Port SRST in module wr_status_flags_as is either unconnected or has no load
WARNING: [Synth 8-7129] Port SAFETY_CKT_WR_RST in module wr_status_flags_as is either unconnected or has no load
WARNING: [Synth 8-7129] Port WR_PNTR_PLUS3[3] in module wr_status_flags_as is either unconnected or has no load
WARNING: [Synth 8-7129] Port WR_PNTR_PLUS3[2] in module wr_status_flags_as is either unconnected or has no load
WARNING: [Synth 8-7129] Port WR_PNTR_PLUS3[1] in module wr_status_flags_as is either unconnected or has no load
WARNING: [Synth 8-7129] Port WR_PNTR_PLUS3[0] in module wr_status_flags_as is either unconnected or has no load
WARNING: [Synth 8-7129] Port SRST in module wr_bin_cntr is either unconnected or has no load
WARNING: [Synth 8-7129] Port WR_EN_INTO_LOGIC in module wr_logic is either unconnected or has no load
WARNING: [Synth 8-7129] Port WR_RST_INTO_LOGIC in module wr_logic is either unconnected or has no load
WARNING: [Synth 8-7129] Port RD_EN in module wr_logic is either unconnected or has no load
WARNING: [Synth 8-7129] Port SRST_FULL_FF in module wr_logic is either unconnected or has no load
WARNING: [Synth 8-7129] Port WR_RST_BUSY in module wr_logic is either unconnected or has no load
WARNING: [Synth 8-7129] Port EMPTY in module wr_logic is either unconnected or has no load
WARNING: [Synth 8-7129] Port RAM_RD_EN in module wr_logic is either unconnected or has no load
WARNING: [Synth 8-7129] Port ALMOST_EMPTY in module wr_logic is either unconnected or has no load
WARNING: [Synth 8-7129] Port PROG_FULL_THRESH[3] in module wr_logic is either unconnected or has no load
WARNING: [Synth 8-7129] Port PROG_FULL_THRESH[2] in module wr_logic is either unconnected or has no load
WARNING: [Synth 8-7129] Port PROG_FULL_THRESH[1] in module wr_logic is either unconnected or has no load
WARNING: [Synth 8-7129] Port PROG_FULL_THRESH[0] in module wr_logic is either unconnected or has no load
WARNING: [Synth 8-7129] Port PROG_FULL_THRESH_ASSERT[3] in module wr_logic is either unconnected or has no load
WARNING: [Synth 8-7129] Port PROG_FULL_THRESH_ASSERT[2] in module wr_logic is either unconnected or has no load
WARNING: [Synth 8-7129] Port PROG_FULL_THRESH_ASSERT[1] in module wr_logic is either unconnected or has no load
WARNING: [Synth 8-7129] Port PROG_FULL_THRESH_ASSERT[0] in module wr_logic is either unconnected or has no load
WARNING: [Synth 8-7129] Port PROG_FULL_THRESH_NEGATE[3] in module wr_logic is either unconnected or has no load
WARNING: [Synth 8-7129] Port PROG_FULL_THRESH_NEGATE[2] in module wr_logic is either unconnected or has no load
WARNING: [Synth 8-7129] Port PROG_FULL_THRESH_NEGATE[1] in module wr_logic is either unconnected or has no load
WARNING: [Synth 8-7129] Port PROG_FULL_THRESH_NEGATE[0] in module wr_logic is either unconnected or has no load
WARNING: [Synth 8-7129] Port SRST in module rd_fwft is either unconnected or has no load
WARNING: [Synth 8-7129] Port SAFETY_CKT_RD_RST in module rd_fwft is either unconnected or has no load
WARNING: [Synth 8-7129] Port RAM_ALMOST_EMPTY in module rd_fwft is either unconnected or has no load
WARNING: [Synth 8-7129] Port SRST in module rd_status_flags_as is either unconnected or has no load
WARNING: [Synth 8-7129] Port SAFETY_CKT_RD_RST in module rd_status_flags_as is either unconnected or has no load
WARNING: [Synth 8-7129] Port RD_PNTR_PLUS2[3] in module rd_status_flags_as is either unconnected or has no load
WARNING: [Synth 8-7129] Port RD_PNTR_PLUS2[2] in module rd_status_flags_as is either unconnected or has no load
WARNING: [Synth 8-7129] Port RD_PNTR_PLUS2[1] in module rd_status_flags_as is either unconnected or has no load
WARNING: [Synth 8-7129] Port RD_PNTR_PLUS2[0] in module rd_status_flags_as is either unconnected or has no load
WARNING: [Synth 8-7129] Port SRST in module rd_bin_cntr is either unconnected or has no load
WARNING: [Synth 8-7129] Port RD_EN_INTO_LOGIC in module rd_logic is either unconnected or has no load
WARNING: [Synth 8-7129] Port RD_RST_INTO_LOGIC in module rd_logic is either unconnected or has no load
WARNING: [Synth 8-7129] Port RD_RST_BUSY in module rd_logic is either unconnected or has no load
WARNING: [Synth 8-7129] Port RAM_WR_EN in module rd_logic is either unconnected or has no load
WARNING: [Synth 8-7129] Port RST_FULL_FF in module rd_logic is either unconnected or has no load
WARNING: [Synth 8-7129] Port ALMOST_FULL_FB in module rd_logic is either unconnected or has no load
WARNING: [Synth 8-7129] Port FULL in module rd_logic is either unconnected or has no load
WARNING: [Synth 8-7129] Port WR_PNTR_PLUS1_RD[3] in module rd_logic is either unconnected or has no load
WARNING: [Synth 8-7129] Port WR_PNTR_PLUS1_RD[2] in module rd_logic is either unconnected or has no load
WARNING: [Synth 8-7129] Port WR_PNTR_PLUS1_RD[1] in module rd_logic is either unconnected or has no load
WARNING: [Synth 8-7129] Port WR_PNTR_PLUS1_RD[0] in module rd_logic is either unconnected or has no load
WARNING: [Synth 8-7129] Port PROG_EMPTY_THRESH[3] in module rd_logic is either unconnected or has no load
WARNING: [Synth 8-7129] Port PROG_EMPTY_THRESH[2] in module rd_logic is either unconnected or has no load
WARNING: [Synth 8-7129] Port PROG_EMPTY_THRESH[1] in module rd_logic is either unconnected or has no load
WARNING: [Synth 8-7129] Port PROG_EMPTY_THRESH[0] in module rd_logic is either unconnected or has no load
WARNING: [Synth 8-7129] Port PROG_EMPTY_THRESH_ASSERT[3] in module rd_logic is either unconnected or has no load
WARNING: [Synth 8-7129] Port PROG_EMPTY_THRESH_ASSERT[2] in module rd_logic is either unconnected or has no load
WARNING: [Synth 8-7129] Port PROG_EMPTY_THRESH_ASSERT[1] in module rd_logic is either unconnected or has no load
WARNING: [Synth 8-7129] Port PROG_EMPTY_THRESH_ASSERT[0] in module rd_logic is either unconnected or has no load
WARNING: [Synth 8-7129] Port PROG_EMPTY_THRESH_NEGATE[3] in module rd_logic is either unconnected or has no load
WARNING: [Synth 8-7129] Port PROG_EMPTY_THRESH_NEGATE[2] in module rd_logic is either unconnected or has no load
WARNING: [Synth 8-7129] Port PROG_EMPTY_THRESH_NEGATE[1] in module rd_logic is either unconnected or has no load
WARNING: [Synth 8-7129] Port PROG_EMPTY_THRESH_NEGATE[0] in module rd_logic is either unconnected or has no load
WARNING: [Synth 8-7129] Port WR_RST in module clk_x_pntrs is either unconnected or has no load
WARNING: [Synth 8-7129] Port RD_RST in module clk_x_pntrs is either unconnected or has no load
WARNING: [Synth 8-7129] Port SRST in module dmem__parameterized0 is either unconnected or has no load
WARNING: [Synth 8-7129] Port FAB_REGOUT_EN in module memory__parameterized0 is either unconnected or has no load
WARNING: [Synth 8-7129] Port SFT_RST in module memory__parameterized0 is either unconnected or has no load
WARNING: [Synth 8-7129] Port SRST in module memory__parameterized0 is either unconnected or has no load
WARNING: [Synth 8-7129] Port SAFETY_CKT_RD_RST in module memory__parameterized0 is either unconnected or has no load
WARNING: [Synth 8-7129] Port SLEEP in module memory__parameterized0 is either unconnected or has no load
WARNING: [Synth 8-7129] Port INJECTDBITERR in module memory__parameterized0 is either unconnected or has no load
WARNING: [Synth 8-7129] Port INJECTSBITERR in module memory__parameterized0 is either unconnected or has no load
WARNING: [Synth 8-7129] Port CLK in module input_blk__parameterized0 is either unconnected or has no load
WARNING: [Synth 8-7129] Port INT_CLK in module input_blk__parameterized0 is either unconnected or has no load
WARNING: [Synth 8-7129] Port PROG_EMPTY_THRESH[3] in module input_blk__parameterized0 is either unconnected or has no load
WARNING: [Synth 8-7129] Port PROG_EMPTY_THRESH[2] in module input_blk__parameterized0 is either unconnected or has no load
INFO: [Common 17-14] Message 'Synth 8-7129' appears 100 times and further instances of the messages will be disabled. Use the Tcl command set_msg_config to change the current settings.
---------------------------------------------------------------------------------
Finished RTL Elaboration : Time (s): cpu = 00:00:49 ; elapsed = 00:00:53 . Memory (MB): peak = 3598.980 ; gain = 1442.137 ; free physical = 36764 ; free virtual = 46500
Synthesis current peak Physical Memory [PSS] (MB): peak = 2899.747; parent = 2695.119; children = 204.628
Synthesis current peak Virtual Memory [VSS] (MB): peak = 4602.652; parent = 3598.984; children = 1003.668
---------------------------------------------------------------------------------
---------------------------------------------------------------------------------
Start Handling Custom Attributes
---------------------------------------------------------------------------------
---------------------------------------------------------------------------------
Finished Handling Custom Attributes : Time (s): cpu = 00:00:53 ; elapsed = 00:00:57 . Memory (MB): peak = 3598.980 ; gain = 1442.137 ; free physical = 36763 ; free virtual = 46499
Synthesis current peak Physical Memory [PSS] (MB): peak = 2899.747; parent = 2695.119; children = 204.628
Synthesis current peak Virtual Memory [VSS] (MB): peak = 4602.652; parent = 3598.984; children = 1003.668
---------------------------------------------------------------------------------
---------------------------------------------------------------------------------
Finished RTL Optimization Phase 1 : Time (s): cpu = 00:00:53 ; elapsed = 00:00:57 . Memory (MB): peak = 3598.980 ; gain = 1442.137 ; free physical = 36763 ; free virtual = 46499
Synthesis current peak Physical Memory [PSS] (MB): peak = 2899.747; parent = 2695.119; children = 204.628
Synthesis current peak Virtual Memory [VSS] (MB): peak = 4602.652; parent = 3598.984; children = 1003.668
---------------------------------------------------------------------------------
Netlist sorting complete. Time (s): cpu = 00:00:03 ; elapsed = 00:00:03 . Memory (MB): peak = 3607.887 ; gain = 0.000 ; free physical = 36592 ; free virtual = 46327
INFO: [Netlist 29-17] Analyzing 28 Unisim elements for replacement
INFO: [Netlist 29-28] Unisim Transformation completed in 0 CPU seconds
INFO: [Project 1-570] Preparing netlist for logic optimization

Processing XDC Constraints
Initializing timing engine
Parsing XDC File [/home/jc/tmp/riscv-iommu-demo/cva6/corev_apu/fpga/xilinx/xlnx_mig_7_ddr3/xlnx_mig_7_ddr3.gen/sources_1/ip/xlnx_mig_7_ddr3/xlnx_mig_7_ddr3/xlnx_mig_7_ddr3_in_context.xdc] for cell 'i_ddr'
Finished Parsing XDC File [/home/jc/tmp/riscv-iommu-demo/cva6/corev_apu/fpga/xilinx/xlnx_mig_7_ddr3/xlnx_mig_7_ddr3.gen/sources_1/ip/xlnx_mig_7_ddr3/xlnx_mig_7_ddr3/xlnx_mig_7_ddr3_in_context.xdc] for cell 'i_ddr'
Parsing XDC File [/home/jc/tmp/riscv-iommu-demo/cva6/corev_apu/fpga/xilinx/xlnx_clk_gen/xlnx_clk_gen.gen/sources_1/ip/xlnx_clk_gen/xlnx_clk_gen/xlnx_clk_gen_in_context.xdc] for cell 'i_xlnx_clk_gen'
Finished Parsing XDC File [/home/jc/tmp/riscv-iommu-demo/cva6/corev_apu/fpga/xilinx/xlnx_clk_gen/xlnx_clk_gen.gen/sources_1/ip/xlnx_clk_gen/xlnx_clk_gen/xlnx_clk_gen_in_context.xdc] for cell 'i_xlnx_clk_gen'
Parsing XDC File [/home/jc/tmp/riscv-iommu-demo/cva6/corev_apu/fpga/xilinx/xlnx_axi_hwicap/xlnx_axi_hwicap.gen/sources_1/ip/xlnx_axi_hwicap/xlnx_axi_hwicap/xlnx_axi_hwicap_in_context.xdc] for cell 'i_ariane_peripherals/gen_hwicap.i_hwicap'
Finished Parsing XDC File [/home/jc/tmp/riscv-iommu-demo/cva6/corev_apu/fpga/xilinx/xlnx_axi_hwicap/xlnx_axi_hwicap.gen/sources_1/ip/xlnx_axi_hwicap/xlnx_axi_hwicap/xlnx_axi_hwicap_in_context.xdc] for cell 'i_ariane_peripherals/gen_hwicap.i_hwicap'
Parsing XDC File [/home/jc/tmp/riscv-iommu-demo/cva6/corev_apu/fpga/xilinx/xlnx_axi_gpio/xlnx_axi_gpio.gen/sources_1/ip/xlnx_axi_gpio/xlnx_axi_gpio/xlnx_axi_gpio_in_context.xdc] for cell 'i_ariane_peripherals/gen_gpio.i_xlnx_axi_gpio'
Finished Parsing XDC File [/home/jc/tmp/riscv-iommu-demo/cva6/corev_apu/fpga/xilinx/xlnx_axi_gpio/xlnx_axi_gpio.gen/sources_1/ip/xlnx_axi_gpio/xlnx_axi_gpio/xlnx_axi_gpio_in_context.xdc] for cell 'i_ariane_peripherals/gen_gpio.i_xlnx_axi_gpio'
Parsing XDC File [/home/jc/tmp/riscv-iommu-demo/cva6/corev_apu/fpga/xilinx/xlnx_axi_dwidth_converter/xlnx_axi_dwidth_converter.gen/sources_1/ip/xlnx_axi_dwidth_converter/xlnx_axi_dwidth_converter/xlnx_axi_dwidth_converter_in_context.xdc] for cell 'i_ariane_peripherals/gen_spi.i_xlnx_axi_dwidth_converter_spi'
Finished Parsing XDC File [/home/jc/tmp/riscv-iommu-demo/cva6/corev_apu/fpga/xilinx/xlnx_axi_dwidth_converter/xlnx_axi_dwidth_converter.gen/sources_1/ip/xlnx_axi_dwidth_converter/xlnx_axi_dwidth_converter/xlnx_axi_dwidth_converter_in_context.xdc] for cell 'i_ariane_peripherals/gen_spi.i_xlnx_axi_dwidth_converter_spi'
Parsing XDC File [/home/jc/tmp/riscv-iommu-demo/cva6/corev_apu/fpga/xilinx/xlnx_axi_dwidth_converter/xlnx_axi_dwidth_converter.gen/sources_1/ip/xlnx_axi_dwidth_converter/xlnx_axi_dwidth_converter/xlnx_axi_dwidth_converter_in_context.xdc] for cell 'i_ariane_peripherals/gen_gpio.i_xlnx_axi_dwidth_converter_gpio'
Finished Parsing XDC File [/home/jc/tmp/riscv-iommu-demo/cva6/corev_apu/fpga/xilinx/xlnx_axi_dwidth_converter/xlnx_axi_dwidth_converter.gen/sources_1/ip/xlnx_axi_dwidth_converter/xlnx_axi_dwidth_converter/xlnx_axi_dwidth_converter_in_context.xdc] for cell 'i_ariane_peripherals/gen_gpio.i_xlnx_axi_dwidth_converter_gpio'
Parsing XDC File [/home/jc/tmp/riscv-iommu-demo/cva6/corev_apu/fpga/xilinx/xlnx_axi_quad_spi/xlnx_axi_quad_spi.gen/sources_1/ip/xlnx_axi_quad_spi/xlnx_axi_quad_spi/xlnx_axi_quad_spi_in_context.xdc] for cell 'i_ariane_peripherals/gen_spi.i_xlnx_axi_quad_spi'
Finished Parsing XDC File [/home/jc/tmp/riscv-iommu-demo/cva6/corev_apu/fpga/xilinx/xlnx_axi_quad_spi/xlnx_axi_quad_spi.gen/sources_1/ip/xlnx_axi_quad_spi/xlnx_axi_quad_spi/xlnx_axi_quad_spi_in_context.xdc] for cell 'i_ariane_peripherals/gen_spi.i_xlnx_axi_quad_spi'
Parsing XDC File [/home/jc/tmp/riscv-iommu-demo/cva6/corev_apu/fpga/constraints/genesys-2.xdc]
WARNING: [Vivado 12-627] No clocks matched 'clk_out2_xlnx_clk_gen'. [/home/jc/tmp/riscv-iommu-demo/cva6/corev_apu/fpga/constraints/genesys-2.xdc:72]
INFO: [Vivado 12-626] No clocks found. Please use 'create_clock' or 'create_generated_clock' command to create clocks. [/home/jc/tmp/riscv-iommu-demo/cva6/corev_apu/fpga/constraints/genesys-2.xdc:72]
CRITICAL WARNING: [Vivado 12-4739] set_clock_groups:No valid object(s) found for '-group [get_clocks clk_out2_xlnx_clk_gen]'. [/home/jc/tmp/riscv-iommu-demo/cva6/corev_apu/fpga/constraints/genesys-2.xdc:72]
Resolution: Check if the specified object(s) exists in the current design. If it does, ensure that the correct design hierarchy was specified for the object. If you are working with clocks, make sure create_clock was used to create the clock object before it is referenced.
CRITICAL WARNING: [Vivado 12-4739] set_clock_groups:No valid object(s) found for '-group '. [/home/jc/tmp/riscv-iommu-demo/cva6/corev_apu/fpga/constraints/genesys-2.xdc:72]
Resolution: Check if the specified object(s) exists in the current design. If it does, ensure that the correct design hierarchy was specified for the object. If you are working with clocks, make sure create_clock was used to create the clock object before it is referenced.
WARNING: [Vivado 12-508] No pins matched 'i_ddr/u_xlnx_mig_7_ddr3_mig/u_ddr3_infrastructure/rstdiv0_sync_r1_reg_rep/C'. [/home/jc/tmp/riscv-iommu-demo/cva6/corev_apu/fpga/constraints/genesys-2.xdc:132]
Finished Parsing XDC File [/home/jc/tmp/riscv-iommu-demo/cva6/corev_apu/fpga/constraints/genesys-2.xdc]
WARNING: [Project 1-498] One or more constraints failed evaluation while reading constraint file [/home/jc/tmp/riscv-iommu-demo/cva6/corev_apu/fpga/constraints/genesys-2.xdc] and the design contains unresolved black boxes. These constraints will be read post-synthesis (as long as their source constraint file is marked as used_in_implementation) and should be applied correctly then. You should review the constraints listed in the file [.Xil/ariane_xilinx_propImpl.xdc] and check the run log file to verify that these constraints were correctly applied.
INFO: [Project 1-236] Implementation specific constraints were found while reading constraint file [/home/jc/tmp/riscv-iommu-demo/cva6/corev_apu/fpga/constraints/genesys-2.xdc]. These constraints will be ignored for synthesis but will be used in implementation. Impacted constraints are listed in the file [.Xil/ariane_xilinx_propImpl.xdc].
Resolution: To avoid this warning, move constraints listed in [.Xil/ariane_xilinx_propImpl.xdc] to another XDC file and exclude this new file from synthesis with the used_in_synthesis property (File Properties dialog in GUI) and re-run elaboration/synthesis.
Parsing XDC File [/home/jc/tmp/riscv-iommu-demo/cva6/corev_apu/fpga/constraints/ariane.xdc]
WARNING: [Designutils 20-1567] Use of 'set_multicycle_path' with '-hold' is not supported by synthesis. The constraint will not be passed to synthesis. [/home/jc/tmp/riscv-iommu-demo/cva6/corev_apu/fpga/constraints/ariane.xdc:19]
Finished Parsing XDC File [/home/jc/tmp/riscv-iommu-demo/cva6/corev_apu/fpga/constraints/ariane.xdc]
INFO: [Project 1-236] Implementation specific constraints were found while reading constraint file [/home/jc/tmp/riscv-iommu-demo/cva6/corev_apu/fpga/constraints/ariane.xdc]. These constraints will be ignored for synthesis but will be used in implementation. Impacted constraints are listed in the file [.Xil/ariane_xilinx_propImpl.xdc].
Resolution: To avoid this warning, move constraints listed in [.Xil/ariane_xilinx_propImpl.xdc] to another XDC file and exclude this new file from synthesis with the used_in_synthesis property (File Properties dialog in GUI) and re-run elaboration/synthesis.
Parsing XDC File [/home/jc/tmp/riscv-iommu-demo/cva6/corev_apu/fpga/ariane.runs/synth_1/dont_touch.xdc]
Finished Parsing XDC File [/home/jc/tmp/riscv-iommu-demo/cva6/corev_apu/fpga/ariane.runs/synth_1/dont_touch.xdc]
INFO: [Project 1-236] Implementation specific constraints were found while reading constraint file [/home/jc/tmp/riscv-iommu-demo/cva6/corev_apu/fpga/ariane.runs/synth_1/dont_touch.xdc]. These constraints will be ignored for synthesis but will be used in implementation. Impacted constraints are listed in the file [.Xil/ariane_xilinx_propImpl.xdc].
Resolution: To avoid this warning, move constraints listed in [.Xil/ariane_xilinx_propImpl.xdc] to another XDC file and exclude this new file from synthesis with the used_in_synthesis property (File Properties dialog in GUI) and re-run elaboration/synthesis.
INFO: [Project 1-236] Implementation specific constraints were found while reading constraint file [/tools/Xilinx/Vivado/2022.2/data/ip/xpm/xpm_cdc/tcl/xpm_cdc_gray.tcl]. These constraints will be ignored for synthesis but will be used in implementation. Impacted constraints are listed in the file [.Xil/ariane_xilinx_propImpl.xdc].
Resolution: To avoid this warning, move constraints listed in [.Xil/ariane_xilinx_propImpl.xdc] to another XDC file and exclude this new file from synthesis with the used_in_synthesis property (File Properties dialog in GUI) and re-run elaboration/synthesis.
INFO: [Project 1-236] Implementation specific constraints were found while reading constraint file [/tools/Xilinx/Vivado/2022.2/data/ip/xpm/xpm_cdc/tcl/xpm_cdc_single.tcl]. These constraints will be ignored for synthesis but will be used in implementation. Impacted constraints are listed in the file [.Xil/ariane_xilinx_propImpl.xdc].
Resolution: To avoid this warning, move constraints listed in [.Xil/ariane_xilinx_propImpl.xdc] to another XDC file and exclude this new file from synthesis with the used_in_synthesis property (File Properties dialog in GUI) and re-run elaboration/synthesis.
INFO: [Project 1-1714] 33 XPM XDC files have been applied to the design.
Completed Processing XDC Constraints

Netlist sorting complete. Time (s): cpu = 00:00:00.04 ; elapsed = 00:00:00.04 . Memory (MB): peak = 4050.324 ; gain = 0.000 ; free physical = 36122 ; free virtual = 45858
INFO: [Project 1-111] Unisim Transformation Summary:
  A total of 11 instances were transformed.
  IOBUF => IOBUF (IBUF, OBUFT): 1 instance 
  RAMB16_S9_S36 => RAMB36E1: 10 instances

Constraint Validation Runtime : Time (s): cpu = 00:00:00.96 ; elapsed = 00:00:00.92 . Memory (MB): peak = 4050.324 ; gain = 0.000 ; free physical = 36127 ; free virtual = 45863
WARNING: [Timing 38-316] Clock period '100.000' specified during out-of-context synthesis of instance 'i_ariane_peripherals/gen_gpio.i_xlnx_axi_dwidth_converter_gpio' at clock pin 's_axi_aclk' is different from the actual clock period '20.000', this can lead to different synthesis results.
WARNING: [Timing 38-316] Clock period '100.000' specified during out-of-context synthesis of instance 'i_ariane_peripherals/gen_spi.i_xlnx_axi_dwidth_converter_spi' at clock pin 's_axi_aclk' is different from the actual clock period '20.000', this can lead to different synthesis results.
INFO: [Synth 8-11241] undeclared symbol 'REGCCE', assumed default net type 'wire' [/tools/Xilinx/Vivado/2022.2/data/verilog/src/unimacro/BRAM_SINGLE_MACRO.v:2170]
---------------------------------------------------------------------------------
Finished Constraint Validation : Time (s): cpu = 00:01:54 ; elapsed = 00:01:45 . Memory (MB): peak = 4050.324 ; gain = 1893.480 ; free physical = 36895 ; free virtual = 46631
Synthesis current peak Physical Memory [PSS] (MB): peak = 3360.606; parent = 3156.010; children = 204.628
Synthesis current peak Virtual Memory [VSS] (MB): peak = 5053.996; parent = 4050.328; children = 1003.668
---------------------------------------------------------------------------------
---------------------------------------------------------------------------------
Finished Doing Graph Differ : Time (s): cpu = 00:02:18 ; elapsed = 00:02:13 . Memory (MB): peak = 4256.504 ; gain = 2099.660 ; free physical = 31541 ; free virtual = 41300
Synthesis current peak Physical Memory [PSS] (MB): peak = 7703.889; parent = 3156.010; children = 4844.751
Synthesis current peak Virtual Memory [VSS] (MB): peak = 13490.445; parent = 4252.594; children = 9237.852
---------------------------------------------------------------------------------
axi_xbar__GCB2rv_iommu_sw_if_wrapper__GB1ex_stage__GC0ariane_xilinx__GCB1axi_riscv_atomics_wraprv_iommu_translation_wrapperwt_dcache__GB0issue_stage__GC0scoreboard__GB1axi_xbar__GCB1cva6__GCB1cva6_tlb_sv39x4riscv_iommu__GCB2cva6__GCB0load_store_unit__GC0wt_cache_subsystem__GC0wt_dcache_wbufferaddr_decodecva6_mmu_sv39x4__GC0rv_iommu_sw_if_wrapper__GB0fpu_wrap__GC0ariane_peripherals__GCB1ariane_peripherals__GCB0ariane_xilinx__GCB2riscv_iommu__GCB1scoreboard__GB0fpnew_top__GB0axi_xbar__GCB0cva6__GCB2scoreboard__GB2cvxif_example_coprocessorcva6_ptw_sv39x4__GC0pmpfpnew_top__GB1---------------------------------------------------------------------------------
Finished Preparing Guide Design : Time (s): cpu = 00:02:27 ; elapsed = 00:02:24 . Memory (MB): peak = 4256.504 ; gain = 2099.660 ; free physical = 30247 ; free virtual = 40006
Synthesis current peak Physical Memory [PSS] (MB): peak = 9079.076; parent = 3156.010; children = 6114.902
Synthesis current peak Virtual Memory [VSS] (MB): peak = 14887.938; parent = 4252.594; children = 10635.344
---------------------------------------------------------------------------------
---------------------------------------------------------------------------------
Finished RTL Optimization Phase 2 : Time (s): cpu = 00:02:34 ; elapsed = 00:02:31 . Memory (MB): peak = 4277.715 ; gain = 2120.871 ; free physical = 30002 ; free virtual = 39761
Synthesis current peak Physical Memory [PSS] (MB): peak = 9288.678; parent = 3156.010; children = 6482.441
Synthesis current peak Virtual Memory [VSS] (MB): peak = 15342.086; parent = 4277.719; children = 11064.367
---------------------------------------------------------------------------------
---------------------------------------------------------------------------------
Start Mimic Skeleton from Reference
---------------------------------------------------------------------------------
---------------------------------------------------------------------------------
Finished Mimic Skeleton from Reference : Time (s): cpu = 00:02:40 ; elapsed = 00:02:38 . Memory (MB): peak = 4277.715 ; gain = 2120.871 ; free physical = 30238 ; free virtual = 39997
Synthesis current peak Physical Memory [PSS] (MB): peak = 9394.037; parent = 3156.010; children = 6482.441
Synthesis current peak Virtual Memory [VSS] (MB): peak = 15342.086; parent = 4277.719; children = 11064.367
---------------------------------------------------------------------------------


Incremental Synthesis Report Summary:

1. Incremental synthesis run: yes

   Stitch points used : changed


2. Change Summary

Report Incremental Modules: 
+-+----------------+------------+----------+----------+
| |Changed Modules |Replication |Instances |Changed % |
+-+----------------+------------+----------+----------+
+-+----------------+------------+----------+----------+


   Full Design Size (number of cells) : 830713
   Resynthesis Design Size (number of cells) : 1
   Resynth % : 0.0001,  Reuse % : 99.9999

3. Reference Checkpoint Information

+--------------------------------------------------------------------------------------------------------------------------+
| DCP Location:  | /home/jc/tmp/riscv-iommu-demo/cva6/corev_apu/fpga/ariane.srcs/utils_1/imports/synth_1/ariane_xilinx.dcp |
+--------------------------------------------------------------------------------------------------------------------------+


+--------------------------------+------------------------------+
|         DCP Information        |             Value            |
+--------------------------------+------------------------------+
| Vivado Version                 |                    v2022.2 |
| DCP State                      |                              |
+--------------------------------+------------------------------+



Report RTL Partitions: 
+------+-------------------------------------+------------+----------+
|      |RTL Partition                        |Replication |Instances |
+------+-------------------------------------+------------+----------+
|1     |addr_decode_#REUSE#                  |           8|         0|
|2     |axi_xbar__GCB0_#REUSE#               |           1|         0|
|3     |axi_xbar__GCB1_#REUSE#               |           1|         0|
|4     |axi_xbar__GCB2_#REUSE#               |           1|         0|
|5     |cvxif_example_coprocessor_#REUSE#    |           1|         0|
|6     |scoreboard__GB0_#REUSE#              |           1|         0|
|7     |scoreboard__GB1_#REUSE#              |           1|         0|
|8     |scoreboard__GB2_#REUSE#              |           1|         0|
|9     |issue_stage__GC0_#REUSE#             |           1|         0|
|10    |fpnew_top__GB0_#REUSE#               |           1|         0|
|11    |fpnew_top__GB1_#REUSE#               |           1|         0|
|12    |fpu_wrap__GC0_#REUSE#                |           1|         0|
|13    |cva6_tlb_sv39x4_#REUSE#              |           2|         0|
|14    |pmp_#REUSE#                          |           3|         0|
|15    |cva6_ptw_sv39x4__GC0_#REUSE#         |           1|         0|
|16    |cva6_mmu_sv39x4__GC0_#REUSE#         |           1|         0|
|17    |load_store_unit__GC0_#REUSE#         |           1|         0|
|18    |ex_stage__GC0_#REUSE#                |           1|         0|
|19    |wt_dcache_wbuffer_#REUSE#            |           1|         0|
|20    |wt_dcache__GB0_#REUSE#               |           1|         0|
|21    |wt_cache_subsystem__GC0_#REUSE#      |           1|         0|
|22    |cva6__GCB0_#REUSE#                   |           1|         0|
|23    |cva6__GCB1_#REUSE#                   |           1|         0|
|24    |cva6__GCB2_#REUSE#                   |           1|         0|
|25    |rv_iommu_translation_wrapper_#REUSE# |           1|         0|
|26    |rv_iommu_sw_if_wrapper__GB0_#REUSE#  |           1|         0|
|27    |rv_iommu_sw_if_wrapper__GB1_#REUSE#  |           1|         0|
|28    |riscv_iommu__GCB1_#REUSE#            |           1|         0|
|29    |riscv_iommu__GCB2_#REUSE#            |           1|         0|
|30    |ariane_peripherals__GCB0_#REUSE#     |           1|         0|
|31    |ariane_peripherals__GCB1_#REUSE#     |           1|         0|
|32    |axi_riscv_atomics_wrap_#REUSE#       |           1|         0|
|33    |ariane_xilinx__GCB1_#REUSE#          |           1|         0|
|34    |ariane_xilinx__GCB2_#REUSE#          |           1|         0|
+------+-------------------------------------+------------+----------+
---------------------------------------------------------------------------------
Start RTL Component Statistics 
---------------------------------------------------------------------------------
Detailed RTL Component Info : 
---------------------------------------------------------------------------------
Finished RTL Component Statistics 
---------------------------------------------------------------------------------
---------------------------------------------------------------------------------
Start Part Resource Summary
---------------------------------------------------------------------------------
Part Resources:
DSPs: 840 (col length:140)
BRAMs: 890 (col length: RAMB18 140 RAMB36 70)
---------------------------------------------------------------------------------
Finished Part Resource Summary
---------------------------------------------------------------------------------
---------------------------------------------------------------------------------
Start Cross Boundary and Area Optimization
---------------------------------------------------------------------------------
WARNING: [Synth 8-7080] Parallel synthesis criteria is not met
WARNING: [Synth 8-7077] IncrSyn: subsequent runs will still be incremental as the reference run was parallel and that data is reused
---------------------------------------------------------------------------------
Finished Cross Boundary and Area Optimization : Time (s): cpu = 00:02:50 ; elapsed = 00:02:49 . Memory (MB): peak = 4277.715 ; gain = 2120.871 ; free physical = 29993 ; free virtual = 39980
Synthesis current peak Physical Memory [PSS] (MB): peak = 9394.037; parent = 3156.010; children = 6482.441
Synthesis current peak Virtual Memory [VSS] (MB): peak = 15342.086; parent = 4277.719; children = 11064.367
---------------------------------------------------------------------------------
---------------------------------------------------------------------------------
Start Stitch Unchanged AreaOpt Partitions
---------------------------------------------------------------------------------
---------------------------------------------------------------------------------
Finished Stitch Unchanged AreaOpt Partitions : Time (s): cpu = 00:02:54 ; elapsed = 00:02:53 . Memory (MB): peak = 4277.715 ; gain = 2120.871 ; free physical = 29953 ; free virtual = 39939
Synthesis current peak Physical Memory [PSS] (MB): peak = 9394.037; parent = 3156.010; children = 6482.441
Synthesis current peak Virtual Memory [VSS] (MB): peak = 15342.086; parent = 4277.719; children = 11064.367
---------------------------------------------------------------------------------
---------------------------------------------------------------------------------
Start Applying XDC Timing Constraints
---------------------------------------------------------------------------------
---------------------------------------------------------------------------------
Finished Applying XDC Timing Constraints : Time (s): cpu = 00:03:31 ; elapsed = 00:03:31 . Memory (MB): peak = 4277.715 ; gain = 2120.871 ; free physical = 29745 ; free virtual = 39935
Synthesis current peak Physical Memory [PSS] (MB): peak = 9394.037; parent = 3156.010; children = 6482.441
Synthesis current peak Virtual Memory [VSS] (MB): peak = 15342.086; parent = 4277.719; children = 11064.367
---------------------------------------------------------------------------------
---------------------------------------------------------------------------------
Start Timing Optimization
---------------------------------------------------------------------------------
---------------------------------------------------------------------------------
Finished Timing Optimization : Time (s): cpu = 00:03:34 ; elapsed = 00:03:34 . Memory (MB): peak = 4277.715 ; gain = 2120.871 ; free physical = 29960 ; free virtual = 40117
Synthesis current peak Physical Memory [PSS] (MB): peak = 9394.037; parent = 3156.010; children = 6482.441
Synthesis current peak Virtual Memory [VSS] (MB): peak = 15342.086; parent = 4277.719; children = 11064.367
---------------------------------------------------------------------------------
---------------------------------------------------------------------------------
Start Technology Mapping
---------------------------------------------------------------------------------
WARNING: [Synth 8-7080] Parallel synthesis criteria is not met
WARNING: [Synth 8-7077] IncrSyn: subsequent runs will still be incremental as the reference run was parallel and that data is reused
---------------------------------------------------------------------------------
Finished Technology Mapping : Time (s): cpu = 00:03:35 ; elapsed = 00:03:36 . Memory (MB): peak = 4277.715 ; gain = 2120.871 ; free physical = 29963 ; free virtual = 40120
Synthesis current peak Physical Memory [PSS] (MB): peak = 9394.037; parent = 3156.010; children = 6482.441
Synthesis current peak Virtual Memory [VSS] (MB): peak = 15342.086; parent = 4277.719; children = 11064.367
---------------------------------------------------------------------------------
---------------------------------------------------------------------------------
Start Stitch Unchanged Partitions
---------------------------------------------------------------------------------
---------------------------------------------------------------------------------
Finished Stitch Unchanged Partitions : Time (s): cpu = 00:03:39 ; elapsed = 00:03:40 . Memory (MB): peak = 4277.715 ; gain = 2120.871 ; free physical = 29760 ; free virtual = 39917
Synthesis current peak Physical Memory [PSS] (MB): peak = 9423.359; parent = 3156.010; children = 6482.441
Synthesis current peak Virtual Memory [VSS] (MB): peak = 15342.086; parent = 4277.719; children = 11064.367
---------------------------------------------------------------------------------
---------------------------------------------------------------------------------
Start IO Insertion
---------------------------------------------------------------------------------
---------------------------------------------------------------------------------
Start Final Netlist Cleanup
---------------------------------------------------------------------------------
INFO: [Synth 8-7052] The timing for the instance i_ariane/i_cva6/i_cache_subsystem/i_wt_dcache/i_wt_dcache_mem/gen_data_banks[0].i_data_sram/gen_cut[0].gen_mem.i_tc_sram_wrapper/i_ram/Mem_DP_reg (implemented as a Block RAM) might be sub-optimal as no optional output register could be merged into the ram block. Providing additional output register may help in improving timing.
INFO: [Synth 8-7052] The timing for the instance i_ariane/i_cva6/i_cache_subsystem/i_wt_dcache/i_wt_dcache_mem/gen_data_banks[0].i_data_sram/gen_cut[1].gen_mem.i_tc_sram_wrapper/i_ram/Mem_DP_reg (implemented as a Block RAM) might be sub-optimal as no optional output register could be merged into the ram block. Providing additional output register may help in improving timing.
INFO: [Synth 8-7052] The timing for the instance i_ariane/i_cva6/i_cache_subsystem/i_wt_dcache/i_wt_dcache_mem/gen_data_banks[0].i_data_sram/gen_cut[2].gen_mem.i_tc_sram_wrapper/i_ram/Mem_DP_reg (implemented as a Block RAM) might be sub-optimal as no optional output register could be merged into the ram block. Providing additional output register may help in improving timing.
INFO: [Synth 8-7052] The timing for the instance i_ariane/i_cva6/i_cache_subsystem/i_wt_dcache/i_wt_dcache_mem/gen_data_banks[0].i_data_sram/gen_cut[3].gen_mem.i_tc_sram_wrapper/i_ram/Mem_DP_reg (implemented as a Block RAM) might be sub-optimal as no optional output register could be merged into the ram block. Providing additional output register may help in improving timing.
INFO: [Synth 8-7052] The timing for the instance i_ariane/i_cva6/i_cache_subsystem/i_wt_dcache/i_wt_dcache_mem/gen_data_banks[0].i_data_sram/gen_cut[4].gen_mem.i_tc_sram_wrapper/i_ram/Mem_DP_reg (implemented as a Block RAM) might be sub-optimal as no optional output register could be merged into the ram block. Providing additional output register may help in improving timing.
INFO: [Synth 8-7052] The timing for the instance i_ariane/i_cva6/i_cache_subsystem/i_wt_dcache/i_wt_dcache_mem/gen_data_banks[0].i_data_sram/gen_cut[5].gen_mem.i_tc_sram_wrapper/i_ram/Mem_DP_reg (implemented as a Block RAM) might be sub-optimal as no optional output register could be merged into the ram block. Providing additional output register may help in improving timing.
INFO: [Synth 8-7052] The timing for the instance i_ariane/i_cva6/i_cache_subsystem/i_wt_dcache/i_wt_dcache_mem/gen_data_banks[0].i_data_sram/gen_cut[6].gen_mem.i_tc_sram_wrapper/i_ram/Mem_DP_reg (implemented as a Block RAM) might be sub-optimal as no optional output register could be merged into the ram block. Providing additional output register may help in improving timing.
INFO: [Synth 8-7052] The timing for the instance i_ariane/i_cva6/i_cache_subsystem/i_wt_dcache/i_wt_dcache_mem/gen_data_banks[0].i_data_sram/gen_cut[7].gen_mem.i_tc_sram_wrapper/i_ram/Mem_DP_reg (implemented as a Block RAM) might be sub-optimal as no optional output register could be merged into the ram block. Providing additional output register may help in improving timing.
INFO: [Synth 8-7052] The timing for the instance i_ariane/i_cva6/i_cache_subsystem/i_wt_dcache/i_wt_dcache_mem/gen_data_banks[1].i_data_sram/gen_cut[0].gen_mem.i_tc_sram_wrapper/i_ram/Mem_DP_reg (implemented as a Block RAM) might be sub-optimal as no optional output register could be merged into the ram block. Providing additional output register may help in improving timing.
INFO: [Synth 8-7052] The timing for the instance i_ariane/i_cva6/i_cache_subsystem/i_wt_dcache/i_wt_dcache_mem/gen_data_banks[1].i_data_sram/gen_cut[1].gen_mem.i_tc_sram_wrapper/i_ram/Mem_DP_reg (implemented as a Block RAM) might be sub-optimal as no optional output register could be merged into the ram block. Providing additional output register may help in improving timing.
INFO: [Synth 8-7052] The timing for the instance i_ariane/i_cva6/i_cache_subsystem/i_wt_dcache/i_wt_dcache_mem/gen_data_banks[1].i_data_sram/gen_cut[2].gen_mem.i_tc_sram_wrapper/i_ram/Mem_DP_reg (implemented as a Block RAM) might be sub-optimal as no optional output register could be merged into the ram block. Providing additional output register may help in improving timing.
INFO: [Synth 8-7052] The timing for the instance i_ariane/i_cva6/i_cache_subsystem/i_wt_dcache/i_wt_dcache_mem/gen_data_banks[1].i_data_sram/gen_cut[3].gen_mem.i_tc_sram_wrapper/i_ram/Mem_DP_reg (implemented as a Block RAM) might be sub-optimal as no optional output register could be merged into the ram block. Providing additional output register may help in improving timing.
INFO: [Synth 8-7052] The timing for the instance i_ariane/i_cva6/i_cache_subsystem/i_wt_dcache/i_wt_dcache_mem/gen_data_banks[1].i_data_sram/gen_cut[4].gen_mem.i_tc_sram_wrapper/i_ram/Mem_DP_reg (implemented as a Block RAM) might be sub-optimal as no optional output register could be merged into the ram block. Providing additional output register may help in improving timing.
INFO: [Synth 8-7052] The timing for the instance i_ariane/i_cva6/i_cache_subsystem/i_wt_dcache/i_wt_dcache_mem/gen_data_banks[1].i_data_sram/gen_cut[5].gen_mem.i_tc_sram_wrapper/i_ram/Mem_DP_reg (implemented as a Block RAM) might be sub-optimal as no optional output register could be merged into the ram block. Providing additional output register may help in improving timing.
INFO: [Synth 8-7052] The timing for the instance i_ariane/i_cva6/i_cache_subsystem/i_wt_dcache/i_wt_dcache_mem/gen_data_banks[1].i_data_sram/gen_cut[6].gen_mem.i_tc_sram_wrapper/i_ram/Mem_DP_reg (implemented as a Block RAM) might be sub-optimal as no optional output register could be merged into the ram block. Providing additional output register may help in improving timing.
INFO: [Synth 8-7052] The timing for the instance i_ariane/i_cva6/i_cache_subsystem/i_wt_dcache/i_wt_dcache_mem/gen_data_banks[1].i_data_sram/gen_cut[7].gen_mem.i_tc_sram_wrapper/i_ram/Mem_DP_reg (implemented as a Block RAM) might be sub-optimal as no optional output register could be merged into the ram block. Providing additional output register may help in improving timing.
INFO: [Synth 8-7052] The timing for the instance i_ariane/i_cva6/i_cache_subsystem/i_wt_dcache/i_wt_dcache_mem/gen_tag_srams[0].i_tag_sram/gen_cut[0].gen_mem.i_tc_sram_wrapper/i_ram/Mem_DP_reg (implemented as a Block RAM) might be sub-optimal as no optional output register could be merged into the ram block. Providing additional output register may help in improving timing.
INFO: [Synth 8-7052] The timing for the instance i_ariane/i_cva6/i_cache_subsystem/i_wt_dcache/i_wt_dcache_mem/gen_tag_srams[1].i_tag_sram/gen_cut[0].gen_mem.i_tc_sram_wrapper/i_ram/Mem_DP_reg (implemented as a Block RAM) might be sub-optimal as no optional output register could be merged into the ram block. Providing additional output register may help in improving timing.
INFO: [Synth 8-7052] The timing for the instance i_ariane/i_cva6/i_cache_subsystem/i_wt_dcache/i_wt_dcache_mem/gen_tag_srams[2].i_tag_sram/gen_cut[0].gen_mem.i_tc_sram_wrapper/i_ram/Mem_DP_reg (implemented as a Block RAM) might be sub-optimal as no optional output register could be merged into the ram block. Providing additional output register may help in improving timing.
INFO: [Synth 8-7052] The timing for the instance i_ariane/i_cva6/i_cache_subsystem/i_wt_dcache/i_wt_dcache_mem/gen_tag_srams[3].i_tag_sram/gen_cut[0].gen_mem.i_tc_sram_wrapper/i_ram/Mem_DP_reg (implemented as a Block RAM) might be sub-optimal as no optional output register could be merged into the ram block. Providing additional output register may help in improving timing.
INFO: [Synth 8-7052] The timing for the instance i_ariane/i_cva6/i_cache_subsystem/i_wt_dcache/i_wt_dcache_mem/gen_tag_srams[4].i_tag_sram/gen_cut[0].gen_mem.i_tc_sram_wrapper/i_ram/Mem_DP_reg (implemented as a Block RAM) might be sub-optimal as no optional output register could be merged into the ram block. Providing additional output register may help in improving timing.
INFO: [Synth 8-7052] The timing for the instance i_ariane/i_cva6/i_cache_subsystem/i_wt_dcache/i_wt_dcache_mem/gen_tag_srams[5].i_tag_sram/gen_cut[0].gen_mem.i_tc_sram_wrapper/i_ram/Mem_DP_reg (implemented as a Block RAM) might be sub-optimal as no optional output register could be merged into the ram block. Providing additional output register may help in improving timing.
INFO: [Synth 8-7052] The timing for the instance i_ariane/i_cva6/i_cache_subsystem/i_wt_dcache/i_wt_dcache_mem/gen_tag_srams[6].i_tag_sram/gen_cut[0].gen_mem.i_tc_sram_wrapper/i_ram/Mem_DP_reg (implemented as a Block RAM) might be sub-optimal as no optional output register could be merged into the ram block. Providing additional output register may help in improving timing.
INFO: [Synth 8-7052] The timing for the instance i_ariane/i_cva6/i_cache_subsystem/i_wt_dcache/i_wt_dcache_mem/gen_tag_srams[7].i_tag_sram/gen_cut[0].gen_mem.i_tc_sram_wrapper/i_ram/Mem_DP_reg (implemented as a Block RAM) might be sub-optimal as no optional output register could be merged into the ram block. Providing additional output register may help in improving timing.
INFO: [Synth 8-7052] The timing for the instance i_ariane/i_cva6/i_cache_subsystem/i_cva6_icache/gen_sram[0].tag_sram/gen_cut[0].gen_mem.i_tc_sram_wrapper/i_ram/Mem_DP_reg (implemented as a Block RAM) might be sub-optimal as no optional output register could be merged into the ram block. Providing additional output register may help in improving timing.
INFO: [Synth 8-7052] The timing for the instance i_ariane/i_cva6/i_cache_subsystem/i_cva6_icache/gen_sram[0].data_sram/gen_cut[0].gen_mem.i_tc_sram_wrapper/i_ram/Mem_DP_reg (implemented as a Block RAM) might be sub-optimal as no optional output register could be merged into the ram block. Providing additional output register may help in improving timing.
INFO: [Synth 8-7052] The timing for the instance i_ariane/i_cva6/i_cache_subsystem/i_cva6_icache/gen_sram[0].data_sram/gen_cut[1].gen_mem.i_tc_sram_wrapper/i_ram/Mem_DP_reg (implemented as a Block RAM) might be sub-optimal as no optional output register could be merged into the ram block. Providing additional output register may help in improving timing.
INFO: [Synth 8-7052] The timing for the instance i_ariane/i_cva6/i_cache_subsystem/i_cva6_icache/gen_sram[1].tag_sram/gen_cut[0].gen_mem.i_tc_sram_wrapper/i_ram/Mem_DP_reg (implemented as a Block RAM) might be sub-optimal as no optional output register could be merged into the ram block. Providing additional output register may help in improving timing.
INFO: [Synth 8-7052] The timing for the instance i_ariane/i_cva6/i_cache_subsystem/i_cva6_icache/gen_sram[1].data_sram/gen_cut[0].gen_mem.i_tc_sram_wrapper/i_ram/Mem_DP_reg (implemented as a Block RAM) might be sub-optimal as no optional output register could be merged into the ram block. Providing additional output register may help in improving timing.
INFO: [Synth 8-7052] The timing for the instance i_ariane/i_cva6/i_cache_subsystem/i_cva6_icache/gen_sram[1].data_sram/gen_cut[1].gen_mem.i_tc_sram_wrapper/i_ram/Mem_DP_reg (implemented as a Block RAM) might be sub-optimal as no optional output register could be merged into the ram block. Providing additional output register may help in improving timing.
INFO: [Synth 8-7052] The timing for the instance i_ariane/i_cva6/i_cache_subsystem/i_cva6_icache/gen_sram[2].tag_sram/gen_cut[0].gen_mem.i_tc_sram_wrapper/i_ram/Mem_DP_reg (implemented as a Block RAM) might be sub-optimal as no optional output register could be merged into the ram block. Providing additional output register may help in improving timing.
INFO: [Synth 8-7052] The timing for the instance i_ariane/i_cva6/i_cache_subsystem/i_cva6_icache/gen_sram[2].data_sram/gen_cut[0].gen_mem.i_tc_sram_wrapper/i_ram/Mem_DP_reg (implemented as a Block RAM) might be sub-optimal as no optional output register could be merged into the ram block. Providing additional output register may help in improving timing.
INFO: [Synth 8-7052] The timing for the instance i_ariane/i_cva6/i_cache_subsystem/i_cva6_icache/gen_sram[2].data_sram/gen_cut[1].gen_mem.i_tc_sram_wrapper/i_ram/Mem_DP_reg (implemented as a Block RAM) might be sub-optimal as no optional output register could be merged into the ram block. Providing additional output register may help in improving timing.
INFO: [Synth 8-7052] The timing for the instance i_ariane/i_cva6/i_cache_subsystem/i_cva6_icache/gen_sram[3].tag_sram/gen_cut[0].gen_mem.i_tc_sram_wrapper/i_ram/Mem_DP_reg (implemented as a Block RAM) might be sub-optimal as no optional output register could be merged into the ram block. Providing additional output register may help in improving timing.
INFO: [Synth 8-7052] The timing for the instance i_ariane/i_cva6/i_cache_subsystem/i_cva6_icache/gen_sram[3].data_sram/gen_cut[0].gen_mem.i_tc_sram_wrapper/i_ram/Mem_DP_reg (implemented as a Block RAM) might be sub-optimal as no optional output register could be merged into the ram block. Providing additional output register may help in improving timing.
INFO: [Synth 8-7052] The timing for the instance i_ariane/i_cva6/i_cache_subsystem/i_cva6_icache/gen_sram[3].data_sram/gen_cut[1].gen_mem.i_tc_sram_wrapper/i_ram/Mem_DP_reg (implemented as a Block RAM) might be sub-optimal as no optional output register could be merged into the ram block. Providing additional output register may help in improving timing.
INFO: [Synth 8-7052] The timing for the instance i_bootrom/addr_q_reg_rep_0 (implemented as a Block RAM) might be sub-optimal as no optional output register could be merged into the ram block. Providing additional output register may help in improving timing.
INFO: [Synth 8-7052] The timing for the instance i_bootrom/addr_q_reg_rep_1 (implemented as a Block RAM) might be sub-optimal as no optional output register could be merged into the ram block. Providing additional output register may help in improving timing.
INFO: [Synth 8-4649] Removing BlackBox instance i_unread of module unread having unconnected or no output ports
INFO: [Synth 8-4649] Removing BlackBox instance i_unread of module unread__6 having unconnected or no output ports
INFO: [Synth 8-4649] Removing BlackBox instance i_unread_address_fifo of module unread__1 having unconnected or no output ports
INFO: [Synth 8-4649] Removing BlackBox instance i_unread_branch_mask of module unread__2 having unconnected or no output ports
INFO: [Synth 8-4649] Removing BlackBox instance i_unread_lzc of module unread__3 having unconnected or no output ports
INFO: [Synth 8-4649] Removing BlackBox instance i_unread_fifo_pos of module unread__4 having unconnected or no output ports
INFO: [Synth 8-4649] Removing BlackBox instance i_unread_instr_fifo of module unread__5 having unconnected or no output ports
---------------------------------------------------------------------------------
Finished Final Netlist Cleanup
---------------------------------------------------------------------------------
---------------------------------------------------------------------------------
Finished IO Insertion : Time (s): cpu = 00:04:00 ; elapsed = 00:04:08 . Memory (MB): peak = 4277.715 ; gain = 2120.871 ; free physical = 29688 ; free virtual = 40033
Synthesis current peak Physical Memory [PSS] (MB): peak = 9423.359; parent = 3156.010; children = 6482.441
Synthesis current peak Virtual Memory [VSS] (MB): peak = 15342.086; parent = 4277.719; children = 11064.367
---------------------------------------------------------------------------------
---------------------------------------------------------------------------------
Start Renaming Generated Instances
---------------------------------------------------------------------------------
---------------------------------------------------------------------------------
Finished Renaming Generated Instances : Time (s): cpu = 00:04:01 ; elapsed = 00:04:09 . Memory (MB): peak = 4277.715 ; gain = 2120.871 ; free physical = 29680 ; free virtual = 40025
Synthesis current peak Physical Memory [PSS] (MB): peak = 9423.359; parent = 3156.010; children = 6482.441
Synthesis current peak Virtual Memory [VSS] (MB): peak = 15342.086; parent = 4277.719; children = 11064.367
---------------------------------------------------------------------------------
---------------------------------------------------------------------------------
Start Handling Custom Attributes
---------------------------------------------------------------------------------
---------------------------------------------------------------------------------
Finished Handling Custom Attributes : Time (s): cpu = 00:04:10 ; elapsed = 00:04:19 . Memory (MB): peak = 4277.715 ; gain = 2120.871 ; free physical = 29686 ; free virtual = 40031
Synthesis current peak Physical Memory [PSS] (MB): peak = 9423.359; parent = 3156.010; children = 6482.441
Synthesis current peak Virtual Memory [VSS] (MB): peak = 15342.086; parent = 4277.719; children = 11064.367
---------------------------------------------------------------------------------
---------------------------------------------------------------------------------
Start ROM, RAM, DSP, Shift Register and Retiming Reporting
---------------------------------------------------------------------------------

Static Shift Register Report:
+-----------------+---------------------+--------+-------+--------------+--------------------+-------------------+--------+---------+
|Module Name      | RTL Name            | Length | Width | Reset Signal | Pull out first Reg | Pull out last Reg | SRL16E | SRLC32E | 
+-----------------+---------------------+--------+-------+--------------+--------------------+-------------------+--------+---------+
|axis_gmii_rx     | gmii_rx_er_d4_reg   | 4      | 1     | NO           | NO                 | YES               | 1      | 0       | 
|axis_gmii_rx     | gmii_rxd_d4_reg[7]  | 4      | 8     | NO           | NO                 | YES               | 8      | 0       | 
|eth_mac_1g_rgmii | rx_mii_select_3_reg | 3      | 1     | NO           | NO                 | YES               | 1      | 0       | 
|eth_mac_1g_rgmii | tx_mii_select_3_reg | 3      | 1     | NO           | NO                 | YES               | 1      | 0       | 
+-----------------+---------------------+--------+-------+--------------+--------------------+-------------------+--------+---------+

---------------------------------------------------------------------------------
Finished ROM, RAM, DSP, Shift Register and Retiming Reporting
---------------------------------------------------------------------------------
---------------------------------------------------------------------------------
Start Writing Synthesis Report
---------------------------------------------------------------------------------

DSP Final Report (the ' indicates corresponding REG is set)
+------------+-----------------+--------+--------+--------+--------+--------+------+------+------+------+-------+------+------+
|Module Name | DSP Mapping     | A Size | B Size | C Size | D Size | P Size | AREG | BREG | CREG | DREG | ADREG | MREG | PREG | 
+------------+-----------------+--------+--------+--------+--------+--------+------+------+------+------+-------+------+------+
|fpnew_fma   | A*B             | 24     | 17     | -      | -      | 48     | 0    | 0    | -    | -    | -     | 0    | 0    | 
|fpnew_fma   | PCIN>>17+A*B    | 0      | 7      | -      | -      | 31     | 0    | 0    | -    | -    | -     | 0    | 0    | 
|fpnew_fma   | A*B             | 19     | 17     | -      | -      | 48     | 0    | 0    | -    | -    | -     | 0    | 0    | 
|fpnew_fma   | PCIN+A*B        | 19     | 17     | -      | -      | 48     | 0    | 0    | -    | -    | -     | 0    | 0    | 
|fpnew_fma   | PCIN>>17+A*B    | 19     | 17     | -      | -      | 48     | 0    | 0    | -    | -    | -     | 0    | 0    | 
|fpnew_fma   | A*B             | 19     | 17     | -      | -      | 48     | 0    | 0    | -    | -    | -     | 0    | 0    | 
|fpnew_fma   | PCIN+A*B        | 17     | 17     | -      | -      | 48     | 0    | 0    | -    | -    | -     | 0    | 0    | 
|fpnew_fma   | PCIN+A*B        | 19     | 17     | -      | -      | 48     | 0    | 0    | -    | -    | -     | 0    | 0    | 
|fpnew_fma   | A*B             | 17     | 17     | -      | -      | 48     | 0    | 0    | -    | -    | -     | 0    | 0    | 
|fpnew_fma   | PCIN>>17+A*B    | 17     | 17     | -      | -      | 48     | 0    | 0    | -    | -    | -     | 0    | 0    | 
|fpnew_fma   | PCIN+A*B        | 17     | 17     | -      | -      | 48     | 0    | 0    | -    | -    | -     | 0    | 0    | 
|multiplier  | A*B             | 17     | 18     | -      | -      | 48     | 0    | 0    | -    | -    | -     | 0    | 0    | 
|multiplier  | PCIN>>17+A*B    | 17     | 18     | -      | -      | 48     | 0    | 0    | -    | -    | -     | 0    | 0    | 
|multiplier  | PCIN+A*B        | 17     | 18     | -      | -      | 48     | 0    | 0    | -    | -    | -     | 0    | 0    | 
|multiplier  | (PCIN>>17+A*B)' | 30     | 18     | -      | -      | 48     | 0    | 0    | -    | -    | -     | 0    | 1    | 
|multiplier  | A*B             | 17     | 17     | -      | -      | 48     | 0    | 0    | -    | -    | -     | 0    | 0    | 
|multiplier  | PCIN+A*B        | 17     | 18     | -      | -      | 48     | 0    | 0    | -    | -    | -     | 0    | 0    | 
|multiplier  | PCIN>>17+A*B    | 17     | 18     | -      | -      | 48     | 0    | 0    | -    | -    | -     | 0    | 0    | 
|multiplier  | (PCIN+A*B)'     | 17     | 17     | -      | -      | 48     | 0    | 0    | -    | -    | -     | 0    | 1    | 
|multiplier  | A*B             | 17     | 17     | -      | -      | 48     | 0    | 0    | -    | -    | -     | 0    | 0    | 
|multiplier  | PCIN+A*B        | 17     | 17     | -      | -      | 48     | 0    | 0    | -    | -    | -     | 0    | 0    | 
|multiplier  | PCIN>>17+A*B    | 17     | 18     | -      | -      | 48     | 0    | 0    | -    | -    | -     | 0    | 0    | 
|multiplier  | (PCIN+A*B)'     | 17     | 17     | -      | -      | 48     | 0    | 0    | -    | -    | -     | 0    | 1    | 
|multiplier  | A*B             | 17     | 17     | -      | -      | 48     | 0    | 0    | -    | -    | -     | 0    | 0    | 
|multiplier  | PCIN>>17+A*B    | 17     | 17     | -      | -      | 48     | 0    | 0    | -    | -    | -     | 0    | 0    | 
|multiplier  | PCIN+A*B        | 17     | 17     | -      | -      | 48     | 0    | 0    | -    | -    | -     | 0    | 0    | 
|multiplier  | (PCIN>>17+A*B)' | 17     | 17     | -      | -      | 48     | 0    | 0    | -    | -    | -     | 0    | 1    | 
+------------+-----------------+--------+--------+--------+--------+--------+------+------+------+------+-------+------+------+


Report BlackBoxes: 
+------+--------------------------+----------+
|      |BlackBox name             |Instances |
+------+--------------------------+----------+
|1     |xlnx_axi_gpio             |         1|
|2     |xlnx_axi_dwidth_converter |         2|
|3     |xlnx_axi_quad_spi         |         1|
|4     |xlnx_axi_hwicap           |         1|
|5     |xlnx_mig_7_ddr3           |         1|
|6     |xlnx_clk_gen              |         1|
+------+--------------------------+----------+

Report Cell Usage: 
+------+--------------------------+------+
|      |Cell                      |Count |
+------+--------------------------+------+
|1     |xlnx_axi_dwidth_converter |     2|
|3     |xlnx_axi_gpio             |     1|
|4     |xlnx_axi_hwicap           |     1|
|5     |xlnx_axi_quad_spi         |     1|
|6     |xlnx_clk_gen              |     1|
|7     |xlnx_mig_7_ddr3           |     1|
|8     |BUFG                      |     1|
|9     |BUFIO                     |     1|
|10    |BUFR                      |     1|
|11    |CARRY4                    |  4725|
|12    |DSP48E1                   |    27|
|13    |IDDR                      |     5|
|14    |IDELAYCTRL                |     1|
|15    |IDELAYE2                  |     5|
|16    |LUT1                      |  2948|
|17    |LUT2                      | 17180|
|18    |LUT3                      | 21144|
|19    |LUT4                      | 13500|
|20    |LUT5                      | 14393|
|21    |LUT6                      | 35051|
|22    |MUXF7                     |  3910|
|23    |MUXF8                     |   387|
|24    |ODDR                      |     6|
|25    |RAM32M                    |    47|
|26    |RAM32X1D                  |     4|
|27    |RAMB16_S9_S36             |    10|
|28    |RAMB36E1                  |    38|
|29    |SRL16E                    |    11|
|30    |FDCE                      | 48804|
|31    |FDPE                      |   189|
|32    |FDRE                      |  1894|
|33    |FDSE                      |   141|
|34    |IBUF                      |    26|
|35    |IOBUF                     |     1|
|36    |OBUF                      |    22|
+------+--------------------------+------+
---------------------------------------------------------------------------------
Finished Writing Synthesis Report : Time (s): cpu = 00:04:11 ; elapsed = 00:04:19 . Memory (MB): peak = 4277.715 ; gain = 2120.871 ; free physical = 29683 ; free virtual = 40028
Synthesis current peak Physical Memory [PSS] (MB): peak = 9423.359; parent = 3156.010; children = 6482.441
Synthesis current peak Virtual Memory [VSS] (MB): peak = 15342.086; parent = 4277.719; children = 11064.367
---------------------------------------------------------------------------------
Synthesis finished with 0 errors, 0 critical warnings and 714 warnings.
Synthesis Optimization Runtime : Time (s): cpu = 00:03:24 ; elapsed = 00:03:47 . Memory (MB): peak = 4281.625 ; gain = 1673.438 ; free physical = 35932 ; free virtual = 46277
Synthesis Optimization Complete : Time (s): cpu = 00:04:14 ; elapsed = 00:04:24 . Memory (MB): peak = 4281.625 ; gain = 2124.781 ; free physical = 35939 ; free virtual = 46284
INFO: [Project 1-571] Translating synthesized netlist
Netlist sorting complete. Time (s): cpu = 00:00:02 ; elapsed = 00:00:02 . Memory (MB): peak = 4281.625 ; gain = 0.000 ; free physical = 35845 ; free virtual = 46190
INFO: [Netlist 29-17] Analyzing 9166 Unisim elements for replacement
INFO: [Netlist 29-28] Unisim Transformation completed in 0 CPU seconds
INFO: [Project 1-570] Preparing netlist for logic optimization
INFO: [Opt 31-138] Pushed 1 inverter(s) to 2 load pin(s).
Netlist sorting complete. Time (s): cpu = 00:00:00.03 ; elapsed = 00:00:00.06 . Memory (MB): peak = 4309.730 ; gain = 0.000 ; free physical = 35750 ; free virtual = 46095
INFO: [Project 1-111] Unisim Transformation Summary:
  A total of 62 instances were transformed.
  IOBUF => IOBUF (IBUF, OBUFT): 1 instance 
  RAM32M => RAM32M (RAMD32(x6), RAMS32(x2)): 47 instances
  RAM32X1D => RAM32X1D (RAMD32(x2)): 4 instances
  RAMB16_S9_S36 => RAMB36E1: 8 instances
  RAMB16_S9_S36 => RAMB36E1 (inverted pins: CLKARDCLK): 2 instances

Synth Design complete, checksum: 1c0f13e
INFO: [Common 17-83] Releasing license: Synthesis
477 Infos, 507 Warnings, 9 Critical Warnings and 0 Errors encountered.
synth_design completed successfully
synth_design: Time (s): cpu = 00:04:51 ; elapsed = 00:04:56 . Memory (MB): peak = 4309.730 ; gain = 2518.836 ; free physical = 36075 ; free virtual = 46419
INFO: [runtcl-6] Synthesis results are not added to the cache due to CRITICAL_WARNING
INFO: [Common 17-1381] The checkpoint '/home/jc/tmp/riscv-iommu-demo/cva6/corev_apu/fpga/ariane.runs/synth_1/ariane_xilinx.dcp' has been generated.
write_checkpoint: Time (s): cpu = 00:00:26 ; elapsed = 00:00:22 . Memory (MB): peak = 4381.766 ; gain = 72.035 ; free physical = 35969 ; free virtual = 46432
INFO: [runtcl-4] Executing : report_utilization -file ariane_xilinx_utilization_synth.rpt -pb ariane_xilinx_utilization_synth.pb
INFO: [Common 17-206] Exiting Vivado at Thu Apr  9 13:06:34 2026...
[Thu Apr  9 13:06:38 2026] synth_1 finished
wait_on_runs: Time (s): cpu = 00:05:34 ; elapsed = 00:05:40 . Memory (MB): peak = 1874.801 ; gain = 0.000 ; free physical = 39679 ; free virtual = 48957
# if {[get_property PROGRESS [get_runs synth_1]] != "100%"} {
#     puts "ERROR: Synthèse échouée."
#     exit 1
# }
# open_run synth_1 -name synth_1
Design is defaulting to impl run constrset: constrs_1
Design is defaulting to synth run part: xc7k325tffg900-2
INFO: [Device 21-403] Loading part xc7k325tffg900-2
INFO: [Project 1-454] Reading design checkpoint '/home/jc/tmp/riscv-iommu-demo/cva6/corev_apu/fpga/xilinx/xlnx_mig_7_ddr3/xlnx_mig_7_ddr3.gen/sources_1/ip/xlnx_mig_7_ddr3/xlnx_mig_7_ddr3.dcp' for cell 'i_ddr'
INFO: [Project 1-454] Reading design checkpoint '/home/jc/tmp/riscv-iommu-demo/cva6/corev_apu/fpga/xilinx/xlnx_clk_gen/xlnx_clk_gen.gen/sources_1/ip/xlnx_clk_gen/xlnx_clk_gen.dcp' for cell 'i_xlnx_clk_gen'
INFO: [Project 1-454] Reading design checkpoint '/home/jc/tmp/riscv-iommu-demo/cva6/corev_apu/fpga/xilinx/xlnx_axi_dwidth_converter/xlnx_axi_dwidth_converter.gen/sources_1/ip/xlnx_axi_dwidth_converter/xlnx_axi_dwidth_converter.dcp' for cell 'i_ariane_peripherals/gen_gpio.i_xlnx_axi_dwidth_converter_gpio'
INFO: [Project 1-454] Reading design checkpoint '/home/jc/tmp/riscv-iommu-demo/cva6/corev_apu/fpga/xilinx/xlnx_axi_gpio/xlnx_axi_gpio.gen/sources_1/ip/xlnx_axi_gpio/xlnx_axi_gpio.dcp' for cell 'i_ariane_peripherals/gen_gpio.i_xlnx_axi_gpio'
INFO: [Project 1-454] Reading design checkpoint '/home/jc/tmp/riscv-iommu-demo/cva6/corev_apu/fpga/xilinx/xlnx_axi_hwicap/xlnx_axi_hwicap.gen/sources_1/ip/xlnx_axi_hwicap/xlnx_axi_hwicap.dcp' for cell 'i_ariane_peripherals/gen_hwicap.i_hwicap'
INFO: [Project 1-454] Reading design checkpoint '/home/jc/tmp/riscv-iommu-demo/cva6/corev_apu/fpga/xilinx/xlnx_axi_quad_spi/xlnx_axi_quad_spi.gen/sources_1/ip/xlnx_axi_quad_spi/xlnx_axi_quad_spi.dcp' for cell 'i_ariane_peripherals/gen_spi.i_xlnx_axi_quad_spi'
Netlist sorting complete. Time (s): cpu = 00:00:01 ; elapsed = 00:00:01 . Memory (MB): peak = 2440.652 ; gain = 0.000 ; free physical = 39131 ; free virtual = 48409
INFO: [Netlist 29-17] Analyzing 9971 Unisim elements for replacement
INFO: [Netlist 29-28] Unisim Transformation completed in 0 CPU seconds
INFO: [Project 1-479] Netlist was created with Vivado 2022.2
INFO: [Project 1-570] Preparing netlist for logic optimization
WARNING: [Opt 31-32] Removing redundant IBUF since it is not being driven by a top-level port. i_xlnx_clk_gen/inst/clkin1_ibufg 
Resolution: The tool has removed redundant IBUF. To resolve this warning, check for redundant IBUF in the input design.
WARNING: [Constraints 18-550] Could not create 'IBUF_LOW_PWR' constraint because net 'i_xlnx_clk_gen/clk_in1' is not directly connected to top level port. Synthesis is ignored for IBUF_LOW_PWR but preserved for implementation.
Parsing XDC File [/home/jc/tmp/riscv-iommu-demo/cva6/corev_apu/fpga/xilinx/xlnx_mig_7_ddr3/xlnx_mig_7_ddr3.gen/sources_1/ip/xlnx_mig_7_ddr3/xlnx_mig_7_ddr3/user_design/constraints/xlnx_mig_7_ddr3.xdc] for cell 'i_ddr'
Finished Parsing XDC File [/home/jc/tmp/riscv-iommu-demo/cva6/corev_apu/fpga/xilinx/xlnx_mig_7_ddr3/xlnx_mig_7_ddr3.gen/sources_1/ip/xlnx_mig_7_ddr3/xlnx_mig_7_ddr3/user_design/constraints/xlnx_mig_7_ddr3.xdc] for cell 'i_ddr'
Parsing XDC File [/home/jc/tmp/riscv-iommu-demo/cva6/corev_apu/fpga/xilinx/xlnx_clk_gen/xlnx_clk_gen.gen/sources_1/ip/xlnx_clk_gen/xlnx_clk_gen_board.xdc] for cell 'i_xlnx_clk_gen/inst'
Finished Parsing XDC File [/home/jc/tmp/riscv-iommu-demo/cva6/corev_apu/fpga/xilinx/xlnx_clk_gen/xlnx_clk_gen.gen/sources_1/ip/xlnx_clk_gen/xlnx_clk_gen_board.xdc] for cell 'i_xlnx_clk_gen/inst'
Parsing XDC File [/home/jc/tmp/riscv-iommu-demo/cva6/corev_apu/fpga/xilinx/xlnx_clk_gen/xlnx_clk_gen.gen/sources_1/ip/xlnx_clk_gen/xlnx_clk_gen.xdc] for cell 'i_xlnx_clk_gen/inst'
INFO: [Timing 38-35] Done setting XDC timing constraints. [/home/jc/tmp/riscv-iommu-demo/cva6/corev_apu/fpga/xilinx/xlnx_clk_gen/xlnx_clk_gen.gen/sources_1/ip/xlnx_clk_gen/xlnx_clk_gen.xdc:57]
INFO: [Timing 38-2] Deriving generated clocks [/home/jc/tmp/riscv-iommu-demo/cva6/corev_apu/fpga/xilinx/xlnx_clk_gen/xlnx_clk_gen.gen/sources_1/ip/xlnx_clk_gen/xlnx_clk_gen.xdc:57]
get_clocks: Time (s): cpu = 00:00:20 ; elapsed = 00:00:12 . Memory (MB): peak = 3465.234 ; gain = 707.352 ; free physical = 38273 ; free virtual = 47551
Finished Parsing XDC File [/home/jc/tmp/riscv-iommu-demo/cva6/corev_apu/fpga/xilinx/xlnx_clk_gen/xlnx_clk_gen.gen/sources_1/ip/xlnx_clk_gen/xlnx_clk_gen.xdc] for cell 'i_xlnx_clk_gen/inst'
Parsing XDC File [/home/jc/tmp/riscv-iommu-demo/cva6/corev_apu/fpga/xilinx/xlnx_axi_hwicap/xlnx_axi_hwicap.gen/sources_1/ip/xlnx_axi_hwicap/xlnx_axi_hwicap.xdc] for cell 'i_ariane_peripherals/gen_hwicap.i_hwicap/U0'
Finished Parsing XDC File [/home/jc/tmp/riscv-iommu-demo/cva6/corev_apu/fpga/xilinx/xlnx_axi_hwicap/xlnx_axi_hwicap.gen/sources_1/ip/xlnx_axi_hwicap/xlnx_axi_hwicap.xdc] for cell 'i_ariane_peripherals/gen_hwicap.i_hwicap/U0'
Parsing XDC File [/home/jc/tmp/riscv-iommu-demo/cva6/corev_apu/fpga/xilinx/xlnx_axi_gpio/xlnx_axi_gpio.gen/sources_1/ip/xlnx_axi_gpio/xlnx_axi_gpio_board.xdc] for cell 'i_ariane_peripherals/gen_gpio.i_xlnx_axi_gpio/U0'
Finished Parsing XDC File [/home/jc/tmp/riscv-iommu-demo/cva6/corev_apu/fpga/xilinx/xlnx_axi_gpio/xlnx_axi_gpio.gen/sources_1/ip/xlnx_axi_gpio/xlnx_axi_gpio_board.xdc] for cell 'i_ariane_peripherals/gen_gpio.i_xlnx_axi_gpio/U0'
Parsing XDC File [/home/jc/tmp/riscv-iommu-demo/cva6/corev_apu/fpga/xilinx/xlnx_axi_gpio/xlnx_axi_gpio.gen/sources_1/ip/xlnx_axi_gpio/xlnx_axi_gpio.xdc] for cell 'i_ariane_peripherals/gen_gpio.i_xlnx_axi_gpio/U0'
Finished Parsing XDC File [/home/jc/tmp/riscv-iommu-demo/cva6/corev_apu/fpga/xilinx/xlnx_axi_gpio/xlnx_axi_gpio.gen/sources_1/ip/xlnx_axi_gpio/xlnx_axi_gpio.xdc] for cell 'i_ariane_peripherals/gen_gpio.i_xlnx_axi_gpio/U0'
Parsing XDC File [/home/jc/tmp/riscv-iommu-demo/cva6/corev_apu/fpga/xilinx/xlnx_axi_quad_spi/xlnx_axi_quad_spi.gen/sources_1/ip/xlnx_axi_quad_spi/xlnx_axi_quad_spi_board.xdc] for cell 'i_ariane_peripherals/gen_spi.i_xlnx_axi_quad_spi/U0'
Finished Parsing XDC File [/home/jc/tmp/riscv-iommu-demo/cva6/corev_apu/fpga/xilinx/xlnx_axi_quad_spi/xlnx_axi_quad_spi.gen/sources_1/ip/xlnx_axi_quad_spi/xlnx_axi_quad_spi_board.xdc] for cell 'i_ariane_peripherals/gen_spi.i_xlnx_axi_quad_spi/U0'
Parsing XDC File [/home/jc/tmp/riscv-iommu-demo/cva6/corev_apu/fpga/xilinx/xlnx_axi_quad_spi/xlnx_axi_quad_spi.gen/sources_1/ip/xlnx_axi_quad_spi/xlnx_axi_quad_spi.xdc] for cell 'i_ariane_peripherals/gen_spi.i_xlnx_axi_quad_spi/U0'
Finished Parsing XDC File [/home/jc/tmp/riscv-iommu-demo/cva6/corev_apu/fpga/xilinx/xlnx_axi_quad_spi/xlnx_axi_quad_spi.gen/sources_1/ip/xlnx_axi_quad_spi/xlnx_axi_quad_spi.xdc] for cell 'i_ariane_peripherals/gen_spi.i_xlnx_axi_quad_spi/U0'
Parsing XDC File [/home/jc/tmp/riscv-iommu-demo/cva6/corev_apu/fpga/constraints/genesys-2.xdc]
Finished Parsing XDC File [/home/jc/tmp/riscv-iommu-demo/cva6/corev_apu/fpga/constraints/genesys-2.xdc]
Parsing XDC File [/home/jc/tmp/riscv-iommu-demo/cva6/corev_apu/fpga/constraints/ariane.xdc]
Finished Parsing XDC File [/home/jc/tmp/riscv-iommu-demo/cva6/corev_apu/fpga/constraints/ariane.xdc]
INFO: [Project 1-538] Using original IP XDC constraints instead of the XDC constraints in dcp '/home/jc/tmp/riscv-iommu-demo/cva6/corev_apu/fpga/xilinx/xlnx_axi_hwicap/xlnx_axi_hwicap.gen/sources_1/ip/xlnx_axi_hwicap/xlnx_axi_hwicap.dcp'
CRITICAL WARNING: [Designutils 20-1280] Could not find module 'xlnx_axi_dwidth_converter_dm_master'. The XDC file /home/jc/tmp/riscv-iommu-demo/cva6/corev_apu/fpga/xilinx/xlnx_axi_dwidth_converter_dm_master/xlnx_axi_dwidth_converter_dm_master.gen/sources_1/ip/xlnx_axi_dwidth_converter_dm_master/xlnx_axi_dwidth_converter_dm_master_clocks.xdc will not be read for any cell of this module.
CRITICAL WARNING: [Designutils 20-1280] Could not find module 'xlnx_axi_dwidth_converter_dm_slave'. The XDC file /home/jc/tmp/riscv-iommu-demo/cva6/corev_apu/fpga/xilinx/xlnx_axi_dwidth_converter_dm_slave/xlnx_axi_dwidth_converter_dm_slave.gen/sources_1/ip/xlnx_axi_dwidth_converter_dm_slave/xlnx_axi_dwidth_converter_dm_slave_clocks.xdc will not be read for any cell of this module.
Parsing XDC File [/home/jc/tmp/riscv-iommu-demo/cva6/corev_apu/fpga/xilinx/xlnx_axi_clock_converter/xlnx_axi_clock_converter.gen/sources_1/ip/xlnx_axi_clock_converter/xlnx_axi_clock_converter_clocks.xdc] for cell 'i_xlnx_axi_clock_converter_ddr/inst'
Finished Parsing XDC File [/home/jc/tmp/riscv-iommu-demo/cva6/corev_apu/fpga/xilinx/xlnx_axi_clock_converter/xlnx_axi_clock_converter.gen/sources_1/ip/xlnx_axi_clock_converter/xlnx_axi_clock_converter_clocks.xdc] for cell 'i_xlnx_axi_clock_converter_ddr/inst'
Parsing XDC File [/home/jc/tmp/riscv-iommu-demo/cva6/corev_apu/fpga/xilinx/xlnx_axi_hwicap/xlnx_axi_hwicap.gen/sources_1/ip/xlnx_axi_hwicap/xlnx_axi_hwicap_clocks.xdc] for cell 'i_ariane_peripherals/gen_hwicap.i_hwicap/U0'
Finished Parsing XDC File [/home/jc/tmp/riscv-iommu-demo/cva6/corev_apu/fpga/xilinx/xlnx_axi_hwicap/xlnx_axi_hwicap.gen/sources_1/ip/xlnx_axi_hwicap/xlnx_axi_hwicap_clocks.xdc] for cell 'i_ariane_peripherals/gen_hwicap.i_hwicap/U0'
Parsing XDC File [/home/jc/tmp/riscv-iommu-demo/cva6/corev_apu/fpga/xilinx/xlnx_axi_dwidth_converter/xlnx_axi_dwidth_converter.gen/sources_1/ip/xlnx_axi_dwidth_converter/xlnx_axi_dwidth_converter_clocks.xdc] for cell 'i_ariane_peripherals/gen_gpio.i_xlnx_axi_dwidth_converter_gpio/inst'
Finished Parsing XDC File [/home/jc/tmp/riscv-iommu-demo/cva6/corev_apu/fpga/xilinx/xlnx_axi_dwidth_converter/xlnx_axi_dwidth_converter.gen/sources_1/ip/xlnx_axi_dwidth_converter/xlnx_axi_dwidth_converter_clocks.xdc] for cell 'i_ariane_peripherals/gen_gpio.i_xlnx_axi_dwidth_converter_gpio/inst'
Parsing XDC File [/home/jc/tmp/riscv-iommu-demo/cva6/corev_apu/fpga/xilinx/xlnx_axi_dwidth_converter/xlnx_axi_dwidth_converter.gen/sources_1/ip/xlnx_axi_dwidth_converter/xlnx_axi_dwidth_converter_clocks.xdc] for cell 'i_ariane_peripherals/gen_spi.i_xlnx_axi_dwidth_converter_spi/inst'
Finished Parsing XDC File [/home/jc/tmp/riscv-iommu-demo/cva6/corev_apu/fpga/xilinx/xlnx_axi_dwidth_converter/xlnx_axi_dwidth_converter.gen/sources_1/ip/xlnx_axi_dwidth_converter/xlnx_axi_dwidth_converter_clocks.xdc] for cell 'i_ariane_peripherals/gen_spi.i_xlnx_axi_dwidth_converter_spi/inst'
Parsing XDC File [/home/jc/tmp/riscv-iommu-demo/cva6/corev_apu/fpga/xilinx/xlnx_axi_quad_spi/xlnx_axi_quad_spi.gen/sources_1/ip/xlnx_axi_quad_spi/xlnx_axi_quad_spi_clocks.xdc] for cell 'i_ariane_peripherals/gen_spi.i_xlnx_axi_quad_spi/U0'
Finished Parsing XDC File [/home/jc/tmp/riscv-iommu-demo/cva6/corev_apu/fpga/xilinx/xlnx_axi_quad_spi/xlnx_axi_quad_spi.gen/sources_1/ip/xlnx_axi_quad_spi/xlnx_axi_quad_spi_clocks.xdc] for cell 'i_ariane_peripherals/gen_spi.i_xlnx_axi_quad_spi/U0'
WARNING: [XPM_CDC_GRAY: TCL-1000] The source and destination clocks are the same. 
     Instance: i_ariane_peripherals/gen_hwicap.i_hwicap/U0/ICAP_NOT_SHARED.HWICAP_CTRL_I/IPIC_IF_I/WRFIFO.WRDATA_FIFO_I/xpm_fifo_instance.xpm_fifo_async_inst/gnuram_async_fifo.xpm_fifo_base_inst/gen_cdc_pntr.rd_pntr_cdc_inst 
  This will add unnecessary latency to the design. Please check the design for the following: 
 1) Manually instantiated XPM_CDC modules: Xilinx recommends that you remove these modules. 
 2) Xilinx IP that contains XPM_CDC modules: Verify the connections to the IP to determine whether you can safely ignore this message.
 [/tools/Xilinx/Vivado/2022.2/data/ip/xpm/xpm_cdc/tcl/xpm_cdc_gray.tcl:16]
WARNING: [XPM_CDC_GRAY: TCL-1000] The source and destination clocks are the same. 
     Instance: i_ariane_peripherals/gen_hwicap.i_hwicap/U0/ICAP_NOT_SHARED.HWICAP_CTRL_I/IPIC_IF_I/WRFIFO.WRDATA_FIFO_I/xpm_fifo_instance.xpm_fifo_async_inst/gnuram_async_fifo.xpm_fifo_base_inst/gen_cdc_pntr.wr_pntr_cdc_inst 
  This will add unnecessary latency to the design. Please check the design for the following: 
 1) Manually instantiated XPM_CDC modules: Xilinx recommends that you remove these modules. 
 2) Xilinx IP that contains XPM_CDC modules: Verify the connections to the IP to determine whether you can safely ignore this message.
 [/tools/Xilinx/Vivado/2022.2/data/ip/xpm/xpm_cdc/tcl/xpm_cdc_gray.tcl:16]
WARNING: [XPM_CDC_GRAY: TCL-1000] The source and destination clocks are the same. 
     Instance: i_ariane_peripherals/gen_hwicap.i_hwicap/U0/ICAP_NOT_SHARED.HWICAP_CTRL_I/IPIC_IF_I/RD_FIFO.RDDATA_FIFO_I/xpm_fifo_instance.xpm_fifo_async_inst/gnuram_async_fifo.xpm_fifo_base_inst/gen_cdc_pntr.rd_pntr_cdc_inst 
  This will add unnecessary latency to the design. Please check the design for the following: 
 1) Manually instantiated XPM_CDC modules: Xilinx recommends that you remove these modules. 
 2) Xilinx IP that contains XPM_CDC modules: Verify the connections to the IP to determine whether you can safely ignore this message.
 [/tools/Xilinx/Vivado/2022.2/data/ip/xpm/xpm_cdc/tcl/xpm_cdc_gray.tcl:16]
WARNING: [XPM_CDC_GRAY: TCL-1000] The source and destination clocks are the same. 
     Instance: i_ariane_peripherals/gen_hwicap.i_hwicap/U0/ICAP_NOT_SHARED.HWICAP_CTRL_I/IPIC_IF_I/WRFIFO.WRDATA_FIFO_I/xpm_fifo_instance.xpm_fifo_async_inst/gnuram_async_fifo.xpm_fifo_base_inst/gen_cdc_pntr.wr_pntr_cdc_dc_inst 
  This will add unnecessary latency to the design. Please check the design for the following: 
 1) Manually instantiated XPM_CDC modules: Xilinx recommends that you remove these modules. 
 2) Xilinx IP that contains XPM_CDC modules: Verify the connections to the IP to determine whether you can safely ignore this message.
 [/tools/Xilinx/Vivado/2022.2/data/ip/xpm/xpm_cdc/tcl/xpm_cdc_gray.tcl:16]
WARNING: [XPM_CDC_GRAY: TCL-1000] The source and destination clocks are the same. 
     Instance: i_ariane_peripherals/gen_hwicap.i_hwicap/U0/ICAP_NOT_SHARED.HWICAP_CTRL_I/IPIC_IF_I/WRFIFO.WRDATA_FIFO_I/xpm_fifo_instance.xpm_fifo_async_inst/gnuram_async_fifo.xpm_fifo_base_inst/gen_cdc_pntr.rd_pntr_cdc_dc_inst 
  This will add unnecessary latency to the design. Please check the design for the following: 
 1) Manually instantiated XPM_CDC modules: Xilinx recommends that you remove these modules. 
 2) Xilinx IP that contains XPM_CDC modules: Verify the connections to the IP to determine whether you can safely ignore this message.
 [/tools/Xilinx/Vivado/2022.2/data/ip/xpm/xpm_cdc/tcl/xpm_cdc_gray.tcl:16]
WARNING: [XPM_CDC_GRAY: TCL-1000] The source and destination clocks are the same. 
     Instance: i_ariane_peripherals/gen_hwicap.i_hwicap/U0/ICAP_NOT_SHARED.HWICAP_CTRL_I/IPIC_IF_I/RD_FIFO.RDDATA_FIFO_I/xpm_fifo_instance.xpm_fifo_async_inst/gnuram_async_fifo.xpm_fifo_base_inst/gen_cdc_pntr.wr_pntr_cdc_inst 
  This will add unnecessary latency to the design. Please check the design for the following: 
 1) Manually instantiated XPM_CDC modules: Xilinx recommends that you remove these modules. 
 2) Xilinx IP that contains XPM_CDC modules: Verify the connections to the IP to determine whether you can safely ignore this message.
 [/tools/Xilinx/Vivado/2022.2/data/ip/xpm/xpm_cdc/tcl/xpm_cdc_gray.tcl:16]
WARNING: [XPM_CDC_GRAY: TCL-1000] The source and destination clocks are the same. 
     Instance: i_ariane_peripherals/gen_hwicap.i_hwicap/U0/ICAP_NOT_SHARED.HWICAP_CTRL_I/IPIC_IF_I/RD_FIFO.RDDATA_FIFO_I/xpm_fifo_instance.xpm_fifo_async_inst/gnuram_async_fifo.xpm_fifo_base_inst/gen_cdc_pntr.rd_pntr_cdc_dc_inst 
  This will add unnecessary latency to the design. Please check the design for the following: 
 1) Manually instantiated XPM_CDC modules: Xilinx recommends that you remove these modules. 
 2) Xilinx IP that contains XPM_CDC modules: Verify the connections to the IP to determine whether you can safely ignore this message.
 [/tools/Xilinx/Vivado/2022.2/data/ip/xpm/xpm_cdc/tcl/xpm_cdc_gray.tcl:16]
WARNING: [XPM_CDC_GRAY: TCL-1000] The source and destination clocks are the same. 
     Instance: i_ariane_peripherals/gen_hwicap.i_hwicap/U0/ICAP_NOT_SHARED.HWICAP_CTRL_I/IPIC_IF_I/RD_FIFO.RDDATA_FIFO_I/xpm_fifo_instance.xpm_fifo_async_inst/gnuram_async_fifo.xpm_fifo_base_inst/gen_cdc_pntr.wr_pntr_cdc_dc_inst 
  This will add unnecessary latency to the design. Please check the design for the following: 
 1) Manually instantiated XPM_CDC modules: Xilinx recommends that you remove these modules. 
 2) Xilinx IP that contains XPM_CDC modules: Verify the connections to the IP to determine whether you can safely ignore this message.
 [/tools/Xilinx/Vivado/2022.2/data/ip/xpm/xpm_cdc/tcl/xpm_cdc_gray.tcl:16]
WARNING: [XPM_CDC_GRAY: TCL-1000] The source and destination clocks are the same. 
     Instance: i_ariane_peripherals/gen_spi.i_xlnx_axi_quad_spi/U0/NO_DUAL_QUAD_MODE.QSPI_NORMAL/QSPI_ENHANCED_MD_GEN.QSPI_CORE_INTERFACE_I/FIFO_EXISTS.TX_FIFO_II/xpm_fifo_instance.xpm_fifo_async_inst/gnuram_async_fifo.xpm_fifo_base_inst/gen_cdc_pntr.rd_pntr_cdc_inst 
  This will add unnecessary latency to the design. Please check the design for the following: 
 1) Manually instantiated XPM_CDC modules: Xilinx recommends that you remove these modules. 
 2) Xilinx IP that contains XPM_CDC modules: Verify the connections to the IP to determine whether you can safely ignore this message.
 [/tools/Xilinx/Vivado/2022.2/data/ip/xpm/xpm_cdc/tcl/xpm_cdc_gray.tcl:16]
WARNING: [XPM_CDC_GRAY: TCL-1000] The source and destination clocks are the same. 
     Instance: i_ariane_peripherals/gen_spi.i_xlnx_axi_quad_spi/U0/NO_DUAL_QUAD_MODE.QSPI_NORMAL/QSPI_ENHANCED_MD_GEN.QSPI_CORE_INTERFACE_I/FIFO_EXISTS.RX_FIFO_II/gnuram_async_fifo.xpm_fifo_base_inst/gen_cdc_pntr.wr_pntr_cdc_inst 
  This will add unnecessary latency to the design. Please check the design for the following: 
 1) Manually instantiated XPM_CDC modules: Xilinx recommends that you remove these modules. 
 2) Xilinx IP that contains XPM_CDC modules: Verify the connections to the IP to determine whether you can safely ignore this message.
 [/tools/Xilinx/Vivado/2022.2/data/ip/xpm/xpm_cdc/tcl/xpm_cdc_gray.tcl:16]
WARNING: [XPM_CDC_GRAY: TCL-1000] The source and destination clocks are the same. 
     Instance: i_ariane_peripherals/gen_spi.i_xlnx_axi_quad_spi/U0/NO_DUAL_QUAD_MODE.QSPI_NORMAL/QSPI_ENHANCED_MD_GEN.QSPI_CORE_INTERFACE_I/FIFO_EXISTS.RX_FIFO_II/gnuram_async_fifo.xpm_fifo_base_inst/gen_cdc_pntr.rd_pntr_cdc_inst 
  This will add unnecessary latency to the design. Please check the design for the following: 
 1) Manually instantiated XPM_CDC modules: Xilinx recommends that you remove these modules. 
 2) Xilinx IP that contains XPM_CDC modules: Verify the connections to the IP to determine whether you can safely ignore this message.
 [/tools/Xilinx/Vivado/2022.2/data/ip/xpm/xpm_cdc/tcl/xpm_cdc_gray.tcl:16]
WARNING: [XPM_CDC_GRAY: TCL-1000] The source and destination clocks are the same. 
     Instance: i_ariane_peripherals/gen_spi.i_xlnx_axi_quad_spi/U0/NO_DUAL_QUAD_MODE.QSPI_NORMAL/QSPI_ENHANCED_MD_GEN.QSPI_CORE_INTERFACE_I/FIFO_EXISTS.TX_FIFO_II/xpm_fifo_instance.xpm_fifo_async_inst/gnuram_async_fifo.xpm_fifo_base_inst/gen_cdc_pntr.wr_pntr_cdc_inst 
  This will add unnecessary latency to the design. Please check the design for the following: 
 1) Manually instantiated XPM_CDC modules: Xilinx recommends that you remove these modules. 
 2) Xilinx IP that contains XPM_CDC modules: Verify the connections to the IP to determine whether you can safely ignore this message.
 [/tools/Xilinx/Vivado/2022.2/data/ip/xpm/xpm_cdc/tcl/xpm_cdc_gray.tcl:16]
WARNING: [XPM_CDC_GRAY: TCL-1000] The source and destination clocks are the same. 
     Instance: i_ariane_peripherals/gen_spi.i_xlnx_axi_quad_spi/U0/NO_DUAL_QUAD_MODE.QSPI_NORMAL/QSPI_ENHANCED_MD_GEN.QSPI_CORE_INTERFACE_I/FIFO_EXISTS.TX_FIFO_II/xpm_fifo_instance.xpm_fifo_async_inst/gnuram_async_fifo.xpm_fifo_base_inst/gen_cdc_pntr.wr_pntr_cdc_dc_inst 
  This will add unnecessary latency to the design. Please check the design for the following: 
 1) Manually instantiated XPM_CDC modules: Xilinx recommends that you remove these modules. 
 2) Xilinx IP that contains XPM_CDC modules: Verify the connections to the IP to determine whether you can safely ignore this message.
 [/tools/Xilinx/Vivado/2022.2/data/ip/xpm/xpm_cdc/tcl/xpm_cdc_gray.tcl:16]
WARNING: [XPM_CDC_GRAY: TCL-1000] The source and destination clocks are the same. 
     Instance: i_ariane_peripherals/gen_spi.i_xlnx_axi_quad_spi/U0/NO_DUAL_QUAD_MODE.QSPI_NORMAL/QSPI_ENHANCED_MD_GEN.QSPI_CORE_INTERFACE_I/FIFO_EXISTS.RX_FIFO_II/gnuram_async_fifo.xpm_fifo_base_inst/gen_cdc_pntr.wr_pntr_cdc_dc_inst 
  This will add unnecessary latency to the design. Please check the design for the following: 
 1) Manually instantiated XPM_CDC modules: Xilinx recommends that you remove these modules. 
 2) Xilinx IP that contains XPM_CDC modules: Verify the connections to the IP to determine whether you can safely ignore this message.
 [/tools/Xilinx/Vivado/2022.2/data/ip/xpm/xpm_cdc/tcl/xpm_cdc_gray.tcl:16]
WARNING: [XPM_CDC_GRAY: TCL-1000] The source and destination clocks are the same. 
     Instance: i_ariane_peripherals/gen_spi.i_xlnx_axi_quad_spi/U0/NO_DUAL_QUAD_MODE.QSPI_NORMAL/QSPI_ENHANCED_MD_GEN.QSPI_CORE_INTERFACE_I/FIFO_EXISTS.TX_FIFO_II/xpm_fifo_instance.xpm_fifo_async_inst/gnuram_async_fifo.xpm_fifo_base_inst/gen_cdc_pntr.rd_pntr_cdc_dc_inst 
  This will add unnecessary latency to the design. Please check the design for the following: 
 1) Manually instantiated XPM_CDC modules: Xilinx recommends that you remove these modules. 
 2) Xilinx IP that contains XPM_CDC modules: Verify the connections to the IP to determine whether you can safely ignore this message.
 [/tools/Xilinx/Vivado/2022.2/data/ip/xpm/xpm_cdc/tcl/xpm_cdc_gray.tcl:16]
WARNING: [XPM_CDC_GRAY: TCL-1000] The source and destination clocks are the same. 
     Instance: i_ariane_peripherals/gen_spi.i_xlnx_axi_quad_spi/U0/NO_DUAL_QUAD_MODE.QSPI_NORMAL/QSPI_ENHANCED_MD_GEN.QSPI_CORE_INTERFACE_I/FIFO_EXISTS.RX_FIFO_II/gnuram_async_fifo.xpm_fifo_base_inst/gen_cdc_pntr.rd_pntr_cdc_dc_inst 
  This will add unnecessary latency to the design. Please check the design for the following: 
 1) Manually instantiated XPM_CDC modules: Xilinx recommends that you remove these modules. 
 2) Xilinx IP that contains XPM_CDC modules: Verify the connections to the IP to determine whether you can safely ignore this message.
 [/tools/Xilinx/Vivado/2022.2/data/ip/xpm/xpm_cdc/tcl/xpm_cdc_gray.tcl:16]
INFO: [Project 1-1714] 67 XPM XDC files have been applied to the design.
INFO: [Opt 31-138] Pushed 0 inverter(s) to 0 load pin(s).
WARNING: [Constraints 18-5572] Instance i_ariane_peripherals/gen_spi.i_xlnx_axi_quad_spi/U0/NO_DUAL_QUAD_MODE.QSPI_NORMAL/IO0_I_REG has IOB constraint set, However, the instance does not seem to have valid I/O connection to be placed into I/O. The constraint on the instance will be ignored.
Netlist sorting complete. Time (s): cpu = 00:00:00.02 ; elapsed = 00:00:00.01 . Memory (MB): peak = 3470.234 ; gain = 0.000 ; free physical = 38442 ; free virtual = 47720
INFO: [Project 1-111] Unisim Transformation Summary:
  A total of 362 instances were transformed.
  IOBUF => IOBUF (IBUF, OBUFT): 1 instance 
  IOBUFDS_DIFF_OUT_DCIEN => IOBUFDS_DIFF_OUT_DCIEN (IBUFDS_IBUFDISABLE_INT(x2), INV, OBUFTDS_DCIEN(x2)): 4 instances
  IOBUF_DCIEN => IOBUF_DCIEN (IBUF_IBUFDISABLE, OBUFT_DCIEN): 32 instances
  LUT6_2 => LUT6_2 (LUT5, LUT6): 26 instances
  OBUFDS => OBUFDS_DUAL_BUF (INV, OBUFDS(x2)): 1 instance 
  RAM32M => RAM32M (RAMD32(x6), RAMS32(x2)): 278 instances
  RAM32X1D => RAM32X1D (RAMD32(x2)): 20 instances

open_run: Time (s): cpu = 00:00:58 ; elapsed = 00:00:42 . Memory (MB): peak = 3470.234 ; gain = 1595.434 ; free physical = 38442 ; free virtual = 47720
# puts "==> Cellules accel trouvées :"
==> Cellules accel trouvées :
# foreach cell [get_cells -hierarchical -filter {NAME =~ *accel*}] {
#     puts "  $cell"
# }
  i_ariane_peripherals/gen_dma.gen_accel2.i_accel2
  i_ariane_peripherals/gen_dma.gen_accel2.i_boundary_cfg_accel2
  i_ariane_peripherals/gen_dma.gen_accel2.i_boundary_dma_accel2
  i_ariane_peripherals/gen_dma.gen_accel2.i_dma_mux
  i_ariane_peripherals/gen_dma.gen_accel2.i_sec_wrap2
  i_ariane_peripherals/gen_dma.i_accel1
  i_ariane_peripherals/gen_dma.i_boundary_cfg_accel1
  i_ariane_peripherals/gen_dma.i_boundary_dma_accel1
  i_ariane_peripherals/gen_dma.gen_accel2.i_accel2/GND
  i_ariane_peripherals/gen_dma.gen_accel2.i_accel2/VCC
  i_ariane_peripherals/gen_dma.gen_accel2.i_accel2/b_id_ff[5]_i_1
  i_ariane_peripherals/gen_dma.gen_accel2.i_accel2/b_id_ff_reg[0]
  i_ariane_peripherals/gen_dma.gen_accel2.i_accel2/b_id_ff_reg[1]
  i_ariane_peripherals/gen_dma.gen_accel2.i_accel2/b_id_ff_reg[2]
  i_ariane_peripherals/gen_dma.gen_accel2.i_accel2/b_id_ff_reg[3]
  i_ariane_peripherals/gen_dma.gen_accel2.i_accel2/b_id_ff_reg[4]
  i_ariane_peripherals/gen_dma.gen_accel2.i_accel2/b_id_ff_reg[5]
  i_ariane_peripherals/gen_dma.gen_accel2.i_accel2/b_valid_ff_reg
  i_ariane_peripherals/gen_dma.gen_accel2.i_accel2/r_id_ff_reg[0]
  i_ariane_peripherals/gen_dma.gen_accel2.i_accel2/r_id_ff_reg[1]
  i_ariane_peripherals/gen_dma.gen_accel2.i_accel2/r_id_ff_reg[2]
  i_ariane_peripherals/gen_dma.gen_accel2.i_accel2/r_id_ff_reg[3]
  i_ariane_peripherals/gen_dma.gen_accel2.i_accel2/r_id_ff_reg[4]
  i_ariane_peripherals/gen_dma.gen_accel2.i_accel2/r_id_ff_reg[5]
  i_ariane_peripherals/gen_dma.gen_accel2.i_accel2/r_valid_ff_reg
  i_ariane_peripherals/gen_dma.gen_accel2.i_boundary_cfg_accel2/GND
  i_ariane_peripherals/gen_dma.gen_accel2.i_boundary_cfg_accel2/VCC
  i_ariane_peripherals/gen_dma.gen_accel2.i_boundary_cfg_accel2/btnc_o_reg
  i_ariane_peripherals/gen_dma.gen_accel2.i_boundary_cfg_accel2/btnd_o_reg
  i_ariane_peripherals/gen_dma.gen_accel2.i_boundary_cfg_accel2/btnl_o_reg
  i_ariane_peripherals/gen_dma.gen_accel2.i_boundary_cfg_accel2/btnr_o_reg
  i_ariane_peripherals/gen_dma.gen_accel2.i_boundary_cfg_accel2/btnu_o_reg
  i_ariane_peripherals/gen_dma.gen_accel2.i_boundary_cfg_accel2/gen_registered.m\\.ar_addr_reg[0]
  i_ariane_peripherals/gen_dma.gen_accel2.i_boundary_cfg_accel2/gen_registered.m\\.ar_addr_reg[10]
  i_ariane_peripherals/gen_dma.gen_accel2.i_boundary_cfg_accel2/gen_registered.m\\.ar_addr_reg[11]
  i_ariane_peripherals/gen_dma.gen_accel2.i_boundary_cfg_accel2/gen_registered.m\\.ar_addr_reg[12]
  i_ariane_peripherals/gen_dma.gen_accel2.i_boundary_cfg_accel2/gen_registered.m\\.ar_addr_reg[13]
  i_ariane_peripherals/gen_dma.gen_accel2.i_boundary_cfg_accel2/gen_registered.m\\.ar_addr_reg[14]
  i_ariane_peripherals/gen_dma.gen_accel2.i_boundary_cfg_accel2/gen_registered.m\\.ar_addr_reg[15]
  i_ariane_peripherals/gen_dma.gen_accel2.i_boundary_cfg_accel2/gen_registered.m\\.ar_addr_reg[16]
  i_ariane_peripherals/gen_dma.gen_accel2.i_boundary_cfg_accel2/gen_registered.m\\.ar_addr_reg[17]
  i_ariane_peripherals/gen_dma.gen_accel2.i_boundary_cfg_accel2/gen_registered.m\\.ar_addr_reg[18]
  i_ariane_peripherals/gen_dma.gen_accel2.i_boundary_cfg_accel2/gen_registered.m\\.ar_addr_reg[19]
  i_ariane_peripherals/gen_dma.gen_accel2.i_boundary_cfg_accel2/gen_registered.m\\.ar_addr_reg[1]
  i_ariane_peripherals/gen_dma.gen_accel2.i_boundary_cfg_accel2/gen_registered.m\\.ar_addr_reg[20]
  i_ariane_peripherals/gen_dma.gen_accel2.i_boundary_cfg_accel2/gen_registered.m\\.ar_addr_reg[21]
  i_ariane_peripherals/gen_dma.gen_accel2.i_boundary_cfg_accel2/gen_registered.m\\.ar_addr_reg[22]
  i_ariane_peripherals/gen_dma.gen_accel2.i_boundary_cfg_accel2/gen_registered.m\\.ar_addr_reg[23]
  i_ariane_peripherals/gen_dma.gen_accel2.i_boundary_cfg_accel2/gen_registered.m\\.ar_addr_reg[24]
  i_ariane_peripherals/gen_dma.gen_accel2.i_boundary_cfg_accel2/gen_registered.m\\.ar_addr_reg[25]
  i_ariane_peripherals/gen_dma.gen_accel2.i_boundary_cfg_accel2/gen_registered.m\\.ar_addr_reg[26]
  i_ariane_peripherals/gen_dma.gen_accel2.i_boundary_cfg_accel2/gen_registered.m\\.ar_addr_reg[27]
  i_ariane_peripherals/gen_dma.gen_accel2.i_boundary_cfg_accel2/gen_registered.m\\.ar_addr_reg[28]
  i_ariane_peripherals/gen_dma.gen_accel2.i_boundary_cfg_accel2/gen_registered.m\\.ar_addr_reg[29]
  i_ariane_peripherals/gen_dma.gen_accel2.i_boundary_cfg_accel2/gen_registered.m\\.ar_addr_reg[2]
  i_ariane_peripherals/gen_dma.gen_accel2.i_boundary_cfg_accel2/gen_registered.m\\.ar_addr_reg[30]
  i_ariane_peripherals/gen_dma.gen_accel2.i_boundary_cfg_accel2/gen_registered.m\\.ar_addr_reg[31]
  i_ariane_peripherals/gen_dma.gen_accel2.i_boundary_cfg_accel2/gen_registered.m\\.ar_addr_reg[32]
  i_ariane_peripherals/gen_dma.gen_accel2.i_boundary_cfg_accel2/gen_registered.m\\.ar_addr_reg[33]
  i_ariane_peripherals/gen_dma.gen_accel2.i_boundary_cfg_accel2/gen_registered.m\\.ar_addr_reg[34]
  i_ariane_peripherals/gen_dma.gen_accel2.i_boundary_cfg_accel2/gen_registered.m\\.ar_addr_reg[35]
  i_ariane_peripherals/gen_dma.gen_accel2.i_boundary_cfg_accel2/gen_registered.m\\.ar_addr_reg[36]
  i_ariane_peripherals/gen_dma.gen_accel2.i_boundary_cfg_accel2/gen_registered.m\\.ar_addr_reg[37]
  i_ariane_peripherals/gen_dma.gen_accel2.i_boundary_cfg_accel2/gen_registered.m\\.ar_addr_reg[38]
  i_ariane_peripherals/gen_dma.gen_accel2.i_boundary_cfg_accel2/gen_registered.m\\.ar_addr_reg[39]
  i_ariane_peripherals/gen_dma.gen_accel2.i_boundary_cfg_accel2/gen_registered.m\\.ar_addr_reg[3]
  i_ariane_peripherals/gen_dma.gen_accel2.i_boundary_cfg_accel2/gen_registered.m\\.ar_addr_reg[40]
  i_ariane_peripherals/gen_dma.gen_accel2.i_boundary_cfg_accel2/gen_registered.m\\.ar_addr_reg[41]
  i_ariane_peripherals/gen_dma.gen_accel2.i_boundary_cfg_accel2/gen_registered.m\\.ar_addr_reg[42]
  i_ariane_peripherals/gen_dma.gen_accel2.i_boundary_cfg_accel2/gen_registered.m\\.ar_addr_reg[43]
  i_ariane_peripherals/gen_dma.gen_accel2.i_boundary_cfg_accel2/gen_registered.m\\.ar_addr_reg[44]
  i_ariane_peripherals/gen_dma.gen_accel2.i_boundary_cfg_accel2/gen_registered.m\\.ar_addr_reg[45]
  i_ariane_peripherals/gen_dma.gen_accel2.i_boundary_cfg_accel2/gen_registered.m\\.ar_addr_reg[46]
  i_ariane_peripherals/gen_dma.gen_accel2.i_boundary_cfg_accel2/gen_registered.m\\.ar_addr_reg[47]
  i_ariane_peripherals/gen_dma.gen_accel2.i_boundary_cfg_accel2/gen_registered.m\\.ar_addr_reg[48]
  i_ariane_peripherals/gen_dma.gen_accel2.i_boundary_cfg_accel2/gen_registered.m\\.ar_addr_reg[49]
  i_ariane_peripherals/gen_dma.gen_accel2.i_boundary_cfg_accel2/gen_registered.m\\.ar_addr_reg[4]
  i_ariane_peripherals/gen_dma.gen_accel2.i_boundary_cfg_accel2/gen_registered.m\\.ar_addr_reg[50]
  i_ariane_peripherals/gen_dma.gen_accel2.i_boundary_cfg_accel2/gen_registered.m\\.ar_addr_reg[51]
  i_ariane_peripherals/gen_dma.gen_accel2.i_boundary_cfg_accel2/gen_registered.m\\.ar_addr_reg[52]
  i_ariane_peripherals/gen_dma.gen_accel2.i_boundary_cfg_accel2/gen_registered.m\\.ar_addr_reg[53]
  i_ariane_peripherals/gen_dma.gen_accel2.i_boundary_cfg_accel2/gen_registered.m\\.ar_addr_reg[54]
  i_ariane_peripherals/gen_dma.gen_accel2.i_boundary_cfg_accel2/gen_registered.m\\.ar_addr_reg[55]
  i_ariane_peripherals/gen_dma.gen_accel2.i_boundary_cfg_accel2/gen_registered.m\\.ar_addr_reg[56]
  i_ariane_peripherals/gen_dma.gen_accel2.i_boundary_cfg_accel2/gen_registered.m\\.ar_addr_reg[57]
  i_ariane_peripherals/gen_dma.gen_accel2.i_boundary_cfg_accel2/gen_registered.m\\.ar_addr_reg[58]
  i_ariane_peripherals/gen_dma.gen_accel2.i_boundary_cfg_accel2/gen_registered.m\\.ar_addr_reg[59]
  i_ariane_peripherals/gen_dma.gen_accel2.i_boundary_cfg_accel2/gen_registered.m\\.ar_addr_reg[5]
  i_ariane_peripherals/gen_dma.gen_accel2.i_boundary_cfg_accel2/gen_registered.m\\.ar_addr_reg[60]
  i_ariane_peripherals/gen_dma.gen_accel2.i_boundary_cfg_accel2/gen_registered.m\\.ar_addr_reg[61]
  i_ariane_peripherals/gen_dma.gen_accel2.i_boundary_cfg_accel2/gen_registered.m\\.ar_addr_reg[62]
  i_ariane_peripherals/gen_dma.gen_accel2.i_boundary_cfg_accel2/gen_registered.m\\.ar_addr_reg[63]
  i_ariane_peripherals/gen_dma.gen_accel2.i_boundary_cfg_accel2/gen_registered.m\\.ar_addr_reg[6]
  i_ariane_peripherals/gen_dma.gen_accel2.i_boundary_cfg_accel2/gen_registered.m\\.ar_addr_reg[7]
  i_ariane_peripherals/gen_dma.gen_accel2.i_boundary_cfg_accel2/gen_registered.m\\.ar_addr_reg[8]
  i_ariane_peripherals/gen_dma.gen_accel2.i_boundary_cfg_accel2/gen_registered.m\\.ar_addr_reg[9]
  i_ariane_peripherals/gen_dma.gen_accel2.i_boundary_cfg_accel2/gen_registered.m\\.ar_burst_reg[0]
  i_ariane_peripherals/gen_dma.gen_accel2.i_boundary_cfg_accel2/gen_registered.m\\.ar_id[5]_i_1
  i_ariane_peripherals/gen_dma.gen_accel2.i_boundary_cfg_accel2/gen_registered.m\\.ar_id_reg[0]
  i_ariane_peripherals/gen_dma.gen_accel2.i_boundary_cfg_accel2/gen_registered.m\\.ar_id_reg[1]
  i_ariane_peripherals/gen_dma.gen_accel2.i_boundary_cfg_accel2/gen_registered.m\\.ar_id_reg[2]
  i_ariane_peripherals/gen_dma.gen_accel2.i_boundary_cfg_accel2/gen_registered.m\\.ar_id_reg[4]
  i_ariane_peripherals/gen_dma.gen_accel2.i_boundary_cfg_accel2/gen_registered.m\\.ar_id_reg[5]
  i_ariane_peripherals/gen_dma.gen_accel2.i_boundary_cfg_accel2/gen_registered.m\\.ar_len_reg[0]
  i_ariane_peripherals/gen_dma.gen_accel2.i_boundary_cfg_accel2/gen_registered.m\\.ar_len_reg[2]
  i_ariane_peripherals/gen_dma.gen_accel2.i_boundary_cfg_accel2/gen_registered.m\\.ar_lock_reg
  i_ariane_peripherals/gen_dma.gen_accel2.i_boundary_cfg_accel2/gen_registered.m\\.ar_size_reg[0]
  i_ariane_peripherals/gen_dma.gen_accel2.i_boundary_cfg_accel2/gen_registered.m\\.ar_size_reg[1]
  i_ariane_peripherals/gen_dma.gen_accel2.i_boundary_cfg_accel2/gen_registered.m\\.ar_valid_i_1
  i_ariane_peripherals/gen_dma.gen_accel2.i_boundary_cfg_accel2/gen_registered.m\\.ar_valid_reg
  i_ariane_peripherals/gen_dma.gen_accel2.i_boundary_cfg_accel2/gen_registered.m\\.aw_addr_reg[0]
  i_ariane_peripherals/gen_dma.gen_accel2.i_boundary_cfg_accel2/gen_registered.m\\.aw_addr_reg[10]
  i_ariane_peripherals/gen_dma.gen_accel2.i_boundary_cfg_accel2/gen_registered.m\\.aw_addr_reg[11]
  i_ariane_peripherals/gen_dma.gen_accel2.i_boundary_cfg_accel2/gen_registered.m\\.aw_addr_reg[12]
  i_ariane_peripherals/gen_dma.gen_accel2.i_boundary_cfg_accel2/gen_registered.m\\.aw_addr_reg[13]
  i_ariane_peripherals/gen_dma.gen_accel2.i_boundary_cfg_accel2/gen_registered.m\\.aw_addr_reg[14]
  i_ariane_peripherals/gen_dma.gen_accel2.i_boundary_cfg_accel2/gen_registered.m\\.aw_addr_reg[15]
  i_ariane_peripherals/gen_dma.gen_accel2.i_boundary_cfg_accel2/gen_registered.m\\.aw_addr_reg[16]
  i_ariane_peripherals/gen_dma.gen_accel2.i_boundary_cfg_accel2/gen_registered.m\\.aw_addr_reg[17]
  i_ariane_peripherals/gen_dma.gen_accel2.i_boundary_cfg_accel2/gen_registered.m\\.aw_addr_reg[18]
  i_ariane_peripherals/gen_dma.gen_accel2.i_boundary_cfg_accel2/gen_registered.m\\.aw_addr_reg[19]
  i_ariane_peripherals/gen_dma.gen_accel2.i_boundary_cfg_accel2/gen_registered.m\\.aw_addr_reg[1]
  i_ariane_peripherals/gen_dma.gen_accel2.i_boundary_cfg_accel2/gen_registered.m\\.aw_addr_reg[20]
  i_ariane_peripherals/gen_dma.gen_accel2.i_boundary_cfg_accel2/gen_registered.m\\.aw_addr_reg[21]
  i_ariane_peripherals/gen_dma.gen_accel2.i_boundary_cfg_accel2/gen_registered.m\\.aw_addr_reg[22]
  i_ariane_peripherals/gen_dma.gen_accel2.i_boundary_cfg_accel2/gen_registered.m\\.aw_addr_reg[23]
  i_ariane_peripherals/gen_dma.gen_accel2.i_boundary_cfg_accel2/gen_registered.m\\.aw_addr_reg[24]
  i_ariane_peripherals/gen_dma.gen_accel2.i_boundary_cfg_accel2/gen_registered.m\\.aw_addr_reg[25]
  i_ariane_peripherals/gen_dma.gen_accel2.i_boundary_cfg_accel2/gen_registered.m\\.aw_addr_reg[26]
  i_ariane_peripherals/gen_dma.gen_accel2.i_boundary_cfg_accel2/gen_registered.m\\.aw_addr_reg[27]
  i_ariane_peripherals/gen_dma.gen_accel2.i_boundary_cfg_accel2/gen_registered.m\\.aw_addr_reg[28]
  i_ariane_peripherals/gen_dma.gen_accel2.i_boundary_cfg_accel2/gen_registered.m\\.aw_addr_reg[29]
  i_ariane_peripherals/gen_dma.gen_accel2.i_boundary_cfg_accel2/gen_registered.m\\.aw_addr_reg[2]
  i_ariane_peripherals/gen_dma.gen_accel2.i_boundary_cfg_accel2/gen_registered.m\\.aw_addr_reg[30]
  i_ariane_peripherals/gen_dma.gen_accel2.i_boundary_cfg_accel2/gen_registered.m\\.aw_addr_reg[31]
  i_ariane_peripherals/gen_dma.gen_accel2.i_boundary_cfg_accel2/gen_registered.m\\.aw_addr_reg[32]
  i_ariane_peripherals/gen_dma.gen_accel2.i_boundary_cfg_accel2/gen_registered.m\\.aw_addr_reg[33]
  i_ariane_peripherals/gen_dma.gen_accel2.i_boundary_cfg_accel2/gen_registered.m\\.aw_addr_reg[34]
  i_ariane_peripherals/gen_dma.gen_accel2.i_boundary_cfg_accel2/gen_registered.m\\.aw_addr_reg[35]
  i_ariane_peripherals/gen_dma.gen_accel2.i_boundary_cfg_accel2/gen_registered.m\\.aw_addr_reg[36]
  i_ariane_peripherals/gen_dma.gen_accel2.i_boundary_cfg_accel2/gen_registered.m\\.aw_addr_reg[37]
  i_ariane_peripherals/gen_dma.gen_accel2.i_boundary_cfg_accel2/gen_registered.m\\.aw_addr_reg[38]
  i_ariane_peripherals/gen_dma.gen_accel2.i_boundary_cfg_accel2/gen_registered.m\\.aw_addr_reg[39]
  i_ariane_peripherals/gen_dma.gen_accel2.i_boundary_cfg_accel2/gen_registered.m\\.aw_addr_reg[3]
  i_ariane_peripherals/gen_dma.gen_accel2.i_boundary_cfg_accel2/gen_registered.m\\.aw_addr_reg[40]
  i_ariane_peripherals/gen_dma.gen_accel2.i_boundary_cfg_accel2/gen_registered.m\\.aw_addr_reg[41]
  i_ariane_peripherals/gen_dma.gen_accel2.i_boundary_cfg_accel2/gen_registered.m\\.aw_addr_reg[42]
  i_ariane_peripherals/gen_dma.gen_accel2.i_boundary_cfg_accel2/gen_registered.m\\.aw_addr_reg[43]
  i_ariane_peripherals/gen_dma.gen_accel2.i_boundary_cfg_accel2/gen_registered.m\\.aw_addr_reg[44]
  i_ariane_peripherals/gen_dma.gen_accel2.i_boundary_cfg_accel2/gen_registered.m\\.aw_addr_reg[45]
  i_ariane_peripherals/gen_dma.gen_accel2.i_boundary_cfg_accel2/gen_registered.m\\.aw_addr_reg[46]
  i_ariane_peripherals/gen_dma.gen_accel2.i_boundary_cfg_accel2/gen_registered.m\\.aw_addr_reg[47]
  i_ariane_peripherals/gen_dma.gen_accel2.i_boundary_cfg_accel2/gen_registered.m\\.aw_addr_reg[48]
  i_ariane_peripherals/gen_dma.gen_accel2.i_boundary_cfg_accel2/gen_registered.m\\.aw_addr_reg[49]
  i_ariane_peripherals/gen_dma.gen_accel2.i_boundary_cfg_accel2/gen_registered.m\\.aw_addr_reg[4]
  i_ariane_peripherals/gen_dma.gen_accel2.i_boundary_cfg_accel2/gen_registered.m\\.aw_addr_reg[50]
  i_ariane_peripherals/gen_dma.gen_accel2.i_boundary_cfg_accel2/gen_registered.m\\.aw_addr_reg[51]
  i_ariane_peripherals/gen_dma.gen_accel2.i_boundary_cfg_accel2/gen_registered.m\\.aw_addr_reg[52]
  i_ariane_peripherals/gen_dma.gen_accel2.i_boundary_cfg_accel2/gen_registered.m\\.aw_addr_reg[53]
  i_ariane_peripherals/gen_dma.gen_accel2.i_boundary_cfg_accel2/gen_registered.m\\.aw_addr_reg[54]
  i_ariane_peripherals/gen_dma.gen_accel2.i_boundary_cfg_accel2/gen_registered.m\\.aw_addr_reg[55]
  i_ariane_peripherals/gen_dma.gen_accel2.i_boundary_cfg_accel2/gen_registered.m\\.aw_addr_reg[56]
  i_ariane_peripherals/gen_dma.gen_accel2.i_boundary_cfg_accel2/gen_registered.m\\.aw_addr_reg[57]
  i_ariane_peripherals/gen_dma.gen_accel2.i_boundary_cfg_accel2/gen_registered.m\\.aw_addr_reg[58]
  i_ariane_peripherals/gen_dma.gen_accel2.i_boundary_cfg_accel2/gen_registered.m\\.aw_addr_reg[59]
  i_ariane_peripherals/gen_dma.gen_accel2.i_boundary_cfg_accel2/gen_registered.m\\.aw_addr_reg[5]
  i_ariane_peripherals/gen_dma.gen_accel2.i_boundary_cfg_accel2/gen_registered.m\\.aw_addr_reg[60]
  i_ariane_peripherals/gen_dma.gen_accel2.i_boundary_cfg_accel2/gen_registered.m\\.aw_addr_reg[61]
  i_ariane_peripherals/gen_dma.gen_accel2.i_boundary_cfg_accel2/gen_registered.m\\.aw_addr_reg[62]
  i_ariane_peripherals/gen_dma.gen_accel2.i_boundary_cfg_accel2/gen_registered.m\\.aw_addr_reg[63]
  i_ariane_peripherals/gen_dma.gen_accel2.i_boundary_cfg_accel2/gen_registered.m\\.aw_addr_reg[6]
  i_ariane_peripherals/gen_dma.gen_accel2.i_boundary_cfg_accel2/gen_registered.m\\.aw_addr_reg[7]
  i_ariane_peripherals/gen_dma.gen_accel2.i_boundary_cfg_accel2/gen_registered.m\\.aw_addr_reg[8]
  i_ariane_peripherals/gen_dma.gen_accel2.i_boundary_cfg_accel2/gen_registered.m\\.aw_addr_reg[9]
  i_ariane_peripherals/gen_dma.gen_accel2.i_boundary_cfg_accel2/gen_registered.m\\.aw_atop_reg[0]
  i_ariane_peripherals/gen_dma.gen_accel2.i_boundary_cfg_accel2/gen_registered.m\\.aw_atop_reg[1]
  i_ariane_peripherals/gen_dma.gen_accel2.i_boundary_cfg_accel2/gen_registered.m\\.aw_atop_reg[2]
  i_ariane_peripherals/gen_dma.gen_accel2.i_boundary_cfg_accel2/gen_registered.m\\.aw_atop_reg[4]
  i_ariane_peripherals/gen_dma.gen_accel2.i_boundary_cfg_accel2/gen_registered.m\\.aw_atop_reg[5]
  i_ariane_peripherals/gen_dma.gen_accel2.i_boundary_cfg_accel2/gen_registered.m\\.aw_burst_reg[0]
  i_ariane_peripherals/gen_dma.gen_accel2.i_boundary_cfg_accel2/gen_registered.m\\.aw_id[5]_i_1
  i_ariane_peripherals/gen_dma.gen_accel2.i_boundary_cfg_accel2/gen_registered.m\\.aw_id_reg[0]
  i_ariane_peripherals/gen_dma.gen_accel2.i_boundary_cfg_accel2/gen_registered.m\\.aw_id_reg[1]
  i_ariane_peripherals/gen_dma.gen_accel2.i_boundary_cfg_accel2/gen_registered.m\\.aw_id_reg[4]
  i_ariane_peripherals/gen_dma.gen_accel2.i_boundary_cfg_accel2/gen_registered.m\\.aw_id_reg[5]
  i_ariane_peripherals/gen_dma.gen_accel2.i_boundary_cfg_accel2/gen_registered.m\\.aw_len_reg[1]
  i_ariane_peripherals/gen_dma.gen_accel2.i_boundary_cfg_accel2/gen_registered.m\\.aw_lock_reg
  i_ariane_peripherals/gen_dma.gen_accel2.i_boundary_cfg_accel2/gen_registered.m\\.aw_size_reg[0]
  i_ariane_peripherals/gen_dma.gen_accel2.i_boundary_cfg_accel2/gen_registered.m\\.aw_size_reg[1]
  i_ariane_peripherals/gen_dma.gen_accel2.i_boundary_cfg_accel2/gen_registered.m\\.aw_size_reg[2]
  i_ariane_peripherals/gen_dma.gen_accel2.i_boundary_cfg_accel2/gen_registered.m\\.aw_valid_i_1
  i_ariane_peripherals/gen_dma.gen_accel2.i_boundary_cfg_accel2/gen_registered.m\\.aw_valid_reg
  i_ariane_peripherals/gen_dma.gen_accel2.i_boundary_cfg_accel2/gen_registered.m\\.w_data_reg[0]
  i_ariane_peripherals/gen_dma.gen_accel2.i_boundary_cfg_accel2/gen_registered.m\\.w_data_reg[10]
  i_ariane_peripherals/gen_dma.gen_accel2.i_boundary_cfg_accel2/gen_registered.m\\.w_data_reg[11]
  i_ariane_peripherals/gen_dma.gen_accel2.i_boundary_cfg_accel2/gen_registered.m\\.w_data_reg[12]
  i_ariane_peripherals/gen_dma.gen_accel2.i_boundary_cfg_accel2/gen_registered.m\\.w_data_reg[13]
  i_ariane_peripherals/gen_dma.gen_accel2.i_boundary_cfg_accel2/gen_registered.m\\.w_data_reg[14]
  i_ariane_peripherals/gen_dma.gen_accel2.i_boundary_cfg_accel2/gen_registered.m\\.w_data_reg[15]
  i_ariane_peripherals/gen_dma.gen_accel2.i_boundary_cfg_accel2/gen_registered.m\\.w_data_reg[16]
  i_ariane_peripherals/gen_dma.gen_accel2.i_boundary_cfg_accel2/gen_registered.m\\.w_data_reg[17]
  i_ariane_peripherals/gen_dma.gen_accel2.i_boundary_cfg_accel2/gen_registered.m\\.w_data_reg[18]
  i_ariane_peripherals/gen_dma.gen_accel2.i_boundary_cfg_accel2/gen_registered.m\\.w_data_reg[19]
  i_ariane_peripherals/gen_dma.gen_accel2.i_boundary_cfg_accel2/gen_registered.m\\.w_data_reg[1]
  i_ariane_peripherals/gen_dma.gen_accel2.i_boundary_cfg_accel2/gen_registered.m\\.w_data_reg[20]
  i_ariane_peripherals/gen_dma.gen_accel2.i_boundary_cfg_accel2/gen_registered.m\\.w_data_reg[21]
  i_ariane_peripherals/gen_dma.gen_accel2.i_boundary_cfg_accel2/gen_registered.m\\.w_data_reg[22]
  i_ariane_peripherals/gen_dma.gen_accel2.i_boundary_cfg_accel2/gen_registered.m\\.w_data_reg[23]
  i_ariane_peripherals/gen_dma.gen_accel2.i_boundary_cfg_accel2/gen_registered.m\\.w_data_reg[24]
  i_ariane_peripherals/gen_dma.gen_accel2.i_boundary_cfg_accel2/gen_registered.m\\.w_data_reg[25]
  i_ariane_peripherals/gen_dma.gen_accel2.i_boundary_cfg_accel2/gen_registered.m\\.w_data_reg[26]
  i_ariane_peripherals/gen_dma.gen_accel2.i_boundary_cfg_accel2/gen_registered.m\\.w_data_reg[27]
  i_ariane_peripherals/gen_dma.gen_accel2.i_boundary_cfg_accel2/gen_registered.m\\.w_data_reg[28]
  i_ariane_peripherals/gen_dma.gen_accel2.i_boundary_cfg_accel2/gen_registered.m\\.w_data_reg[29]
  i_ariane_peripherals/gen_dma.gen_accel2.i_boundary_cfg_accel2/gen_registered.m\\.w_data_reg[2]
  i_ariane_peripherals/gen_dma.gen_accel2.i_boundary_cfg_accel2/gen_registered.m\\.w_data_reg[30]
  i_ariane_peripherals/gen_dma.gen_accel2.i_boundary_cfg_accel2/gen_registered.m\\.w_data_reg[31]
  i_ariane_peripherals/gen_dma.gen_accel2.i_boundary_cfg_accel2/gen_registered.m\\.w_data_reg[32]
  i_ariane_peripherals/gen_dma.gen_accel2.i_boundary_cfg_accel2/gen_registered.m\\.w_data_reg[33]
  i_ariane_peripherals/gen_dma.gen_accel2.i_boundary_cfg_accel2/gen_registered.m\\.w_data_reg[34]
  i_ariane_peripherals/gen_dma.gen_accel2.i_boundary_cfg_accel2/gen_registered.m\\.w_data_reg[35]
  i_ariane_peripherals/gen_dma.gen_accel2.i_boundary_cfg_accel2/gen_registered.m\\.w_data_reg[36]
  i_ariane_peripherals/gen_dma.gen_accel2.i_boundary_cfg_accel2/gen_registered.m\\.w_data_reg[37]
  i_ariane_peripherals/gen_dma.gen_accel2.i_boundary_cfg_accel2/gen_registered.m\\.w_data_reg[38]
  i_ariane_peripherals/gen_dma.gen_accel2.i_boundary_cfg_accel2/gen_registered.m\\.w_data_reg[39]
  i_ariane_peripherals/gen_dma.gen_accel2.i_boundary_cfg_accel2/gen_registered.m\\.w_data_reg[3]
  i_ariane_peripherals/gen_dma.gen_accel2.i_boundary_cfg_accel2/gen_registered.m\\.w_data_reg[40]
  i_ariane_peripherals/gen_dma.gen_accel2.i_boundary_cfg_accel2/gen_registered.m\\.w_data_reg[41]
  i_ariane_peripherals/gen_dma.gen_accel2.i_boundary_cfg_accel2/gen_registered.m\\.w_data_reg[42]
  i_ariane_peripherals/gen_dma.gen_accel2.i_boundary_cfg_accel2/gen_registered.m\\.w_data_reg[43]
  i_ariane_peripherals/gen_dma.gen_accel2.i_boundary_cfg_accel2/gen_registered.m\\.w_data_reg[44]
  i_ariane_peripherals/gen_dma.gen_accel2.i_boundary_cfg_accel2/gen_registered.m\\.w_data_reg[45]
  i_ariane_peripherals/gen_dma.gen_accel2.i_boundary_cfg_accel2/gen_registered.m\\.w_data_reg[46]
  i_ariane_peripherals/gen_dma.gen_accel2.i_boundary_cfg_accel2/gen_registered.m\\.w_data_reg[47]
  i_ariane_peripherals/gen_dma.gen_accel2.i_boundary_cfg_accel2/gen_registered.m\\.w_data_reg[48]
  i_ariane_peripherals/gen_dma.gen_accel2.i_boundary_cfg_accel2/gen_registered.m\\.w_data_reg[49]
  i_ariane_peripherals/gen_dma.gen_accel2.i_boundary_cfg_accel2/gen_registered.m\\.w_data_reg[4]
  i_ariane_peripherals/gen_dma.gen_accel2.i_boundary_cfg_accel2/gen_registered.m\\.w_data_reg[50]
  i_ariane_peripherals/gen_dma.gen_accel2.i_boundary_cfg_accel2/gen_registered.m\\.w_data_reg[51]
  i_ariane_peripherals/gen_dma.gen_accel2.i_boundary_cfg_accel2/gen_registered.m\\.w_data_reg[52]
  i_ariane_peripherals/gen_dma.gen_accel2.i_boundary_cfg_accel2/gen_registered.m\\.w_data_reg[53]
  i_ariane_peripherals/gen_dma.gen_accel2.i_boundary_cfg_accel2/gen_registered.m\\.w_data_reg[54]
  i_ariane_peripherals/gen_dma.gen_accel2.i_boundary_cfg_accel2/gen_registered.m\\.w_data_reg[55]
  i_ariane_peripherals/gen_dma.gen_accel2.i_boundary_cfg_accel2/gen_registered.m\\.w_data_reg[56]
  i_ariane_peripherals/gen_dma.gen_accel2.i_boundary_cfg_accel2/gen_registered.m\\.w_data_reg[57]
  i_ariane_peripherals/gen_dma.gen_accel2.i_boundary_cfg_accel2/gen_registered.m\\.w_data_reg[58]
  i_ariane_peripherals/gen_dma.gen_accel2.i_boundary_cfg_accel2/gen_registered.m\\.w_data_reg[59]
  i_ariane_peripherals/gen_dma.gen_accel2.i_boundary_cfg_accel2/gen_registered.m\\.w_data_reg[5]
  i_ariane_peripherals/gen_dma.gen_accel2.i_boundary_cfg_accel2/gen_registered.m\\.w_data_reg[60]
  i_ariane_peripherals/gen_dma.gen_accel2.i_boundary_cfg_accel2/gen_registered.m\\.w_data_reg[61]
  i_ariane_peripherals/gen_dma.gen_accel2.i_boundary_cfg_accel2/gen_registered.m\\.w_data_reg[62]
  i_ariane_peripherals/gen_dma.gen_accel2.i_boundary_cfg_accel2/gen_registered.m\\.w_data_reg[63]
  i_ariane_peripherals/gen_dma.gen_accel2.i_boundary_cfg_accel2/gen_registered.m\\.w_data_reg[6]
  i_ariane_peripherals/gen_dma.gen_accel2.i_boundary_cfg_accel2/gen_registered.m\\.w_data_reg[7]
  i_ariane_peripherals/gen_dma.gen_accel2.i_boundary_cfg_accel2/gen_registered.m\\.w_data_reg[8]
  i_ariane_peripherals/gen_dma.gen_accel2.i_boundary_cfg_accel2/gen_registered.m\\.w_data_reg[9]
  i_ariane_peripherals/gen_dma.gen_accel2.i_boundary_cfg_accel2/gen_registered.m\\.w_last_reg
  i_ariane_peripherals/gen_dma.gen_accel2.i_boundary_cfg_accel2/gen_registered.m\\.w_strb_reg[0]
  i_ariane_peripherals/gen_dma.gen_accel2.i_boundary_cfg_accel2/gen_registered.m\\.w_strb_reg[1]
  i_ariane_peripherals/gen_dma.gen_accel2.i_boundary_cfg_accel2/gen_registered.m\\.w_strb_reg[2]
  i_ariane_peripherals/gen_dma.gen_accel2.i_boundary_cfg_accel2/gen_registered.m\\.w_strb_reg[3]
  i_ariane_peripherals/gen_dma.gen_accel2.i_boundary_cfg_accel2/gen_registered.m\\.w_strb_reg[4]
  i_ariane_peripherals/gen_dma.gen_accel2.i_boundary_cfg_accel2/gen_registered.m\\.w_strb_reg[5]
  i_ariane_peripherals/gen_dma.gen_accel2.i_boundary_cfg_accel2/gen_registered.m\\.w_strb_reg[6]
  i_ariane_peripherals/gen_dma.gen_accel2.i_boundary_cfg_accel2/gen_registered.m\\.w_strb_reg[7]
  i_ariane_peripherals/gen_dma.gen_accel2.i_boundary_cfg_accel2/gen_registered.m\\.w_user_reg[0]
  i_ariane_peripherals/gen_dma.gen_accel2.i_boundary_cfg_accel2/gen_registered.m\\.w_valid_reg
  i_ariane_peripherals/gen_dma.gen_accel2.i_boundary_cfg_accel2/gen_registered.s\\.b_id_reg[0]
  i_ariane_peripherals/gen_dma.gen_accel2.i_boundary_cfg_accel2/gen_registered.s\\.b_id_reg[1]
  i_ariane_peripherals/gen_dma.gen_accel2.i_boundary_cfg_accel2/gen_registered.s\\.b_id_reg[2]
  i_ariane_peripherals/gen_dma.gen_accel2.i_boundary_cfg_accel2/gen_registered.s\\.b_id_reg[3]
  i_ariane_peripherals/gen_dma.gen_accel2.i_boundary_cfg_accel2/gen_registered.s\\.b_id_reg[4]
  i_ariane_peripherals/gen_dma.gen_accel2.i_boundary_cfg_accel2/gen_registered.s\\.b_id_reg[5]
  i_ariane_peripherals/gen_dma.gen_accel2.i_boundary_cfg_accel2/gen_registered.s\\.b_resp_reg[0]
  i_ariane_peripherals/gen_dma.gen_accel2.i_boundary_cfg_accel2/gen_registered.s\\.b_resp_reg[1]
  i_ariane_peripherals/gen_dma.gen_accel2.i_boundary_cfg_accel2/gen_registered.s\\.b_valid_i_1
  i_ariane_peripherals/gen_dma.gen_accel2.i_boundary_cfg_accel2/gen_registered.s\\.b_valid_reg
  i_ariane_peripherals/gen_dma.gen_accel2.i_boundary_cfg_accel2/gen_registered.s\\.r_data_reg[0]
  i_ariane_peripherals/gen_dma.gen_accel2.i_boundary_cfg_accel2/gen_registered.s\\.r_data_reg[10]
  i_ariane_peripherals/gen_dma.gen_accel2.i_boundary_cfg_accel2/gen_registered.s\\.r_data_reg[11]
  i_ariane_peripherals/gen_dma.gen_accel2.i_boundary_cfg_accel2/gen_registered.s\\.r_data_reg[12]
  i_ariane_peripherals/gen_dma.gen_accel2.i_boundary_cfg_accel2/gen_registered.s\\.r_data_reg[13]
  i_ariane_peripherals/gen_dma.gen_accel2.i_boundary_cfg_accel2/gen_registered.s\\.r_data_reg[14]
  i_ariane_peripherals/gen_dma.gen_accel2.i_boundary_cfg_accel2/gen_registered.s\\.r_data_reg[15]
  i_ariane_peripherals/gen_dma.gen_accel2.i_boundary_cfg_accel2/gen_registered.s\\.r_data_reg[16]
  i_ariane_peripherals/gen_dma.gen_accel2.i_boundary_cfg_accel2/gen_registered.s\\.r_data_reg[17]
  i_ariane_peripherals/gen_dma.gen_accel2.i_boundary_cfg_accel2/gen_registered.s\\.r_data_reg[18]
  i_ariane_peripherals/gen_dma.gen_accel2.i_boundary_cfg_accel2/gen_registered.s\\.r_data_reg[19]
  i_ariane_peripherals/gen_dma.gen_accel2.i_boundary_cfg_accel2/gen_registered.s\\.r_data_reg[1]
  i_ariane_peripherals/gen_dma.gen_accel2.i_boundary_cfg_accel2/gen_registered.s\\.r_data_reg[20]
  i_ariane_peripherals/gen_dma.gen_accel2.i_boundary_cfg_accel2/gen_registered.s\\.r_data_reg[21]
  i_ariane_peripherals/gen_dma.gen_accel2.i_boundary_cfg_accel2/gen_registered.s\\.r_data_reg[22]
  i_ariane_peripherals/gen_dma.gen_accel2.i_boundary_cfg_accel2/gen_registered.s\\.r_data_reg[23]
  i_ariane_peripherals/gen_dma.gen_accel2.i_boundary_cfg_accel2/gen_registered.s\\.r_data_reg[24]
  i_ariane_peripherals/gen_dma.gen_accel2.i_boundary_cfg_accel2/gen_registered.s\\.r_data_reg[25]
  i_ariane_peripherals/gen_dma.gen_accel2.i_boundary_cfg_accel2/gen_registered.s\\.r_data_reg[26]
  i_ariane_peripherals/gen_dma.gen_accel2.i_boundary_cfg_accel2/gen_registered.s\\.r_data_reg[27]
  i_ariane_peripherals/gen_dma.gen_accel2.i_boundary_cfg_accel2/gen_registered.s\\.r_data_reg[28]
  i_ariane_peripherals/gen_dma.gen_accel2.i_boundary_cfg_accel2/gen_registered.s\\.r_data_reg[29]
  i_ariane_peripherals/gen_dma.gen_accel2.i_boundary_cfg_accel2/gen_registered.s\\.r_data_reg[2]
  i_ariane_peripherals/gen_dma.gen_accel2.i_boundary_cfg_accel2/gen_registered.s\\.r_data_reg[30]
  i_ariane_peripherals/gen_dma.gen_accel2.i_boundary_cfg_accel2/gen_registered.s\\.r_data_reg[31]
  i_ariane_peripherals/gen_dma.gen_accel2.i_boundary_cfg_accel2/gen_registered.s\\.r_data_reg[32]
  i_ariane_peripherals/gen_dma.gen_accel2.i_boundary_cfg_accel2/gen_registered.s\\.r_data_reg[33]
  i_ariane_peripherals/gen_dma.gen_accel2.i_boundary_cfg_accel2/gen_registered.s\\.r_data_reg[34]
  i_ariane_peripherals/gen_dma.gen_accel2.i_boundary_cfg_accel2/gen_registered.s\\.r_data_reg[35]
  i_ariane_peripherals/gen_dma.gen_accel2.i_boundary_cfg_accel2/gen_registered.s\\.r_data_reg[36]
  i_ariane_peripherals/gen_dma.gen_accel2.i_boundary_cfg_accel2/gen_registered.s\\.r_data_reg[37]
  i_ariane_peripherals/gen_dma.gen_accel2.i_boundary_cfg_accel2/gen_registered.s\\.r_data_reg[38]
  i_ariane_peripherals/gen_dma.gen_accel2.i_boundary_cfg_accel2/gen_registered.s\\.r_data_reg[39]
  i_ariane_peripherals/gen_dma.gen_accel2.i_boundary_cfg_accel2/gen_registered.s\\.r_data_reg[3]
  i_ariane_peripherals/gen_dma.gen_accel2.i_boundary_cfg_accel2/gen_registered.s\\.r_data_reg[40]
  i_ariane_peripherals/gen_dma.gen_accel2.i_boundary_cfg_accel2/gen_registered.s\\.r_data_reg[41]
  i_ariane_peripherals/gen_dma.gen_accel2.i_boundary_cfg_accel2/gen_registered.s\\.r_data_reg[42]
  i_ariane_peripherals/gen_dma.gen_accel2.i_boundary_cfg_accel2/gen_registered.s\\.r_data_reg[43]
  i_ariane_peripherals/gen_dma.gen_accel2.i_boundary_cfg_accel2/gen_registered.s\\.r_data_reg[44]
  i_ariane_peripherals/gen_dma.gen_accel2.i_boundary_cfg_accel2/gen_registered.s\\.r_data_reg[45]
  i_ariane_peripherals/gen_dma.gen_accel2.i_boundary_cfg_accel2/gen_registered.s\\.r_data_reg[46]
  i_ariane_peripherals/gen_dma.gen_accel2.i_boundary_cfg_accel2/gen_registered.s\\.r_data_reg[47]
  i_ariane_peripherals/gen_dma.gen_accel2.i_boundary_cfg_accel2/gen_registered.s\\.r_data_reg[48]
  i_ariane_peripherals/gen_dma.gen_accel2.i_boundary_cfg_accel2/gen_registered.s\\.r_data_reg[49]
  i_ariane_peripherals/gen_dma.gen_accel2.i_boundary_cfg_accel2/gen_registered.s\\.r_data_reg[4]
  i_ariane_peripherals/gen_dma.gen_accel2.i_boundary_cfg_accel2/gen_registered.s\\.r_data_reg[50]
  i_ariane_peripherals/gen_dma.gen_accel2.i_boundary_cfg_accel2/gen_registered.s\\.r_data_reg[51]
  i_ariane_peripherals/gen_dma.gen_accel2.i_boundary_cfg_accel2/gen_registered.s\\.r_data_reg[52]
  i_ariane_peripherals/gen_dma.gen_accel2.i_boundary_cfg_accel2/gen_registered.s\\.r_data_reg[53]
  i_ariane_peripherals/gen_dma.gen_accel2.i_boundary_cfg_accel2/gen_registered.s\\.r_data_reg[54]
  i_ariane_peripherals/gen_dma.gen_accel2.i_boundary_cfg_accel2/gen_registered.s\\.r_data_reg[55]
  i_ariane_peripherals/gen_dma.gen_accel2.i_boundary_cfg_accel2/gen_registered.s\\.r_data_reg[56]
  i_ariane_peripherals/gen_dma.gen_accel2.i_boundary_cfg_accel2/gen_registered.s\\.r_data_reg[57]
  i_ariane_peripherals/gen_dma.gen_accel2.i_boundary_cfg_accel2/gen_registered.s\\.r_data_reg[58]
  i_ariane_peripherals/gen_dma.gen_accel2.i_boundary_cfg_accel2/gen_registered.s\\.r_data_reg[59]
  i_ariane_peripherals/gen_dma.gen_accel2.i_boundary_cfg_accel2/gen_registered.s\\.r_data_reg[5]
  i_ariane_peripherals/gen_dma.gen_accel2.i_boundary_cfg_accel2/gen_registered.s\\.r_data_reg[60]
  i_ariane_peripherals/gen_dma.gen_accel2.i_boundary_cfg_accel2/gen_registered.s\\.r_data_reg[61]
  i_ariane_peripherals/gen_dma.gen_accel2.i_boundary_cfg_accel2/gen_registered.s\\.r_data_reg[62]
  i_ariane_peripherals/gen_dma.gen_accel2.i_boundary_cfg_accel2/gen_registered.s\\.r_data_reg[63]
  i_ariane_peripherals/gen_dma.gen_accel2.i_boundary_cfg_accel2/gen_registered.s\\.r_data_reg[6]
  i_ariane_peripherals/gen_dma.gen_accel2.i_boundary_cfg_accel2/gen_registered.s\\.r_data_reg[7]
  i_ariane_peripherals/gen_dma.gen_accel2.i_boundary_cfg_accel2/gen_registered.s\\.r_data_reg[8]
  i_ariane_peripherals/gen_dma.gen_accel2.i_boundary_cfg_accel2/gen_registered.s\\.r_data_reg[9]
  i_ariane_peripherals/gen_dma.gen_accel2.i_boundary_cfg_accel2/gen_registered.s\\.r_id_reg[0]
  i_ariane_peripherals/gen_dma.gen_accel2.i_boundary_cfg_accel2/gen_registered.s\\.r_id_reg[1]
  i_ariane_peripherals/gen_dma.gen_accel2.i_boundary_cfg_accel2/gen_registered.s\\.r_id_reg[2]
  i_ariane_peripherals/gen_dma.gen_accel2.i_boundary_cfg_accel2/gen_registered.s\\.r_id_reg[3]
  i_ariane_peripherals/gen_dma.gen_accel2.i_boundary_cfg_accel2/gen_registered.s\\.r_id_reg[4]
  i_ariane_peripherals/gen_dma.gen_accel2.i_boundary_cfg_accel2/gen_registered.s\\.r_id_reg[5]
  i_ariane_peripherals/gen_dma.gen_accel2.i_boundary_cfg_accel2/gen_registered.s\\.r_last_reg
  i_ariane_peripherals/gen_dma.gen_accel2.i_boundary_cfg_accel2/gen_registered.s\\.r_resp_reg[0]
  i_ariane_peripherals/gen_dma.gen_accel2.i_boundary_cfg_accel2/gen_registered.s\\.r_resp_reg[1]
  i_ariane_peripherals/gen_dma.gen_accel2.i_boundary_cfg_accel2/gen_registered.s\\.r_user_reg[0]
  i_ariane_peripherals/gen_dma.gen_accel2.i_boundary_cfg_accel2/gen_registered.s\\.r_valid_reg
  i_ariane_peripherals/gen_dma.gen_accel2.i_boundary_cfg_accel2/s\\.ar_ready_INST_0
  i_ariane_peripherals/gen_dma.gen_accel2.i_boundary_cfg_accel2/s\\.aw_ready_INST_0
  i_ariane_peripherals/gen_dma.gen_accel2.i_boundary_dma_accel2/GND
  i_ariane_peripherals/gen_dma.gen_accel2.i_boundary_dma_accel2/VCC
  i_ariane_peripherals/gen_dma.gen_accel2.i_boundary_dma_accel2/gen_registered.m\\.ar_valid_i_1
  i_ariane_peripherals/gen_dma.gen_accel2.i_boundary_dma_accel2/gen_registered.m\\.ar_valid_reg
  i_ariane_peripherals/gen_dma.gen_accel2.i_boundary_dma_accel2/gen_registered.m\\.aw_valid_i_1
  i_ariane_peripherals/gen_dma.gen_accel2.i_boundary_dma_accel2/gen_registered.m\\.aw_valid_reg
  i_ariane_peripherals/gen_dma.gen_accel2.i_boundary_dma_accel2/gen_registered.m\\.w_valid_i_1
  i_ariane_peripherals/gen_dma.gen_accel2.i_boundary_dma_accel2/gen_registered.m\\.w_valid_reg
  i_ariane_peripherals/gen_dma.gen_accel2.i_boundary_dma_accel2/gen_registered.s\\.b_id_reg[0]
  i_ariane_peripherals/gen_dma.gen_accel2.i_boundary_dma_accel2/gen_registered.s\\.b_id_reg[2]
  i_ariane_peripherals/gen_dma.gen_accel2.i_boundary_dma_accel2/gen_registered.s\\.b_resp_reg[0]
  i_ariane_peripherals/gen_dma.gen_accel2.i_boundary_dma_accel2/gen_registered.s\\.b_resp_reg[1]
  i_ariane_peripherals/gen_dma.gen_accel2.i_boundary_dma_accel2/gen_registered.s\\.b_user_reg[0]
  i_ariane_peripherals/gen_dma.gen_accel2.i_boundary_dma_accel2/gen_registered.s\\.r_data_reg[0]
  i_ariane_peripherals/gen_dma.gen_accel2.i_boundary_dma_accel2/gen_registered.s\\.r_data_reg[10]
  i_ariane_peripherals/gen_dma.gen_accel2.i_boundary_dma_accel2/gen_registered.s\\.r_data_reg[11]
  i_ariane_peripherals/gen_dma.gen_accel2.i_boundary_dma_accel2/gen_registered.s\\.r_data_reg[12]
  i_ariane_peripherals/gen_dma.gen_accel2.i_boundary_dma_accel2/gen_registered.s\\.r_data_reg[13]
  i_ariane_peripherals/gen_dma.gen_accel2.i_boundary_dma_accel2/gen_registered.s\\.r_data_reg[14]
  i_ariane_peripherals/gen_dma.gen_accel2.i_boundary_dma_accel2/gen_registered.s\\.r_data_reg[15]
  i_ariane_peripherals/gen_dma.gen_accel2.i_boundary_dma_accel2/gen_registered.s\\.r_data_reg[16]
  i_ariane_peripherals/gen_dma.gen_accel2.i_boundary_dma_accel2/gen_registered.s\\.r_data_reg[17]
  i_ariane_peripherals/gen_dma.gen_accel2.i_boundary_dma_accel2/gen_registered.s\\.r_data_reg[18]
  i_ariane_peripherals/gen_dma.gen_accel2.i_boundary_dma_accel2/gen_registered.s\\.r_data_reg[19]
  i_ariane_peripherals/gen_dma.gen_accel2.i_boundary_dma_accel2/gen_registered.s\\.r_data_reg[1]
  i_ariane_peripherals/gen_dma.gen_accel2.i_boundary_dma_accel2/gen_registered.s\\.r_data_reg[20]
  i_ariane_peripherals/gen_dma.gen_accel2.i_boundary_dma_accel2/gen_registered.s\\.r_data_reg[21]
  i_ariane_peripherals/gen_dma.gen_accel2.i_boundary_dma_accel2/gen_registered.s\\.r_data_reg[22]
  i_ariane_peripherals/gen_dma.gen_accel2.i_boundary_dma_accel2/gen_registered.s\\.r_data_reg[23]
  i_ariane_peripherals/gen_dma.gen_accel2.i_boundary_dma_accel2/gen_registered.s\\.r_data_reg[24]
  i_ariane_peripherals/gen_dma.gen_accel2.i_boundary_dma_accel2/gen_registered.s\\.r_data_reg[25]
  i_ariane_peripherals/gen_dma.gen_accel2.i_boundary_dma_accel2/gen_registered.s\\.r_data_reg[26]
  i_ariane_peripherals/gen_dma.gen_accel2.i_boundary_dma_accel2/gen_registered.s\\.r_data_reg[27]
  i_ariane_peripherals/gen_dma.gen_accel2.i_boundary_dma_accel2/gen_registered.s\\.r_data_reg[28]
  i_ariane_peripherals/gen_dma.gen_accel2.i_boundary_dma_accel2/gen_registered.s\\.r_data_reg[29]
  i_ariane_peripherals/gen_dma.gen_accel2.i_boundary_dma_accel2/gen_registered.s\\.r_data_reg[2]
  i_ariane_peripherals/gen_dma.gen_accel2.i_boundary_dma_accel2/gen_registered.s\\.r_data_reg[30]
  i_ariane_peripherals/gen_dma.gen_accel2.i_boundary_dma_accel2/gen_registered.s\\.r_data_reg[31]
  i_ariane_peripherals/gen_dma.gen_accel2.i_boundary_dma_accel2/gen_registered.s\\.r_data_reg[32]
  i_ariane_peripherals/gen_dma.gen_accel2.i_boundary_dma_accel2/gen_registered.s\\.r_data_reg[33]
  i_ariane_peripherals/gen_dma.gen_accel2.i_boundary_dma_accel2/gen_registered.s\\.r_data_reg[34]
  i_ariane_peripherals/gen_dma.gen_accel2.i_boundary_dma_accel2/gen_registered.s\\.r_data_reg[35]
  i_ariane_peripherals/gen_dma.gen_accel2.i_boundary_dma_accel2/gen_registered.s\\.r_data_reg[36]
  i_ariane_peripherals/gen_dma.gen_accel2.i_boundary_dma_accel2/gen_registered.s\\.r_data_reg[37]
  i_ariane_peripherals/gen_dma.gen_accel2.i_boundary_dma_accel2/gen_registered.s\\.r_data_reg[38]
  i_ariane_peripherals/gen_dma.gen_accel2.i_boundary_dma_accel2/gen_registered.s\\.r_data_reg[39]
  i_ariane_peripherals/gen_dma.gen_accel2.i_boundary_dma_accel2/gen_registered.s\\.r_data_reg[3]
  i_ariane_peripherals/gen_dma.gen_accel2.i_boundary_dma_accel2/gen_registered.s\\.r_data_reg[40]
  i_ariane_peripherals/gen_dma.gen_accel2.i_boundary_dma_accel2/gen_registered.s\\.r_data_reg[41]
  i_ariane_peripherals/gen_dma.gen_accel2.i_boundary_dma_accel2/gen_registered.s\\.r_data_reg[42]
  i_ariane_peripherals/gen_dma.gen_accel2.i_boundary_dma_accel2/gen_registered.s\\.r_data_reg[43]
  i_ariane_peripherals/gen_dma.gen_accel2.i_boundary_dma_accel2/gen_registered.s\\.r_data_reg[44]
  i_ariane_peripherals/gen_dma.gen_accel2.i_boundary_dma_accel2/gen_registered.s\\.r_data_reg[45]
  i_ariane_peripherals/gen_dma.gen_accel2.i_boundary_dma_accel2/gen_registered.s\\.r_data_reg[46]
  i_ariane_peripherals/gen_dma.gen_accel2.i_boundary_dma_accel2/gen_registered.s\\.r_data_reg[47]
  i_ariane_peripherals/gen_dma.gen_accel2.i_boundary_dma_accel2/gen_registered.s\\.r_data_reg[48]
  i_ariane_peripherals/gen_dma.gen_accel2.i_boundary_dma_accel2/gen_registered.s\\.r_data_reg[49]
  i_ariane_peripherals/gen_dma.gen_accel2.i_boundary_dma_accel2/gen_registered.s\\.r_data_reg[4]
  i_ariane_peripherals/gen_dma.gen_accel2.i_boundary_dma_accel2/gen_registered.s\\.r_data_reg[50]
  i_ariane_peripherals/gen_dma.gen_accel2.i_boundary_dma_accel2/gen_registered.s\\.r_data_reg[51]
  i_ariane_peripherals/gen_dma.gen_accel2.i_boundary_dma_accel2/gen_registered.s\\.r_data_reg[52]
  i_ariane_peripherals/gen_dma.gen_accel2.i_boundary_dma_accel2/gen_registered.s\\.r_data_reg[53]
  i_ariane_peripherals/gen_dma.gen_accel2.i_boundary_dma_accel2/gen_registered.s\\.r_data_reg[54]
  i_ariane_peripherals/gen_dma.gen_accel2.i_boundary_dma_accel2/gen_registered.s\\.r_data_reg[55]
  i_ariane_peripherals/gen_dma.gen_accel2.i_boundary_dma_accel2/gen_registered.s\\.r_data_reg[56]
  i_ariane_peripherals/gen_dma.gen_accel2.i_boundary_dma_accel2/gen_registered.s\\.r_data_reg[57]
  i_ariane_peripherals/gen_dma.gen_accel2.i_boundary_dma_accel2/gen_registered.s\\.r_data_reg[58]
  i_ariane_peripherals/gen_dma.gen_accel2.i_boundary_dma_accel2/gen_registered.s\\.r_data_reg[59]
  i_ariane_peripherals/gen_dma.gen_accel2.i_boundary_dma_accel2/gen_registered.s\\.r_data_reg[5]
  i_ariane_peripherals/gen_dma.gen_accel2.i_boundary_dma_accel2/gen_registered.s\\.r_data_reg[60]
  i_ariane_peripherals/gen_dma.gen_accel2.i_boundary_dma_accel2/gen_registered.s\\.r_data_reg[61]
  i_ariane_peripherals/gen_dma.gen_accel2.i_boundary_dma_accel2/gen_registered.s\\.r_data_reg[62]
  i_ariane_peripherals/gen_dma.gen_accel2.i_boundary_dma_accel2/gen_registered.s\\.r_data_reg[63]
  i_ariane_peripherals/gen_dma.gen_accel2.i_boundary_dma_accel2/gen_registered.s\\.r_data_reg[6]
  i_ariane_peripherals/gen_dma.gen_accel2.i_boundary_dma_accel2/gen_registered.s\\.r_data_reg[7]
  i_ariane_peripherals/gen_dma.gen_accel2.i_boundary_dma_accel2/gen_registered.s\\.r_data_reg[8]
  i_ariane_peripherals/gen_dma.gen_accel2.i_boundary_dma_accel2/gen_registered.s\\.r_data_reg[9]
  i_ariane_peripherals/gen_dma.gen_accel2.i_boundary_dma_accel2/gen_registered.s\\.r_id[2]_i_1
  i_ariane_peripherals/gen_dma.gen_accel2.i_boundary_dma_accel2/gen_registered.s\\.r_id_reg[0]
  i_ariane_peripherals/gen_dma.gen_accel2.i_boundary_dma_accel2/gen_registered.s\\.r_id_reg[1]
  i_ariane_peripherals/gen_dma.gen_accel2.i_boundary_dma_accel2/gen_registered.s\\.r_id_reg[2]
  i_ariane_peripherals/gen_dma.gen_accel2.i_boundary_dma_accel2/gen_registered.s\\.r_last_reg
  i_ariane_peripherals/gen_dma.gen_accel2.i_boundary_dma_accel2/gen_registered.s\\.r_resp_reg[0]
  i_ariane_peripherals/gen_dma.gen_accel2.i_boundary_dma_accel2/gen_registered.s\\.r_resp_reg[1]
  i_ariane_peripherals/gen_dma.gen_accel2.i_boundary_dma_accel2/gen_registered.s\\.r_user_reg[0]
  i_ariane_peripherals/gen_dma.gen_accel2.i_boundary_dma_accel2/gen_registered.s\\.r_valid_i_1
  i_ariane_peripherals/gen_dma.gen_accel2.i_boundary_dma_accel2/gen_registered.s\\.r_valid_i_2
  i_ariane_peripherals/gen_dma.gen_accel2.i_boundary_dma_accel2/gen_registered.s\\.r_valid_reg
  i_ariane_peripherals/gen_dma.gen_accel2.i_boundary_dma_accel2/m\\.r_ready_INST_0
  i_ariane_peripherals/gen_dma.gen_accel2.i_boundary_dma_accel2/s\\.ar_ready_INST_0
  i_ariane_peripherals/gen_dma.gen_accel2.i_boundary_dma_accel2/s\\.aw_ready_INST_0
  i_ariane_peripherals/gen_dma.gen_accel2.i_boundary_dma_accel2/s\\.w_ready_INST_0
  i_ariane_peripherals/gen_dma.gen_accel2.i_dma_mux/GND
  i_ariane_peripherals/gen_dma.gen_accel2.i_dma_mux/i_axi_mux
  i_ariane_peripherals/gen_dma.gen_accel2.i_dma_mux/i_axi_mux/GND
  i_ariane_peripherals/gen_dma.gen_accel2.i_dma_mux/i_axi_mux/mst_req_o[b_ready]_INST_0
  i_ariane_peripherals/gen_dma.gen_accel2.i_dma_mux/i_axi_mux/slv_resps_o[0][b_valid]_INST_0
  i_ariane_peripherals/gen_dma.gen_accel2.i_dma_mux/i_axi_mux/slv_resps_o[1][b_valid]_INST_0
  i_ariane_peripherals/gen_dma.gen_accel2.i_sec_wrap2/Dev_ID_extractor
  i_ariane_peripherals/gen_dma.gen_accel2.i_sec_wrap2/GND
  i_ariane_peripherals/gen_dma.gen_accel2.i_sec_wrap2/VCC
  i_ariane_peripherals/gen_dma.gen_accel2.i_sec_wrap2/addr_extractor_inst
  i_ariane_peripherals/gen_dma.gen_accel2.i_sec_wrap2/comparator_inst
  i_ariane_peripherals/gen_dma.gen_accel2.i_sec_wrap2/int_monitor_inst
  i_ariane_peripherals/gen_dma.gen_accel2.i_sec_wrap2/msi_detect_inst
  i_ariane_peripherals/gen_dma.gen_accel2.i_sec_wrap2/outs_monitor_inst
  i_ariane_peripherals/gen_dma.gen_accel2.i_sec_wrap2/req_flow_mon_inst
  i_ariane_peripherals/gen_dma.gen_accel2.i_sec_wrap2/request_manager_module
  i_ariane_peripherals/gen_dma.gen_accel2.i_sec_wrap2/request_manager_module_i_1
  i_ariane_peripherals/gen_dma.gen_accel2.i_sec_wrap2/response_manager_module
  i_ariane_peripherals/gen_dma.gen_accel2.i_sec_wrap2/sec_mon
  i_ariane_peripherals/gen_dma.gen_accel2.i_sec_wrap2/Dev_ID_extractor/Device_ID_write_enable_o_i_1
  i_ariane_peripherals/gen_dma.gen_accel2.i_sec_wrap2/Dev_ID_extractor/Device_ID_write_enable_o_i_2
  i_ariane_peripherals/gen_dma.gen_accel2.i_sec_wrap2/Dev_ID_extractor/Device_ID_write_enable_o_reg
  i_ariane_peripherals/gen_dma.gen_accel2.i_sec_wrap2/Dev_ID_extractor/GND
  i_ariane_peripherals/gen_dma.gen_accel2.i_sec_wrap2/Dev_ID_extractor/VCC
  i_ariane_peripherals/gen_dma.gen_accel2.i_sec_wrap2/addr_extractor_inst/Address_write_enable_o_i_1
  i_ariane_peripherals/gen_dma.gen_accel2.i_sec_wrap2/addr_extractor_inst/Address_write_enable_o_i_2
  i_ariane_peripherals/gen_dma.gen_accel2.i_sec_wrap2/addr_extractor_inst/Address_write_enable_o_reg
  i_ariane_peripherals/gen_dma.gen_accel2.i_sec_wrap2/addr_extractor_inst/GND
  i_ariane_peripherals/gen_dma.gen_accel2.i_sec_wrap2/addr_extractor_inst/VCC
  i_ariane_peripherals/gen_dma.gen_accel2.i_sec_wrap2/addr_extractor_inst/is_write_o_reg
  i_ariane_peripherals/gen_dma.gen_accel2.i_sec_wrap2/comparator_inst/GND
  i_ariane_peripherals/gen_dma.gen_accel2.i_sec_wrap2/comparator_inst/VCC
  i_ariane_peripherals/gen_dma.gen_accel2.i_sec_wrap2/comparator_inst/comparison_valid_i_1
  i_ariane_peripherals/gen_dma.gen_accel2.i_sec_wrap2/comparator_inst/comparison_valid_reg
  i_ariane_peripherals/gen_dma.gen_accel2.i_sec_wrap2/int_monitor_inst/GND
  i_ariane_peripherals/gen_dma.gen_accel2.i_sec_wrap2/int_monitor_inst/VCC
  i_ariane_peripherals/gen_dma.gen_accel2.i_sec_wrap2/int_monitor_inst/block_msi_INST_0
  i_ariane_peripherals/gen_dma.gen_accel2.i_sec_wrap2/int_monitor_inst/block_msi_INST_0_i_1
  i_ariane_peripherals/gen_dma.gen_accel2.i_sec_wrap2/int_monitor_inst/block_msi_INST_0_i_2
  i_ariane_peripherals/gen_dma.gen_accel2.i_sec_wrap2/int_monitor_inst/block_msi_INST_0_i_3
  i_ariane_peripherals/gen_dma.gen_accel2.i_sec_wrap2/int_monitor_inst/block_msi_INST_0_i_4
  i_ariane_peripherals/gen_dma.gen_accel2.i_sec_wrap2/int_monitor_inst/block_msi_INST_0_i_5
  i_ariane_peripherals/gen_dma.gen_accel2.i_sec_wrap2/int_monitor_inst/block_msi_INST_0_i_6
  i_ariane_peripherals/gen_dma.gen_accel2.i_sec_wrap2/int_monitor_inst/block_msi_INST_0_i_7
  i_ariane_peripherals/gen_dma.gen_accel2.i_sec_wrap2/int_monitor_inst/block_msi_INST_0_i_8
  i_ariane_peripherals/gen_dma.gen_accel2.i_sec_wrap2/int_monitor_inst/block_msi_INST_0_i_9
  i_ariane_peripherals/gen_dma.gen_accel2.i_sec_wrap2/int_monitor_inst/dma_cnt[0]_i_1
  i_ariane_peripherals/gen_dma.gen_accel2.i_sec_wrap2/int_monitor_inst/dma_cnt[1]_i_1
  i_ariane_peripherals/gen_dma.gen_accel2.i_sec_wrap2/int_monitor_inst/dma_cnt[2]_i_1
  i_ariane_peripherals/gen_dma.gen_accel2.i_sec_wrap2/int_monitor_inst/dma_cnt[3]_i_1
  i_ariane_peripherals/gen_dma.gen_accel2.i_sec_wrap2/int_monitor_inst/dma_cnt[4]_i_1
  i_ariane_peripherals/gen_dma.gen_accel2.i_sec_wrap2/int_monitor_inst/dma_cnt[5]_i_1
  i_ariane_peripherals/gen_dma.gen_accel2.i_sec_wrap2/int_monitor_inst/dma_cnt[5]_i_2
  i_ariane_peripherals/gen_dma.gen_accel2.i_sec_wrap2/int_monitor_inst/dma_cnt[5]_i_3
  i_ariane_peripherals/gen_dma.gen_accel2.i_sec_wrap2/int_monitor_inst/dma_cnt[5]_i_4
  i_ariane_peripherals/gen_dma.gen_accel2.i_sec_wrap2/int_monitor_inst/dma_cnt_reg[0]
  i_ariane_peripherals/gen_dma.gen_accel2.i_sec_wrap2/int_monitor_inst/dma_cnt_reg[1]
  i_ariane_peripherals/gen_dma.gen_accel2.i_sec_wrap2/int_monitor_inst/dma_cnt_reg[2]
  i_ariane_peripherals/gen_dma.gen_accel2.i_sec_wrap2/int_monitor_inst/dma_cnt_reg[3]
  i_ariane_peripherals/gen_dma.gen_accel2.i_sec_wrap2/int_monitor_inst/dma_cnt_reg[4]
  i_ariane_peripherals/gen_dma.gen_accel2.i_sec_wrap2/int_monitor_inst/dma_cnt_reg[5]
  i_ariane_peripherals/gen_dma.gen_accel2.i_sec_wrap2/int_monitor_inst/msi_cnt[1]_i_1
  i_ariane_peripherals/gen_dma.gen_accel2.i_sec_wrap2/int_monitor_inst/msi_cnt[2]_i_1
  i_ariane_peripherals/gen_dma.gen_accel2.i_sec_wrap2/int_monitor_inst/msi_cnt[3]_i_1
  i_ariane_peripherals/gen_dma.gen_accel2.i_sec_wrap2/int_monitor_inst/msi_cnt[4]_i_1
  i_ariane_peripherals/gen_dma.gen_accel2.i_sec_wrap2/int_monitor_inst/msi_cnt[4]_i_2
  i_ariane_peripherals/gen_dma.gen_accel2.i_sec_wrap2/int_monitor_inst/msi_cnt_reg[1]
  i_ariane_peripherals/gen_dma.gen_accel2.i_sec_wrap2/int_monitor_inst/msi_cnt_reg[2]
  i_ariane_peripherals/gen_dma.gen_accel2.i_sec_wrap2/int_monitor_inst/msi_cnt_reg[3]
  i_ariane_peripherals/gen_dma.gen_accel2.i_sec_wrap2/int_monitor_inst/msi_cnt_reg[4]
  i_ariane_peripherals/gen_dma.gen_accel2.i_sec_wrap2/int_monitor_inst/window_cnt[0]_i_1
  i_ariane_peripherals/gen_dma.gen_accel2.i_sec_wrap2/int_monitor_inst/window_cnt[1]_i_1
  i_ariane_peripherals/gen_dma.gen_accel2.i_sec_wrap2/int_monitor_inst/window_cnt[2]_i_1
  i_ariane_peripherals/gen_dma.gen_accel2.i_sec_wrap2/int_monitor_inst/window_cnt[3]_i_1
  i_ariane_peripherals/gen_dma.gen_accel2.i_sec_wrap2/int_monitor_inst/window_cnt[4]_i_1
  i_ariane_peripherals/gen_dma.gen_accel2.i_sec_wrap2/int_monitor_inst/window_cnt[5]_i_1
  i_ariane_peripherals/gen_dma.gen_accel2.i_sec_wrap2/int_monitor_inst/window_cnt[6]_i_1
  i_ariane_peripherals/gen_dma.gen_accel2.i_sec_wrap2/int_monitor_inst/window_cnt[7]_i_1
  i_ariane_peripherals/gen_dma.gen_accel2.i_sec_wrap2/int_monitor_inst/window_cnt[8]_i_1
  i_ariane_peripherals/gen_dma.gen_accel2.i_sec_wrap2/int_monitor_inst/window_cnt[9]_i_1
  i_ariane_peripherals/gen_dma.gen_accel2.i_sec_wrap2/int_monitor_inst/window_cnt[9]_i_2
  i_ariane_peripherals/gen_dma.gen_accel2.i_sec_wrap2/int_monitor_inst/window_cnt[9]_i_3
  i_ariane_peripherals/gen_dma.gen_accel2.i_sec_wrap2/int_monitor_inst/window_cnt_reg[0]
  i_ariane_peripherals/gen_dma.gen_accel2.i_sec_wrap2/int_monitor_inst/window_cnt_reg[1]
  i_ariane_peripherals/gen_dma.gen_accel2.i_sec_wrap2/int_monitor_inst/window_cnt_reg[2]
  i_ariane_peripherals/gen_dma.gen_accel2.i_sec_wrap2/int_monitor_inst/window_cnt_reg[3]
  i_ariane_peripherals/gen_dma.gen_accel2.i_sec_wrap2/int_monitor_inst/window_cnt_reg[4]
  i_ariane_peripherals/gen_dma.gen_accel2.i_sec_wrap2/int_monitor_inst/window_cnt_reg[5]
  i_ariane_peripherals/gen_dma.gen_accel2.i_sec_wrap2/int_monitor_inst/window_cnt_reg[6]
  i_ariane_peripherals/gen_dma.gen_accel2.i_sec_wrap2/int_monitor_inst/window_cnt_reg[7]
  i_ariane_peripherals/gen_dma.gen_accel2.i_sec_wrap2/int_monitor_inst/window_cnt_reg[8]
  i_ariane_peripherals/gen_dma.gen_accel2.i_sec_wrap2/int_monitor_inst/window_cnt_reg[9]
  i_ariane_peripherals/gen_dma.gen_accel2.i_sec_wrap2/msi_detect_inst/GND
  i_ariane_peripherals/gen_dma.gen_accel2.i_sec_wrap2/msi_detect_inst/VCC
  i_ariane_peripherals/gen_dma.gen_accel2.i_sec_wrap2/msi_detect_inst/comparison_valid_reg
  i_ariane_peripherals/gen_dma.gen_accel2.i_sec_wrap2/msi_detect_inst/is_dma_reg_i_1
  i_ariane_peripherals/gen_dma.gen_accel2.i_sec_wrap2/msi_detect_inst/is_dma_reg_i_2
  i_ariane_peripherals/gen_dma.gen_accel2.i_sec_wrap2/msi_detect_inst/is_dma_reg_reg
  i_ariane_peripherals/gen_dma.gen_accel2.i_sec_wrap2/outs_monitor_inst/GND
  i_ariane_peripherals/gen_dma.gen_accel2.i_sec_wrap2/outs_monitor_inst/VCC
  i_ariane_peripherals/gen_dma.gen_accel2.i_sec_wrap2/outs_monitor_inst/block_cnt[0]_i_1
  i_ariane_peripherals/gen_dma.gen_accel2.i_sec_wrap2/outs_monitor_inst/block_cnt[1]_i_1
  i_ariane_peripherals/gen_dma.gen_accel2.i_sec_wrap2/outs_monitor_inst/block_cnt[2]_i_1
  i_ariane_peripherals/gen_dma.gen_accel2.i_sec_wrap2/outs_monitor_inst/block_cnt[3]_i_1
  i_ariane_peripherals/gen_dma.gen_accel2.i_sec_wrap2/outs_monitor_inst/block_cnt[4]_i_1
  i_ariane_peripherals/gen_dma.gen_accel2.i_sec_wrap2/outs_monitor_inst/block_cnt[4]_i_2
  i_ariane_peripherals/gen_dma.gen_accel2.i_sec_wrap2/outs_monitor_inst/block_cnt[4]_i_3
  i_ariane_peripherals/gen_dma.gen_accel2.i_sec_wrap2/outs_monitor_inst/block_cnt_reg[0]
  i_ariane_peripherals/gen_dma.gen_accel2.i_sec_wrap2/outs_monitor_inst/block_cnt_reg[1]
  i_ariane_peripherals/gen_dma.gen_accel2.i_sec_wrap2/outs_monitor_inst/block_cnt_reg[2]
  i_ariane_peripherals/gen_dma.gen_accel2.i_sec_wrap2/outs_monitor_inst/block_cnt_reg[3]
  i_ariane_peripherals/gen_dma.gen_accel2.i_sec_wrap2/outs_monitor_inst/block_cnt_reg[4]
  i_ariane_peripherals/gen_dma.gen_accel2.i_sec_wrap2/outs_monitor_inst/blocking_i_1
  i_ariane_peripherals/gen_dma.gen_accel2.i_sec_wrap2/outs_monitor_inst/blocking_i_2
  i_ariane_peripherals/gen_dma.gen_accel2.i_sec_wrap2/outs_monitor_inst/blocking_i_3
  i_ariane_peripherals/gen_dma.gen_accel2.i_sec_wrap2/outs_monitor_inst/blocking_reg
  i_ariane_peripherals/gen_dma.gen_accel2.i_sec_wrap2/outs_monitor_inst/outstanding[0]_i_1
  i_ariane_peripherals/gen_dma.gen_accel2.i_sec_wrap2/outs_monitor_inst/outstanding[1]_i_1
  i_ariane_peripherals/gen_dma.gen_accel2.i_sec_wrap2/outs_monitor_inst/outstanding[2]_i_1
  i_ariane_peripherals/gen_dma.gen_accel2.i_sec_wrap2/outs_monitor_inst/outstanding[3]_i_1
  i_ariane_peripherals/gen_dma.gen_accel2.i_sec_wrap2/outs_monitor_inst/outstanding[4]_i_1
  i_ariane_peripherals/gen_dma.gen_accel2.i_sec_wrap2/outs_monitor_inst/outstanding[5]_i_1
  i_ariane_peripherals/gen_dma.gen_accel2.i_sec_wrap2/outs_monitor_inst/outstanding[5]_i_2
  i_ariane_peripherals/gen_dma.gen_accel2.i_sec_wrap2/outs_monitor_inst/outstanding_reg[0]
  i_ariane_peripherals/gen_dma.gen_accel2.i_sec_wrap2/outs_monitor_inst/outstanding_reg[1]
  i_ariane_peripherals/gen_dma.gen_accel2.i_sec_wrap2/outs_monitor_inst/outstanding_reg[2]
  i_ariane_peripherals/gen_dma.gen_accel2.i_sec_wrap2/outs_monitor_inst/outstanding_reg[3]
  i_ariane_peripherals/gen_dma.gen_accel2.i_sec_wrap2/outs_monitor_inst/outstanding_reg[4]
  i_ariane_peripherals/gen_dma.gen_accel2.i_sec_wrap2/outs_monitor_inst/outstanding_reg[5]
  i_ariane_peripherals/gen_dma.gen_accel2.i_sec_wrap2/req_flow_mon_inst/GND
  i_ariane_peripherals/gen_dma.gen_accel2.i_sec_wrap2/req_flow_mon_inst/VCC
  i_ariane_peripherals/gen_dma.gen_accel2.i_sec_wrap2/req_flow_mon_inst/block_cnt[0]_i_1
  i_ariane_peripherals/gen_dma.gen_accel2.i_sec_wrap2/req_flow_mon_inst/block_cnt[1]_i_1
  i_ariane_peripherals/gen_dma.gen_accel2.i_sec_wrap2/req_flow_mon_inst/block_cnt_reg[0]
  i_ariane_peripherals/gen_dma.gen_accel2.i_sec_wrap2/req_flow_mon_inst/block_cnt_reg[1]
  i_ariane_peripherals/gen_dma.gen_accel2.i_sec_wrap2/req_flow_mon_inst/blocking_i_1
  i_ariane_peripherals/gen_dma.gen_accel2.i_sec_wrap2/req_flow_mon_inst/blocking_i_2
  i_ariane_peripherals/gen_dma.gen_accel2.i_sec_wrap2/req_flow_mon_inst/blocking_reg
  i_ariane_peripherals/gen_dma.gen_accel2.i_sec_wrap2/req_flow_mon_inst/req_cnt[0]_i_1
  i_ariane_peripherals/gen_dma.gen_accel2.i_sec_wrap2/req_flow_mon_inst/req_cnt[1]_i_1
  i_ariane_peripherals/gen_dma.gen_accel2.i_sec_wrap2/req_flow_mon_inst/req_cnt[2]_i_1
  i_ariane_peripherals/gen_dma.gen_accel2.i_sec_wrap2/req_flow_mon_inst/req_cnt[3]_i_1
  i_ariane_peripherals/gen_dma.gen_accel2.i_sec_wrap2/req_flow_mon_inst/req_cnt[3]_i_2
  i_ariane_peripherals/gen_dma.gen_accel2.i_sec_wrap2/req_flow_mon_inst/req_cnt[3]_i_3
  i_ariane_peripherals/gen_dma.gen_accel2.i_sec_wrap2/req_flow_mon_inst/req_cnt_reg[0]
  i_ariane_peripherals/gen_dma.gen_accel2.i_sec_wrap2/req_flow_mon_inst/req_cnt_reg[1]
  i_ariane_peripherals/gen_dma.gen_accel2.i_sec_wrap2/req_flow_mon_inst/req_cnt_reg[2]
  i_ariane_peripherals/gen_dma.gen_accel2.i_sec_wrap2/req_flow_mon_inst/req_cnt_reg[3]
  i_ariane_peripherals/gen_dma.gen_accel2.i_sec_wrap2/req_flow_mon_inst/window_cnt[0]_i_1
  i_ariane_peripherals/gen_dma.gen_accel2.i_sec_wrap2/req_flow_mon_inst/window_cnt[1]_i_1
  i_ariane_peripherals/gen_dma.gen_accel2.i_sec_wrap2/req_flow_mon_inst/window_cnt[2]_i_1
  i_ariane_peripherals/gen_dma.gen_accel2.i_sec_wrap2/req_flow_mon_inst/window_cnt[2]_i_2
  i_ariane_peripherals/gen_dma.gen_accel2.i_sec_wrap2/req_flow_mon_inst/window_cnt[2]_i_3
  i_ariane_peripherals/gen_dma.gen_accel2.i_sec_wrap2/req_flow_mon_inst/window_cnt[3]_i_1
  i_ariane_peripherals/gen_dma.gen_accel2.i_sec_wrap2/req_flow_mon_inst/window_cnt[4]_i_1
  i_ariane_peripherals/gen_dma.gen_accel2.i_sec_wrap2/req_flow_mon_inst/window_cnt[5]_i_1
  i_ariane_peripherals/gen_dma.gen_accel2.i_sec_wrap2/req_flow_mon_inst/window_cnt[6]_i_1
  i_ariane_peripherals/gen_dma.gen_accel2.i_sec_wrap2/req_flow_mon_inst/window_cnt[6]_i_2
  i_ariane_peripherals/gen_dma.gen_accel2.i_sec_wrap2/req_flow_mon_inst/window_cnt[7]_i_1
  i_ariane_peripherals/gen_dma.gen_accel2.i_sec_wrap2/req_flow_mon_inst/window_cnt[7]_i_2
  i_ariane_peripherals/gen_dma.gen_accel2.i_sec_wrap2/req_flow_mon_inst/window_cnt_reg[0]
  i_ariane_peripherals/gen_dma.gen_accel2.i_sec_wrap2/req_flow_mon_inst/window_cnt_reg[1]
  i_ariane_peripherals/gen_dma.gen_accel2.i_sec_wrap2/req_flow_mon_inst/window_cnt_reg[2]
  i_ariane_peripherals/gen_dma.gen_accel2.i_sec_wrap2/req_flow_mon_inst/window_cnt_reg[3]
  i_ariane_peripherals/gen_dma.gen_accel2.i_sec_wrap2/req_flow_mon_inst/window_cnt_reg[4]
  i_ariane_peripherals/gen_dma.gen_accel2.i_sec_wrap2/req_flow_mon_inst/window_cnt_reg[5]
  i_ariane_peripherals/gen_dma.gen_accel2.i_sec_wrap2/req_flow_mon_inst/window_cnt_reg[6]
  i_ariane_peripherals/gen_dma.gen_accel2.i_sec_wrap2/req_flow_mon_inst/window_cnt_reg[7]
  i_ariane_peripherals/gen_dma.gen_accel2.i_sec_wrap2/request_manager_module/GND
  i_ariane_peripherals/gen_dma.gen_accel2.i_sec_wrap2/request_manager_module/VCC
  i_ariane_peripherals/gen_dma.gen_accel2.i_sec_wrap2/request_manager_module/req_wrapper_iommu_o[b_ready]_i_1
  i_ariane_peripherals/gen_dma.gen_accel2.i_sec_wrap2/request_manager_module/req_wrapper_iommu_o[b_ready]_i_2
  i_ariane_peripherals/gen_dma.gen_accel2.i_sec_wrap2/request_manager_module/req_wrapper_iommu_o_reg[b_ready]
  i_ariane_peripherals/gen_dma.gen_accel2.i_sec_wrap2/response_manager_module/GND
  i_ariane_peripherals/gen_dma.gen_accel2.i_sec_wrap2/response_manager_module/VCC
  i_ariane_peripherals/gen_dma.gen_accel2.i_sec_wrap2/response_manager_module/resp_IP_wrapper_o[b][id][0]_i_1
  i_ariane_peripherals/gen_dma.gen_accel2.i_sec_wrap2/response_manager_module/resp_IP_wrapper_o[b][id][2]_i_1
  i_ariane_peripherals/gen_dma.gen_accel2.i_sec_wrap2/response_manager_module/resp_IP_wrapper_o[b][id][2]_i_2
  i_ariane_peripherals/gen_dma.gen_accel2.i_sec_wrap2/response_manager_module/resp_IP_wrapper_o[b][resp][0]_i_1
  i_ariane_peripherals/gen_dma.gen_accel2.i_sec_wrap2/response_manager_module/resp_IP_wrapper_o[b][resp][1]_i_1
  i_ariane_peripherals/gen_dma.gen_accel2.i_sec_wrap2/response_manager_module/resp_IP_wrapper_o[b][user][0]_i_1
  i_ariane_peripherals/gen_dma.gen_accel2.i_sec_wrap2/response_manager_module/resp_IP_wrapper_o[r][data][0]_i_1
  i_ariane_peripherals/gen_dma.gen_accel2.i_sec_wrap2/response_manager_module/resp_IP_wrapper_o[r][data][10]_i_1
  i_ariane_peripherals/gen_dma.gen_accel2.i_sec_wrap2/response_manager_module/resp_IP_wrapper_o[r][data][11]_i_1
  i_ariane_peripherals/gen_dma.gen_accel2.i_sec_wrap2/response_manager_module/resp_IP_wrapper_o[r][data][12]_i_1
  i_ariane_peripherals/gen_dma.gen_accel2.i_sec_wrap2/response_manager_module/resp_IP_wrapper_o[r][data][13]_i_1
  i_ariane_peripherals/gen_dma.gen_accel2.i_sec_wrap2/response_manager_module/resp_IP_wrapper_o[r][data][14]_i_1
  i_ariane_peripherals/gen_dma.gen_accel2.i_sec_wrap2/response_manager_module/resp_IP_wrapper_o[r][data][15]_i_1
  i_ariane_peripherals/gen_dma.gen_accel2.i_sec_wrap2/response_manager_module/resp_IP_wrapper_o[r][data][16]_i_1
  i_ariane_peripherals/gen_dma.gen_accel2.i_sec_wrap2/response_manager_module/resp_IP_wrapper_o[r][data][17]_i_1
  i_ariane_peripherals/gen_dma.gen_accel2.i_sec_wrap2/response_manager_module/resp_IP_wrapper_o[r][data][18]_i_1
  i_ariane_peripherals/gen_dma.gen_accel2.i_sec_wrap2/response_manager_module/resp_IP_wrapper_o[r][data][19]_i_1
  i_ariane_peripherals/gen_dma.gen_accel2.i_sec_wrap2/response_manager_module/resp_IP_wrapper_o[r][data][1]_i_1
  i_ariane_peripherals/gen_dma.gen_accel2.i_sec_wrap2/response_manager_module/resp_IP_wrapper_o[r][data][20]_i_1
  i_ariane_peripherals/gen_dma.gen_accel2.i_sec_wrap2/response_manager_module/resp_IP_wrapper_o[r][data][21]_i_1
  i_ariane_peripherals/gen_dma.gen_accel2.i_sec_wrap2/response_manager_module/resp_IP_wrapper_o[r][data][22]_i_1
  i_ariane_peripherals/gen_dma.gen_accel2.i_sec_wrap2/response_manager_module/resp_IP_wrapper_o[r][data][23]_i_1
  i_ariane_peripherals/gen_dma.gen_accel2.i_sec_wrap2/response_manager_module/resp_IP_wrapper_o[r][data][24]_i_1
  i_ariane_peripherals/gen_dma.gen_accel2.i_sec_wrap2/response_manager_module/resp_IP_wrapper_o[r][data][25]_i_1
  i_ariane_peripherals/gen_dma.gen_accel2.i_sec_wrap2/response_manager_module/resp_IP_wrapper_o[r][data][26]_i_1
  i_ariane_peripherals/gen_dma.gen_accel2.i_sec_wrap2/response_manager_module/resp_IP_wrapper_o[r][data][27]_i_1
  i_ariane_peripherals/gen_dma.gen_accel2.i_sec_wrap2/response_manager_module/resp_IP_wrapper_o[r][data][28]_i_1
  i_ariane_peripherals/gen_dma.gen_accel2.i_sec_wrap2/response_manager_module/resp_IP_wrapper_o[r][data][29]_i_1
  i_ariane_peripherals/gen_dma.gen_accel2.i_sec_wrap2/response_manager_module/resp_IP_wrapper_o[r][data][2]_i_1
  i_ariane_peripherals/gen_dma.gen_accel2.i_sec_wrap2/response_manager_module/resp_IP_wrapper_o[r][data][30]_i_1
  i_ariane_peripherals/gen_dma.gen_accel2.i_sec_wrap2/response_manager_module/resp_IP_wrapper_o[r][data][31]_i_1
  i_ariane_peripherals/gen_dma.gen_accel2.i_sec_wrap2/response_manager_module/resp_IP_wrapper_o[r][data][32]_i_1
  i_ariane_peripherals/gen_dma.gen_accel2.i_sec_wrap2/response_manager_module/resp_IP_wrapper_o[r][data][33]_i_1
  i_ariane_peripherals/gen_dma.gen_accel2.i_sec_wrap2/response_manager_module/resp_IP_wrapper_o[r][data][34]_i_1
  i_ariane_peripherals/gen_dma.gen_accel2.i_sec_wrap2/response_manager_module/resp_IP_wrapper_o[r][data][35]_i_1
  i_ariane_peripherals/gen_dma.gen_accel2.i_sec_wrap2/response_manager_module/resp_IP_wrapper_o[r][data][36]_i_1
  i_ariane_peripherals/gen_dma.gen_accel2.i_sec_wrap2/response_manager_module/resp_IP_wrapper_o[r][data][37]_i_1
  i_ariane_peripherals/gen_dma.gen_accel2.i_sec_wrap2/response_manager_module/resp_IP_wrapper_o[r][data][38]_i_1
  i_ariane_peripherals/gen_dma.gen_accel2.i_sec_wrap2/response_manager_module/resp_IP_wrapper_o[r][data][39]_i_1
  i_ariane_peripherals/gen_dma.gen_accel2.i_sec_wrap2/response_manager_module/resp_IP_wrapper_o[r][data][3]_i_1
  i_ariane_peripherals/gen_dma.gen_accel2.i_sec_wrap2/response_manager_module/resp_IP_wrapper_o[r][data][40]_i_1
  i_ariane_peripherals/gen_dma.gen_accel2.i_sec_wrap2/response_manager_module/resp_IP_wrapper_o[r][data][41]_i_1
  i_ariane_peripherals/gen_dma.gen_accel2.i_sec_wrap2/response_manager_module/resp_IP_wrapper_o[r][data][42]_i_1
  i_ariane_peripherals/gen_dma.gen_accel2.i_sec_wrap2/response_manager_module/resp_IP_wrapper_o[r][data][43]_i_1
  i_ariane_peripherals/gen_dma.gen_accel2.i_sec_wrap2/response_manager_module/resp_IP_wrapper_o[r][data][44]_i_1
  i_ariane_peripherals/gen_dma.gen_accel2.i_sec_wrap2/response_manager_module/resp_IP_wrapper_o[r][data][45]_i_1
  i_ariane_peripherals/gen_dma.gen_accel2.i_sec_wrap2/response_manager_module/resp_IP_wrapper_o[r][data][46]_i_1
  i_ariane_peripherals/gen_dma.gen_accel2.i_sec_wrap2/response_manager_module/resp_IP_wrapper_o[r][data][47]_i_1
  i_ariane_peripherals/gen_dma.gen_accel2.i_sec_wrap2/response_manager_module/resp_IP_wrapper_o[r][data][48]_i_1
  i_ariane_peripherals/gen_dma.gen_accel2.i_sec_wrap2/response_manager_module/resp_IP_wrapper_o[r][data][49]_i_1
  i_ariane_peripherals/gen_dma.gen_accel2.i_sec_wrap2/response_manager_module/resp_IP_wrapper_o[r][data][4]_i_1
  i_ariane_peripherals/gen_dma.gen_accel2.i_sec_wrap2/response_manager_module/resp_IP_wrapper_o[r][data][50]_i_1
  i_ariane_peripherals/gen_dma.gen_accel2.i_sec_wrap2/response_manager_module/resp_IP_wrapper_o[r][data][51]_i_1
  i_ariane_peripherals/gen_dma.gen_accel2.i_sec_wrap2/response_manager_module/resp_IP_wrapper_o[r][data][52]_i_1
  i_ariane_peripherals/gen_dma.gen_accel2.i_sec_wrap2/response_manager_module/resp_IP_wrapper_o[r][data][53]_i_1
  i_ariane_peripherals/gen_dma.gen_accel2.i_sec_wrap2/response_manager_module/resp_IP_wrapper_o[r][data][54]_i_1
  i_ariane_peripherals/gen_dma.gen_accel2.i_sec_wrap2/response_manager_module/resp_IP_wrapper_o[r][data][55]_i_1
  i_ariane_peripherals/gen_dma.gen_accel2.i_sec_wrap2/response_manager_module/resp_IP_wrapper_o[r][data][56]_i_1
  i_ariane_peripherals/gen_dma.gen_accel2.i_sec_wrap2/response_manager_module/resp_IP_wrapper_o[r][data][57]_i_1
  i_ariane_peripherals/gen_dma.gen_accel2.i_sec_wrap2/response_manager_module/resp_IP_wrapper_o[r][data][58]_i_1
  i_ariane_peripherals/gen_dma.gen_accel2.i_sec_wrap2/response_manager_module/resp_IP_wrapper_o[r][data][59]_i_1
  i_ariane_peripherals/gen_dma.gen_accel2.i_sec_wrap2/response_manager_module/resp_IP_wrapper_o[r][data][5]_i_1
  i_ariane_peripherals/gen_dma.gen_accel2.i_sec_wrap2/response_manager_module/resp_IP_wrapper_o[r][data][60]_i_1
  i_ariane_peripherals/gen_dma.gen_accel2.i_sec_wrap2/response_manager_module/resp_IP_wrapper_o[r][data][61]_i_1
  i_ariane_peripherals/gen_dma.gen_accel2.i_sec_wrap2/response_manager_module/resp_IP_wrapper_o[r][data][62]_i_1
  i_ariane_peripherals/gen_dma.gen_accel2.i_sec_wrap2/response_manager_module/resp_IP_wrapper_o[r][data][63]_i_1
  i_ariane_peripherals/gen_dma.gen_accel2.i_sec_wrap2/response_manager_module/resp_IP_wrapper_o[r][data][6]_i_1
  i_ariane_peripherals/gen_dma.gen_accel2.i_sec_wrap2/response_manager_module/resp_IP_wrapper_o[r][data][7]_i_1
  i_ariane_peripherals/gen_dma.gen_accel2.i_sec_wrap2/response_manager_module/resp_IP_wrapper_o[r][data][8]_i_1
  i_ariane_peripherals/gen_dma.gen_accel2.i_sec_wrap2/response_manager_module/resp_IP_wrapper_o[r][data][9]_i_1
  i_ariane_peripherals/gen_dma.gen_accel2.i_sec_wrap2/response_manager_module/resp_IP_wrapper_o[r][id][0]_i_1
  i_ariane_peripherals/gen_dma.gen_accel2.i_sec_wrap2/response_manager_module/resp_IP_wrapper_o[r][id][1]_i_1
  i_ariane_peripherals/gen_dma.gen_accel2.i_sec_wrap2/response_manager_module/resp_IP_wrapper_o[r][id][2]_i_1
  i_ariane_peripherals/gen_dma.gen_accel2.i_sec_wrap2/response_manager_module/resp_IP_wrapper_o[r][last]_i_1
  i_ariane_peripherals/gen_dma.gen_accel2.i_sec_wrap2/response_manager_module/resp_IP_wrapper_o[r][resp][0]_i_1
  i_ariane_peripherals/gen_dma.gen_accel2.i_sec_wrap2/response_manager_module/resp_IP_wrapper_o[r][resp][1]_i_1
  i_ariane_peripherals/gen_dma.gen_accel2.i_sec_wrap2/response_manager_module/resp_IP_wrapper_o[r][user][0]_i_1
  i_ariane_peripherals/gen_dma.gen_accel2.i_sec_wrap2/response_manager_module/resp_IP_wrapper_o[r_valid]_i_1
  i_ariane_peripherals/gen_dma.gen_accel2.i_sec_wrap2/response_manager_module/resp_IP_wrapper_o_reg[b][id][0]
  i_ariane_peripherals/gen_dma.gen_accel2.i_sec_wrap2/response_manager_module/resp_IP_wrapper_o_reg[b][id][2]
  i_ariane_peripherals/gen_dma.gen_accel2.i_sec_wrap2/response_manager_module/resp_IP_wrapper_o_reg[b][resp][0]
  i_ariane_peripherals/gen_dma.gen_accel2.i_sec_wrap2/response_manager_module/resp_IP_wrapper_o_reg[b][resp][1]
  i_ariane_peripherals/gen_dma.gen_accel2.i_sec_wrap2/response_manager_module/resp_IP_wrapper_o_reg[b][user][0]
  i_ariane_peripherals/gen_dma.gen_accel2.i_sec_wrap2/response_manager_module/resp_IP_wrapper_o_reg[r][data][0]
  i_ariane_peripherals/gen_dma.gen_accel2.i_sec_wrap2/response_manager_module/resp_IP_wrapper_o_reg[r][data][10]
  i_ariane_peripherals/gen_dma.gen_accel2.i_sec_wrap2/response_manager_module/resp_IP_wrapper_o_reg[r][data][11]
  i_ariane_peripherals/gen_dma.gen_accel2.i_sec_wrap2/response_manager_module/resp_IP_wrapper_o_reg[r][data][12]
  i_ariane_peripherals/gen_dma.gen_accel2.i_sec_wrap2/response_manager_module/resp_IP_wrapper_o_reg[r][data][13]
  i_ariane_peripherals/gen_dma.gen_accel2.i_sec_wrap2/response_manager_module/resp_IP_wrapper_o_reg[r][data][14]
  i_ariane_peripherals/gen_dma.gen_accel2.i_sec_wrap2/response_manager_module/resp_IP_wrapper_o_reg[r][data][15]
  i_ariane_peripherals/gen_dma.gen_accel2.i_sec_wrap2/response_manager_module/resp_IP_wrapper_o_reg[r][data][16]
  i_ariane_peripherals/gen_dma.gen_accel2.i_sec_wrap2/response_manager_module/resp_IP_wrapper_o_reg[r][data][17]
  i_ariane_peripherals/gen_dma.gen_accel2.i_sec_wrap2/response_manager_module/resp_IP_wrapper_o_reg[r][data][18]
  i_ariane_peripherals/gen_dma.gen_accel2.i_sec_wrap2/response_manager_module/resp_IP_wrapper_o_reg[r][data][19]
  i_ariane_peripherals/gen_dma.gen_accel2.i_sec_wrap2/response_manager_module/resp_IP_wrapper_o_reg[r][data][1]
  i_ariane_peripherals/gen_dma.gen_accel2.i_sec_wrap2/response_manager_module/resp_IP_wrapper_o_reg[r][data][20]
  i_ariane_peripherals/gen_dma.gen_accel2.i_sec_wrap2/response_manager_module/resp_IP_wrapper_o_reg[r][data][21]
  i_ariane_peripherals/gen_dma.gen_accel2.i_sec_wrap2/response_manager_module/resp_IP_wrapper_o_reg[r][data][22]
  i_ariane_peripherals/gen_dma.gen_accel2.i_sec_wrap2/response_manager_module/resp_IP_wrapper_o_reg[r][data][23]
  i_ariane_peripherals/gen_dma.gen_accel2.i_sec_wrap2/response_manager_module/resp_IP_wrapper_o_reg[r][data][24]
  i_ariane_peripherals/gen_dma.gen_accel2.i_sec_wrap2/response_manager_module/resp_IP_wrapper_o_reg[r][data][25]
  i_ariane_peripherals/gen_dma.gen_accel2.i_sec_wrap2/response_manager_module/resp_IP_wrapper_o_reg[r][data][26]
  i_ariane_peripherals/gen_dma.gen_accel2.i_sec_wrap2/response_manager_module/resp_IP_wrapper_o_reg[r][data][27]
  i_ariane_peripherals/gen_dma.gen_accel2.i_sec_wrap2/response_manager_module/resp_IP_wrapper_o_reg[r][data][28]
  i_ariane_peripherals/gen_dma.gen_accel2.i_sec_wrap2/response_manager_module/resp_IP_wrapper_o_reg[r][data][29]
  i_ariane_peripherals/gen_dma.gen_accel2.i_sec_wrap2/response_manager_module/resp_IP_wrapper_o_reg[r][data][2]
  i_ariane_peripherals/gen_dma.gen_accel2.i_sec_wrap2/response_manager_module/resp_IP_wrapper_o_reg[r][data][30]
  i_ariane_peripherals/gen_dma.gen_accel2.i_sec_wrap2/response_manager_module/resp_IP_wrapper_o_reg[r][data][31]
  i_ariane_peripherals/gen_dma.gen_accel2.i_sec_wrap2/response_manager_module/resp_IP_wrapper_o_reg[r][data][32]
  i_ariane_peripherals/gen_dma.gen_accel2.i_sec_wrap2/response_manager_module/resp_IP_wrapper_o_reg[r][data][33]
  i_ariane_peripherals/gen_dma.gen_accel2.i_sec_wrap2/response_manager_module/resp_IP_wrapper_o_reg[r][data][34]
  i_ariane_peripherals/gen_dma.gen_accel2.i_sec_wrap2/response_manager_module/resp_IP_wrapper_o_reg[r][data][35]
  i_ariane_peripherals/gen_dma.gen_accel2.i_sec_wrap2/response_manager_module/resp_IP_wrapper_o_reg[r][data][36]
  i_ariane_peripherals/gen_dma.gen_accel2.i_sec_wrap2/response_manager_module/resp_IP_wrapper_o_reg[r][data][37]
  i_ariane_peripherals/gen_dma.gen_accel2.i_sec_wrap2/response_manager_module/resp_IP_wrapper_o_reg[r][data][38]
  i_ariane_peripherals/gen_dma.gen_accel2.i_sec_wrap2/response_manager_module/resp_IP_wrapper_o_reg[r][data][39]
  i_ariane_peripherals/gen_dma.gen_accel2.i_sec_wrap2/response_manager_module/resp_IP_wrapper_o_reg[r][data][3]
  i_ariane_peripherals/gen_dma.gen_accel2.i_sec_wrap2/response_manager_module/resp_IP_wrapper_o_reg[r][data][40]
  i_ariane_peripherals/gen_dma.gen_accel2.i_sec_wrap2/response_manager_module/resp_IP_wrapper_o_reg[r][data][41]
  i_ariane_peripherals/gen_dma.gen_accel2.i_sec_wrap2/response_manager_module/resp_IP_wrapper_o_reg[r][data][42]
  i_ariane_peripherals/gen_dma.gen_accel2.i_sec_wrap2/response_manager_module/resp_IP_wrapper_o_reg[r][data][43]
  i_ariane_peripherals/gen_dma.gen_accel2.i_sec_wrap2/response_manager_module/resp_IP_wrapper_o_reg[r][data][44]
  i_ariane_peripherals/gen_dma.gen_accel2.i_sec_wrap2/response_manager_module/resp_IP_wrapper_o_reg[r][data][45]
  i_ariane_peripherals/gen_dma.gen_accel2.i_sec_wrap2/response_manager_module/resp_IP_wrapper_o_reg[r][data][46]
  i_ariane_peripherals/gen_dma.gen_accel2.i_sec_wrap2/response_manager_module/resp_IP_wrapper_o_reg[r][data][47]
  i_ariane_peripherals/gen_dma.gen_accel2.i_sec_wrap2/response_manager_module/resp_IP_wrapper_o_reg[r][data][48]
  i_ariane_peripherals/gen_dma.gen_accel2.i_sec_wrap2/response_manager_module/resp_IP_wrapper_o_reg[r][data][49]
  i_ariane_peripherals/gen_dma.gen_accel2.i_sec_wrap2/response_manager_module/resp_IP_wrapper_o_reg[r][data][4]
  i_ariane_peripherals/gen_dma.gen_accel2.i_sec_wrap2/response_manager_module/resp_IP_wrapper_o_reg[r][data][50]
  i_ariane_peripherals/gen_dma.gen_accel2.i_sec_wrap2/response_manager_module/resp_IP_wrapper_o_reg[r][data][51]
  i_ariane_peripherals/gen_dma.gen_accel2.i_sec_wrap2/response_manager_module/resp_IP_wrapper_o_reg[r][data][52]
  i_ariane_peripherals/gen_dma.gen_accel2.i_sec_wrap2/response_manager_module/resp_IP_wrapper_o_reg[r][data][53]
  i_ariane_peripherals/gen_dma.gen_accel2.i_sec_wrap2/response_manager_module/resp_IP_wrapper_o_reg[r][data][54]
  i_ariane_peripherals/gen_dma.gen_accel2.i_sec_wrap2/response_manager_module/resp_IP_wrapper_o_reg[r][data][55]
  i_ariane_peripherals/gen_dma.gen_accel2.i_sec_wrap2/response_manager_module/resp_IP_wrapper_o_reg[r][data][56]
  i_ariane_peripherals/gen_dma.gen_accel2.i_sec_wrap2/response_manager_module/resp_IP_wrapper_o_reg[r][data][57]
  i_ariane_peripherals/gen_dma.gen_accel2.i_sec_wrap2/response_manager_module/resp_IP_wrapper_o_reg[r][data][58]
  i_ariane_peripherals/gen_dma.gen_accel2.i_sec_wrap2/response_manager_module/resp_IP_wrapper_o_reg[r][data][59]
  i_ariane_peripherals/gen_dma.gen_accel2.i_sec_wrap2/response_manager_module/resp_IP_wrapper_o_reg[r][data][5]
  i_ariane_peripherals/gen_dma.gen_accel2.i_sec_wrap2/response_manager_module/resp_IP_wrapper_o_reg[r][data][60]
  i_ariane_peripherals/gen_dma.gen_accel2.i_sec_wrap2/response_manager_module/resp_IP_wrapper_o_reg[r][data][61]
  i_ariane_peripherals/gen_dma.gen_accel2.i_sec_wrap2/response_manager_module/resp_IP_wrapper_o_reg[r][data][62]
  i_ariane_peripherals/gen_dma.gen_accel2.i_sec_wrap2/response_manager_module/resp_IP_wrapper_o_reg[r][data][63]
  i_ariane_peripherals/gen_dma.gen_accel2.i_sec_wrap2/response_manager_module/resp_IP_wrapper_o_reg[r][data][6]
  i_ariane_peripherals/gen_dma.gen_accel2.i_sec_wrap2/response_manager_module/resp_IP_wrapper_o_reg[r][data][7]
  i_ariane_peripherals/gen_dma.gen_accel2.i_sec_wrap2/response_manager_module/resp_IP_wrapper_o_reg[r][data][8]
  i_ariane_peripherals/gen_dma.gen_accel2.i_sec_wrap2/response_manager_module/resp_IP_wrapper_o_reg[r][data][9]
  i_ariane_peripherals/gen_dma.gen_accel2.i_sec_wrap2/response_manager_module/resp_IP_wrapper_o_reg[r][id][0]
  i_ariane_peripherals/gen_dma.gen_accel2.i_sec_wrap2/response_manager_module/resp_IP_wrapper_o_reg[r][id][1]
  i_ariane_peripherals/gen_dma.gen_accel2.i_sec_wrap2/response_manager_module/resp_IP_wrapper_o_reg[r][id][2]
  i_ariane_peripherals/gen_dma.gen_accel2.i_sec_wrap2/response_manager_module/resp_IP_wrapper_o_reg[r][last]
  i_ariane_peripherals/gen_dma.gen_accel2.i_sec_wrap2/response_manager_module/resp_IP_wrapper_o_reg[r][resp][0]
  i_ariane_peripherals/gen_dma.gen_accel2.i_sec_wrap2/response_manager_module/resp_IP_wrapper_o_reg[r][resp][1]
  i_ariane_peripherals/gen_dma.gen_accel2.i_sec_wrap2/response_manager_module/resp_IP_wrapper_o_reg[r][user][0]
  i_ariane_peripherals/gen_dma.gen_accel2.i_sec_wrap2/response_manager_module/resp_IP_wrapper_o_reg[r_valid]
  i_ariane_peripherals/gen_dma.gen_accel2.i_sec_wrap2/sec_mon/GND
  i_ariane_peripherals/gen_dma.gen_accel2.i_sec_wrap2/sec_mon/VCC
  i_ariane_peripherals/gen_dma.gen_accel2.i_sec_wrap2/sec_mon/block_ip_o_i_1
  i_ariane_peripherals/gen_dma.gen_accel2.i_sec_wrap2/sec_mon/block_ip_o_i_10
  i_ariane_peripherals/gen_dma.gen_accel2.i_sec_wrap2/sec_mon/block_ip_o_i_11
  i_ariane_peripherals/gen_dma.gen_accel2.i_sec_wrap2/sec_mon/block_ip_o_i_12
  i_ariane_peripherals/gen_dma.gen_accel2.i_sec_wrap2/sec_mon/block_ip_o_i_2
  i_ariane_peripherals/gen_dma.gen_accel2.i_sec_wrap2/sec_mon/block_ip_o_i_3
  i_ariane_peripherals/gen_dma.gen_accel2.i_sec_wrap2/sec_mon/block_ip_o_i_4
  i_ariane_peripherals/gen_dma.gen_accel2.i_sec_wrap2/sec_mon/block_ip_o_i_5
  i_ariane_peripherals/gen_dma.gen_accel2.i_sec_wrap2/sec_mon/block_ip_o_i_6
  i_ariane_peripherals/gen_dma.gen_accel2.i_sec_wrap2/sec_mon/block_ip_o_i_7
  i_ariane_peripherals/gen_dma.gen_accel2.i_sec_wrap2/sec_mon/block_ip_o_i_8
  i_ariane_peripherals/gen_dma.gen_accel2.i_sec_wrap2/sec_mon/block_ip_o_i_9
  i_ariane_peripherals/gen_dma.gen_accel2.i_sec_wrap2/sec_mon/block_ip_o_reg
  i_ariane_peripherals/gen_dma.gen_accel2.i_sec_wrap2/sec_mon/block_timer[0]_i_1
  i_ariane_peripherals/gen_dma.gen_accel2.i_sec_wrap2/sec_mon/block_timer[0]_i_10
  i_ariane_peripherals/gen_dma.gen_accel2.i_sec_wrap2/sec_mon/block_timer[0]_i_11
  i_ariane_peripherals/gen_dma.gen_accel2.i_sec_wrap2/sec_mon/block_timer[0]_i_13
  i_ariane_peripherals/gen_dma.gen_accel2.i_sec_wrap2/sec_mon/block_timer[0]_i_14
  i_ariane_peripherals/gen_dma.gen_accel2.i_sec_wrap2/sec_mon/block_timer[0]_i_15
  i_ariane_peripherals/gen_dma.gen_accel2.i_sec_wrap2/sec_mon/block_timer[0]_i_16
  i_ariane_peripherals/gen_dma.gen_accel2.i_sec_wrap2/sec_mon/block_timer[0]_i_3
  i_ariane_peripherals/gen_dma.gen_accel2.i_sec_wrap2/sec_mon/block_timer[0]_i_4
  i_ariane_peripherals/gen_dma.gen_accel2.i_sec_wrap2/sec_mon/block_timer[0]_i_5
  i_ariane_peripherals/gen_dma.gen_accel2.i_sec_wrap2/sec_mon/block_timer[0]_i_6
  i_ariane_peripherals/gen_dma.gen_accel2.i_sec_wrap2/sec_mon/block_timer[0]_i_7
  i_ariane_peripherals/gen_dma.gen_accel2.i_sec_wrap2/sec_mon/block_timer[0]_i_8
  i_ariane_peripherals/gen_dma.gen_accel2.i_sec_wrap2/sec_mon/block_timer[0]_i_9
  i_ariane_peripherals/gen_dma.gen_accel2.i_sec_wrap2/sec_mon/block_timer[12]_i_11
  i_ariane_peripherals/gen_dma.gen_accel2.i_sec_wrap2/sec_mon/block_timer[12]_i_12
  i_ariane_peripherals/gen_dma.gen_accel2.i_sec_wrap2/sec_mon/block_timer[12]_i_13
  i_ariane_peripherals/gen_dma.gen_accel2.i_sec_wrap2/sec_mon/block_timer[12]_i_14
  i_ariane_peripherals/gen_dma.gen_accel2.i_sec_wrap2/sec_mon/block_timer[12]_i_2
  i_ariane_peripherals/gen_dma.gen_accel2.i_sec_wrap2/sec_mon/block_timer[12]_i_3
  i_ariane_peripherals/gen_dma.gen_accel2.i_sec_wrap2/sec_mon/block_timer[12]_i_4
  i_ariane_peripherals/gen_dma.gen_accel2.i_sec_wrap2/sec_mon/block_timer[12]_i_5
  i_ariane_peripherals/gen_dma.gen_accel2.i_sec_wrap2/sec_mon/block_timer[12]_i_6
  i_ariane_peripherals/gen_dma.gen_accel2.i_sec_wrap2/sec_mon/block_timer[12]_i_7
  i_ariane_peripherals/gen_dma.gen_accel2.i_sec_wrap2/sec_mon/block_timer[12]_i_8
  i_ariane_peripherals/gen_dma.gen_accel2.i_sec_wrap2/sec_mon/block_timer[12]_i_9
  i_ariane_peripherals/gen_dma.gen_accel2.i_sec_wrap2/sec_mon/block_timer[16]_i_11
  i_ariane_peripherals/gen_dma.gen_accel2.i_sec_wrap2/sec_mon/block_timer[16]_i_12
  i_ariane_peripherals/gen_dma.gen_accel2.i_sec_wrap2/sec_mon/block_timer[16]_i_13
  i_ariane_peripherals/gen_dma.gen_accel2.i_sec_wrap2/sec_mon/block_timer[16]_i_14
  i_ariane_peripherals/gen_dma.gen_accel2.i_sec_wrap2/sec_mon/block_timer[16]_i_2
  i_ariane_peripherals/gen_dma.gen_accel2.i_sec_wrap2/sec_mon/block_timer[16]_i_3
  i_ariane_peripherals/gen_dma.gen_accel2.i_sec_wrap2/sec_mon/block_timer[16]_i_4
  i_ariane_peripherals/gen_dma.gen_accel2.i_sec_wrap2/sec_mon/block_timer[16]_i_5
  i_ariane_peripherals/gen_dma.gen_accel2.i_sec_wrap2/sec_mon/block_timer[16]_i_6
  i_ariane_peripherals/gen_dma.gen_accel2.i_sec_wrap2/sec_mon/block_timer[16]_i_7
  i_ariane_peripherals/gen_dma.gen_accel2.i_sec_wrap2/sec_mon/block_timer[16]_i_8
  i_ariane_peripherals/gen_dma.gen_accel2.i_sec_wrap2/sec_mon/block_timer[16]_i_9
  i_ariane_peripherals/gen_dma.gen_accel2.i_sec_wrap2/sec_mon/block_timer[20]_i_11
  i_ariane_peripherals/gen_dma.gen_accel2.i_sec_wrap2/sec_mon/block_timer[20]_i_12
  i_ariane_peripherals/gen_dma.gen_accel2.i_sec_wrap2/sec_mon/block_timer[20]_i_13
  i_ariane_peripherals/gen_dma.gen_accel2.i_sec_wrap2/sec_mon/block_timer[20]_i_14
  i_ariane_peripherals/gen_dma.gen_accel2.i_sec_wrap2/sec_mon/block_timer[20]_i_2
  i_ariane_peripherals/gen_dma.gen_accel2.i_sec_wrap2/sec_mon/block_timer[20]_i_3
  i_ariane_peripherals/gen_dma.gen_accel2.i_sec_wrap2/sec_mon/block_timer[20]_i_4
  i_ariane_peripherals/gen_dma.gen_accel2.i_sec_wrap2/sec_mon/block_timer[20]_i_5
  i_ariane_peripherals/gen_dma.gen_accel2.i_sec_wrap2/sec_mon/block_timer[20]_i_6
  i_ariane_peripherals/gen_dma.gen_accel2.i_sec_wrap2/sec_mon/block_timer[20]_i_7
  i_ariane_peripherals/gen_dma.gen_accel2.i_sec_wrap2/sec_mon/block_timer[20]_i_8
  i_ariane_peripherals/gen_dma.gen_accel2.i_sec_wrap2/sec_mon/block_timer[20]_i_9
  i_ariane_peripherals/gen_dma.gen_accel2.i_sec_wrap2/sec_mon/block_timer[24]_i_11
  i_ariane_peripherals/gen_dma.gen_accel2.i_sec_wrap2/sec_mon/block_timer[24]_i_12
  i_ariane_peripherals/gen_dma.gen_accel2.i_sec_wrap2/sec_mon/block_timer[24]_i_13
  i_ariane_peripherals/gen_dma.gen_accel2.i_sec_wrap2/sec_mon/block_timer[24]_i_14
  i_ariane_peripherals/gen_dma.gen_accel2.i_sec_wrap2/sec_mon/block_timer[24]_i_2
  i_ariane_peripherals/gen_dma.gen_accel2.i_sec_wrap2/sec_mon/block_timer[24]_i_3
  i_ariane_peripherals/gen_dma.gen_accel2.i_sec_wrap2/sec_mon/block_timer[24]_i_4
  i_ariane_peripherals/gen_dma.gen_accel2.i_sec_wrap2/sec_mon/block_timer[24]_i_5
  i_ariane_peripherals/gen_dma.gen_accel2.i_sec_wrap2/sec_mon/block_timer[24]_i_6
  i_ariane_peripherals/gen_dma.gen_accel2.i_sec_wrap2/sec_mon/block_timer[24]_i_7
  i_ariane_peripherals/gen_dma.gen_accel2.i_sec_wrap2/sec_mon/block_timer[24]_i_8
  i_ariane_peripherals/gen_dma.gen_accel2.i_sec_wrap2/sec_mon/block_timer[24]_i_9
  i_ariane_peripherals/gen_dma.gen_accel2.i_sec_wrap2/sec_mon/block_timer[28]_i_10
  i_ariane_peripherals/gen_dma.gen_accel2.i_sec_wrap2/sec_mon/block_timer[28]_i_11
  i_ariane_peripherals/gen_dma.gen_accel2.i_sec_wrap2/sec_mon/block_timer[28]_i_12
  i_ariane_peripherals/gen_dma.gen_accel2.i_sec_wrap2/sec_mon/block_timer[28]_i_2
  i_ariane_peripherals/gen_dma.gen_accel2.i_sec_wrap2/sec_mon/block_timer[28]_i_3
  i_ariane_peripherals/gen_dma.gen_accel2.i_sec_wrap2/sec_mon/block_timer[28]_i_4
  i_ariane_peripherals/gen_dma.gen_accel2.i_sec_wrap2/sec_mon/block_timer[28]_i_5
  i_ariane_peripherals/gen_dma.gen_accel2.i_sec_wrap2/sec_mon/block_timer[28]_i_6
  i_ariane_peripherals/gen_dma.gen_accel2.i_sec_wrap2/sec_mon/block_timer[28]_i_7
  i_ariane_peripherals/gen_dma.gen_accel2.i_sec_wrap2/sec_mon/block_timer[28]_i_8
  i_ariane_peripherals/gen_dma.gen_accel2.i_sec_wrap2/sec_mon/block_timer[4]_i_11
  i_ariane_peripherals/gen_dma.gen_accel2.i_sec_wrap2/sec_mon/block_timer[4]_i_12
  i_ariane_peripherals/gen_dma.gen_accel2.i_sec_wrap2/sec_mon/block_timer[4]_i_13
  i_ariane_peripherals/gen_dma.gen_accel2.i_sec_wrap2/sec_mon/block_timer[4]_i_14
  i_ariane_peripherals/gen_dma.gen_accel2.i_sec_wrap2/sec_mon/block_timer[4]_i_2
  i_ariane_peripherals/gen_dma.gen_accel2.i_sec_wrap2/sec_mon/block_timer[4]_i_3
  i_ariane_peripherals/gen_dma.gen_accel2.i_sec_wrap2/sec_mon/block_timer[4]_i_4
  i_ariane_peripherals/gen_dma.gen_accel2.i_sec_wrap2/sec_mon/block_timer[4]_i_5
  i_ariane_peripherals/gen_dma.gen_accel2.i_sec_wrap2/sec_mon/block_timer[4]_i_6
  i_ariane_peripherals/gen_dma.gen_accel2.i_sec_wrap2/sec_mon/block_timer[4]_i_7
  i_ariane_peripherals/gen_dma.gen_accel2.i_sec_wrap2/sec_mon/block_timer[4]_i_8
  i_ariane_peripherals/gen_dma.gen_accel2.i_sec_wrap2/sec_mon/block_timer[4]_i_9
  i_ariane_peripherals/gen_dma.gen_accel2.i_sec_wrap2/sec_mon/block_timer[8]_i_11
  i_ariane_peripherals/gen_dma.gen_accel2.i_sec_wrap2/sec_mon/block_timer[8]_i_12
  i_ariane_peripherals/gen_dma.gen_accel2.i_sec_wrap2/sec_mon/block_timer[8]_i_13
  i_ariane_peripherals/gen_dma.gen_accel2.i_sec_wrap2/sec_mon/block_timer[8]_i_14
  i_ariane_peripherals/gen_dma.gen_accel2.i_sec_wrap2/sec_mon/block_timer[8]_i_2
  i_ariane_peripherals/gen_dma.gen_accel2.i_sec_wrap2/sec_mon/block_timer[8]_i_3
  i_ariane_peripherals/gen_dma.gen_accel2.i_sec_wrap2/sec_mon/block_timer[8]_i_4
  i_ariane_peripherals/gen_dma.gen_accel2.i_sec_wrap2/sec_mon/block_timer[8]_i_5
  i_ariane_peripherals/gen_dma.gen_accel2.i_sec_wrap2/sec_mon/block_timer[8]_i_6
  i_ariane_peripherals/gen_dma.gen_accel2.i_sec_wrap2/sec_mon/block_timer[8]_i_7
  i_ariane_peripherals/gen_dma.gen_accel2.i_sec_wrap2/sec_mon/block_timer[8]_i_8
  i_ariane_peripherals/gen_dma.gen_accel2.i_sec_wrap2/sec_mon/block_timer[8]_i_9
  i_ariane_peripherals/gen_dma.gen_accel2.i_sec_wrap2/sec_mon/block_timer_reg[0]
  i_ariane_peripherals/gen_dma.gen_accel2.i_sec_wrap2/sec_mon/block_timer_reg[0]_i_12
  i_ariane_peripherals/gen_dma.gen_accel2.i_sec_wrap2/sec_mon/block_timer_reg[0]_i_2
  i_ariane_peripherals/gen_dma.gen_accel2.i_sec_wrap2/sec_mon/block_timer_reg[10]
  i_ariane_peripherals/gen_dma.gen_accel2.i_sec_wrap2/sec_mon/block_timer_reg[11]
  i_ariane_peripherals/gen_dma.gen_accel2.i_sec_wrap2/sec_mon/block_timer_reg[12]
  i_ariane_peripherals/gen_dma.gen_accel2.i_sec_wrap2/sec_mon/block_timer_reg[12]_i_1
  i_ariane_peripherals/gen_dma.gen_accel2.i_sec_wrap2/sec_mon/block_timer_reg[12]_i_10
  i_ariane_peripherals/gen_dma.gen_accel2.i_sec_wrap2/sec_mon/block_timer_reg[13]
  i_ariane_peripherals/gen_dma.gen_accel2.i_sec_wrap2/sec_mon/block_timer_reg[14]
  i_ariane_peripherals/gen_dma.gen_accel2.i_sec_wrap2/sec_mon/block_timer_reg[15]
  i_ariane_peripherals/gen_dma.gen_accel2.i_sec_wrap2/sec_mon/block_timer_reg[16]
  i_ariane_peripherals/gen_dma.gen_accel2.i_sec_wrap2/sec_mon/block_timer_reg[16]_i_1
  i_ariane_peripherals/gen_dma.gen_accel2.i_sec_wrap2/sec_mon/block_timer_reg[16]_i_10
  i_ariane_peripherals/gen_dma.gen_accel2.i_sec_wrap2/sec_mon/block_timer_reg[17]
  i_ariane_peripherals/gen_dma.gen_accel2.i_sec_wrap2/sec_mon/block_timer_reg[18]
  i_ariane_peripherals/gen_dma.gen_accel2.i_sec_wrap2/sec_mon/block_timer_reg[19]
  i_ariane_peripherals/gen_dma.gen_accel2.i_sec_wrap2/sec_mon/block_timer_reg[1]
  i_ariane_peripherals/gen_dma.gen_accel2.i_sec_wrap2/sec_mon/block_timer_reg[20]
  i_ariane_peripherals/gen_dma.gen_accel2.i_sec_wrap2/sec_mon/block_timer_reg[20]_i_1
  i_ariane_peripherals/gen_dma.gen_accel2.i_sec_wrap2/sec_mon/block_timer_reg[20]_i_10
  i_ariane_peripherals/gen_dma.gen_accel2.i_sec_wrap2/sec_mon/block_timer_reg[21]
  i_ariane_peripherals/gen_dma.gen_accel2.i_sec_wrap2/sec_mon/block_timer_reg[22]
  i_ariane_peripherals/gen_dma.gen_accel2.i_sec_wrap2/sec_mon/block_timer_reg[23]
  i_ariane_peripherals/gen_dma.gen_accel2.i_sec_wrap2/sec_mon/block_timer_reg[24]
  i_ariane_peripherals/gen_dma.gen_accel2.i_sec_wrap2/sec_mon/block_timer_reg[24]_i_1
  i_ariane_peripherals/gen_dma.gen_accel2.i_sec_wrap2/sec_mon/block_timer_reg[24]_i_10
  i_ariane_peripherals/gen_dma.gen_accel2.i_sec_wrap2/sec_mon/block_timer_reg[25]
  i_ariane_peripherals/gen_dma.gen_accel2.i_sec_wrap2/sec_mon/block_timer_reg[26]
  i_ariane_peripherals/gen_dma.gen_accel2.i_sec_wrap2/sec_mon/block_timer_reg[27]
  i_ariane_peripherals/gen_dma.gen_accel2.i_sec_wrap2/sec_mon/block_timer_reg[28]
  i_ariane_peripherals/gen_dma.gen_accel2.i_sec_wrap2/sec_mon/block_timer_reg[28]_i_1
  i_ariane_peripherals/gen_dma.gen_accel2.i_sec_wrap2/sec_mon/block_timer_reg[28]_i_9
  i_ariane_peripherals/gen_dma.gen_accel2.i_sec_wrap2/sec_mon/block_timer_reg[29]
  i_ariane_peripherals/gen_dma.gen_accel2.i_sec_wrap2/sec_mon/block_timer_reg[2]
  i_ariane_peripherals/gen_dma.gen_accel2.i_sec_wrap2/sec_mon/block_timer_reg[30]
  i_ariane_peripherals/gen_dma.gen_accel2.i_sec_wrap2/sec_mon/block_timer_reg[31]
  i_ariane_peripherals/gen_dma.gen_accel2.i_sec_wrap2/sec_mon/block_timer_reg[3]
  i_ariane_peripherals/gen_dma.gen_accel2.i_sec_wrap2/sec_mon/block_timer_reg[4]
  i_ariane_peripherals/gen_dma.gen_accel2.i_sec_wrap2/sec_mon/block_timer_reg[4]_i_1
  i_ariane_peripherals/gen_dma.gen_accel2.i_sec_wrap2/sec_mon/block_timer_reg[4]_i_10
  i_ariane_peripherals/gen_dma.gen_accel2.i_sec_wrap2/sec_mon/block_timer_reg[5]
  i_ariane_peripherals/gen_dma.gen_accel2.i_sec_wrap2/sec_mon/block_timer_reg[6]
  i_ariane_peripherals/gen_dma.gen_accel2.i_sec_wrap2/sec_mon/block_timer_reg[7]
  i_ariane_peripherals/gen_dma.gen_accel2.i_sec_wrap2/sec_mon/block_timer_reg[8]
  i_ariane_peripherals/gen_dma.gen_accel2.i_sec_wrap2/sec_mon/block_timer_reg[8]_i_1
  i_ariane_peripherals/gen_dma.gen_accel2.i_sec_wrap2/sec_mon/block_timer_reg[8]_i_10
  i_ariane_peripherals/gen_dma.gen_accel2.i_sec_wrap2/sec_mon/block_timer_reg[9]
  i_ariane_peripherals/gen_dma.gen_accel2.i_sec_wrap2/sec_mon/comparison_valid_d_reg
  i_ariane_peripherals/gen_dma.gen_accel2.i_sec_wrap2/sec_mon/consecutive_failures[0]_i_1
  i_ariane_peripherals/gen_dma.gen_accel2.i_sec_wrap2/sec_mon/consecutive_failures[1]_i_1
  i_ariane_peripherals/gen_dma.gen_accel2.i_sec_wrap2/sec_mon/consecutive_failures[2]_i_1
  i_ariane_peripherals/gen_dma.gen_accel2.i_sec_wrap2/sec_mon/consecutive_failures[3]_i_1
  i_ariane_peripherals/gen_dma.gen_accel2.i_sec_wrap2/sec_mon/consecutive_failures[4]_i_1
  i_ariane_peripherals/gen_dma.gen_accel2.i_sec_wrap2/sec_mon/consecutive_failures[4]_i_2
  i_ariane_peripherals/gen_dma.gen_accel2.i_sec_wrap2/sec_mon/consecutive_failures[5]_i_1
  i_ariane_peripherals/gen_dma.gen_accel2.i_sec_wrap2/sec_mon/consecutive_failures[5]_i_2
  i_ariane_peripherals/gen_dma.gen_accel2.i_sec_wrap2/sec_mon/consecutive_failures[6]_i_1
  i_ariane_peripherals/gen_dma.gen_accel2.i_sec_wrap2/sec_mon/consecutive_failures[7]_i_1
  i_ariane_peripherals/gen_dma.gen_accel2.i_sec_wrap2/sec_mon/consecutive_failures[7]_i_2
  i_ariane_peripherals/gen_dma.gen_accel2.i_sec_wrap2/sec_mon/consecutive_failures[7]_i_3
  i_ariane_peripherals/gen_dma.gen_accel2.i_sec_wrap2/sec_mon/consecutive_failures_reg[0]
  i_ariane_peripherals/gen_dma.gen_accel2.i_sec_wrap2/sec_mon/consecutive_failures_reg[1]
  i_ariane_peripherals/gen_dma.gen_accel2.i_sec_wrap2/sec_mon/consecutive_failures_reg[2]
  i_ariane_peripherals/gen_dma.gen_accel2.i_sec_wrap2/sec_mon/consecutive_failures_reg[3]
  i_ariane_peripherals/gen_dma.gen_accel2.i_sec_wrap2/sec_mon/consecutive_failures_reg[4]
  i_ariane_peripherals/gen_dma.gen_accel2.i_sec_wrap2/sec_mon/consecutive_failures_reg[5]
  i_ariane_peripherals/gen_dma.gen_accel2.i_sec_wrap2/sec_mon/consecutive_failures_reg[6]
  i_ariane_peripherals/gen_dma.gen_accel2.i_sec_wrap2/sec_mon/consecutive_failures_reg[7]
  i_ariane_peripherals/gen_dma.i_accel1/GND
  i_ariane_peripherals/gen_dma.i_accel1/VCC
  i_ariane_peripherals/gen_dma.i_accel1/b_id_ff[5]_i_1
  i_ariane_peripherals/gen_dma.i_accel1/b_id_ff_reg[0]
  i_ariane_peripherals/gen_dma.i_accel1/b_id_ff_reg[1]
  i_ariane_peripherals/gen_dma.i_accel1/b_id_ff_reg[2]
  i_ariane_peripherals/gen_dma.i_accel1/b_id_ff_reg[3]
  i_ariane_peripherals/gen_dma.i_accel1/b_id_ff_reg[4]
  i_ariane_peripherals/gen_dma.i_accel1/b_id_ff_reg[5]
  i_ariane_peripherals/gen_dma.i_accel1/b_valid_ff_reg
  i_ariane_peripherals/gen_dma.i_accel1/r_id_ff_reg[0]
  i_ariane_peripherals/gen_dma.i_accel1/r_id_ff_reg[1]
  i_ariane_peripherals/gen_dma.i_accel1/r_id_ff_reg[2]
  i_ariane_peripherals/gen_dma.i_accel1/r_id_ff_reg[3]
  i_ariane_peripherals/gen_dma.i_accel1/r_id_ff_reg[4]
  i_ariane_peripherals/gen_dma.i_accel1/r_id_ff_reg[5]
  i_ariane_peripherals/gen_dma.i_accel1/r_valid_ff_reg
  i_ariane_peripherals/gen_dma.i_boundary_cfg_accel1/GND
  i_ariane_peripherals/gen_dma.i_boundary_cfg_accel1/VCC
  i_ariane_peripherals/gen_dma.i_boundary_cfg_accel1/btnc_o_reg
  i_ariane_peripherals/gen_dma.i_boundary_cfg_accel1/btnd_o_reg
  i_ariane_peripherals/gen_dma.i_boundary_cfg_accel1/btnl_o_reg
  i_ariane_peripherals/gen_dma.i_boundary_cfg_accel1/btnr_o_reg
  i_ariane_peripherals/gen_dma.i_boundary_cfg_accel1/btnu_o_reg
  i_ariane_peripherals/gen_dma.i_boundary_cfg_accel1/gen_registered.m\\.ar_addr_reg[0]
  i_ariane_peripherals/gen_dma.i_boundary_cfg_accel1/gen_registered.m\\.ar_addr_reg[10]
  i_ariane_peripherals/gen_dma.i_boundary_cfg_accel1/gen_registered.m\\.ar_addr_reg[11]
  i_ariane_peripherals/gen_dma.i_boundary_cfg_accel1/gen_registered.m\\.ar_addr_reg[12]
  i_ariane_peripherals/gen_dma.i_boundary_cfg_accel1/gen_registered.m\\.ar_addr_reg[13]
  i_ariane_peripherals/gen_dma.i_boundary_cfg_accel1/gen_registered.m\\.ar_addr_reg[14]
  i_ariane_peripherals/gen_dma.i_boundary_cfg_accel1/gen_registered.m\\.ar_addr_reg[15]
  i_ariane_peripherals/gen_dma.i_boundary_cfg_accel1/gen_registered.m\\.ar_addr_reg[16]
  i_ariane_peripherals/gen_dma.i_boundary_cfg_accel1/gen_registered.m\\.ar_addr_reg[17]
  i_ariane_peripherals/gen_dma.i_boundary_cfg_accel1/gen_registered.m\\.ar_addr_reg[18]
  i_ariane_peripherals/gen_dma.i_boundary_cfg_accel1/gen_registered.m\\.ar_addr_reg[19]
  i_ariane_peripherals/gen_dma.i_boundary_cfg_accel1/gen_registered.m\\.ar_addr_reg[1]
  i_ariane_peripherals/gen_dma.i_boundary_cfg_accel1/gen_registered.m\\.ar_addr_reg[20]
  i_ariane_peripherals/gen_dma.i_boundary_cfg_accel1/gen_registered.m\\.ar_addr_reg[21]
  i_ariane_peripherals/gen_dma.i_boundary_cfg_accel1/gen_registered.m\\.ar_addr_reg[22]
  i_ariane_peripherals/gen_dma.i_boundary_cfg_accel1/gen_registered.m\\.ar_addr_reg[23]
  i_ariane_peripherals/gen_dma.i_boundary_cfg_accel1/gen_registered.m\\.ar_addr_reg[24]
  i_ariane_peripherals/gen_dma.i_boundary_cfg_accel1/gen_registered.m\\.ar_addr_reg[25]
  i_ariane_peripherals/gen_dma.i_boundary_cfg_accel1/gen_registered.m\\.ar_addr_reg[26]
  i_ariane_peripherals/gen_dma.i_boundary_cfg_accel1/gen_registered.m\\.ar_addr_reg[27]
  i_ariane_peripherals/gen_dma.i_boundary_cfg_accel1/gen_registered.m\\.ar_addr_reg[28]
  i_ariane_peripherals/gen_dma.i_boundary_cfg_accel1/gen_registered.m\\.ar_addr_reg[29]
  i_ariane_peripherals/gen_dma.i_boundary_cfg_accel1/gen_registered.m\\.ar_addr_reg[2]
  i_ariane_peripherals/gen_dma.i_boundary_cfg_accel1/gen_registered.m\\.ar_addr_reg[30]
  i_ariane_peripherals/gen_dma.i_boundary_cfg_accel1/gen_registered.m\\.ar_addr_reg[31]
  i_ariane_peripherals/gen_dma.i_boundary_cfg_accel1/gen_registered.m\\.ar_addr_reg[32]
  i_ariane_peripherals/gen_dma.i_boundary_cfg_accel1/gen_registered.m\\.ar_addr_reg[33]
  i_ariane_peripherals/gen_dma.i_boundary_cfg_accel1/gen_registered.m\\.ar_addr_reg[34]
  i_ariane_peripherals/gen_dma.i_boundary_cfg_accel1/gen_registered.m\\.ar_addr_reg[35]
  i_ariane_peripherals/gen_dma.i_boundary_cfg_accel1/gen_registered.m\\.ar_addr_reg[36]
  i_ariane_peripherals/gen_dma.i_boundary_cfg_accel1/gen_registered.m\\.ar_addr_reg[37]
  i_ariane_peripherals/gen_dma.i_boundary_cfg_accel1/gen_registered.m\\.ar_addr_reg[38]
  i_ariane_peripherals/gen_dma.i_boundary_cfg_accel1/gen_registered.m\\.ar_addr_reg[39]
  i_ariane_peripherals/gen_dma.i_boundary_cfg_accel1/gen_registered.m\\.ar_addr_reg[3]
  i_ariane_peripherals/gen_dma.i_boundary_cfg_accel1/gen_registered.m\\.ar_addr_reg[40]
  i_ariane_peripherals/gen_dma.i_boundary_cfg_accel1/gen_registered.m\\.ar_addr_reg[41]
  i_ariane_peripherals/gen_dma.i_boundary_cfg_accel1/gen_registered.m\\.ar_addr_reg[42]
  i_ariane_peripherals/gen_dma.i_boundary_cfg_accel1/gen_registered.m\\.ar_addr_reg[43]
  i_ariane_peripherals/gen_dma.i_boundary_cfg_accel1/gen_registered.m\\.ar_addr_reg[44]
  i_ariane_peripherals/gen_dma.i_boundary_cfg_accel1/gen_registered.m\\.ar_addr_reg[45]
  i_ariane_peripherals/gen_dma.i_boundary_cfg_accel1/gen_registered.m\\.ar_addr_reg[46]
  i_ariane_peripherals/gen_dma.i_boundary_cfg_accel1/gen_registered.m\\.ar_addr_reg[47]
  i_ariane_peripherals/gen_dma.i_boundary_cfg_accel1/gen_registered.m\\.ar_addr_reg[48]
  i_ariane_peripherals/gen_dma.i_boundary_cfg_accel1/gen_registered.m\\.ar_addr_reg[49]
  i_ariane_peripherals/gen_dma.i_boundary_cfg_accel1/gen_registered.m\\.ar_addr_reg[4]
  i_ariane_peripherals/gen_dma.i_boundary_cfg_accel1/gen_registered.m\\.ar_addr_reg[50]
  i_ariane_peripherals/gen_dma.i_boundary_cfg_accel1/gen_registered.m\\.ar_addr_reg[51]
  i_ariane_peripherals/gen_dma.i_boundary_cfg_accel1/gen_registered.m\\.ar_addr_reg[52]
  i_ariane_peripherals/gen_dma.i_boundary_cfg_accel1/gen_registered.m\\.ar_addr_reg[53]
  i_ariane_peripherals/gen_dma.i_boundary_cfg_accel1/gen_registered.m\\.ar_addr_reg[54]
  i_ariane_peripherals/gen_dma.i_boundary_cfg_accel1/gen_registered.m\\.ar_addr_reg[55]
  i_ariane_peripherals/gen_dma.i_boundary_cfg_accel1/gen_registered.m\\.ar_addr_reg[56]
  i_ariane_peripherals/gen_dma.i_boundary_cfg_accel1/gen_registered.m\\.ar_addr_reg[57]
  i_ariane_peripherals/gen_dma.i_boundary_cfg_accel1/gen_registered.m\\.ar_addr_reg[58]
  i_ariane_peripherals/gen_dma.i_boundary_cfg_accel1/gen_registered.m\\.ar_addr_reg[59]
  i_ariane_peripherals/gen_dma.i_boundary_cfg_accel1/gen_registered.m\\.ar_addr_reg[5]
  i_ariane_peripherals/gen_dma.i_boundary_cfg_accel1/gen_registered.m\\.ar_addr_reg[60]
  i_ariane_peripherals/gen_dma.i_boundary_cfg_accel1/gen_registered.m\\.ar_addr_reg[61]
  i_ariane_peripherals/gen_dma.i_boundary_cfg_accel1/gen_registered.m\\.ar_addr_reg[62]
  i_ariane_peripherals/gen_dma.i_boundary_cfg_accel1/gen_registered.m\\.ar_addr_reg[63]
  i_ariane_peripherals/gen_dma.i_boundary_cfg_accel1/gen_registered.m\\.ar_addr_reg[6]
  i_ariane_peripherals/gen_dma.i_boundary_cfg_accel1/gen_registered.m\\.ar_addr_reg[7]
  i_ariane_peripherals/gen_dma.i_boundary_cfg_accel1/gen_registered.m\\.ar_addr_reg[8]
  i_ariane_peripherals/gen_dma.i_boundary_cfg_accel1/gen_registered.m\\.ar_addr_reg[9]
  i_ariane_peripherals/gen_dma.i_boundary_cfg_accel1/gen_registered.m\\.ar_burst_reg[0]
  i_ariane_peripherals/gen_dma.i_boundary_cfg_accel1/gen_registered.m\\.ar_id[5]_i_1
  i_ariane_peripherals/gen_dma.i_boundary_cfg_accel1/gen_registered.m\\.ar_id_reg[0]
  i_ariane_peripherals/gen_dma.i_boundary_cfg_accel1/gen_registered.m\\.ar_id_reg[1]
  i_ariane_peripherals/gen_dma.i_boundary_cfg_accel1/gen_registered.m\\.ar_id_reg[2]
  i_ariane_peripherals/gen_dma.i_boundary_cfg_accel1/gen_registered.m\\.ar_id_reg[4]
  i_ariane_peripherals/gen_dma.i_boundary_cfg_accel1/gen_registered.m\\.ar_id_reg[5]
  i_ariane_peripherals/gen_dma.i_boundary_cfg_accel1/gen_registered.m\\.ar_len_reg[0]
  i_ariane_peripherals/gen_dma.i_boundary_cfg_accel1/gen_registered.m\\.ar_len_reg[2]
  i_ariane_peripherals/gen_dma.i_boundary_cfg_accel1/gen_registered.m\\.ar_lock_reg
  i_ariane_peripherals/gen_dma.i_boundary_cfg_accel1/gen_registered.m\\.ar_size_reg[0]
  i_ariane_peripherals/gen_dma.i_boundary_cfg_accel1/gen_registered.m\\.ar_size_reg[1]
  i_ariane_peripherals/gen_dma.i_boundary_cfg_accel1/gen_registered.m\\.ar_valid_i_1
  i_ariane_peripherals/gen_dma.i_boundary_cfg_accel1/gen_registered.m\\.ar_valid_reg
  i_ariane_peripherals/gen_dma.i_boundary_cfg_accel1/gen_registered.m\\.aw_addr_reg[0]
  i_ariane_peripherals/gen_dma.i_boundary_cfg_accel1/gen_registered.m\\.aw_addr_reg[10]
  i_ariane_peripherals/gen_dma.i_boundary_cfg_accel1/gen_registered.m\\.aw_addr_reg[11]
  i_ariane_peripherals/gen_dma.i_boundary_cfg_accel1/gen_registered.m\\.aw_addr_reg[12]
  i_ariane_peripherals/gen_dma.i_boundary_cfg_accel1/gen_registered.m\\.aw_addr_reg[13]
  i_ariane_peripherals/gen_dma.i_boundary_cfg_accel1/gen_registered.m\\.aw_addr_reg[14]
  i_ariane_peripherals/gen_dma.i_boundary_cfg_accel1/gen_registered.m\\.aw_addr_reg[15]
  i_ariane_peripherals/gen_dma.i_boundary_cfg_accel1/gen_registered.m\\.aw_addr_reg[16]
  i_ariane_peripherals/gen_dma.i_boundary_cfg_accel1/gen_registered.m\\.aw_addr_reg[17]
  i_ariane_peripherals/gen_dma.i_boundary_cfg_accel1/gen_registered.m\\.aw_addr_reg[18]
  i_ariane_peripherals/gen_dma.i_boundary_cfg_accel1/gen_registered.m\\.aw_addr_reg[19]
  i_ariane_peripherals/gen_dma.i_boundary_cfg_accel1/gen_registered.m\\.aw_addr_reg[1]
  i_ariane_peripherals/gen_dma.i_boundary_cfg_accel1/gen_registered.m\\.aw_addr_reg[20]
  i_ariane_peripherals/gen_dma.i_boundary_cfg_accel1/gen_registered.m\\.aw_addr_reg[21]
  i_ariane_peripherals/gen_dma.i_boundary_cfg_accel1/gen_registered.m\\.aw_addr_reg[22]
  i_ariane_peripherals/gen_dma.i_boundary_cfg_accel1/gen_registered.m\\.aw_addr_reg[23]
  i_ariane_peripherals/gen_dma.i_boundary_cfg_accel1/gen_registered.m\\.aw_addr_reg[24]
  i_ariane_peripherals/gen_dma.i_boundary_cfg_accel1/gen_registered.m\\.aw_addr_reg[25]
  i_ariane_peripherals/gen_dma.i_boundary_cfg_accel1/gen_registered.m\\.aw_addr_reg[26]
  i_ariane_peripherals/gen_dma.i_boundary_cfg_accel1/gen_registered.m\\.aw_addr_reg[27]
  i_ariane_peripherals/gen_dma.i_boundary_cfg_accel1/gen_registered.m\\.aw_addr_reg[28]
  i_ariane_peripherals/gen_dma.i_boundary_cfg_accel1/gen_registered.m\\.aw_addr_reg[29]
  i_ariane_peripherals/gen_dma.i_boundary_cfg_accel1/gen_registered.m\\.aw_addr_reg[2]
  i_ariane_peripherals/gen_dma.i_boundary_cfg_accel1/gen_registered.m\\.aw_addr_reg[30]
  i_ariane_peripherals/gen_dma.i_boundary_cfg_accel1/gen_registered.m\\.aw_addr_reg[31]
  i_ariane_peripherals/gen_dma.i_boundary_cfg_accel1/gen_registered.m\\.aw_addr_reg[32]
  i_ariane_peripherals/gen_dma.i_boundary_cfg_accel1/gen_registered.m\\.aw_addr_reg[33]
  i_ariane_peripherals/gen_dma.i_boundary_cfg_accel1/gen_registered.m\\.aw_addr_reg[34]
  i_ariane_peripherals/gen_dma.i_boundary_cfg_accel1/gen_registered.m\\.aw_addr_reg[35]
  i_ariane_peripherals/gen_dma.i_boundary_cfg_accel1/gen_registered.m\\.aw_addr_reg[36]
  i_ariane_peripherals/gen_dma.i_boundary_cfg_accel1/gen_registered.m\\.aw_addr_reg[37]
  i_ariane_peripherals/gen_dma.i_boundary_cfg_accel1/gen_registered.m\\.aw_addr_reg[38]
  i_ariane_peripherals/gen_dma.i_boundary_cfg_accel1/gen_registered.m\\.aw_addr_reg[39]
  i_ariane_peripherals/gen_dma.i_boundary_cfg_accel1/gen_registered.m\\.aw_addr_reg[3]
  i_ariane_peripherals/gen_dma.i_boundary_cfg_accel1/gen_registered.m\\.aw_addr_reg[40]
  i_ariane_peripherals/gen_dma.i_boundary_cfg_accel1/gen_registered.m\\.aw_addr_reg[41]
  i_ariane_peripherals/gen_dma.i_boundary_cfg_accel1/gen_registered.m\\.aw_addr_reg[42]
  i_ariane_peripherals/gen_dma.i_boundary_cfg_accel1/gen_registered.m\\.aw_addr_reg[43]
  i_ariane_peripherals/gen_dma.i_boundary_cfg_accel1/gen_registered.m\\.aw_addr_reg[44]
  i_ariane_peripherals/gen_dma.i_boundary_cfg_accel1/gen_registered.m\\.aw_addr_reg[45]
  i_ariane_peripherals/gen_dma.i_boundary_cfg_accel1/gen_registered.m\\.aw_addr_reg[46]
  i_ariane_peripherals/gen_dma.i_boundary_cfg_accel1/gen_registered.m\\.aw_addr_reg[47]
  i_ariane_peripherals/gen_dma.i_boundary_cfg_accel1/gen_registered.m\\.aw_addr_reg[48]
  i_ariane_peripherals/gen_dma.i_boundary_cfg_accel1/gen_registered.m\\.aw_addr_reg[49]
  i_ariane_peripherals/gen_dma.i_boundary_cfg_accel1/gen_registered.m\\.aw_addr_reg[4]
  i_ariane_peripherals/gen_dma.i_boundary_cfg_accel1/gen_registered.m\\.aw_addr_reg[50]
  i_ariane_peripherals/gen_dma.i_boundary_cfg_accel1/gen_registered.m\\.aw_addr_reg[51]
  i_ariane_peripherals/gen_dma.i_boundary_cfg_accel1/gen_registered.m\\.aw_addr_reg[52]
  i_ariane_peripherals/gen_dma.i_boundary_cfg_accel1/gen_registered.m\\.aw_addr_reg[53]
  i_ariane_peripherals/gen_dma.i_boundary_cfg_accel1/gen_registered.m\\.aw_addr_reg[54]
  i_ariane_peripherals/gen_dma.i_boundary_cfg_accel1/gen_registered.m\\.aw_addr_reg[55]
  i_ariane_peripherals/gen_dma.i_boundary_cfg_accel1/gen_registered.m\\.aw_addr_reg[56]
  i_ariane_peripherals/gen_dma.i_boundary_cfg_accel1/gen_registered.m\\.aw_addr_reg[57]
  i_ariane_peripherals/gen_dma.i_boundary_cfg_accel1/gen_registered.m\\.aw_addr_reg[58]
  i_ariane_peripherals/gen_dma.i_boundary_cfg_accel1/gen_registered.m\\.aw_addr_reg[59]
  i_ariane_peripherals/gen_dma.i_boundary_cfg_accel1/gen_registered.m\\.aw_addr_reg[5]
  i_ariane_peripherals/gen_dma.i_boundary_cfg_accel1/gen_registered.m\\.aw_addr_reg[60]
  i_ariane_peripherals/gen_dma.i_boundary_cfg_accel1/gen_registered.m\\.aw_addr_reg[61]
  i_ariane_peripherals/gen_dma.i_boundary_cfg_accel1/gen_registered.m\\.aw_addr_reg[62]
  i_ariane_peripherals/gen_dma.i_boundary_cfg_accel1/gen_registered.m\\.aw_addr_reg[63]
  i_ariane_peripherals/gen_dma.i_boundary_cfg_accel1/gen_registered.m\\.aw_addr_reg[6]
  i_ariane_peripherals/gen_dma.i_boundary_cfg_accel1/gen_registered.m\\.aw_addr_reg[7]
  i_ariane_peripherals/gen_dma.i_boundary_cfg_accel1/gen_registered.m\\.aw_addr_reg[8]
  i_ariane_peripherals/gen_dma.i_boundary_cfg_accel1/gen_registered.m\\.aw_addr_reg[9]
  i_ariane_peripherals/gen_dma.i_boundary_cfg_accel1/gen_registered.m\\.aw_atop_reg[0]
  i_ariane_peripherals/gen_dma.i_boundary_cfg_accel1/gen_registered.m\\.aw_atop_reg[1]
  i_ariane_peripherals/gen_dma.i_boundary_cfg_accel1/gen_registered.m\\.aw_atop_reg[2]
  i_ariane_peripherals/gen_dma.i_boundary_cfg_accel1/gen_registered.m\\.aw_atop_reg[4]
  i_ariane_peripherals/gen_dma.i_boundary_cfg_accel1/gen_registered.m\\.aw_atop_reg[5]
  i_ariane_peripherals/gen_dma.i_boundary_cfg_accel1/gen_registered.m\\.aw_burst_reg[0]
  i_ariane_peripherals/gen_dma.i_boundary_cfg_accel1/gen_registered.m\\.aw_id[5]_i_1
  i_ariane_peripherals/gen_dma.i_boundary_cfg_accel1/gen_registered.m\\.aw_id_reg[0]
  i_ariane_peripherals/gen_dma.i_boundary_cfg_accel1/gen_registered.m\\.aw_id_reg[1]
  i_ariane_peripherals/gen_dma.i_boundary_cfg_accel1/gen_registered.m\\.aw_id_reg[4]
  i_ariane_peripherals/gen_dma.i_boundary_cfg_accel1/gen_registered.m\\.aw_id_reg[5]
  i_ariane_peripherals/gen_dma.i_boundary_cfg_accel1/gen_registered.m\\.aw_len_reg[1]
  i_ariane_peripherals/gen_dma.i_boundary_cfg_accel1/gen_registered.m\\.aw_lock_reg
  i_ariane_peripherals/gen_dma.i_boundary_cfg_accel1/gen_registered.m\\.aw_size_reg[0]
  i_ariane_peripherals/gen_dma.i_boundary_cfg_accel1/gen_registered.m\\.aw_size_reg[1]
  i_ariane_peripherals/gen_dma.i_boundary_cfg_accel1/gen_registered.m\\.aw_size_reg[2]
  i_ariane_peripherals/gen_dma.i_boundary_cfg_accel1/gen_registered.m\\.aw_valid_i_1
  i_ariane_peripherals/gen_dma.i_boundary_cfg_accel1/gen_registered.m\\.aw_valid_reg
  i_ariane_peripherals/gen_dma.i_boundary_cfg_accel1/gen_registered.m\\.w_data_reg[0]
  i_ariane_peripherals/gen_dma.i_boundary_cfg_accel1/gen_registered.m\\.w_data_reg[10]
  i_ariane_peripherals/gen_dma.i_boundary_cfg_accel1/gen_registered.m\\.w_data_reg[11]
  i_ariane_peripherals/gen_dma.i_boundary_cfg_accel1/gen_registered.m\\.w_data_reg[12]
  i_ariane_peripherals/gen_dma.i_boundary_cfg_accel1/gen_registered.m\\.w_data_reg[13]
  i_ariane_peripherals/gen_dma.i_boundary_cfg_accel1/gen_registered.m\\.w_data_reg[14]
  i_ariane_peripherals/gen_dma.i_boundary_cfg_accel1/gen_registered.m\\.w_data_reg[15]
  i_ariane_peripherals/gen_dma.i_boundary_cfg_accel1/gen_registered.m\\.w_data_reg[16]
  i_ariane_peripherals/gen_dma.i_boundary_cfg_accel1/gen_registered.m\\.w_data_reg[17]
  i_ariane_peripherals/gen_dma.i_boundary_cfg_accel1/gen_registered.m\\.w_data_reg[18]
  i_ariane_peripherals/gen_dma.i_boundary_cfg_accel1/gen_registered.m\\.w_data_reg[19]
  i_ariane_peripherals/gen_dma.i_boundary_cfg_accel1/gen_registered.m\\.w_data_reg[1]
  i_ariane_peripherals/gen_dma.i_boundary_cfg_accel1/gen_registered.m\\.w_data_reg[20]
  i_ariane_peripherals/gen_dma.i_boundary_cfg_accel1/gen_registered.m\\.w_data_reg[21]
  i_ariane_peripherals/gen_dma.i_boundary_cfg_accel1/gen_registered.m\\.w_data_reg[22]
  i_ariane_peripherals/gen_dma.i_boundary_cfg_accel1/gen_registered.m\\.w_data_reg[23]
  i_ariane_peripherals/gen_dma.i_boundary_cfg_accel1/gen_registered.m\\.w_data_reg[24]
  i_ariane_peripherals/gen_dma.i_boundary_cfg_accel1/gen_registered.m\\.w_data_reg[25]
  i_ariane_peripherals/gen_dma.i_boundary_cfg_accel1/gen_registered.m\\.w_data_reg[26]
  i_ariane_peripherals/gen_dma.i_boundary_cfg_accel1/gen_registered.m\\.w_data_reg[27]
  i_ariane_peripherals/gen_dma.i_boundary_cfg_accel1/gen_registered.m\\.w_data_reg[28]
  i_ariane_peripherals/gen_dma.i_boundary_cfg_accel1/gen_registered.m\\.w_data_reg[29]
  i_ariane_peripherals/gen_dma.i_boundary_cfg_accel1/gen_registered.m\\.w_data_reg[2]
  i_ariane_peripherals/gen_dma.i_boundary_cfg_accel1/gen_registered.m\\.w_data_reg[30]
  i_ariane_peripherals/gen_dma.i_boundary_cfg_accel1/gen_registered.m\\.w_data_reg[31]
  i_ariane_peripherals/gen_dma.i_boundary_cfg_accel1/gen_registered.m\\.w_data_reg[32]
  i_ariane_peripherals/gen_dma.i_boundary_cfg_accel1/gen_registered.m\\.w_data_reg[33]
  i_ariane_peripherals/gen_dma.i_boundary_cfg_accel1/gen_registered.m\\.w_data_reg[34]
  i_ariane_peripherals/gen_dma.i_boundary_cfg_accel1/gen_registered.m\\.w_data_reg[35]
  i_ariane_peripherals/gen_dma.i_boundary_cfg_accel1/gen_registered.m\\.w_data_reg[36]
  i_ariane_peripherals/gen_dma.i_boundary_cfg_accel1/gen_registered.m\\.w_data_reg[37]
  i_ariane_peripherals/gen_dma.i_boundary_cfg_accel1/gen_registered.m\\.w_data_reg[38]
  i_ariane_peripherals/gen_dma.i_boundary_cfg_accel1/gen_registered.m\\.w_data_reg[39]
  i_ariane_peripherals/gen_dma.i_boundary_cfg_accel1/gen_registered.m\\.w_data_reg[3]
  i_ariane_peripherals/gen_dma.i_boundary_cfg_accel1/gen_registered.m\\.w_data_reg[40]
  i_ariane_peripherals/gen_dma.i_boundary_cfg_accel1/gen_registered.m\\.w_data_reg[41]
  i_ariane_peripherals/gen_dma.i_boundary_cfg_accel1/gen_registered.m\\.w_data_reg[42]
  i_ariane_peripherals/gen_dma.i_boundary_cfg_accel1/gen_registered.m\\.w_data_reg[43]
  i_ariane_peripherals/gen_dma.i_boundary_cfg_accel1/gen_registered.m\\.w_data_reg[44]
  i_ariane_peripherals/gen_dma.i_boundary_cfg_accel1/gen_registered.m\\.w_data_reg[45]
  i_ariane_peripherals/gen_dma.i_boundary_cfg_accel1/gen_registered.m\\.w_data_reg[46]
  i_ariane_peripherals/gen_dma.i_boundary_cfg_accel1/gen_registered.m\\.w_data_reg[47]
  i_ariane_peripherals/gen_dma.i_boundary_cfg_accel1/gen_registered.m\\.w_data_reg[48]
  i_ariane_peripherals/gen_dma.i_boundary_cfg_accel1/gen_registered.m\\.w_data_reg[49]
  i_ariane_peripherals/gen_dma.i_boundary_cfg_accel1/gen_registered.m\\.w_data_reg[4]
  i_ariane_peripherals/gen_dma.i_boundary_cfg_accel1/gen_registered.m\\.w_data_reg[50]
  i_ariane_peripherals/gen_dma.i_boundary_cfg_accel1/gen_registered.m\\.w_data_reg[51]
  i_ariane_peripherals/gen_dma.i_boundary_cfg_accel1/gen_registered.m\\.w_data_reg[52]
  i_ariane_peripherals/gen_dma.i_boundary_cfg_accel1/gen_registered.m\\.w_data_reg[53]
  i_ariane_peripherals/gen_dma.i_boundary_cfg_accel1/gen_registered.m\\.w_data_reg[54]
  i_ariane_peripherals/gen_dma.i_boundary_cfg_accel1/gen_registered.m\\.w_data_reg[55]
  i_ariane_peripherals/gen_dma.i_boundary_cfg_accel1/gen_registered.m\\.w_data_reg[56]
  i_ariane_peripherals/gen_dma.i_boundary_cfg_accel1/gen_registered.m\\.w_data_reg[57]
  i_ariane_peripherals/gen_dma.i_boundary_cfg_accel1/gen_registered.m\\.w_data_reg[58]
  i_ariane_peripherals/gen_dma.i_boundary_cfg_accel1/gen_registered.m\\.w_data_reg[59]
  i_ariane_peripherals/gen_dma.i_boundary_cfg_accel1/gen_registered.m\\.w_data_reg[5]
  i_ariane_peripherals/gen_dma.i_boundary_cfg_accel1/gen_registered.m\\.w_data_reg[60]
  i_ariane_peripherals/gen_dma.i_boundary_cfg_accel1/gen_registered.m\\.w_data_reg[61]
  i_ariane_peripherals/gen_dma.i_boundary_cfg_accel1/gen_registered.m\\.w_data_reg[62]
  i_ariane_peripherals/gen_dma.i_boundary_cfg_accel1/gen_registered.m\\.w_data_reg[63]
  i_ariane_peripherals/gen_dma.i_boundary_cfg_accel1/gen_registered.m\\.w_data_reg[6]
  i_ariane_peripherals/gen_dma.i_boundary_cfg_accel1/gen_registered.m\\.w_data_reg[7]
  i_ariane_peripherals/gen_dma.i_boundary_cfg_accel1/gen_registered.m\\.w_data_reg[8]
  i_ariane_peripherals/gen_dma.i_boundary_cfg_accel1/gen_registered.m\\.w_data_reg[9]
  i_ariane_peripherals/gen_dma.i_boundary_cfg_accel1/gen_registered.m\\.w_last_reg
  i_ariane_peripherals/gen_dma.i_boundary_cfg_accel1/gen_registered.m\\.w_strb_reg[0]
  i_ariane_peripherals/gen_dma.i_boundary_cfg_accel1/gen_registered.m\\.w_strb_reg[1]
  i_ariane_peripherals/gen_dma.i_boundary_cfg_accel1/gen_registered.m\\.w_strb_reg[2]
  i_ariane_peripherals/gen_dma.i_boundary_cfg_accel1/gen_registered.m\\.w_strb_reg[3]
  i_ariane_peripherals/gen_dma.i_boundary_cfg_accel1/gen_registered.m\\.w_strb_reg[4]
  i_ariane_peripherals/gen_dma.i_boundary_cfg_accel1/gen_registered.m\\.w_strb_reg[5]
  i_ariane_peripherals/gen_dma.i_boundary_cfg_accel1/gen_registered.m\\.w_strb_reg[6]
  i_ariane_peripherals/gen_dma.i_boundary_cfg_accel1/gen_registered.m\\.w_strb_reg[7]
  i_ariane_peripherals/gen_dma.i_boundary_cfg_accel1/gen_registered.m\\.w_user_reg[0]
  i_ariane_peripherals/gen_dma.i_boundary_cfg_accel1/gen_registered.m\\.w_valid_reg
  i_ariane_peripherals/gen_dma.i_boundary_cfg_accel1/gen_registered.s\\.b_id_reg[0]
  i_ariane_peripherals/gen_dma.i_boundary_cfg_accel1/gen_registered.s\\.b_id_reg[1]
  i_ariane_peripherals/gen_dma.i_boundary_cfg_accel1/gen_registered.s\\.b_id_reg[2]
  i_ariane_peripherals/gen_dma.i_boundary_cfg_accel1/gen_registered.s\\.b_id_reg[3]
  i_ariane_peripherals/gen_dma.i_boundary_cfg_accel1/gen_registered.s\\.b_id_reg[4]
  i_ariane_peripherals/gen_dma.i_boundary_cfg_accel1/gen_registered.s\\.b_id_reg[5]
  i_ariane_peripherals/gen_dma.i_boundary_cfg_accel1/gen_registered.s\\.b_resp_reg[0]
  i_ariane_peripherals/gen_dma.i_boundary_cfg_accel1/gen_registered.s\\.b_resp_reg[1]
  i_ariane_peripherals/gen_dma.i_boundary_cfg_accel1/gen_registered.s\\.b_valid_i_1
  i_ariane_peripherals/gen_dma.i_boundary_cfg_accel1/gen_registered.s\\.b_valid_reg
  i_ariane_peripherals/gen_dma.i_boundary_cfg_accel1/gen_registered.s\\.r_data_reg[0]
  i_ariane_peripherals/gen_dma.i_boundary_cfg_accel1/gen_registered.s\\.r_data_reg[10]
  i_ariane_peripherals/gen_dma.i_boundary_cfg_accel1/gen_registered.s\\.r_data_reg[11]
  i_ariane_peripherals/gen_dma.i_boundary_cfg_accel1/gen_registered.s\\.r_data_reg[12]
  i_ariane_peripherals/gen_dma.i_boundary_cfg_accel1/gen_registered.s\\.r_data_reg[13]
  i_ariane_peripherals/gen_dma.i_boundary_cfg_accel1/gen_registered.s\\.r_data_reg[14]
  i_ariane_peripherals/gen_dma.i_boundary_cfg_accel1/gen_registered.s\\.r_data_reg[15]
  i_ariane_peripherals/gen_dma.i_boundary_cfg_accel1/gen_registered.s\\.r_data_reg[16]
  i_ariane_peripherals/gen_dma.i_boundary_cfg_accel1/gen_registered.s\\.r_data_reg[17]
  i_ariane_peripherals/gen_dma.i_boundary_cfg_accel1/gen_registered.s\\.r_data_reg[18]
  i_ariane_peripherals/gen_dma.i_boundary_cfg_accel1/gen_registered.s\\.r_data_reg[19]
  i_ariane_peripherals/gen_dma.i_boundary_cfg_accel1/gen_registered.s\\.r_data_reg[1]
  i_ariane_peripherals/gen_dma.i_boundary_cfg_accel1/gen_registered.s\\.r_data_reg[20]
  i_ariane_peripherals/gen_dma.i_boundary_cfg_accel1/gen_registered.s\\.r_data_reg[21]
  i_ariane_peripherals/gen_dma.i_boundary_cfg_accel1/gen_registered.s\\.r_data_reg[22]
  i_ariane_peripherals/gen_dma.i_boundary_cfg_accel1/gen_registered.s\\.r_data_reg[23]
  i_ariane_peripherals/gen_dma.i_boundary_cfg_accel1/gen_registered.s\\.r_data_reg[24]
  i_ariane_peripherals/gen_dma.i_boundary_cfg_accel1/gen_registered.s\\.r_data_reg[25]
  i_ariane_peripherals/gen_dma.i_boundary_cfg_accel1/gen_registered.s\\.r_data_reg[26]
  i_ariane_peripherals/gen_dma.i_boundary_cfg_accel1/gen_registered.s\\.r_data_reg[27]
  i_ariane_peripherals/gen_dma.i_boundary_cfg_accel1/gen_registered.s\\.r_data_reg[28]
  i_ariane_peripherals/gen_dma.i_boundary_cfg_accel1/gen_registered.s\\.r_data_reg[29]
  i_ariane_peripherals/gen_dma.i_boundary_cfg_accel1/gen_registered.s\\.r_data_reg[2]
  i_ariane_peripherals/gen_dma.i_boundary_cfg_accel1/gen_registered.s\\.r_data_reg[30]
  i_ariane_peripherals/gen_dma.i_boundary_cfg_accel1/gen_registered.s\\.r_data_reg[31]
  i_ariane_peripherals/gen_dma.i_boundary_cfg_accel1/gen_registered.s\\.r_data_reg[32]
  i_ariane_peripherals/gen_dma.i_boundary_cfg_accel1/gen_registered.s\\.r_data_reg[33]
  i_ariane_peripherals/gen_dma.i_boundary_cfg_accel1/gen_registered.s\\.r_data_reg[34]
  i_ariane_peripherals/gen_dma.i_boundary_cfg_accel1/gen_registered.s\\.r_data_reg[35]
  i_ariane_peripherals/gen_dma.i_boundary_cfg_accel1/gen_registered.s\\.r_data_reg[36]
  i_ariane_peripherals/gen_dma.i_boundary_cfg_accel1/gen_registered.s\\.r_data_reg[37]
  i_ariane_peripherals/gen_dma.i_boundary_cfg_accel1/gen_registered.s\\.r_data_reg[38]
  i_ariane_peripherals/gen_dma.i_boundary_cfg_accel1/gen_registered.s\\.r_data_reg[39]
  i_ariane_peripherals/gen_dma.i_boundary_cfg_accel1/gen_registered.s\\.r_data_reg[3]
  i_ariane_peripherals/gen_dma.i_boundary_cfg_accel1/gen_registered.s\\.r_data_reg[40]
  i_ariane_peripherals/gen_dma.i_boundary_cfg_accel1/gen_registered.s\\.r_data_reg[41]
  i_ariane_peripherals/gen_dma.i_boundary_cfg_accel1/gen_registered.s\\.r_data_reg[42]
  i_ariane_peripherals/gen_dma.i_boundary_cfg_accel1/gen_registered.s\\.r_data_reg[43]
  i_ariane_peripherals/gen_dma.i_boundary_cfg_accel1/gen_registered.s\\.r_data_reg[44]
  i_ariane_peripherals/gen_dma.i_boundary_cfg_accel1/gen_registered.s\\.r_data_reg[45]
  i_ariane_peripherals/gen_dma.i_boundary_cfg_accel1/gen_registered.s\\.r_data_reg[46]
  i_ariane_peripherals/gen_dma.i_boundary_cfg_accel1/gen_registered.s\\.r_data_reg[47]
  i_ariane_peripherals/gen_dma.i_boundary_cfg_accel1/gen_registered.s\\.r_data_reg[48]
  i_ariane_peripherals/gen_dma.i_boundary_cfg_accel1/gen_registered.s\\.r_data_reg[49]
  i_ariane_peripherals/gen_dma.i_boundary_cfg_accel1/gen_registered.s\\.r_data_reg[4]
  i_ariane_peripherals/gen_dma.i_boundary_cfg_accel1/gen_registered.s\\.r_data_reg[50]
  i_ariane_peripherals/gen_dma.i_boundary_cfg_accel1/gen_registered.s\\.r_data_reg[51]
  i_ariane_peripherals/gen_dma.i_boundary_cfg_accel1/gen_registered.s\\.r_data_reg[52]
  i_ariane_peripherals/gen_dma.i_boundary_cfg_accel1/gen_registered.s\\.r_data_reg[53]
  i_ariane_peripherals/gen_dma.i_boundary_cfg_accel1/gen_registered.s\\.r_data_reg[54]
  i_ariane_peripherals/gen_dma.i_boundary_cfg_accel1/gen_registered.s\\.r_data_reg[55]
  i_ariane_peripherals/gen_dma.i_boundary_cfg_accel1/gen_registered.s\\.r_data_reg[56]
  i_ariane_peripherals/gen_dma.i_boundary_cfg_accel1/gen_registered.s\\.r_data_reg[57]
  i_ariane_peripherals/gen_dma.i_boundary_cfg_accel1/gen_registered.s\\.r_data_reg[58]
  i_ariane_peripherals/gen_dma.i_boundary_cfg_accel1/gen_registered.s\\.r_data_reg[59]
  i_ariane_peripherals/gen_dma.i_boundary_cfg_accel1/gen_registered.s\\.r_data_reg[5]
  i_ariane_peripherals/gen_dma.i_boundary_cfg_accel1/gen_registered.s\\.r_data_reg[60]
  i_ariane_peripherals/gen_dma.i_boundary_cfg_accel1/gen_registered.s\\.r_data_reg[61]
  i_ariane_peripherals/gen_dma.i_boundary_cfg_accel1/gen_registered.s\\.r_data_reg[62]
  i_ariane_peripherals/gen_dma.i_boundary_cfg_accel1/gen_registered.s\\.r_data_reg[63]
  i_ariane_peripherals/gen_dma.i_boundary_cfg_accel1/gen_registered.s\\.r_data_reg[6]
  i_ariane_peripherals/gen_dma.i_boundary_cfg_accel1/gen_registered.s\\.r_data_reg[7]
  i_ariane_peripherals/gen_dma.i_boundary_cfg_accel1/gen_registered.s\\.r_data_reg[8]
  i_ariane_peripherals/gen_dma.i_boundary_cfg_accel1/gen_registered.s\\.r_data_reg[9]
  i_ariane_peripherals/gen_dma.i_boundary_cfg_accel1/gen_registered.s\\.r_id_reg[0]
  i_ariane_peripherals/gen_dma.i_boundary_cfg_accel1/gen_registered.s\\.r_id_reg[1]
  i_ariane_peripherals/gen_dma.i_boundary_cfg_accel1/gen_registered.s\\.r_id_reg[2]
  i_ariane_peripherals/gen_dma.i_boundary_cfg_accel1/gen_registered.s\\.r_id_reg[3]
  i_ariane_peripherals/gen_dma.i_boundary_cfg_accel1/gen_registered.s\\.r_id_reg[4]
  i_ariane_peripherals/gen_dma.i_boundary_cfg_accel1/gen_registered.s\\.r_id_reg[5]
  i_ariane_peripherals/gen_dma.i_boundary_cfg_accel1/gen_registered.s\\.r_last_reg
  i_ariane_peripherals/gen_dma.i_boundary_cfg_accel1/gen_registered.s\\.r_resp_reg[0]
  i_ariane_peripherals/gen_dma.i_boundary_cfg_accel1/gen_registered.s\\.r_resp_reg[1]
  i_ariane_peripherals/gen_dma.i_boundary_cfg_accel1/gen_registered.s\\.r_user_reg[0]
  i_ariane_peripherals/gen_dma.i_boundary_cfg_accel1/gen_registered.s\\.r_valid_reg
  i_ariane_peripherals/gen_dma.i_boundary_cfg_accel1/s\\.ar_ready_INST_0
  i_ariane_peripherals/gen_dma.i_boundary_cfg_accel1/s\\.aw_ready_INST_0
  i_ariane_peripherals/gen_dma.i_boundary_dma_accel1/GND
  i_ariane_peripherals/gen_dma.i_boundary_dma_accel1/VCC
  i_ariane_peripherals/gen_dma.i_boundary_dma_accel1/gen_registered.m\\.ar_valid_i_1
  i_ariane_peripherals/gen_dma.i_boundary_dma_accel1/gen_registered.m\\.ar_valid_reg
  i_ariane_peripherals/gen_dma.i_boundary_dma_accel1/gen_registered.m\\.aw_valid_i_1
  i_ariane_peripherals/gen_dma.i_boundary_dma_accel1/gen_registered.m\\.aw_valid_reg
  i_ariane_peripherals/gen_dma.i_boundary_dma_accel1/gen_registered.m\\.w_valid_i_1
  i_ariane_peripherals/gen_dma.i_boundary_dma_accel1/gen_registered.m\\.w_valid_reg
  i_ariane_peripherals/gen_dma.i_boundary_dma_accel1/gen_registered.s\\.b_id_reg[0]
  i_ariane_peripherals/gen_dma.i_boundary_dma_accel1/gen_registered.s\\.b_id_reg[2]
  i_ariane_peripherals/gen_dma.i_boundary_dma_accel1/gen_registered.s\\.b_resp_reg[0]
  i_ariane_peripherals/gen_dma.i_boundary_dma_accel1/gen_registered.s\\.b_resp_reg[1]
  i_ariane_peripherals/gen_dma.i_boundary_dma_accel1/gen_registered.s\\.b_user_reg[0]
  i_ariane_peripherals/gen_dma.i_boundary_dma_accel1/gen_registered.s\\.r_data_reg[0]
  i_ariane_peripherals/gen_dma.i_boundary_dma_accel1/gen_registered.s\\.r_data_reg[10]
  i_ariane_peripherals/gen_dma.i_boundary_dma_accel1/gen_registered.s\\.r_data_reg[11]
  i_ariane_peripherals/gen_dma.i_boundary_dma_accel1/gen_registered.s\\.r_data_reg[12]
  i_ariane_peripherals/gen_dma.i_boundary_dma_accel1/gen_registered.s\\.r_data_reg[13]
  i_ariane_peripherals/gen_dma.i_boundary_dma_accel1/gen_registered.s\\.r_data_reg[14]
  i_ariane_peripherals/gen_dma.i_boundary_dma_accel1/gen_registered.s\\.r_data_reg[15]
  i_ariane_peripherals/gen_dma.i_boundary_dma_accel1/gen_registered.s\\.r_data_reg[16]
  i_ariane_peripherals/gen_dma.i_boundary_dma_accel1/gen_registered.s\\.r_data_reg[17]
  i_ariane_peripherals/gen_dma.i_boundary_dma_accel1/gen_registered.s\\.r_data_reg[18]
  i_ariane_peripherals/gen_dma.i_boundary_dma_accel1/gen_registered.s\\.r_data_reg[19]
  i_ariane_peripherals/gen_dma.i_boundary_dma_accel1/gen_registered.s\\.r_data_reg[1]
  i_ariane_peripherals/gen_dma.i_boundary_dma_accel1/gen_registered.s\\.r_data_reg[20]
  i_ariane_peripherals/gen_dma.i_boundary_dma_accel1/gen_registered.s\\.r_data_reg[21]
  i_ariane_peripherals/gen_dma.i_boundary_dma_accel1/gen_registered.s\\.r_data_reg[22]
  i_ariane_peripherals/gen_dma.i_boundary_dma_accel1/gen_registered.s\\.r_data_reg[23]
  i_ariane_peripherals/gen_dma.i_boundary_dma_accel1/gen_registered.s\\.r_data_reg[24]
  i_ariane_peripherals/gen_dma.i_boundary_dma_accel1/gen_registered.s\\.r_data_reg[25]
  i_ariane_peripherals/gen_dma.i_boundary_dma_accel1/gen_registered.s\\.r_data_reg[26]
  i_ariane_peripherals/gen_dma.i_boundary_dma_accel1/gen_registered.s\\.r_data_reg[27]
  i_ariane_peripherals/gen_dma.i_boundary_dma_accel1/gen_registered.s\\.r_data_reg[28]
  i_ariane_peripherals/gen_dma.i_boundary_dma_accel1/gen_registered.s\\.r_data_reg[29]
  i_ariane_peripherals/gen_dma.i_boundary_dma_accel1/gen_registered.s\\.r_data_reg[2]
  i_ariane_peripherals/gen_dma.i_boundary_dma_accel1/gen_registered.s\\.r_data_reg[30]
  i_ariane_peripherals/gen_dma.i_boundary_dma_accel1/gen_registered.s\\.r_data_reg[31]
  i_ariane_peripherals/gen_dma.i_boundary_dma_accel1/gen_registered.s\\.r_data_reg[32]
  i_ariane_peripherals/gen_dma.i_boundary_dma_accel1/gen_registered.s\\.r_data_reg[33]
  i_ariane_peripherals/gen_dma.i_boundary_dma_accel1/gen_registered.s\\.r_data_reg[34]
  i_ariane_peripherals/gen_dma.i_boundary_dma_accel1/gen_registered.s\\.r_data_reg[35]
  i_ariane_peripherals/gen_dma.i_boundary_dma_accel1/gen_registered.s\\.r_data_reg[36]
  i_ariane_peripherals/gen_dma.i_boundary_dma_accel1/gen_registered.s\\.r_data_reg[37]
  i_ariane_peripherals/gen_dma.i_boundary_dma_accel1/gen_registered.s\\.r_data_reg[38]
  i_ariane_peripherals/gen_dma.i_boundary_dma_accel1/gen_registered.s\\.r_data_reg[39]
  i_ariane_peripherals/gen_dma.i_boundary_dma_accel1/gen_registered.s\\.r_data_reg[3]
  i_ariane_peripherals/gen_dma.i_boundary_dma_accel1/gen_registered.s\\.r_data_reg[40]
  i_ariane_peripherals/gen_dma.i_boundary_dma_accel1/gen_registered.s\\.r_data_reg[41]
  i_ariane_peripherals/gen_dma.i_boundary_dma_accel1/gen_registered.s\\.r_data_reg[42]
  i_ariane_peripherals/gen_dma.i_boundary_dma_accel1/gen_registered.s\\.r_data_reg[43]
  i_ariane_peripherals/gen_dma.i_boundary_dma_accel1/gen_registered.s\\.r_data_reg[44]
  i_ariane_peripherals/gen_dma.i_boundary_dma_accel1/gen_registered.s\\.r_data_reg[45]
  i_ariane_peripherals/gen_dma.i_boundary_dma_accel1/gen_registered.s\\.r_data_reg[46]
  i_ariane_peripherals/gen_dma.i_boundary_dma_accel1/gen_registered.s\\.r_data_reg[47]
  i_ariane_peripherals/gen_dma.i_boundary_dma_accel1/gen_registered.s\\.r_data_reg[48]
  i_ariane_peripherals/gen_dma.i_boundary_dma_accel1/gen_registered.s\\.r_data_reg[49]
  i_ariane_peripherals/gen_dma.i_boundary_dma_accel1/gen_registered.s\\.r_data_reg[4]
  i_ariane_peripherals/gen_dma.i_boundary_dma_accel1/gen_registered.s\\.r_data_reg[50]
  i_ariane_peripherals/gen_dma.i_boundary_dma_accel1/gen_registered.s\\.r_data_reg[51]
  i_ariane_peripherals/gen_dma.i_boundary_dma_accel1/gen_registered.s\\.r_data_reg[52]
  i_ariane_peripherals/gen_dma.i_boundary_dma_accel1/gen_registered.s\\.r_data_reg[53]
  i_ariane_peripherals/gen_dma.i_boundary_dma_accel1/gen_registered.s\\.r_data_reg[54]
  i_ariane_peripherals/gen_dma.i_boundary_dma_accel1/gen_registered.s\\.r_data_reg[55]
  i_ariane_peripherals/gen_dma.i_boundary_dma_accel1/gen_registered.s\\.r_data_reg[56]
  i_ariane_peripherals/gen_dma.i_boundary_dma_accel1/gen_registered.s\\.r_data_reg[57]
  i_ariane_peripherals/gen_dma.i_boundary_dma_accel1/gen_registered.s\\.r_data_reg[58]
  i_ariane_peripherals/gen_dma.i_boundary_dma_accel1/gen_registered.s\\.r_data_reg[59]
  i_ariane_peripherals/gen_dma.i_boundary_dma_accel1/gen_registered.s\\.r_data_reg[5]
  i_ariane_peripherals/gen_dma.i_boundary_dma_accel1/gen_registered.s\\.r_data_reg[60]
  i_ariane_peripherals/gen_dma.i_boundary_dma_accel1/gen_registered.s\\.r_data_reg[61]
  i_ariane_peripherals/gen_dma.i_boundary_dma_accel1/gen_registered.s\\.r_data_reg[62]
  i_ariane_peripherals/gen_dma.i_boundary_dma_accel1/gen_registered.s\\.r_data_reg[63]
  i_ariane_peripherals/gen_dma.i_boundary_dma_accel1/gen_registered.s\\.r_data_reg[6]
  i_ariane_peripherals/gen_dma.i_boundary_dma_accel1/gen_registered.s\\.r_data_reg[7]
  i_ariane_peripherals/gen_dma.i_boundary_dma_accel1/gen_registered.s\\.r_data_reg[8]
  i_ariane_peripherals/gen_dma.i_boundary_dma_accel1/gen_registered.s\\.r_data_reg[9]
  i_ariane_peripherals/gen_dma.i_boundary_dma_accel1/gen_registered.s\\.r_id[2]_i_1
  i_ariane_peripherals/gen_dma.i_boundary_dma_accel1/gen_registered.s\\.r_id_reg[0]
  i_ariane_peripherals/gen_dma.i_boundary_dma_accel1/gen_registered.s\\.r_id_reg[1]
  i_ariane_peripherals/gen_dma.i_boundary_dma_accel1/gen_registered.s\\.r_id_reg[2]
  i_ariane_peripherals/gen_dma.i_boundary_dma_accel1/gen_registered.s\\.r_last_reg
  i_ariane_peripherals/gen_dma.i_boundary_dma_accel1/gen_registered.s\\.r_resp_reg[0]
  i_ariane_peripherals/gen_dma.i_boundary_dma_accel1/gen_registered.s\\.r_resp_reg[1]
  i_ariane_peripherals/gen_dma.i_boundary_dma_accel1/gen_registered.s\\.r_user_reg[0]
  i_ariane_peripherals/gen_dma.i_boundary_dma_accel1/gen_registered.s\\.r_valid_i_1
  i_ariane_peripherals/gen_dma.i_boundary_dma_accel1/gen_registered.s\\.r_valid_i_2
  i_ariane_peripherals/gen_dma.i_boundary_dma_accel1/gen_registered.s\\.r_valid_reg
  i_ariane_peripherals/gen_dma.i_boundary_dma_accel1/m\\.r_ready_INST_0
  i_ariane_peripherals/gen_dma.i_boundary_dma_accel1/s\\.ar_ready_INST_0
  i_ariane_peripherals/gen_dma.i_boundary_dma_accel1/s\\.aw_ready_INST_0
  i_ariane_peripherals/gen_dma.i_boundary_dma_accel1/s\\.w_ready_INST_0
# puts "==> Vérification des cellules reconfigurables..."
==> Vérification des cellules reconfigurables...
# set cell_accel1 [get_cells i_ariane_peripherals/gen_dma.i_accel1]
# set cell_accel2 [get_cells i_ariane_peripherals/gen_dma.gen_accel2.i_accel2]
# if {[llength $cell_accel1] == 0} { puts "ERROR: i_accel1 non trouvé"; exit 1 }
# if {[llength $cell_accel2] == 0} { puts "ERROR: i_accel2 non trouvé"; exit 1 }
# puts "==> Création des pblocks DFX en mémoire..."
==> Création des pblocks DFX en mémoire...
# create_pblock pblock_accel1
# resize_pblock [get_pblocks pblock_accel1] -add {SLICE_X0Y250:SLICE_X71Y299}
# resize_pblock [get_pblocks pblock_accel1] -add {DSP48_X0Y60:DSP48_X1Y64}
WARNING: [Vivado 12-4775] These ranges will be aligned to a tile boundary: DSP48_X0Y60:DSP48_X1Y64
# resize_pblock [get_pblocks pblock_accel1] -add {RAMB36_X0Y25:RAMB36_X1Y29}
# resize_pblock [get_pblocks pblock_accel1] -add {RAMB18_X0Y50:RAMB18_X1Y59}
# set_property CONTAIN_ROUTING  true  [get_pblocks pblock_accel1]
# set_property EXCLUDE_PLACEMENT true [get_pblocks pblock_accel1]
# set_property IS_SOFT          false [get_pblocks pblock_accel1]
# set_property SNAPPING_MODE    ON    [get_pblocks pblock_accel1]
# create_pblock pblock_accel2
# resize_pblock [get_pblocks pblock_accel2] -add {SLICE_X72Y250:SLICE_X145Y299}
# resize_pblock [get_pblocks pblock_accel2] -add {DSP48_X2Y60:DSP48_X5Y64}
WARNING: [Vivado 12-4775] These ranges will be aligned to a tile boundary: DSP48_X2Y60:DSP48_X5Y64
# resize_pblock [get_pblocks pblock_accel2] -add {RAMB36_X2Y25:RAMB36_X4Y29}
# resize_pblock [get_pblocks pblock_accel2] -add {RAMB18_X2Y50:RAMB18_X4Y59}
# set_property CONTAIN_ROUTING  true  [get_pblocks pblock_accel2]
# set_property EXCLUDE_PLACEMENT true [get_pblocks pblock_accel2]
# set_property IS_SOFT          false [get_pblocks pblock_accel2]
# set_property SNAPPING_MODE    ON    [get_pblocks pblock_accel2]
# set_property HD.RECONFIGURABLE true [get_cells i_ariane_peripherals/gen_dma.i_accel1]
# set_property HD.RECONFIGURABLE true [get_cells i_ariane_peripherals/gen_dma.gen_accel2.i_accel2]
# add_cells_to_pblock [get_pblocks pblock_accel1] \
#     [get_cells i_ariane_peripherals/gen_dma.i_accel1]
# add_cells_to_pblock [get_pblocks pblock_accel2] \
#     [get_cells i_ariane_peripherals/gen_dma.gen_accel2.i_accel2]
# puts "  -> pblocks actifs en mémoire :"
  -> pblocks actifs en mémoire :
# foreach pb [get_pblocks] {
#     puts "     $pb -> [get_property GRID_RANGES $pb]"
# }
     pblock_accel1 -> RAMB36_X0Y25:RAMB36_X1Y29 RAMB18_X0Y50:RAMB18_X1Y59 DSP48_X0Y60:DSP48_X1Y65 SLICE_X0Y250:SLICE_X71Y299
     pblock_accel2 -> RAMB36_X2Y25:RAMB36_X4Y29 RAMB18_X2Y50:RAMB18_X4Y59 DSP48_X2Y60:DSP48_X5Y65 SLICE_X72Y250:SLICE_X145Y299
# puts "==> Export du XDC DFX pour run_partial..."
==> Export du XDC DFX pour run_partial...
# file mkdir $dpr_dir/constraints
# set xdc_out [open $dpr_dir/constraints/pblock_accels_impl.xdc w]
# puts $xdc_out "# Pblocks DPR generes par run_static.tcl"
# puts $xdc_out "# pblock_accel1 : moitie gauche clock region Y5"
# puts $xdc_out "create_pblock pblock_accel1"
# puts $xdc_out "resize_pblock \[get_pblocks pblock_accel1\] -add {SLICE_X0Y250:SLICE_X71Y299}"
# puts $xdc_out "resize_pblock \[get_pblocks pblock_accel1\] -add {DSP48_X0Y60:DSP48_X1Y64}"
# puts $xdc_out "resize_pblock \[get_pblocks pblock_accel1\] -add {RAMB36_X0Y25:RAMB36_X1Y29}"
# puts $xdc_out "resize_pblock \[get_pblocks pblock_accel1\] -add {RAMB18_X0Y50:RAMB18_X1Y59}"
# puts $xdc_out "set_property CONTAIN_ROUTING  true  \[get_pblocks pblock_accel1\]"
# puts $xdc_out "set_property EXCLUDE_PLACEMENT true \[get_pblocks pblock_accel1\]"
# puts $xdc_out "set_property IS_SOFT          false \[get_pblocks pblock_accel1\]"
# puts $xdc_out "set_property SNAPPING_MODE    ON    \[get_pblocks pblock_accel1\]"
# puts $xdc_out "# pblock_accel2 : moitie droite clock region Y5"
# puts $xdc_out "create_pblock pblock_accel2"
# puts $xdc_out "resize_pblock \[get_pblocks pblock_accel2\] -add {SLICE_X72Y250:SLICE_X145Y299}"
# puts $xdc_out "resize_pblock \[get_pblocks pblock_accel2\] -add {DSP48_X2Y60:DSP48_X5Y64}"
# puts $xdc_out "resize_pblock \[get_pblocks pblock_accel2\] -add {RAMB36_X2Y25:RAMB36_X4Y29}"
# puts $xdc_out "resize_pblock \[get_pblocks pblock_accel2\] -add {RAMB18_X2Y50:RAMB18_X4Y59}"
# puts $xdc_out "set_property CONTAIN_ROUTING  true  \[get_pblocks pblock_accel2\]"
# puts $xdc_out "set_property EXCLUDE_PLACEMENT true \[get_pblocks pblock_accel2\]"
# puts $xdc_out "set_property IS_SOFT          false \[get_pblocks pblock_accel2\]"
# puts $xdc_out "set_property SNAPPING_MODE    ON    \[get_pblocks pblock_accel2\]"
# puts $xdc_out "set_property HD.RECONFIGURABLE true \[get_cells i_ariane_peripherals/gen_dma.i_accel1\]"
# puts $xdc_out "set_property HD.RECONFIGURABLE true \[get_cells i_ariane_peripherals/gen_dma.gen_accel2.i_accel2\]"
# puts $xdc_out "add_cells_to_pblock \[get_pblocks pblock_accel1\] \[get_cells i_ariane_peripherals/gen_dma.i_accel1\]"
# puts $xdc_out "add_cells_to_pblock \[get_pblocks pblock_accel2\] \[get_cells i_ariane_peripherals/gen_dma.gen_accel2.i_accel2\]"
# close $xdc_out
# puts "  -> $dpr_dir/constraints/pblock_accels_impl.xdc"
  -> /home/jc/tmp/riscv-iommu-demo/dpr/constraints/pblock_accels_impl.xdc
# puts "==> opt_design..."
==> opt_design...
# opt_design -directive Explore
Command: opt_design -directive Explore
INFO: [Vivado_Tcl 4-136] Directive used for opt_design is: Explore
Attempting to get a license for feature 'Implementation' and/or device 'xc7k325t'
INFO: [Common 17-349] Got license for feature 'Implementation' and/or device 'xc7k325t'
INFO: [Common 17-1540] The version limit for your license is '2025.06' and has expired for new software. A version limit expiration means that, although you may be able to continue to use the current version of tools or IP with this license, you will not be eligible for new releases.
Running DRC as a precondition to command opt_design

Starting DRC Task
INFO: [DRC 23-27] Running DRC with 8 threads
INFO: [Project 1-461] DRC finished with 0 Errors
INFO: [Project 1-462] Please refer to the DRC report (report_drc) for more information.

Time (s): cpu = 00:00:04 ; elapsed = 00:00:02 . Memory (MB): peak = 3542.270 ; gain = 64.031 ; free physical = 38418 ; free virtual = 47696

Starting Logic Optimization Task
INFO: [Timing 38-35] Done setting XDC timing constraints.

Phase 1 Retarget
INFO: [Opt 31-1287] Pulled Inverter i_ariane/gen_example_coprocessor.i_cvxif_coprocessor/x_issue_ready_o_i_1 into driver instance i_ariane/gen_example_coprocessor.i_cvxif_coprocessor/fifo_commit_i/full_o_INST_0, which resulted in an inversion of 1 pins
INFO: [Opt 31-1287] Pulled Inverter i_ariane/i_cva6/csr_regfile_i/csr_rdata_o[5]_INST_0 into driver instance i_ariane/i_cva6/csr_regfile_i/csr_rdata_o[5]_INST_0_i_1, which resulted in an inversion of 3 pins
INFO: [Opt 31-1287] Pulled Inverter i_ariane/i_cva6/csr_regfile_i/flush_o_INST_0_i_13 into driver instance i_ariane/i_cva6/commit_stage_i/exception_o[cause][63]_INST_0, which resulted in an inversion of 17 pins
INFO: [Opt 31-1287] Pulled Inverter i_ariane/i_cva6/csr_regfile_i/flush_o_INST_0_i_27 into driver instance i_ariane/i_cva6/commit_stage_i/exception_o[cause][27]_INST_0, which resulted in an inversion of 6 pins
INFO: [Opt 31-1287] Pulled Inverter i_ariane/i_cva6/csr_regfile_i/trap_vector_base_o[7]_INST_0 into driver instance i_ariane/i_cva6/csr_regfile_i/trap_vector_base_o[7]_INST_0_i_1, which resulted in an inversion of 2 pins
INFO: [Opt 31-1287] Pulled Inverter i_ariane/i_cva6/ex_stage_i/fpu_gen.fpu_i/fpu_gen.i_fpnew_bulk/gen_operation_groups[0].i_opgroup_block/gen_parallel_slices[0].active_format.i_fmt_slice/gen_num_lanes[0].active_lane.lane_instance.i_fma/gen_inside_pipeline[0].mid_pipe_add_shamt_q[1][2]_i_1 into driver instance i_ariane/i_cva6/ex_stage_i/fpu_gen.fpu_i/fpu_gen.i_fpnew_bulk/gen_operation_groups[0].i_opgroup_block/gen_parallel_slices[0].active_format.i_fmt_slice/gen_num_lanes[0].active_lane.lane_instance.i_fma/gen_inside_pipeline[0].mid_pipe_add_shamt_q[1][2]_i_2, which resulted in an inversion of 71 pins
INFO: [Opt 31-1287] Pulled Inverter i_ariane/i_cva6/ex_stage_i/fpu_gen.fpu_i/fpu_gen.i_fpnew_bulk/gen_operation_groups[0].i_opgroup_block/gen_parallel_slices[0].active_format.i_fmt_slice/gen_num_lanes[0].active_lane.lane_instance.i_fma/gen_inside_pipeline[0].mid_pipe_add_shamt_q[1][3]_i_1 into driver instance i_ariane/i_cva6/ex_stage_i/fpu_gen.fpu_i/fpu_gen.i_fpnew_bulk/gen_operation_groups[0].i_opgroup_block/gen_parallel_slices[0].active_format.i_fmt_slice/gen_num_lanes[0].active_lane.lane_instance.i_fma/gen_inside_pipeline[0].mid_pipe_add_shamt_q[1][3]_i_2, which resulted in an inversion of 77 pins
INFO: [Opt 31-1287] Pulled Inverter i_ariane/i_cva6/ex_stage_i/fpu_gen.fpu_i/fpu_gen.i_fpnew_bulk/gen_operation_groups[0].i_opgroup_block/gen_parallel_slices[0].active_format.i_fmt_slice/gen_num_lanes[0].active_lane.lane_instance.i_fma/gen_inside_pipeline[0].mid_pipe_add_shamt_q[1][6]_i_1 into driver instance i_ariane/i_cva6/ex_stage_i/fpu_gen.fpu_i/fpu_gen.i_fpnew_bulk/gen_operation_groups[0].i_opgroup_block/gen_parallel_slices[0].active_format.i_fmt_slice/gen_num_lanes[0].active_lane.lane_instance.i_fma/gen_inside_pipeline[0].mid_pipe_add_shamt_q[1][6]_i_2, which resulted in an inversion of 20 pins
INFO: [Opt 31-1287] Pulled Inverter i_ariane/i_cva6/ex_stage_i/fpu_gen.fpu_i/fpu_gen.i_fpnew_bulk/gen_operation_groups[0].i_opgroup_block/gen_parallel_slices[0].active_format.i_fmt_slice/gen_num_lanes[0].active_lane.lane_instance.i_fma/gen_inside_pipeline[0].mid_pipe_eff_sub_q[1]_i_1 into driver instance i_ariane/i_cva6/ex_stage_i/fpu_gen.fpu_i/fpu_gen.i_fpnew_bulk/gen_operation_groups[0].i_opgroup_block/gen_parallel_slices[0].active_format.i_fmt_slice/gen_num_lanes[0].active_lane.lane_instance.i_fma/gen_inside_pipeline[0].mid_pipe_eff_sub_q[1]_i_2, which resulted in an inversion of 155 pins
INFO: [Opt 31-1287] Pulled Inverter i_ariane/i_cva6/ex_stage_i/fpu_gen.fpu_i/fpu_gen.i_fpnew_bulk/gen_operation_groups[1].i_opgroup_block/gen_merged_slice.i_multifmt_slice/gen_num_lanes[0].active_lane.lane_instance.i_fpnew_divsqrt_multi/i_divsqrt_lei/nrbd_nrsc_U0/control_U0/genblk4[0].iteration_div_sqrt/D_DO[0]_INST_0 into driver instance i_ariane/i_cva6/ex_stage_i/fpu_gen.fpu_i/fpu_gen.i_fpnew_bulk/gen_operation_groups[1].i_opgroup_block/gen_merged_slice.i_multifmt_slice/gen_num_lanes[0].active_lane.lane_instance.i_fpnew_divsqrt_multi/i_divsqrt_lei/nrbd_nrsc_U0/control_U0/genblk4[0].iteration_div_sqrt_i_118, which resulted in an inversion of 3 pins
INFO: [Opt 31-1287] Pulled Inverter i_ariane/i_cva6/ex_stage_i/fpu_gen.fpu_i/fpu_gen.i_fpnew_bulk/gen_operation_groups[1].i_opgroup_block/gen_merged_slice.i_multifmt_slice/gen_num_lanes[0].active_lane.lane_instance.i_fpnew_divsqrt_multi/i_divsqrt_lei/nrbd_nrsc_U0/control_U0/genblk4[1].iteration_div_sqrt/D_DO[0]_INST_0 into driver instance i_ariane/i_cva6/ex_stage_i/fpu_gen.fpu_i/fpu_gen.i_fpnew_bulk/gen_operation_groups[1].i_opgroup_block/gen_merged_slice.i_multifmt_slice/gen_num_lanes[0].active_lane.lane_instance.i_fpnew_divsqrt_multi/i_divsqrt_lei/nrbd_nrsc_U0/control_U0/genblk4[1].iteration_div_sqrt_i_117, which resulted in an inversion of 3 pins
INFO: [Opt 31-1287] Pulled Inverter i_ariane/i_cva6/ex_stage_i/fpu_gen.fpu_i/fpu_gen.i_fpnew_bulk/gen_operation_groups[1].i_opgroup_block/gen_merged_slice.i_multifmt_slice/gen_num_lanes[0].active_lane.lane_instance.i_fpnew_divsqrt_multi/i_divsqrt_lei/nrbd_nrsc_U0/control_U0/genblk4[2].iteration_div_sqrt/D_DO[0]_INST_0 into driver instance i_ariane/i_cva6/ex_stage_i/fpu_gen.fpu_i/fpu_gen.i_fpnew_bulk/gen_operation_groups[1].i_opgroup_block/gen_merged_slice.i_multifmt_slice/gen_num_lanes[0].active_lane.lane_instance.i_fpnew_divsqrt_multi/i_divsqrt_lei/nrbd_nrsc_U0/control_U0/genblk4[2].iteration_div_sqrt_i_117, which resulted in an inversion of 3 pins
INFO: [Opt 31-1287] Pulled Inverter i_ariane/i_cva6/ex_stage_i/fpu_gen.fpu_i/fpu_gen.i_fpnew_bulk/gen_operation_groups[3].i_opgroup_block/gen_merged_slice.i_multifmt_slice/gen_num_lanes[0].active_lane.lane_instance.i_fpnew_cast_multi/i_lzc/cnt_o[5]_INST_0 into driver instance i_ariane/i_cva6/ex_stage_i/fpu_gen.fpu_i/fpu_gen.i_fpnew_bulk/gen_operation_groups[3].i_opgroup_block/gen_merged_slice.i_multifmt_slice/gen_num_lanes[0].active_lane.lane_instance.i_fpnew_cast_multi/i_lzc/cnt_o[5]_INST_0_i_1, which resulted in an inversion of 6 pins
INFO: [Opt 31-1287] Pulled Inverter i_ariane/i_cva6/ex_stage_i/fpu_gen.fpu_i/fpu_gen.i_fpnew_bulk/i_arbiter/gen_arbiter.gen_int_rr.gen_fair_arb.i_lzc_upper/cnt_o[1]_INST_0 into driver instance i_ariane/i_cva6/ex_stage_i/fpu_gen.fpu_i/fpu_gen.i_fpnew_bulk/i_arbiter/gen_arbiter.gen_int_rr.gen_fair_arb.i_lzc_upper_i_3, which resulted in an inversion of 3 pins
INFO: [Opt 31-1287] Pulled Inverter i_ariane/i_cva6/ex_stage_i/i_mult/i_div/div_res_zero_q_i_3 into driver instance i_ariane/i_cva6/ex_stage_i/i_mult/i_div/i_lzc_a/empty_o_INST_0, which resulted in an inversion of 7 pins
INFO: [Opt 31-1287] Pulled Inverter i_ariane/i_cva6/ex_stage_i/i_mult/i_div/i_lzc_a/cnt_o[5]_INST_0 into driver instance i_ariane/i_cva6/ex_stage_i/i_mult/i_div/i_lzc_a/cnt_o[5]_INST_0_i_1, which resulted in an inversion of 6 pins
INFO: [Opt 31-1287] Pulled Inverter i_ariane/i_cva6/ex_stage_i/i_mult/i_div/i_lzc_b/cnt_o[5]_INST_0 into driver instance i_ariane/i_cva6/ex_stage_i/i_mult/i_div/i_lzc_b/cnt_o[5]_INST_0_i_1, which resulted in an inversion of 6 pins
INFO: [Opt 31-1287] Pulled Inverter i_ariane/i_cva6/ex_stage_i/i_mult/i_div/op_b_zero_q_i_3 into driver instance i_ariane/i_cva6/ex_stage_i/i_mult/i_div_i_65, which resulted in an inversion of 134 pins
INFO: [Opt 31-1287] Pulled Inverter i_ariane/i_cva6/ex_stage_i/lsu_i/gen_mmu_sv39x4.i_cva6_mmu/i_pmp_data/gen_pmp.genblk1[0].i_pmp_entry/i_lzc/cnt_o[5]_INST_0 into driver instance i_ariane/i_cva6/ex_stage_i/lsu_i/gen_mmu_sv39x4.i_cva6_mmu/i_pmp_data/gen_pmp.genblk1[0].i_pmp_entry/i_lzc/cnt_o[5]_INST_0_i_1, which resulted in an inversion of 6 pins
INFO: [Opt 31-1287] Pulled Inverter i_ariane/i_cva6/ex_stage_i/lsu_i/gen_mmu_sv39x4.i_cva6_mmu/i_pmp_data/gen_pmp.genblk1[1].i_pmp_entry/i_lzc/cnt_o[5]_INST_0 into driver instance i_ariane/i_cva6/ex_stage_i/lsu_i/gen_mmu_sv39x4.i_cva6_mmu/i_pmp_data/gen_pmp.genblk1[1].i_pmp_entry/i_lzc/cnt_o[5]_INST_0_i_1, which resulted in an inversion of 6 pins
INFO: [Opt 31-1287] Pulled Inverter i_ariane/i_cva6/ex_stage_i/lsu_i/gen_mmu_sv39x4.i_cva6_mmu/i_pmp_data/gen_pmp.genblk1[2].i_pmp_entry/i_lzc/cnt_o[5]_INST_0 into driver instance i_ariane/i_cva6/ex_stage_i/lsu_i/gen_mmu_sv39x4.i_cva6_mmu/i_pmp_data/gen_pmp.genblk1[2].i_pmp_entry/i_lzc/cnt_o[5]_INST_0_i_1, which resulted in an inversion of 6 pins
INFO: [Opt 31-1287] Pulled Inverter i_ariane/i_cva6/ex_stage_i/lsu_i/gen_mmu_sv39x4.i_cva6_mmu/i_pmp_data/gen_pmp.genblk1[3].i_pmp_entry/i_lzc/cnt_o[5]_INST_0 into driver instance i_ariane/i_cva6/ex_stage_i/lsu_i/gen_mmu_sv39x4.i_cva6_mmu/i_pmp_data/gen_pmp.genblk1[3].i_pmp_entry/i_lzc/cnt_o[5]_INST_0_i_1, which resulted in an inversion of 6 pins
INFO: [Opt 31-1287] Pulled Inverter i_ariane/i_cva6/ex_stage_i/lsu_i/gen_mmu_sv39x4.i_cva6_mmu/i_pmp_data/gen_pmp.genblk1[4].i_pmp_entry/i_lzc/cnt_o[5]_INST_0 into driver instance i_ariane/i_cva6/ex_stage_i/lsu_i/gen_mmu_sv39x4.i_cva6_mmu/i_pmp_data/gen_pmp.genblk1[4].i_pmp_entry/i_lzc/cnt_o[5]_INST_0_i_1, which resulted in an inversion of 6 pins
INFO: [Opt 31-1287] Pulled Inverter i_ariane/i_cva6/ex_stage_i/lsu_i/gen_mmu_sv39x4.i_cva6_mmu/i_pmp_data/gen_pmp.genblk1[5].i_pmp_entry/i_lzc/cnt_o[5]_INST_0 into driver instance i_ariane/i_cva6/ex_stage_i/lsu_i/gen_mmu_sv39x4.i_cva6_mmu/i_pmp_data/gen_pmp.genblk1[5].i_pmp_entry/i_lzc/cnt_o[5]_INST_0_i_1, which resulted in an inversion of 6 pins
INFO: [Opt 31-1287] Pulled Inverter i_ariane/i_cva6/ex_stage_i/lsu_i/gen_mmu_sv39x4.i_cva6_mmu/i_pmp_data/gen_pmp.genblk1[6].i_pmp_entry/i_lzc/cnt_o[5]_INST_0 into driver instance i_ariane/i_cva6/ex_stage_i/lsu_i/gen_mmu_sv39x4.i_cva6_mmu/i_pmp_data/gen_pmp.genblk1[6].i_pmp_entry/i_lzc/cnt_o[5]_INST_0_i_1, which resulted in an inversion of 6 pins
INFO: [Opt 31-1287] Pulled Inverter i_ariane/i_cva6/ex_stage_i/lsu_i/gen_mmu_sv39x4.i_cva6_mmu/i_pmp_data/gen_pmp.genblk1[7].i_pmp_entry/i_lzc/cnt_o[5]_INST_0 into driver instance i_ariane/i_cva6/ex_stage_i/lsu_i/gen_mmu_sv39x4.i_cva6_mmu/i_pmp_data/gen_pmp.genblk1[7].i_pmp_entry/i_lzc/cnt_o[5]_INST_0_i_1, which resulted in an inversion of 6 pins
INFO: [Opt 31-1287] Pulled Inverter i_ariane/i_cva6/ex_stage_i/lsu_i/gen_mmu_sv39x4.i_cva6_mmu/i_pmp_if/gen_pmp.genblk1[0].i_pmp_entry/i_lzc/cnt_o[5]_INST_0 into driver instance i_ariane/i_cva6/ex_stage_i/lsu_i/gen_mmu_sv39x4.i_cva6_mmu/i_pmp_if/gen_pmp.genblk1[0].i_pmp_entry/i_lzc/cnt_o[5]_INST_0_i_1, which resulted in an inversion of 6 pins
INFO: [Opt 31-1287] Pulled Inverter i_ariane/i_cva6/ex_stage_i/lsu_i/gen_mmu_sv39x4.i_cva6_mmu/i_pmp_if/gen_pmp.genblk1[1].i_pmp_entry/i_lzc/cnt_o[5]_INST_0 into driver instance i_ariane/i_cva6/ex_stage_i/lsu_i/gen_mmu_sv39x4.i_cva6_mmu/i_pmp_if/gen_pmp.genblk1[1].i_pmp_entry/i_lzc/cnt_o[5]_INST_0_i_1, which resulted in an inversion of 6 pins
INFO: [Opt 31-1287] Pulled Inverter i_ariane/i_cva6/ex_stage_i/lsu_i/gen_mmu_sv39x4.i_cva6_mmu/i_pmp_if/gen_pmp.genblk1[2].i_pmp_entry/i_lzc/cnt_o[5]_INST_0 into driver instance i_ariane/i_cva6/ex_stage_i/lsu_i/gen_mmu_sv39x4.i_cva6_mmu/i_pmp_if/gen_pmp.genblk1[2].i_pmp_entry/i_lzc/cnt_o[5]_INST_0_i_1, which resulted in an inversion of 6 pins
INFO: [Opt 31-1287] Pulled Inverter i_ariane/i_cva6/ex_stage_i/lsu_i/gen_mmu_sv39x4.i_cva6_mmu/i_pmp_if/gen_pmp.genblk1[3].i_pmp_entry/i_lzc/cnt_o[5]_INST_0 into driver instance i_ariane/i_cva6/ex_stage_i/lsu_i/gen_mmu_sv39x4.i_cva6_mmu/i_pmp_if/gen_pmp.genblk1[3].i_pmp_entry/i_lzc/cnt_o[5]_INST_0_i_1, which resulted in an inversion of 6 pins
INFO: [Opt 31-1287] Pulled Inverter i_ariane/i_cva6/ex_stage_i/lsu_i/gen_mmu_sv39x4.i_cva6_mmu/i_pmp_if/gen_pmp.genblk1[4].i_pmp_entry/i_lzc/cnt_o[5]_INST_0 into driver instance i_ariane/i_cva6/ex_stage_i/lsu_i/gen_mmu_sv39x4.i_cva6_mmu/i_pmp_if/gen_pmp.genblk1[4].i_pmp_entry/i_lzc/cnt_o[5]_INST_0_i_1, which resulted in an inversion of 6 pins
INFO: [Opt 31-1287] Pulled Inverter i_ariane/i_cva6/ex_stage_i/lsu_i/gen_mmu_sv39x4.i_cva6_mmu/i_pmp_if/gen_pmp.genblk1[5].i_pmp_entry/i_lzc/cnt_o[5]_INST_0 into driver instance i_ariane/i_cva6/ex_stage_i/lsu_i/gen_mmu_sv39x4.i_cva6_mmu/i_pmp_if/gen_pmp.genblk1[5].i_pmp_entry/i_lzc/cnt_o[5]_INST_0_i_1, which resulted in an inversion of 6 pins
INFO: [Opt 31-1287] Pulled Inverter i_ariane/i_cva6/ex_stage_i/lsu_i/gen_mmu_sv39x4.i_cva6_mmu/i_pmp_if/gen_pmp.genblk1[6].i_pmp_entry/i_lzc/cnt_o[5]_INST_0 into driver instance i_ariane/i_cva6/ex_stage_i/lsu_i/gen_mmu_sv39x4.i_cva6_mmu/i_pmp_if/gen_pmp.genblk1[6].i_pmp_entry/i_lzc/cnt_o[5]_INST_0_i_1, which resulted in an inversion of 6 pins
INFO: [Opt 31-1287] Pulled Inverter i_ariane/i_cva6/ex_stage_i/lsu_i/gen_mmu_sv39x4.i_cva6_mmu/i_pmp_if/gen_pmp.genblk1[7].i_pmp_entry/i_lzc/cnt_o[5]_INST_0 into driver instance i_ariane/i_cva6/ex_stage_i/lsu_i/gen_mmu_sv39x4.i_cva6_mmu/i_pmp_if/gen_pmp.genblk1[7].i_pmp_entry/i_lzc/cnt_o[5]_INST_0_i_1, which resulted in an inversion of 6 pins
INFO: [Opt 31-1287] Pulled Inverter i_ariane/i_cva6/ex_stage_i/lsu_i/gen_mmu_sv39x4.i_cva6_mmu/i_ptw/i_pmp_ptw/gen_pmp.genblk1[0].i_pmp_entry/i_lzc/cnt_o[5]_INST_0 into driver instance i_ariane/i_cva6/ex_stage_i/lsu_i/gen_mmu_sv39x4.i_cva6_mmu/i_ptw/i_pmp_ptw/gen_pmp.genblk1[0].i_pmp_entry/i_lzc/cnt_o[5]_INST_0_i_1, which resulted in an inversion of 6 pins
INFO: [Opt 31-1287] Pulled Inverter i_ariane/i_cva6/ex_stage_i/lsu_i/gen_mmu_sv39x4.i_cva6_mmu/i_ptw/i_pmp_ptw/gen_pmp.genblk1[1].i_pmp_entry/i_lzc/cnt_o[5]_INST_0 into driver instance i_ariane/i_cva6/ex_stage_i/lsu_i/gen_mmu_sv39x4.i_cva6_mmu/i_ptw/i_pmp_ptw/gen_pmp.genblk1[1].i_pmp_entry/i_lzc/cnt_o[5]_INST_0_i_1, which resulted in an inversion of 6 pins
INFO: [Opt 31-1287] Pulled Inverter i_ariane/i_cva6/ex_stage_i/lsu_i/gen_mmu_sv39x4.i_cva6_mmu/i_ptw/i_pmp_ptw/gen_pmp.genblk1[2].i_pmp_entry/i_lzc/cnt_o[5]_INST_0 into driver instance i_ariane/i_cva6/ex_stage_i/lsu_i/gen_mmu_sv39x4.i_cva6_mmu/i_ptw/i_pmp_ptw/gen_pmp.genblk1[2].i_pmp_entry/i_lzc/cnt_o[5]_INST_0_i_1, which resulted in an inversion of 6 pins
INFO: [Opt 31-1287] Pulled Inverter i_ariane/i_cva6/ex_stage_i/lsu_i/gen_mmu_sv39x4.i_cva6_mmu/i_ptw/i_pmp_ptw/gen_pmp.genblk1[3].i_pmp_entry/i_lzc/cnt_o[5]_INST_0 into driver instance i_ariane/i_cva6/ex_stage_i/lsu_i/gen_mmu_sv39x4.i_cva6_mmu/i_ptw/i_pmp_ptw/gen_pmp.genblk1[3].i_pmp_entry/i_lzc/cnt_o[5]_INST_0_i_1, which resulted in an inversion of 6 pins
INFO: [Opt 31-1287] Pulled Inverter i_ariane/i_cva6/ex_stage_i/lsu_i/gen_mmu_sv39x4.i_cva6_mmu/i_ptw/i_pmp_ptw/gen_pmp.genblk1[4].i_pmp_entry/i_lzc/cnt_o[5]_INST_0 into driver instance i_ariane/i_cva6/ex_stage_i/lsu_i/gen_mmu_sv39x4.i_cva6_mmu/i_ptw/i_pmp_ptw/gen_pmp.genblk1[4].i_pmp_entry/i_lzc/cnt_o[5]_INST_0_i_1, which resulted in an inversion of 6 pins
INFO: [Opt 31-1287] Pulled Inverter i_ariane/i_cva6/ex_stage_i/lsu_i/gen_mmu_sv39x4.i_cva6_mmu/i_ptw/i_pmp_ptw/gen_pmp.genblk1[5].i_pmp_entry/i_lzc/cnt_o[5]_INST_0 into driver instance i_ariane/i_cva6/ex_stage_i/lsu_i/gen_mmu_sv39x4.i_cva6_mmu/i_ptw/i_pmp_ptw/gen_pmp.genblk1[5].i_pmp_entry/i_lzc/cnt_o[5]_INST_0_i_1, which resulted in an inversion of 6 pins
INFO: [Opt 31-1287] Pulled Inverter i_ariane/i_cva6/ex_stage_i/lsu_i/gen_mmu_sv39x4.i_cva6_mmu/i_ptw/i_pmp_ptw/gen_pmp.genblk1[6].i_pmp_entry/i_lzc/cnt_o[5]_INST_0 into driver instance i_ariane/i_cva6/ex_stage_i/lsu_i/gen_mmu_sv39x4.i_cva6_mmu/i_ptw/i_pmp_ptw/gen_pmp.genblk1[6].i_pmp_entry/i_lzc/cnt_o[5]_INST_0_i_1, which resulted in an inversion of 6 pins
INFO: [Opt 31-1287] Pulled Inverter i_ariane/i_cva6/ex_stage_i/lsu_i/gen_mmu_sv39x4.i_cva6_mmu/i_ptw/i_pmp_ptw/gen_pmp.genblk1[7].i_pmp_entry/i_lzc/cnt_o[5]_INST_0 into driver instance i_ariane/i_cva6/ex_stage_i/lsu_i/gen_mmu_sv39x4.i_cva6_mmu/i_ptw/i_pmp_ptw/gen_pmp.genblk1[7].i_pmp_entry/i_lzc/cnt_o[5]_INST_0_i_1, which resulted in an inversion of 6 pins
INFO: [Opt 31-1287] Pulled Inverter i_ariane/i_cva6/i_cache_subsystem/i_adapter/axi_req_o[b_ready]_INST_0 into driver instance i_ariane/i_cva6/i_cache_subsystem/i_adapter/i_b_fifo/full_o_INST_0, which resulted in an inversion of 2 pins
INFO: [Opt 31-1287] Pulled Inverter i_ariane/i_cva6/i_cache_subsystem/i_adapter/dcache_rd_shift_q[1][63]_i_1 into driver instance i_ariane/i_cva6/i_cache_subsystem/i_adapter/dcache_rtrn_vld_q_i_2, which resulted in an inversion of 70 pins
INFO: [Opt 31-1287] Pulled Inverter i_ariane/i_cva6/i_cache_subsystem/i_adapter/dcache_rtrn_inv_q[all]_i_1 into driver instance i_ariane/i_cva6/i_cache_subsystem/i_adapter/axi_req_o[r_ready]_INST_0, which resulted in an inversion of 19 pins
INFO: [Opt 31-1287] Pulled Inverter i_ariane/i_cva6/i_cache_subsystem/i_adapter/i_rr_arb_tree/gen_arbiter.gen_int_rr.gen_fair_arb.i_lzc_upper/empty_o_INST_0 into driver instance i_ariane/i_cva6/i_cache_subsystem/i_adapter/i_rr_arb_tree/gen_arbiter.gen_int_rr.gen_fair_arb.i_lzc_upper_i_1, which resulted in an inversion of 1 pins
INFO: [Opt 31-1287] Pulled Inverter i_ariane/i_cva6/i_cache_subsystem/i_cva6_icache/vaddr_q[63]_i_1 into driver instance i_ariane/i_cva6/i_cache_subsystem/i_cva6_icache/vaddr_q[63]_i_3, which resulted in an inversion of 19 pins
INFO: [Opt 31-1287] Pulled Inverter i_ariane/i_cva6/i_cache_subsystem/i_wt_dcache/i_wt_dcache_mem/i_rr_arb_tree/gen_arbiter.gen_int_rr.gen_fair_arb.i_lzc_upper/cnt_o[1]_INST_0 into driver instance i_ariane/i_cva6/i_cache_subsystem/i_wt_dcache/i_wt_dcache_mem/i_rr_arb_tree/gen_arbiter.gen_int_rr.gen_fair_arb.i_lzc_upper_i_2, which resulted in an inversion of 2 pins
INFO: [Opt 31-1287] Pulled Inverter i_ariane/i_cva6/i_cache_subsystem/i_wt_dcache/i_wt_dcache_missunit/i_exp_backoff/mask_q[0]_i_1 into driver instance i_ariane/i_cva6/i_cache_subsystem/i_wt_dcache/i_wt_dcache_missunit/i_exp_backoff_i_2, which resulted in an inversion of 33 pins
INFO: [Opt 31-1287] Pulled Inverter i_ariane/i_cva6/i_cache_subsystem/i_wt_dcache/i_wt_dcache_missunit/mem_data_o[size][0]_INST_0 into driver instance i_ariane/i_cva6/i_cache_subsystem/i_wt_dcache/i_wt_dcache_missunit/mem_data_o[size][0]_INST_0_i_1, which resulted in an inversion of 5 pins
INFO: [Opt 31-1287] Pulled Inverter i_ariane/i_cva6/i_cache_subsystem/i_wt_dcache/i_wt_dcache_missunit/mem_data_o[size][1]_INST_0 into driver instance i_ariane/i_cva6/i_cache_subsystem/i_wt_dcache/i_wt_dcache_missunit/mem_data_o[size][1]_INST_0_i_1, which resulted in an inversion of 5 pins
INFO: [Opt 31-1287] Pulled Inverter i_ariane/i_cva6/i_cache_subsystem/i_wt_dcache/i_wt_dcache_wbuffer/i_tx_id_rr/gen_arbiter.gen_int_rr.gen_fair_arb.i_lzc_upper/cnt_o[1]_INST_0 into driver instance i_ariane/i_cva6/i_cache_subsystem/i_wt_dcache/i_wt_dcache_wbuffer/i_tx_id_rr/gen_arbiter.gen_int_rr.gen_fair_arb.i_lzc_upper_i_3, which resulted in an inversion of 3 pins
INFO: [Opt 31-1287] Pulled Inverter i_ariane/i_cva6/i_cache_subsystem/i_wt_dcache/i_wt_dcache_wbuffer/miss_size_o[1]_INST_0 into driver instance i_ariane/i_cva6/i_cache_subsystem/i_wt_dcache/i_wt_dcache_wbuffer/miss_wdata_o[63]_INST_0_i_2, which resulted in an inversion of 53 pins
INFO: [Opt 31-1287] Pulled Inverter i_ariane/i_cva6/i_cache_subsystem/i_wt_dcache/i_wt_dcache_wbuffer/rd_req_o_INST_0 into driver instance i_ariane/i_cva6/i_cache_subsystem/i_wt_dcache/i_wt_dcache_wbuffer/rd_req_o_INST_0_i_1, which resulted in an inversion of 2 pins
INFO: [Opt 31-1287] Pulled Inverter i_ariane/i_cva6/i_frontend/i_instr_queue/gen_multiple_instr_per_fetch_with_C.i_lzc_branch_index/cnt_o[0]_INST_0 into driver instance i_ariane/i_cva6/i_frontend/i_instr_queue/gen_multiple_instr_per_fetch_with_C.i_lzc_branch_index_i_2, which resulted in an inversion of 2 pins
INFO: [Opt 31-1287] Pulled Inverter i_ariane/i_cva6/i_frontend/i_instr_queue_i_65 into driver instance i_ariane/i_cva6/i_frontend/i_instr_queue_i_207, which resulted in an inversion of 69 pins
INFO: [Opt 31-1287] Pulled Inverter i_ariane/i_cva6/i_perf_counters_i_1 into driver instance i_ariane/i_cva6/i_frontend/i_instr_queue/fetch_entry_valid_o_INST_0, which resulted in an inversion of 3 pins
INFO: [Opt 31-1287] Pulled Inverter i_ariane/i_cva6/id_stage_i/compressed_decoder_i/illegal_instr_o_INST_0 into driver instance i_ariane/i_cva6/id_stage_i/compressed_decoder_i/instr_o[31]_INST_0_i_4, which resulted in an inversion of 29 pins
INFO: [Opt 31-1287] Pulled Inverter i_ariane/i_cva6/id_stage_i/decoder_i/instruction_o[ex][tinst][5]_INST_0 into driver instance i_ariane/i_cva6/id_stage_i/decoder_i/instruction_o[ex][tinst][24]_INST_0_i_1, which resulted in an inversion of 7 pins
INFO: [Opt 31-1287] Pulled Inverter i_ariane/i_cva6/id_stage_i/decoder_i/instruction_o[fu][3]_INST_0 into driver instance i_ariane/i_cva6/id_stage_i/decoder_i/instruction_o[fu][3]_INST_0_i_1, which resulted in an inversion of 57 pins
INFO: [Opt 31-1287] Pulled Inverter i_ariane_peripherals/gen_dma.gen_accel2.i_sec_wrap2/request_manager_module/req_wrapper_iommu_o[b_ready]_i_1 into driver instance i_ariane_peripherals/gen_dma.gen_accel2.i_sec_wrap2/request_manager_module_i_1, which resulted in an inversion of 1 pins
INFO: [Opt 31-1287] Pulled Inverter i_ariane_peripherals/gen_dma.i_sec_wrap1/request_manager_module/req_wrapper_iommu_o[b_ready]_i_1 into driver instance i_ariane_peripherals/gen_dma.i_sec_wrap1/request_manager_module_i_1, which resulted in an inversion of 1 pins
INFO: [Opt 31-1287] Pulled Inverter i_ariane_peripherals/gen_gpio.i_xlnx_axi_dwidth_converter_gpio/inst/gen_downsizer.gen_simple_downsizer.axi_downsizer_inst/USE_READ.read_addr_inst/cmd_queue/inst/m_axi_arvalid_INST_0 into driver instance i_ariane_peripherals/gen_gpio.i_xlnx_axi_dwidth_converter_gpio/inst/gen_downsizer.gen_simple_downsizer.axi_downsizer_inst/USE_READ.read_addr_inst/cmd_queue/inst/m_axi_arvalid_INST_0_i_1, which resulted in an inversion of 9 pins
INFO: [Opt 31-1287] Pulled Inverter i_ariane_peripherals/gen_gpio.i_xlnx_axi_dwidth_converter_gpio/inst/gen_downsizer.gen_simple_downsizer.axi_downsizer_inst/USE_WRITE.USE_SPLIT.write_resp_inst/first_mi_word_i_2 into driver instance i_ariane_peripherals/gen_gpio.i_xlnx_axi_dwidth_converter_gpio/inst/gen_downsizer.gen_simple_downsizer.axi_downsizer_inst/USE_WRITE.USE_SPLIT.write_resp_inst/s_axi_bvalid_INST_0_i_1, which resulted in an inversion of 5 pins
INFO: [Opt 31-1287] Pulled Inverter i_ariane_peripherals/gen_gpio.i_xlnx_axi_dwidth_converter_gpio/inst/gen_downsizer.gen_simple_downsizer.axi_downsizer_inst/USE_WRITE.write_addr_inst/cmd_queue/inst/m_axi_awvalid_INST_0 into driver instance i_ariane_peripherals/gen_gpio.i_xlnx_axi_dwidth_converter_gpio/inst/gen_downsizer.gen_simple_downsizer.axi_downsizer_inst/USE_WRITE.write_addr_inst/cmd_queue/inst/m_axi_awvalid_INST_0_i_1, which resulted in an inversion of 6 pins
INFO: [Opt 31-1287] Pulled Inverter i_ariane_peripherals/gen_hwicap.i_axi2apb_64_32_hwicap/slave_ar_buffer_i/i_axi_single_slice/ready_o_INST_0 into driver instance i_ariane_peripherals/gen_hwicap.i_axi2apb_64_32_hwicap/slave_ar_buffer_i/i_axi_single_slice/i_fifo/impl/i_fifo_v3/full_o_INST_0, which resulted in an inversion of 2 pins
INFO: [Opt 31-1287] Pulled Inverter i_ariane_peripherals/gen_hwicap.i_axi2apb_64_32_hwicap/slave_ar_buffer_i/i_axi_single_slice/valid_o_INST_0 into driver instance i_ariane_peripherals/gen_hwicap.i_axi2apb_64_32_hwicap/slave_ar_buffer_i/i_axi_single_slice/i_fifo/impl/i_fifo_v3/empty_o_INST_0, which resulted in an inversion of 2 pins
INFO: [Opt 31-1287] Pulled Inverter i_ariane_peripherals/gen_hwicap.i_axi2apb_64_32_hwicap/slave_aw_buffer_i/i_axi_single_slice/ready_o_INST_0 into driver instance i_ariane_peripherals/gen_hwicap.i_axi2apb_64_32_hwicap/slave_aw_buffer_i/i_axi_single_slice/i_fifo/impl/i_fifo_v3/full_o_INST_0, which resulted in an inversion of 2 pins
INFO: [Opt 31-1287] Pulled Inverter i_ariane_peripherals/gen_hwicap.i_axi2apb_64_32_hwicap/slave_aw_buffer_i/i_axi_single_slice/valid_o_INST_0 into driver instance i_ariane_peripherals/gen_hwicap.i_axi2apb_64_32_hwicap/slave_aw_buffer_i/i_axi_single_slice/i_fifo/impl/i_fifo_v3/empty_o_INST_0, which resulted in an inversion of 2 pins
INFO: [Opt 31-1287] Pulled Inverter i_ariane_peripherals/gen_hwicap.i_axi2apb_64_32_hwicap/slave_b_buffer_i/i_axi_single_slice/ready_o_INST_0 into driver instance i_ariane_peripherals/gen_hwicap.i_axi2apb_64_32_hwicap/slave_b_buffer_i/i_axi_single_slice/i_fifo/impl/i_fifo_v3/full_o_INST_0, which resulted in an inversion of 2 pins
INFO: [Opt 31-1287] Pulled Inverter i_ariane_peripherals/gen_hwicap.i_axi2apb_64_32_hwicap/slave_b_buffer_i/i_axi_single_slice/valid_o_INST_0 into driver instance i_ariane_peripherals/gen_hwicap.i_axi2apb_64_32_hwicap/slave_b_buffer_i/i_axi_single_slice/i_fifo/impl/i_fifo_v3/empty_o_INST_0, which resulted in an inversion of 2 pins
INFO: [Opt 31-1287] Pulled Inverter i_ariane_peripherals/gen_hwicap.i_axi2apb_64_32_hwicap/slave_r_buffer_i/i_axi_single_slice/ready_o_INST_0 into driver instance i_ariane_peripherals/gen_hwicap.i_axi2apb_64_32_hwicap/slave_r_buffer_i/i_axi_single_slice/i_fifo/impl/i_fifo_v3/full_o_INST_0, which resulted in an inversion of 2 pins
INFO: [Opt 31-1287] Pulled Inverter i_ariane_peripherals/gen_hwicap.i_axi2apb_64_32_hwicap/slave_r_buffer_i/i_axi_single_slice/valid_o_INST_0 into driver instance i_ariane_peripherals/gen_hwicap.i_axi2apb_64_32_hwicap/slave_r_buffer_i/i_axi_single_slice/i_fifo/impl/i_fifo_v3/empty_o_INST_0, which resulted in an inversion of 2 pins
INFO: [Opt 31-1287] Pulled Inverter i_ariane_peripherals/gen_hwicap.i_axi2apb_64_32_hwicap/slave_w_buffer_i/i_axi_single_slice/ready_o_INST_0 into driver instance i_ariane_peripherals/gen_hwicap.i_axi2apb_64_32_hwicap/slave_w_buffer_i/i_axi_single_slice/i_fifo/impl/i_fifo_v3/full_o_INST_0, which resulted in an inversion of 2 pins
INFO: [Opt 31-1287] Pulled Inverter i_ariane_peripherals/gen_hwicap.i_axi2apb_64_32_hwicap/slave_w_buffer_i/i_axi_single_slice/valid_o_INST_0 into driver instance i_ariane_peripherals/gen_hwicap.i_axi2apb_64_32_hwicap/slave_w_buffer_i/i_axi_single_slice/i_fifo/impl/i_fifo_v3/empty_o_INST_0, which resulted in an inversion of 2 pins
INFO: [Opt 31-1287] Pulled Inverter i_ariane_peripherals/gen_hwicap.i_hwicap/U0/ICAP_NOT_SHARED.HWICAP_CTRL_I/IPIC_IF_I/RD_FIFO.RDDATA_FIFO_I/xpm_fifo_instance.xpm_fifo_async_inst/gnuram_async_fifo.xpm_fifo_base_inst/xpm_fifo_rst_inst/FSM_onehot_gen_rst_ic.curr_wrst_state[4]_i_1 into driver instance i_ariane_peripherals/gen_hwicap.i_hwicap/U0/ICAP_NOT_SHARED.HWICAP_CTRL_I/IPIC_IF_I/RD_FIFO.RDDATA_FIFO_I/xpm_fifo_instance.xpm_fifo_async_inst/gnuram_async_fifo.xpm_fifo_base_inst/xpm_fifo_rst_inst//i_, which resulted in an inversion of 2 pins
INFO: [Opt 31-1287] Pulled Inverter i_ariane_peripherals/gen_iommu.i_riscv_iommu/gen_mrif_support.i_iommu_axi_demux/gen_demux.i_b_mux/gen_arbiter.gen_int_rr.gen_fair_arb.i_lzc_upper/cnt_o[1]_INST_0 into driver instance i_ariane_peripherals/gen_iommu.i_riscv_iommu/gen_mrif_support.i_iommu_axi_demux/gen_demux.i_b_mux/gen_arbiter.gen_int_rr.gen_fair_arb.i_lzc_upper_i_2, which resulted in an inversion of 3 pins
INFO: [Opt 31-1287] Pulled Inverter i_ariane_peripherals/gen_iommu.i_riscv_iommu/i_iommu_axi_err_slv/i_atop_filter_i_1 into driver instance i_ariane_peripherals/gen_iommu.i_riscv_iommu/i_iommu_axi_err_slv/i_b_fifo/empty_o_INST_0, which resulted in an inversion of 2 pins
INFO: [Opt 31-1287] Pulled Inverter i_ariane_peripherals/gen_iommu.i_riscv_iommu/i_rv_iommu_ds_if/i_stream_arbiter_aw/i_arb/gen_rr_arb.i_arbiter/data_o[id][1]_INST_0 into driver instance i_ariane_peripherals/gen_iommu.i_riscv_iommu/i_rv_iommu_ds_if/i_stream_arbiter_aw/i_arb/gen_rr_arb.i_arbiter/gnt_o[3]_INST_0_i_2, which resulted in an inversion of 63 pins
INFO: [Opt 31-1287] Pulled Inverter i_ariane_peripherals/gen_iommu.i_riscv_iommu/i_rv_iommu_ds_if/i_stream_arbiter_aw/i_arb/gen_rr_arb.i_arbiter/gen_arbiter.gen_int_rr.gen_fair_arb.i_lzc_upper/cnt_o[1]_INST_0 into driver instance i_ariane_peripherals/gen_iommu.i_riscv_iommu/i_rv_iommu_ds_if/i_stream_arbiter_aw/i_arb/gen_rr_arb.i_arbiter/gen_arbiter.gen_int_rr.gen_fair_arb.i_lzc_upper_i_3, which resulted in an inversion of 3 pins
INFO: [Opt 31-1287] Pulled Inverter i_ariane_peripherals/gen_iommu.i_riscv_iommu/i_rv_iommu_prog_if/i_axi2apb_64_32_iommu/slave_ar_buffer_i/i_axi_single_slice/ready_o_INST_0 into driver instance i_ariane_peripherals/gen_iommu.i_riscv_iommu/i_rv_iommu_prog_if/i_axi2apb_64_32_iommu/slave_ar_buffer_i/i_axi_single_slice/i_fifo/impl/i_fifo_v3/full_o_INST_0, which resulted in an inversion of 2 pins
INFO: [Opt 31-1287] Pulled Inverter i_ariane_peripherals/gen_iommu.i_riscv_iommu/i_rv_iommu_prog_if/i_axi2apb_64_32_iommu/slave_ar_buffer_i/i_axi_single_slice/valid_o_INST_0 into driver instance i_ariane_peripherals/gen_iommu.i_riscv_iommu/i_rv_iommu_prog_if/i_axi2apb_64_32_iommu/slave_ar_buffer_i/i_axi_single_slice/i_fifo/impl/i_fifo_v3/empty_o_INST_0, which resulted in an inversion of 2 pins
INFO: [Opt 31-1287] Pulled Inverter i_ariane_peripherals/gen_iommu.i_riscv_iommu/i_rv_iommu_prog_if/i_axi2apb_64_32_iommu/slave_aw_buffer_i/i_axi_single_slice/ready_o_INST_0 into driver instance i_ariane_peripherals/gen_iommu.i_riscv_iommu/i_rv_iommu_prog_if/i_axi2apb_64_32_iommu/slave_aw_buffer_i/i_axi_single_slice/i_fifo/impl/i_fifo_v3/full_o_INST_0, which resulted in an inversion of 2 pins
INFO: [Opt 31-1287] Pulled Inverter i_ariane_peripherals/gen_iommu.i_riscv_iommu/i_rv_iommu_prog_if/i_axi2apb_64_32_iommu/slave_aw_buffer_i/i_axi_single_slice/valid_o_INST_0 into driver instance i_ariane_peripherals/gen_iommu.i_riscv_iommu/i_rv_iommu_prog_if/i_axi2apb_64_32_iommu/slave_aw_buffer_i/i_axi_single_slice/i_fifo/impl/i_fifo_v3/empty_o_INST_0, which resulted in an inversion of 2 pins
INFO: [Opt 31-1287] Pulled Inverter i_ariane_peripherals/gen_iommu.i_riscv_iommu/i_rv_iommu_prog_if/i_axi2apb_64_32_iommu/slave_b_buffer_i/i_axi_single_slice/ready_o_INST_0 into driver instance i_ariane_peripherals/gen_iommu.i_riscv_iommu/i_rv_iommu_prog_if/i_axi2apb_64_32_iommu/slave_b_buffer_i/i_axi_single_slice/i_fifo/impl/i_fifo_v3/full_o_INST_0, which resulted in an inversion of 2 pins
INFO: [Opt 31-1287] Pulled Inverter i_ariane_peripherals/gen_iommu.i_riscv_iommu/i_rv_iommu_prog_if/i_axi2apb_64_32_iommu/slave_b_buffer_i/i_axi_single_slice/valid_o_INST_0 into driver instance i_ariane_peripherals/gen_iommu.i_riscv_iommu/i_rv_iommu_prog_if/i_axi2apb_64_32_iommu/slave_b_buffer_i/i_axi_single_slice/i_fifo/impl/i_fifo_v3/empty_o_INST_0, which resulted in an inversion of 2 pins
INFO: [Opt 31-1287] Pulled Inverter i_ariane_peripherals/gen_iommu.i_riscv_iommu/i_rv_iommu_prog_if/i_axi2apb_64_32_iommu/slave_r_buffer_i/i_axi_single_slice/ready_o_INST_0 into driver instance i_ariane_peripherals/gen_iommu.i_riscv_iommu/i_rv_iommu_prog_if/i_axi2apb_64_32_iommu/slave_r_buffer_i/i_axi_single_slice/i_fifo/impl/i_fifo_v3/full_o_INST_0, which resulted in an inversion of 2 pins
INFO: [Opt 31-1287] Pulled Inverter i_ariane_peripherals/gen_iommu.i_riscv_iommu/i_rv_iommu_prog_if/i_axi2apb_64_32_iommu/slave_r_buffer_i/i_axi_single_slice/valid_o_INST_0 into driver instance i_ariane_peripherals/gen_iommu.i_riscv_iommu/i_rv_iommu_prog_if/i_axi2apb_64_32_iommu/slave_r_buffer_i/i_axi_single_slice/i_fifo/impl/i_fifo_v3/empty_o_INST_0, which resulted in an inversion of 2 pins
INFO: [Opt 31-1287] Pulled Inverter i_ariane_peripherals/gen_iommu.i_riscv_iommu/i_rv_iommu_prog_if/i_axi2apb_64_32_iommu/slave_w_buffer_i/i_axi_single_slice/ready_o_INST_0 into driver instance i_ariane_peripherals/gen_iommu.i_riscv_iommu/i_rv_iommu_prog_if/i_axi2apb_64_32_iommu/slave_w_buffer_i/i_axi_single_slice/i_fifo/impl/i_fifo_v3/full_o_INST_0, which resulted in an inversion of 2 pins
INFO: [Opt 31-1287] Pulled Inverter i_ariane_peripherals/gen_iommu.i_riscv_iommu/i_rv_iommu_prog_if/i_axi2apb_64_32_iommu/slave_w_buffer_i/i_axi_single_slice/valid_o_INST_0 into driver instance i_ariane_peripherals/gen_iommu.i_riscv_iommu/i_rv_iommu_prog_if/i_axi2apb_64_32_iommu/slave_w_buffer_i/i_axi_single_slice/i_fifo/impl/i_fifo_v3/empty_o_INST_0, which resulted in an inversion of 2 pins
INFO: [Opt 31-1287] Pulled Inverter i_ariane_peripherals/gen_spi.i_xlnx_axi_dwidth_converter_spi/inst/gen_downsizer.gen_simple_downsizer.axi_downsizer_inst/USE_READ.read_addr_inst/cmd_queue/inst/m_axi_arvalid_INST_0 into driver instance i_ariane_peripherals/gen_spi.i_xlnx_axi_dwidth_converter_spi/inst/gen_downsizer.gen_simple_downsizer.axi_downsizer_inst/USE_READ.read_addr_inst/cmd_queue/inst/m_axi_arvalid_INST_0_i_1, which resulted in an inversion of 9 pins
INFO: [Opt 31-1287] Pulled Inverter i_ariane_peripherals/gen_spi.i_xlnx_axi_dwidth_converter_spi/inst/gen_downsizer.gen_simple_downsizer.axi_downsizer_inst/USE_WRITE.USE_SPLIT.write_resp_inst/first_mi_word_i_2 into driver instance i_ariane_peripherals/gen_spi.i_xlnx_axi_dwidth_converter_spi/inst/gen_downsizer.gen_simple_downsizer.axi_downsizer_inst/USE_WRITE.USE_SPLIT.write_resp_inst/s_axi_bvalid_INST_0_i_1, which resulted in an inversion of 5 pins
INFO: [Opt 31-1287] Pulled Inverter i_ariane_peripherals/gen_spi.i_xlnx_axi_dwidth_converter_spi/inst/gen_downsizer.gen_simple_downsizer.axi_downsizer_inst/USE_WRITE.write_addr_inst/cmd_queue/inst/m_axi_awvalid_INST_0 into driver instance i_ariane_peripherals/gen_spi.i_xlnx_axi_dwidth_converter_spi/inst/gen_downsizer.gen_simple_downsizer.axi_downsizer_inst/USE_WRITE.write_addr_inst/cmd_queue/inst/m_axi_awvalid_INST_0_i_1, which resulted in an inversion of 6 pins
INFO: [Opt 31-1287] Pulled Inverter i_ariane_peripherals/gen_spi.i_xlnx_axi_quad_spi/U0/NO_DUAL_QUAD_MODE.QSPI_NORMAL/QSPI_ENHANCED_MD_GEN.QSPI_CORE_INTERFACE_I/FIFO_EXISTS.RX_FIFO_II/gnuram_async_fifo.xpm_fifo_base_inst/xpm_fifo_rst_inst/FSM_onehot_gen_rst_ic.curr_wrst_state[4]_i_1 into driver instance i_ariane_peripherals/gen_spi.i_xlnx_axi_quad_spi/U0/NO_DUAL_QUAD_MODE.QSPI_NORMAL/QSPI_ENHANCED_MD_GEN.QSPI_CORE_INTERFACE_I/FIFO_EXISTS.RX_FIFO_II/gnuram_async_fifo.xpm_fifo_base_inst/xpm_fifo_rst_inst//i_, which resulted in an inversion of 2 pins
INFO: [Opt 31-1287] Pulled Inverter i_ariane_peripherals/gen_spi.i_xlnx_axi_quad_spi/U0/NO_DUAL_QUAD_MODE.QSPI_NORMAL/QSPI_ENHANCED_MD_GEN.QSPI_CORE_INTERFACE_I/FIFO_EXISTS.TX_FIFO_II/xpm_fifo_instance.xpm_fifo_async_inst/gnuram_async_fifo.xpm_fifo_base_inst/xpm_fifo_rst_inst/FSM_onehot_gen_rst_ic.curr_wrst_state[4]_i_1 into driver instance i_ariane_peripherals/gen_spi.i_xlnx_axi_quad_spi/U0/NO_DUAL_QUAD_MODE.QSPI_NORMAL/QSPI_ENHANCED_MD_GEN.QSPI_CORE_INTERFACE_I/FIFO_EXISTS.TX_FIFO_II/xpm_fifo_instance.xpm_fifo_async_inst/gnuram_async_fifo.xpm_fifo_base_inst/xpm_fifo_rst_inst//i_, which resulted in an inversion of 2 pins
INFO: [Opt 31-1287] Pulled Inverter i_ariane_peripherals/gen_spi.i_xlnx_axi_quad_spi/U0/NO_DUAL_QUAD_MODE.QSPI_NORMAL/QSPI_ENHANCED_MD_GEN.QSPI_CORE_INTERFACE_I/LOGIC_FOR_MD_0_GEN.SPI_MODULE_I/LOCAL_TX_EMPTY_FIFO_12_GEN.stop_clock_reg_i_1 into driver instance i_ariane_peripherals/gen_spi.i_xlnx_axi_quad_spi/U0/NO_DUAL_QUAD_MODE.QSPI_NORMAL/QSPI_ENHANCED_MD_GEN.QSPI_CORE_INTERFACE_I/LOGIC_FOR_MD_0_GEN.SPI_MODULE_I/SS_O[0]_i_2, which resulted in an inversion of 3 pins
INFO: [Opt 31-1287] Pulled Inverter i_ariane_peripherals/gen_timer.i_axi2apb_64_32_timer/slave_ar_buffer_i/i_axi_single_slice/ready_o_INST_0 into driver instance i_ariane_peripherals/gen_timer.i_axi2apb_64_32_timer/slave_ar_buffer_i/i_axi_single_slice/i_fifo/impl/i_fifo_v3/full_o_INST_0, which resulted in an inversion of 2 pins
INFO: [Opt 31-1287] Pulled Inverter i_ariane_peripherals/gen_timer.i_axi2apb_64_32_timer/slave_ar_buffer_i/i_axi_single_slice/valid_o_INST_0 into driver instance i_ariane_peripherals/gen_timer.i_axi2apb_64_32_timer/slave_ar_buffer_i/i_axi_single_slice/i_fifo/impl/i_fifo_v3/empty_o_INST_0, which resulted in an inversion of 2 pins
INFO: [Opt 31-1287] Pulled Inverter i_ariane_peripherals/gen_timer.i_axi2apb_64_32_timer/slave_aw_buffer_i/i_axi_single_slice/ready_o_INST_0 into driver instance i_ariane_peripherals/gen_timer.i_axi2apb_64_32_timer/slave_aw_buffer_i/i_axi_single_slice/i_fifo/impl/i_fifo_v3/full_o_INST_0, which resulted in an inversion of 2 pins
INFO: [Opt 31-1287] Pulled Inverter i_ariane_peripherals/gen_timer.i_axi2apb_64_32_timer/slave_aw_buffer_i/i_axi_single_slice/valid_o_INST_0 into driver instance i_ariane_peripherals/gen_timer.i_axi2apb_64_32_timer/slave_aw_buffer_i/i_axi_single_slice/i_fifo/impl/i_fifo_v3/empty_o_INST_0, which resulted in an inversion of 2 pins
INFO: [Common 17-14] Message 'Opt 31-1287' appears 100 times and further instances of the messages will be disabled. Use the Tcl command set_msg_config to change the current settings.
INFO: [Opt 31-138] Pushed 1374 inverter(s) to 4255 load pin(s).
INFO: [Opt 31-49] Retargeted 0 cell(s).
Phase 1 Retarget | Checksum: 12701afc6

Time (s): cpu = 00:00:21 ; elapsed = 00:00:10 . Memory (MB): peak = 3713.840 ; gain = 167.773 ; free physical = 38175 ; free virtual = 47453
INFO: [Opt 31-389] Phase Retarget created 457 cells and removed 2217 cells
INFO: [Opt 31-1021] In phase Retarget, 432 netlist objects are constrained preventing optimization. Please run opt_design with -debug_log to get more detail. 

Phase 2 Constant propagation
INFO: [Opt 31-138] Pushed 3 inverter(s) to 23 load pin(s).
Phase 2 Constant propagation | Checksum: 11459ba15

Time (s): cpu = 00:00:23 ; elapsed = 00:00:13 . Memory (MB): peak = 3713.840 ; gain = 167.773 ; free physical = 38179 ; free virtual = 47458
INFO: [Opt 31-389] Phase Constant propagation created 2049 cells and removed 3476 cells
INFO: [Opt 31-1021] In phase Constant propagation, 387 netlist objects are constrained preventing optimization. Please run opt_design with -debug_log to get more detail. 

Phase 3 Sweep
Phase 3 Sweep | Checksum: c7508baa

Time (s): cpu = 00:00:27 ; elapsed = 00:00:16 . Memory (MB): peak = 3713.840 ; gain = 167.773 ; free physical = 38161 ; free virtual = 47439
INFO: [Opt 31-389] Phase Sweep created 9 cells and removed 2580 cells
INFO: [Opt 31-1021] In phase Sweep, 1625 netlist objects are constrained preventing optimization. Please run opt_design with -debug_log to get more detail. 

Phase 4 BUFG optimization
Phase 4 BUFG optimization | Checksum: 974d321b

Time (s): cpu = 00:00:29 ; elapsed = 00:00:17 . Memory (MB): peak = 3713.840 ; gain = 167.773 ; free physical = 38157 ; free virtual = 47436
INFO: [Opt 31-662] Phase BUFG optimization created 0 cells of which 0 are BUFGs and removed 0 cells.

Phase 5 Shift Register Optimization
INFO: [Opt 31-1064] SRL Remap converted 0 SRLs to 0 registers and converted 0 registers of register chains to 0 SRLs
Phase 5 Shift Register Optimization | Checksum: 974d321b

Time (s): cpu = 00:00:29 ; elapsed = 00:00:18 . Memory (MB): peak = 3713.840 ; gain = 167.773 ; free physical = 38157 ; free virtual = 47436
INFO: [Opt 31-389] Phase Shift Register Optimization created 0 cells and removed 0 cells
INFO: [Opt 31-1555] control_set_opt supports Versal devices only, and device 7k325t is unsupported

Phase 6 Post Processing Netlist
Phase 6 Post Processing Netlist | Checksum: 1477296ed

Time (s): cpu = 00:00:29 ; elapsed = 00:00:18 . Memory (MB): peak = 3713.840 ; gain = 167.773 ; free physical = 38159 ; free virtual = 47438
INFO: [Opt 31-389] Phase Post Processing Netlist created 0 cells and removed 1 cells
INFO: [Opt 31-1021] In phase Post Processing Netlist, 407 netlist objects are constrained preventing optimization. Please run opt_design with -debug_log to get more detail. 
Opt_design Change Summary
=========================


-------------------------------------------------------------------------------------------------------------------------
|  Phase                        |  #Cells created  |  #Cells Removed  |  #Constrained objects preventing optimizations  |
-------------------------------------------------------------------------------------------------------------------------
|  Retarget                     |             457  |            2217  |                                            432  |
|  Constant propagation         |            2049  |            3476  |                                            387  |
|  Sweep                        |               9  |            2580  |                                           1625  |
|  BUFG optimization            |               0  |               0  |                                              0  |
|  Shift Register Optimization  |               0  |               0  |                                              0  |
|  Post Processing Netlist      |               0  |               1  |                                            407  |
-------------------------------------------------------------------------------------------------------------------------



Starting Connectivity Check Task

Time (s): cpu = 00:00:00.34 ; elapsed = 00:00:00.36 . Memory (MB): peak = 3713.840 ; gain = 0.000 ; free physical = 38164 ; free virtual = 47442
Ending Logic Optimization Task | Checksum: 1ae3148d8

Time (s): cpu = 00:00:33 ; elapsed = 00:00:21 . Memory (MB): peak = 3713.840 ; gain = 167.773 ; free physical = 38164 ; free virtual = 47442

Starting Netlist Obfuscation Task
Netlist sorting complete. Time (s): cpu = 00:00:00.02 ; elapsed = 00:00:00.01 . Memory (MB): peak = 3713.840 ; gain = 0.000 ; free physical = 38164 ; free virtual = 47442
Ending Netlist Obfuscation Task | Checksum: 1ae3148d8

Time (s): cpu = 00:00:00.05 ; elapsed = 00:00:00.04 . Memory (MB): peak = 3713.840 ; gain = 0.000 ; free physical = 38164 ; free virtual = 47442
INFO: [Common 17-83] Releasing license: Implementation
124 Infos, 0 Warnings, 0 Critical Warnings and 0 Errors encountered.
opt_design completed successfully
opt_design: Time (s): cpu = 00:00:40 ; elapsed = 00:00:26 . Memory (MB): peak = 3713.840 ; gain = 243.605 ; free physical = 38166 ; free virtual = 47445
# puts "==> place_design..."
==> place_design...
# place_design
Command: place_design
Attempting to get a license for feature 'Implementation' and/or device 'xc7k325t'
INFO: [Common 17-349] Got license for feature 'Implementation' and/or device 'xc7k325t'
INFO: [Common 17-1540] The version limit for your license is '2025.06' and has expired for new software. A version limit expiration means that, although you may be able to continue to use the current version of tools or IP with this license, you will not be eligible for new releases.
INFO: [DRC 23-27] Running DRC with 8 threads
INFO: [Vivado_Tcl 4-198] DRC finished with 0 Errors
INFO: [Vivado_Tcl 4-199] Please refer to the DRC report (report_drc) for more information.
Running DRC as a precondition to command place_design
INFO: [DRC 23-27] Running DRC with 8 threads
WARNING: [DRC 23-804] Only the first 20 REQP-1839 messages were issued by report_drc. An additional 1 messages have not been issued. Use 'set_property MAX_MESSAGES <number> [get_drc_check REQP-1839]' to change the number of messages that should be reported.
INFO: [Vivado_Tcl 4-198] DRC finished with 0 Errors, 34 Warnings
INFO: [Vivado_Tcl 4-199] Please refer to the DRC report (report_drc) for more information.

Starting Placer Task
INFO: [Place 30-611] Multithreading enabled for place_design using a maximum of 8 CPUs

Phase 1 Placer Initialization

Phase 1.1 Placer Initialization Netlist Sorting
Netlist sorting complete. Time (s): cpu = 00:00:00.12 ; elapsed = 00:00:00.13 . Memory (MB): peak = 3745.855 ; gain = 0.000 ; free physical = 38045 ; free virtual = 47323
Phase 1.1 Placer Initialization Netlist Sorting | Checksum: cfea8c4c

Time (s): cpu = 00:00:00.15 ; elapsed = 00:00:00.17 . Memory (MB): peak = 3745.855 ; gain = 0.000 ; free physical = 38052 ; free virtual = 47330
Netlist sorting complete. Time (s): cpu = 00:00:00.02 ; elapsed = 00:00:00.02 . Memory (MB): peak = 3745.855 ; gain = 0.000 ; free physical = 38052 ; free virtual = 47330

Phase 1.2 IO Placement/ Clock Placement/ Build Placer Device
INFO: [Timing 38-35] Done setting XDC timing constraints.
GCIO site IOB_X0Y22
GCIO site IOB_X0Y24
GCIO site IOB_X0Y26
GCIO site IOB_X0Y28
GCIO site IOB_X1Y22
GCIO site IOB_X1Y24
GCIO site IOB_X1Y26
GCIO site IOB_X1Y28
GCIO site IOB_X0Y72
GCIO site IOB_X0Y74
GCIO site IOB_X0Y76
GCIO site IOB_X0Y78
GCIO site IOB_X1Y72
GCIO site IOB_X1Y74
GCIO site IOB_X1Y76
GCIO site IOB_X1Y78
GCIO site IOB_X0Y122
GCIO site IOB_X0Y124
GCIO site IOB_X0Y126
GCIO site IOB_X0Y128
GCIO site IOB_X1Y122
GCIO site IOB_X1Y124
GCIO site IOB_X1Y126
GCIO site IOB_X1Y128
GCIO site IOB_X0Y172
GCIO site IOB_X0Y174
GCIO site IOB_X0Y176
GCIO site IOB_X0Y178
GCIO site IOB_X0Y222
GCIO site IOB_X0Y224
GCIO site IOB_X0Y226
GCIO site IOB_X0Y228
GCIO site IOB_X0Y272
GCIO site IOB_X0Y274
GCIO site IOB_X0Y276
GCIO site IOB_X0Y278
GCIO site IOB_X0Y322
GCIO site IOB_X0Y324
GCIO site IOB_X0Y326
GCIO site IOB_X0Y328
WARNING: [Place 30-575] Sub-optimal placement for a clock-capable IO pin and MMCM pair. This is normally an ERROR but the CLOCK_DEDICATED_ROUTE constraint is set to FALSE allowing your design to continue. The use of this override is highly discouraged as it may lead to very poor timing results. It is recommended that this error condition be corrected in the design.

	i_ddr/u_xlnx_mig_7_ddr3_mig/u_ddr3_clk_ibuf/diff_input_clk.u_ibufg_sys_clk (IBUFDS.O) is locked to IOB_X1Y76
	i_ddr/u_xlnx_mig_7_ddr3_mig/u_iodelay_ctrl/clk_ref_mmcm_gen.mmcm_i (MMCME2_ADV.CLKIN1) is provisionally placed by clockplacer on MMCME2_ADV_X0Y3
Resolution: A dedicated routing path between the two can be used if: (a) The clock-capable IO (CCIO) is placed on a CCIO capable site (b) The MMCM is placed in the same clock region as the CCIO pin. If the IOB is driving multiple MMCMs, all MMCMs must be placed in the same clock region, one clock region above or one clock region below the IOB. Both the above conditions must be met at the same time, else it may lead to longer and less predictable clock insertion delays.
Phase 1.2 IO Placement/ Clock Placement/ Build Placer Device | Checksum: 5bbc7820

Time (s): cpu = 00:02:03 ; elapsed = 00:01:43 . Memory (MB): peak = 3814.262 ; gain = 68.406 ; free physical = 37907 ; free virtual = 47186

Phase 1.3 Build Placer Netlist Model
Phase 1.3 Build Placer Netlist Model | Checksum: 1639a59f4

Time (s): cpu = 00:04:27 ; elapsed = 00:02:46 . Memory (MB): peak = 4381.016 ; gain = 635.160 ; free physical = 37538 ; free virtual = 46816

Phase 1.4 Constrain Clocks/Macros
Phase 1.4 Constrain Clocks/Macros | Checksum: 1639a59f4

Time (s): cpu = 00:04:28 ; elapsed = 00:02:47 . Memory (MB): peak = 4381.016 ; gain = 635.160 ; free physical = 37549 ; free virtual = 46828
Phase 1 Placer Initialization | Checksum: 1639a59f4

Time (s): cpu = 00:04:29 ; elapsed = 00:02:47 . Memory (MB): peak = 4381.016 ; gain = 635.160 ; free physical = 37550 ; free virtual = 46829

Phase 2 Global Placement

Phase 2.1 Floorplanning
Phase 2.1 Floorplanning | Checksum: 158bbc077

Time (s): cpu = 00:06:01 ; elapsed = 00:03:30 . Memory (MB): peak = 4461.055 ; gain = 715.199 ; free physical = 37509 ; free virtual = 46787

Phase 2.2 Update Timing before SLR Path Opt
Phase 2.2 Update Timing before SLR Path Opt | Checksum: 15166d113

Time (s): cpu = 00:07:04 ; elapsed = 00:04:03 . Memory (MB): peak = 4461.055 ; gain = 715.199 ; free physical = 37529 ; free virtual = 46807

Phase 2.3 Post-Processing in Floorplanning
Phase 2.3 Post-Processing in Floorplanning | Checksum: 15166d113

Time (s): cpu = 00:07:04 ; elapsed = 00:04:04 . Memory (MB): peak = 4461.055 ; gain = 715.199 ; free physical = 37529 ; free virtual = 46807

Phase 2.4 Global Placement Core

Phase 2.4.1 UpdateTiming Before Physical Synthesis
Phase 2.4.1 UpdateTiming Before Physical Synthesis | Checksum: 143383a29

Time (s): cpu = 00:14:27 ; elapsed = 00:07:44 . Memory (MB): peak = 4580.023 ; gain = 834.168 ; free physical = 37455 ; free virtual = 46733

Phase 2.4.2 Physical Synthesis In Placer
INFO: [Physopt 32-1035] Found 245 LUTNM shape to break, 6357 LUT instances to create LUTNM shape
INFO: [Physopt 32-1044] Break lutnm for timing: one critical 51, two critical 194, total 245, new lutff created 3
INFO: [Physopt 32-1138] End 1 Pass. Optimized 2925 nets or LUTs. Breaked 245 LUTs, combined 2680 existing LUTs and moved 0 existing LUT
INFO: [Physopt 32-65] No nets found for high-fanout optimization.
INFO: [Physopt 32-232] Optimized 0 net. Created 0 new instance.
INFO: [Physopt 32-775] End 1 Pass. Optimized 0 net or cell. Created 0 new cell, deleted 0 existing cell and moved 0 existing cell
INFO: [Physopt 32-456] No candidate cells for DSP register optimization found in the design.
INFO: [Physopt 32-775] End 2 Pass. Optimized 0 net or cell. Created 0 new cell, deleted 0 existing cell and moved 0 existing cell
INFO: [Physopt 32-1123] No candidate cells found for Shift Register to Pipeline optimization
INFO: [Physopt 32-775] End 2 Pass. Optimized 0 net or cell. Created 0 new cell, deleted 0 existing cell and moved 0 existing cell
INFO: [Physopt 32-677] No candidate cells for Shift Register optimization found in the design
INFO: [Physopt 32-775] End 1 Pass. Optimized 0 net or cell. Created 0 new cell, deleted 0 existing cell and moved 0 existing cell
INFO: [Physopt 32-526] No candidate cells for BRAM register optimization found in the design
INFO: [Physopt 32-775] End 1 Pass. Optimized 0 net or cell. Created 0 new cell, deleted 0 existing cell and moved 0 existing cell
INFO: [Physopt 32-846] No candidate cells for URAM register optimization found in the design
INFO: [Physopt 32-775] End 2 Pass. Optimized 0 net or cell. Created 0 new cell, deleted 0 existing cell and moved 0 existing cell
INFO: [Physopt 32-949] No candidate nets found for dynamic/static region interface net replication
INFO: [Physopt 32-775] End 1 Pass. Optimized 0 net or cell. Created 0 new cell, deleted 0 existing cell and moved 0 existing cell
Netlist sorting complete. Time (s): cpu = 00:00:00.02 ; elapsed = 00:00:00.02 . Memory (MB): peak = 4584.859 ; gain = 0.000 ; free physical = 37443 ; free virtual = 46721

Summary of Physical Synthesis Optimizations
============================================


-----------------------------------------------------------------------------------------------------------------------------------------------------------
|  Optimization                                     |  Added Cells  |  Removed Cells  |  Optimized Cells/Nets  |  Dont Touch  |  Iterations  |  Elapsed   |
-----------------------------------------------------------------------------------------------------------------------------------------------------------
|  LUT Combining                                    |          245  |           2680  |                  2925  |           0  |           1  |  00:00:09  |
|  Retime                                           |            0  |              0  |                     0  |           0  |           1  |  00:00:00  |
|  Very High Fanout                                 |            0  |              0  |                     0  |           0  |           1  |  00:00:01  |
|  DSP Register                                     |            0  |              0  |                     0  |           0  |           1  |  00:00:00  |
|  Shift Register to Pipeline                       |            0  |              0  |                     0  |           0  |           1  |  00:00:00  |
|  Shift Register                                   |            0  |              0  |                     0  |           0  |           1  |  00:00:00  |
|  BRAM Register                                    |            0  |              0  |                     0  |           0  |           1  |  00:00:00  |
|  URAM Register                                    |            0  |              0  |                     0  |           0  |           1  |  00:00:00  |
|  Dynamic/Static Region Interface Net Replication  |            0  |              0  |                     0  |           0  |           1  |  00:00:00  |
|  Total                                            |          245  |           2680  |                  2925  |           0  |           9  |  00:00:10  |
-----------------------------------------------------------------------------------------------------------------------------------------------------------


Phase 2.4.2 Physical Synthesis In Placer | Checksum: 1ad646d85

Time (s): cpu = 00:15:54 ; elapsed = 00:08:34 . Memory (MB): peak = 4616.875 ; gain = 871.020 ; free physical = 37374 ; free virtual = 46653
Phase 2.4 Global Placement Core | Checksum: 8bcfd795

Time (s): cpu = 00:16:58 ; elapsed = 00:08:58 . Memory (MB): peak = 4616.875 ; gain = 871.020 ; free physical = 37360 ; free virtual = 46638
Phase 2 Global Placement | Checksum: 8bcfd795

Time (s): cpu = 00:16:58 ; elapsed = 00:08:58 . Memory (MB): peak = 4616.875 ; gain = 871.020 ; free physical = 37440 ; free virtual = 46718

Phase 3 Detail Placement

Phase 3.1 Commit Multi Column Macros
Phase 3.1 Commit Multi Column Macros | Checksum: dbf0aee8

Time (s): cpu = 00:18:30 ; elapsed = 00:09:57 . Memory (MB): peak = 4616.875 ; gain = 871.020 ; free physical = 36966 ; free virtual = 46246

Phase 3.2 Commit Most Macros & LUTRAMs
Phase 3.2 Commit Most Macros & LUTRAMs | Checksum: b4307665

Time (s): cpu = 00:21:33 ; elapsed = 00:11:48 . Memory (MB): peak = 4616.875 ; gain = 871.020 ; free physical = 36920 ; free virtual = 46200

Phase 3.3 Area Swap Optimization
Phase 3.3 Area Swap Optimization | Checksum: 16d31cacf

Time (s): cpu = 00:21:37 ; elapsed = 00:11:50 . Memory (MB): peak = 4616.875 ; gain = 871.020 ; free physical = 36927 ; free virtual = 46207

Phase 3.4 Pipeline Register Optimization
Phase 3.4 Pipeline Register Optimization | Checksum: 16d31cacf

Time (s): cpu = 00:21:37 ; elapsed = 00:11:50 . Memory (MB): peak = 4616.875 ; gain = 871.020 ; free physical = 36928 ; free virtual = 46209

Phase 3.5 Fast Optimization
Phase 3.5 Fast Optimization | Checksum: 932e31ff

Time (s): cpu = 00:24:55 ; elapsed = 00:13:24 . Memory (MB): peak = 4616.875 ; gain = 871.020 ; free physical = 36976 ; free virtual = 46256

Phase 3.6 Small Shape Detail Placement

Phase 3.6.1 Place Remaining
Phase 3.6.1 Place Remaining | Checksum: f606a4ab

Time (s): cpu = 00:40:55 ; elapsed = 00:33:33 . Memory (MB): peak = 4616.875 ; gain = 871.020 ; free physical = 37312 ; free virtual = 46616
Phase 3.6 Small Shape Detail Placement | Checksum: f606a4ab

Time (s): cpu = 00:40:57 ; elapsed = 00:33:35 . Memory (MB): peak = 4616.875 ; gain = 871.020 ; free physical = 37363 ; free virtual = 46668

Phase 3.7 Re-assign LUT pins
Phase 3.7 Re-assign LUT pins | Checksum: 667cf0e5

Time (s): cpu = 00:41:05 ; elapsed = 00:33:43 . Memory (MB): peak = 4616.875 ; gain = 871.020 ; free physical = 37375 ; free virtual = 46680

Phase 3.8 Pipeline Register Optimization
Phase 3.8 Pipeline Register Optimization | Checksum: 667cf0e5

Time (s): cpu = 00:41:07 ; elapsed = 00:33:44 . Memory (MB): peak = 4616.875 ; gain = 871.020 ; free physical = 37373 ; free virtual = 46678

Phase 3.9 Fast Optimization
Phase 3.9 Fast Optimization | Checksum: 1665d83a1

Time (s): cpu = 00:48:32 ; elapsed = 00:36:01 . Memory (MB): peak = 4647.930 ; gain = 902.074 ; free physical = 37289 ; free virtual = 46593
Phase 3 Detail Placement | Checksum: 1665d83a1

Time (s): cpu = 00:48:33 ; elapsed = 00:36:02 . Memory (MB): peak = 4647.930 ; gain = 902.074 ; free physical = 37291 ; free virtual = 46595

Phase 4 Post Placement Optimization and Clean-Up

Phase 4.1 Post Commit Optimization
INFO: [Timing 38-35] Done setting XDC timing constraints.

Phase 4.1.1 Post Placement Optimization
Post Placement Optimization Initialization | Checksum: 2248126b4

Phase 4.1.1.1 BUFG Insertion

Starting Physical Synthesis Task

Phase 1 Physical Synthesis Initialization
INFO: [Physopt 32-721] Multithreading enabled for phys_opt_design using a maximum of 8 CPUs
INFO: [Physopt 32-619] Estimated Timing Summary | WNS=-3.047 | TNS=-5413.917 |
Phase 1 Physical Synthesis Initialization | Checksum: 21be51178

Time (s): cpu = 00:00:33 ; elapsed = 00:00:11 . Memory (MB): peak = 4731.789 ; gain = 0.000 ; free physical = 37307 ; free virtual = 46612
INFO: [Place 46-33] Processed net i_ariane/i_cva6/issue_stage_i/i_scoreboard/issue_cnt_q[3]_i_2_n_0, BUFG insertion was skipped due to placement/routing conflicts.
INFO: [Place 46-33] Processed net i_ariane/i_cva6/ex_stage_i/lsu_i/gen_mmu_sv39x4.i_cva6_mmu/i_dtlb/tags_q[12][is_g_1G]_i_2_n_0, BUFG insertion was skipped due to placement/routing conflicts.
INFO: [Place 46-33] Processed net i_ariane/i_cva6/ex_stage_i/lsu_i/gen_mmu_sv39x4.i_cva6_mmu/i_itlb/tags_q[12][is_g_1G]_i_2_n_0, BUFG insertion was skipped due to placement/routing conflicts.
INFO: [Place 46-33] Processed net i_ariane/i_cva6/csr_regfile_i/wfi_q_i_2_n_0, BUFG insertion was skipped due to placement/routing conflicts.
INFO: [Place 46-33] Processed net i_ariane/i_cva6/i_frontend/i_btb/gen_asic_btb.btb_q[15][1][valid]_i_2_n_0, BUFG insertion was skipped due to placement/routing conflicts.
INFO: [Place 46-33] Processed net i_ariane/i_cva6/issue_stage_i/i_issue_read_operands/float_regfile_gen.gen_asic_fp_regfile.i_ariane_fp_regfile/mem[31][63]_i_3_n_0, BUFG insertion was skipped due to placement/routing conflicts.
INFO: [Place 46-33] Processed net i_ariane/i_cva6/issue_stage_i/i_issue_read_operands/gen_asic_regfile.i_ariane_regfile/mem[31][63]_i_3_n_0, BUFG insertion was skipped due to placement/routing conflicts.
INFO: [Place 46-33] Processed net i_ariane_peripherals/gen_uart.i_apb_uart/UART_IIC_i_1_n_0, BUFG insertion was skipped due to placement/routing conflicts.
INFO: [Place 46-33] Processed net i_ariane/i_cva6/i_cache_subsystem/i_wt_dcache/i_wt_dcache_wbuffer/rd_tag_q[43]_i_1_n_0, BUFG insertion was skipped due to placement/routing conflicts.
INFO: [Place 46-33] Processed net i_ariane/gen_example_coprocessor.i_cvxif_coprocessor/fifo_commit_i/status_cnt_q[3]_i_3_n_0, BUFG insertion was skipped due to placement/routing conflicts.
INFO: [Place 46-33] Processed net i_ariane/i_cva6/ex_stage_i/lsu_i/i_store_unit/store_buffer_i/commit_read_pointer_q[1]_i_2_n_0, BUFG insertion was skipped due to placement/routing conflicts.
INFO: [Place 46-33] Processed net i_axi_riscv_atomics/i_atomics/i_lrsc/i_art/tbl_q[51][63]_i_3_n_0, BUFG insertion was skipped due to placement/routing conflicts.
INFO: [Place 46-56] BUFG insertion identified 12 candidate nets. Inserted BUFG: 0, Replicated BUFG Driver: 0, Skipped due to Placement/Routing Conflicts: 12, Skipped due to Timing Degradation: 0, Skipped due to Illegal Netlist: 0.
Ending Physical Synthesis Task | Checksum: 2b5cfaa1a

Time (s): cpu = 00:00:40 ; elapsed = 00:00:15 . Memory (MB): peak = 4731.789 ; gain = 0.000 ; free physical = 37296 ; free virtual = 46601
Phase 4.1.1.1 BUFG Insertion | Checksum: 2248126b4

Time (s): cpu = 00:53:13 ; elapsed = 00:37:41 . Memory (MB): peak = 4731.789 ; gain = 985.934 ; free physical = 37299 ; free virtual = 46604

Phase 4.1.1.2 Post Placement Timing Optimization
INFO: [Place 30-746] Post Placement Timing Summary WNS=-0.304. For the most accurate timing information please run report_timing.
Phase 4.1.1.2 Post Placement Timing Optimization | Checksum: 2d1f83be4

Time (s): cpu = 00:55:05 ; elapsed = 00:39:09 . Memory (MB): peak = 4731.789 ; gain = 985.934 ; free physical = 37294 ; free virtual = 46599

Time (s): cpu = 00:55:05 ; elapsed = 00:39:09 . Memory (MB): peak = 4731.789 ; gain = 985.934 ; free physical = 37295 ; free virtual = 46599
Phase 4.1 Post Commit Optimization | Checksum: 2d1f83be4

Time (s): cpu = 00:55:05 ; elapsed = 00:39:10 . Memory (MB): peak = 4731.789 ; gain = 985.934 ; free physical = 37290 ; free virtual = 46595

Phase 4.2 Post Placement Cleanup
Phase 4.2 Post Placement Cleanup | Checksum: 2d1f83be4

Time (s): cpu = 00:55:09 ; elapsed = 00:39:12 . Memory (MB): peak = 4731.789 ; gain = 985.934 ; free physical = 37299 ; free virtual = 46604

Phase 4.3 Placer Reporting

Phase 4.3.1 Print Estimated Congestion
INFO: [Place 30-612] Post-Placement Estimated Congestion 
 ____________________________________________________
|           | Global Congestion | Short Congestion  |
| Direction | Region Size       | Region Size       |
|___________|___________________|___________________|
|      North|                4x4|                8x8|
|___________|___________________|___________________|
|      South|                8x8|                8x8|
|___________|___________________|___________________|
|       East|                8x8|                8x8|
|___________|___________________|___________________|
|       West|                8x8|                8x8|
|___________|___________________|___________________|

Phase 4.3.1 Print Estimated Congestion | Checksum: 2d1f83be4

Time (s): cpu = 00:55:10 ; elapsed = 00:39:13 . Memory (MB): peak = 4731.789 ; gain = 985.934 ; free physical = 37306 ; free virtual = 46611
Phase 4.3 Placer Reporting | Checksum: 2d1f83be4

Time (s): cpu = 00:55:10 ; elapsed = 00:39:14 . Memory (MB): peak = 4731.789 ; gain = 985.934 ; free physical = 37306 ; free virtual = 46611

Phase 4.4 Final Placement Cleanup
Netlist sorting complete. Time (s): cpu = 00:00:00.09 ; elapsed = 00:00:00.08 . Memory (MB): peak = 4731.789 ; gain = 0.000 ; free physical = 37306 ; free virtual = 46611

Time (s): cpu = 00:55:11 ; elapsed = 00:39:14 . Memory (MB): peak = 4731.789 ; gain = 985.934 ; free physical = 37306 ; free virtual = 46611
Phase 4 Post Placement Optimization and Clean-Up | Checksum: 2a1b2715f

Time (s): cpu = 00:55:12 ; elapsed = 00:39:15 . Memory (MB): peak = 4731.789 ; gain = 985.934 ; free physical = 37311 ; free virtual = 46616
Ending Placer Task | Checksum: 1ba9f4e70

Time (s): cpu = 00:55:13 ; elapsed = 00:39:16 . Memory (MB): peak = 4731.789 ; gain = 985.934 ; free physical = 37311 ; free virtual = 46616
INFO: [Common 17-83] Releasing license: Implementation
47 Infos, 2 Warnings, 0 Critical Warnings and 0 Errors encountered.
place_design completed successfully
place_design: Time (s): cpu = 00:55:27 ; elapsed = 00:39:24 . Memory (MB): peak = 4731.789 ; gain = 1017.949 ; free physical = 37541 ; free virtual = 46846
# puts "==> route_design..."
==> route_design...
# route_design
Command: route_design
Attempting to get a license for feature 'Implementation' and/or device 'xc7k325t'
INFO: [Common 17-349] Got license for feature 'Implementation' and/or device 'xc7k325t'
INFO: [Common 17-1540] The version limit for your license is '2025.06' and has expired for new software. A version limit expiration means that, although you may be able to continue to use the current version of tools or IP with this license, you will not be eligible for new releases.
Running DRC as a precondition to command route_design
INFO: [DRC 23-27] Running DRC with 8 threads
GCIO site IOB_X0Y22
GCIO site IOB_X0Y24
GCIO site IOB_X0Y26
GCIO site IOB_X0Y28
GCIO site IOB_X1Y22
GCIO site IOB_X1Y24
GCIO site IOB_X1Y26
GCIO site IOB_X1Y28
GCIO site IOB_X0Y72
GCIO site IOB_X0Y74
GCIO site IOB_X0Y76
GCIO site IOB_X0Y78
GCIO site IOB_X1Y72
GCIO site IOB_X1Y74
GCIO site IOB_X1Y76
GCIO site IOB_X1Y78
GCIO site IOB_X0Y122
GCIO site IOB_X0Y124
GCIO site IOB_X0Y126
GCIO site IOB_X0Y128
GCIO site IOB_X1Y122
GCIO site IOB_X1Y124
GCIO site IOB_X1Y126
GCIO site IOB_X1Y128
GCIO site IOB_X0Y172
GCIO site IOB_X0Y174
GCIO site IOB_X0Y176
GCIO site IOB_X0Y178
GCIO site IOB_X0Y222
GCIO site IOB_X0Y224
GCIO site IOB_X0Y226
GCIO site IOB_X0Y228
GCIO site IOB_X0Y272
GCIO site IOB_X0Y274
GCIO site IOB_X0Y276
GCIO site IOB_X0Y278
GCIO site IOB_X0Y322
GCIO site IOB_X0Y324
GCIO site IOB_X0Y326
GCIO site IOB_X0Y328
INFO: [Vivado_Tcl 4-198] DRC finished with 0 Errors, 1 Warnings
INFO: [Vivado_Tcl 4-199] Please refer to the DRC report (report_drc) for more information.


Starting Routing Task
INFO: [Route 35-254] Multithreading enabled for route_design using a maximum of 8 CPUs

Phase 1 Build RT Design
Checksum: PlaceDB: fa3efd2f ConstDB: 0 ShapeSum: c0605141 RouteDB: 0
Post Restoration Checksum: NetGraph: a41423c6 NumContArr: a55c7ad1 Constraints: 69553e3f Timing: 0
Phase 1 Build RT Design | Checksum: 1b2c5dcd6

Time (s): cpu = 00:05:37 ; elapsed = 00:01:34 . Memory (MB): peak = 4787.816 ; gain = 24.012 ; free physical = 37242 ; free virtual = 46546

Phase 2 Router Initialization

Phase 2.1 Fix Topology Constraints
Phase 2.1 Fix Topology Constraints | Checksum: 1b2c5dcd6

Time (s): cpu = 00:05:38 ; elapsed = 00:01:36 . Memory (MB): peak = 4787.816 ; gain = 24.012 ; free physical = 37177 ; free virtual = 46482

Phase 2.2 Pre Route Cleanup
Phase 2.2 Pre Route Cleanup | Checksum: 1b2c5dcd6

Time (s): cpu = 00:05:39 ; elapsed = 00:01:36 . Memory (MB): peak = 4787.816 ; gain = 24.012 ; free physical = 37177 ; free virtual = 46482
 Number of Nodes with overlaps = 0

Phase 2.3 Update Timing
Phase 2.3 Update Timing | Checksum: 1e121eef3

Time (s): cpu = 00:09:14 ; elapsed = 00:02:54 . Memory (MB): peak = 4841.238 ; gain = 77.434 ; free physical = 37073 ; free virtual = 46378
INFO: [Route 35-416] Intermediate Timing Summary | WNS=-0.108 | TNS=-0.146 | WHS=-0.473 | THS=-1961.217|


Phase 2.4 Update Timing for Bus Skew

Phase 2.4.1 Update Timing
Phase 2.4.1 Update Timing | Checksum: 1eac5fa68

Time (s): cpu = 00:13:07 ; elapsed = 00:04:27 . Memory (MB): peak = 4852.238 ; gain = 88.434 ; free physical = 37062 ; free virtual = 46367
INFO: [Route 35-416] Intermediate Timing Summary | WNS=-0.108 | TNS=-12.103| WHS=N/A    | THS=N/A    |

Phase 2.4 Update Timing for Bus Skew | Checksum: 1c9eacfda

Time (s): cpu = 00:13:07 ; elapsed = 00:04:28 . Memory (MB): peak = 4868.238 ; gain = 104.434 ; free physical = 37055 ; free virtual = 46360

Router Utilization Summary
  Global Vertical Routing Utilization    = 0.00228417 %
  Global Horizontal Routing Utilization  = 0.00398333 %
  Routable Net Status*
  *Does not include unroutable nets such as driverless and loadless.
  Run report_route_status for detailed report.
  Number of Failed Nets               = 142520
    (Failed Nets is the sum of unrouted and partially routed nets)
  Number of Unrouted Nets             = 141700
  Number of Partially Routed Nets     = 820
  Number of Node Overlaps             = 0

Phase 2 Router Initialization | Checksum: 261b44c82

Time (s): cpu = 00:13:11 ; elapsed = 00:04:29 . Memory (MB): peak = 4869.238 ; gain = 105.434 ; free physical = 36992 ; free virtual = 46296

Phase 3 Initial Routing

Phase 3.1 Global Routing
Phase 3.1 Global Routing | Checksum: 261b44c82

Time (s): cpu = 00:13:11 ; elapsed = 00:04:30 . Memory (MB): peak = 4869.238 ; gain = 105.434 ; free physical = 37000 ; free virtual = 46305
Phase 3 Initial Routing | Checksum: 24d7d8033

Time (s): cpu = 00:14:43 ; elapsed = 00:04:56 . Memory (MB): peak = 4935.238 ; gain = 171.434 ; free physical = 37005 ; free virtual = 46309

Phase 4 Rip-up And Reroute

Phase 4.1 Global Iteration 0
 Number of Nodes with overlaps = 31762
 Number of Nodes with overlaps = 4421
 Number of Nodes with overlaps = 1517
 Number of Nodes with overlaps = 449
 Number of Nodes with overlaps = 150
 Number of Nodes with overlaps = 52
 Number of Nodes with overlaps = 20
 Number of Nodes with overlaps = 5
 Number of Nodes with overlaps = 3
 Number of Nodes with overlaps = 0
INFO: [Route 35-416] Intermediate Timing Summary | WNS=-0.247 | TNS=-1.561 | WHS=N/A    | THS=N/A    |

Phase 4.1 Global Iteration 0 | Checksum: 26767ac71

Time (s): cpu = 00:22:23 ; elapsed = 00:10:12 . Memory (MB): peak = 4957.199 ; gain = 193.395 ; free physical = 36987 ; free virtual = 46292

Phase 4.2 Global Iteration 1
 Number of Nodes with overlaps = 5573
 Number of Nodes with overlaps = 806
 Number of Nodes with overlaps = 349
 Number of Nodes with overlaps = 128
 Number of Nodes with overlaps = 37
 Number of Nodes with overlaps = 19
 Number of Nodes with overlaps = 19
 Number of Nodes with overlaps = 9
 Number of Nodes with overlaps = 11
 Number of Nodes with overlaps = 0
INFO: [Route 35-416] Intermediate Timing Summary | WNS=0.014  | TNS=0.000  | WHS=N/A    | THS=N/A    |

Phase 4.2 Global Iteration 1 | Checksum: 26ca60e54

Time (s): cpu = 00:26:38 ; elapsed = 00:13:19 . Memory (MB): peak = 4961.199 ; gain = 197.395 ; free physical = 36953 ; free virtual = 46281
Phase 4 Rip-up And Reroute | Checksum: 26ca60e54

Time (s): cpu = 00:26:38 ; elapsed = 00:13:19 . Memory (MB): peak = 4961.199 ; gain = 197.395 ; free physical = 36950 ; free virtual = 46278

Phase 5 Delay and Skew Optimization

Phase 5.1 Delay CleanUp
Phase 5.1 Delay CleanUp | Checksum: 26ca60e54

Time (s): cpu = 00:26:39 ; elapsed = 00:13:20 . Memory (MB): peak = 4961.199 ; gain = 197.395 ; free physical = 36941 ; free virtual = 46269

Phase 5.2 Clock Skew Optimization
Phase 5.2 Clock Skew Optimization | Checksum: 26ca60e54

Time (s): cpu = 00:26:40 ; elapsed = 00:13:21 . Memory (MB): peak = 4961.199 ; gain = 197.395 ; free physical = 36941 ; free virtual = 46269
Phase 5 Delay and Skew Optimization | Checksum: 26ca60e54

Time (s): cpu = 00:26:40 ; elapsed = 00:13:21 . Memory (MB): peak = 4961.199 ; gain = 197.395 ; free physical = 36940 ; free virtual = 46269

Phase 6 Post Hold Fix

Phase 6.1 Hold Fix Iter

Phase 6.1.1 Update Timing
Phase 6.1.1 Update Timing | Checksum: 2934f9063

Time (s): cpu = 00:27:17 ; elapsed = 00:13:41 . Memory (MB): peak = 4961.199 ; gain = 197.395 ; free physical = 36959 ; free virtual = 46277
INFO: [Route 35-416] Intermediate Timing Summary | WNS=0.028  | TNS=0.000  | WHS=0.041  | THS=0.000  |

Phase 6.1 Hold Fix Iter | Checksum: 293ae0aa8

Time (s): cpu = 00:27:18 ; elapsed = 00:13:42 . Memory (MB): peak = 4961.199 ; gain = 197.395 ; free physical = 36944 ; free virtual = 46261
Phase 6 Post Hold Fix | Checksum: 293ae0aa8

Time (s): cpu = 00:27:19 ; elapsed = 00:13:42 . Memory (MB): peak = 4961.199 ; gain = 197.395 ; free physical = 36937 ; free virtual = 46255

Phase 7 Route finalize

Router Utilization Summary
  Global Vertical Routing Utilization    = 16.3362 %
  Global Horizontal Routing Utilization  = 19.6411 %
  Routable Net Status*
  *Does not include unroutable nets such as driverless and loadless.
  Run report_route_status for detailed report.
  Number of Failed Nets               = 0
    (Failed Nets is the sum of unrouted and partially routed nets)
  Number of Unrouted Nets             = 0
  Number of Partially Routed Nets     = 0
  Number of Node Overlaps             = 0

Phase 7 Route finalize | Checksum: 282104ed5

Time (s): cpu = 00:27:21 ; elapsed = 00:13:44 . Memory (MB): peak = 4961.199 ; gain = 197.395 ; free physical = 36947 ; free virtual = 46265

Phase 8 Verifying routed nets

 Verification completed successfully
Phase 8 Verifying routed nets | Checksum: 282104ed5

Time (s): cpu = 00:27:22 ; elapsed = 00:13:44 . Memory (MB): peak = 4961.199 ; gain = 197.395 ; free physical = 36953 ; free virtual = 46270

Phase 9 Depositing Routes
Phase 9 Depositing Routes | Checksum: 25bd4e6e1

Time (s): cpu = 00:27:43 ; elapsed = 00:14:01 . Memory (MB): peak = 4977.207 ; gain = 213.402 ; free physical = 36962 ; free virtual = 46279

Phase 10 Post Router Timing
INFO: [Route 35-57] Estimated Timing Summary | WNS=0.028  | TNS=0.000  | WHS=0.041  | THS=0.000  |

INFO: [Route 35-327] The final timing numbers are based on the router estimated timing analysis. For a complete and accurate timing signoff, please run report_timing_summary.
Phase 10 Post Router Timing | Checksum: 25bd4e6e1

Time (s): cpu = 00:28:15 ; elapsed = 00:14:11 . Memory (MB): peak = 4977.207 ; gain = 213.402 ; free physical = 36946 ; free virtual = 46263
INFO: [Route 35-16] Router Completed Successfully

Time (s): cpu = 00:29:23 ; elapsed = 00:14:45 . Memory (MB): peak = 4985.211 ; gain = 221.406 ; free physical = 36997 ; free virtual = 46313

Routing Is Done.
INFO: [Common 17-83] Releasing license: Implementation
15 Infos, 0 Warnings, 0 Critical Warnings and 0 Errors encountered.
route_design completed successfully
route_design: Time (s): cpu = 00:30:00 ; elapsed = 00:15:00 . Memory (MB): peak = 4985.211 ; gain = 253.422 ; free physical = 36997 ; free virtual = 46313
# puts "==> Conversion des cellules reconfigurables en black-box..."
==> Conversion des cellules reconfigurables en black-box...
# update_design -cell i_ariane_peripherals/gen_dma.i_accel1 -black_box
INFO: [Designutils 20-2277] Running 'update_design -black_box' on cell i_ariane_peripherals/gen_dma.i_accel1. The cell has HD.RECONFIGURABLE property set to true and it will be turned into a black-box cell after this command.
update_design: Time (s): cpu = 00:00:10 ; elapsed = 00:00:10 . Memory (MB): peak = 4985.211 ; gain = 0.000 ; free physical = 37169 ; free virtual = 46485
# update_design -cell i_ariane_peripherals/gen_dma.gen_accel2.i_accel2 -black_box
INFO: [Designutils 20-2277] Running 'update_design -black_box' on cell i_ariane_peripherals/gen_dma.gen_accel2.i_accel2. The cell has HD.RECONFIGURABLE property set to true and it will be turned into a black-box cell after this command.
update_design: Time (s): cpu = 00:01:02 ; elapsed = 00:00:31 . Memory (MB): peak = 4985.211 ; gain = 0.000 ; free physical = 37135 ; free virtual = 46452
# puts "  -> black-box appliqué"
  -> black-box appliqué
# puts "==> Verrouillage du routage statique..."
==> Verrouillage du routage statique...
# lock_design -level routing
Locking Netlist...
Locking Placement...
Locking Routing...
lock_design: Time (s): cpu = 00:01:09 ; elapsed = 00:00:39 . Memory (MB): peak = 4985.211 ; gain = 0.000 ; free physical = 37100 ; free virtual = 46416
# file mkdir $work_dpr
# write_checkpoint -force $work_dpr/static_routed.dcp
INFO: [Timing 38-35] Done setting XDC timing constraints.
INFO: [Timing 38-480] Writing timing data to binary archive.
Writing XDEF routing.
Writing XDEF routing logical nets.
Writing XDEF routing special nets.
Write XDEF Complete: Time (s): cpu = 00:00:50 ; elapsed = 00:00:25 . Memory (MB): peak = 5076.855 ; gain = 91.645 ; free physical = 36593 ; free virtual = 46163
report_design_analysis: Time (s): cpu = 00:01:07 ; elapsed = 00:00:30 . Memory (MB): peak = 5090.840 ; gain = 13.984 ; free physical = 36603 ; free virtual = 46173
INFO: [Common 17-1381] The checkpoint '/home/jc/tmp/riscv-iommu-demo/cva6/corev_apu/fpga/work-dpr/3_build_B_dpr/static_routed.dcp' has been generated.
write_checkpoint: Time (s): cpu = 00:02:17 ; elapsed = 00:01:09 . Memory (MB): peak = 5090.840 ; gain = 105.629 ; free physical = 36896 ; free virtual = 46212
# puts "OK: static checkpoint -> $work_dpr/static_routed.dcp"
OK: static checkpoint -> /home/jc/tmp/riscv-iommu-demo/cva6/corev_apu/fpga/work-dpr/3_build_B_dpr/static_routed.dcp
# create_waiver -quiet -type DRC -id {INBB-1} \
#     -description "Black-boxes intentionnelles DFX"
# create_waiver -quiet -type DRC -id {RTSTAT-5} \
#     -description "Antennes partielles normales aux frontieres RP"
# create_waiver -quiet -type DRC -id {RTSTAT-6} \
#     -description "Conflits partiels normaux aux frontieres RP"
# create_waiver -quiet -type DRC -id {CFGBVS-1} \
#     -description "Tension config non critique"
# puts "==> Waivers DFX créés"
==> Waivers DFX créés
# if {[catch {write_bitstream -force $work_dpr/static_full.bit} err]} {
#     puts "WARNING: write_bitstream échoué (normal en DFX) : $err"
#     puts "  -> Le bitstream complet sera généré lors du dpr-partial"
# } else {
#     puts "OK: bitstream statique -> $work_dpr/static_full.bit"
# }
Command: write_bitstream -force /home/jc/tmp/riscv-iommu-demo/cva6/corev_apu/fpga/work-dpr/3_build_B_dpr/static_full.bit
Attempting to get a license for feature 'Implementation' and/or device 'xc7k325t'
INFO: [Common 17-349] Got license for feature 'Implementation' and/or device 'xc7k325t'
INFO: [Common 17-1540] The version limit for your license is '2025.06' and has expired for new software. A version limit expiration means that, although you may be able to continue to use the current version of tools or IP with this license, you will not be eligible for new releases.
Running DRC as a precondition to command write_bitstream
INFO: [IP_Flow 19-1839] IP Catalog is up to date.
INFO: [DRC 23-27] Running DRC with 8 threads
GCIO site IOB_X0Y22
GCIO site IOB_X0Y24
GCIO site IOB_X0Y26
GCIO site IOB_X0Y28
GCIO site IOB_X1Y22
GCIO site IOB_X1Y24
GCIO site IOB_X1Y26
GCIO site IOB_X1Y28
GCIO site IOB_X0Y72
GCIO site IOB_X0Y74
GCIO site IOB_X0Y76
GCIO site IOB_X0Y78
GCIO site IOB_X1Y72
GCIO site IOB_X1Y74
GCIO site IOB_X1Y76
GCIO site IOB_X1Y78
GCIO site IOB_X0Y122
GCIO site IOB_X0Y124
GCIO site IOB_X0Y126
GCIO site IOB_X0Y128
GCIO site IOB_X1Y122
GCIO site IOB_X1Y124
GCIO site IOB_X1Y126
GCIO site IOB_X1Y128
GCIO site IOB_X0Y172
GCIO site IOB_X0Y174
GCIO site IOB_X0Y176
GCIO site IOB_X0Y178
GCIO site IOB_X0Y222
GCIO site IOB_X0Y224
GCIO site IOB_X0Y226
GCIO site IOB_X0Y228
GCIO site IOB_X0Y272
GCIO site IOB_X0Y274
GCIO site IOB_X0Y276
GCIO site IOB_X0Y278
GCIO site IOB_X0Y322
GCIO site IOB_X0Y324
GCIO site IOB_X0Y326
GCIO site IOB_X0Y328
WARNING: [DRC 23-804] Only the first 20 REQP-1839 messages were issued by report_drc. An additional 1 messages have not been issued. Use 'set_property MAX_MESSAGES <number> [get_drc_check REQP-1839]' to change the number of messages that should be reported.
WARNING: [DRC CHECK-3] Report rule limit reached: REQP-1839 rule limit reached: 20 violations have been found.
WARNING: [DRC CHECK-3] Report rule limit reached: REQP-1839 rule limit reached: 20 violations have been found.
WARNING: [DRC DPIP-1] Input pipelining: DSP i_ariane/i_cva6/ex_stage_i/fpu_gen.fpu_i/fpu_gen.i_fpnew_bulk/gen_operation_groups[0].i_opgroup_block/gen_parallel_slices[0].active_format.i_fmt_slice/gen_num_lanes[0].active_lane.lane_instance.i_fma/product input i_ariane/i_cva6/ex_stage_i/fpu_gen.fpu_i/fpu_gen.i_fpnew_bulk/gen_operation_groups[0].i_opgroup_block/gen_parallel_slices[0].active_format.i_fmt_slice/gen_num_lanes[0].active_lane.lane_instance.i_fma/product/A[29:0] is not pipelined. Pipelining DSP48 input will improve performance.
WARNING: [DRC DPIP-1] Input pipelining: DSP i_ariane/i_cva6/ex_stage_i/fpu_gen.fpu_i/fpu_gen.i_fpnew_bulk/gen_operation_groups[0].i_opgroup_block/gen_parallel_slices[0].active_format.i_fmt_slice/gen_num_lanes[0].active_lane.lane_instance.i_fma/product input i_ariane/i_cva6/ex_stage_i/fpu_gen.fpu_i/fpu_gen.i_fpnew_bulk/gen_operation_groups[0].i_opgroup_block/gen_parallel_slices[0].active_format.i_fmt_slice/gen_num_lanes[0].active_lane.lane_instance.i_fma/product/B[17:0] is not pipelined. Pipelining DSP48 input will improve performance.
WARNING: [DRC DPIP-1] Input pipelining: DSP i_ariane/i_cva6/ex_stage_i/fpu_gen.fpu_i/fpu_gen.i_fpnew_bulk/gen_operation_groups[0].i_opgroup_block/gen_parallel_slices[0].active_format.i_fmt_slice/gen_num_lanes[0].active_lane.lane_instance.i_fma/product__0 input i_ariane/i_cva6/ex_stage_i/fpu_gen.fpu_i/fpu_gen.i_fpnew_bulk/gen_operation_groups[0].i_opgroup_block/gen_parallel_slices[0].active_format.i_fmt_slice/gen_num_lanes[0].active_lane.lane_instance.i_fma/product__0/B[17:0] is not pipelined. Pipelining DSP48 input will improve performance.
WARNING: [DRC DPIP-1] Input pipelining: DSP i_ariane/i_cva6/ex_stage_i/fpu_gen.fpu_i/fpu_gen.i_fpnew_bulk/gen_operation_groups[0].i_opgroup_block/gen_parallel_slices[1].active_format.i_fmt_slice/gen_num_lanes[0].active_lane.lane_instance.i_fma/product input i_ariane/i_cva6/ex_stage_i/fpu_gen.fpu_i/fpu_gen.i_fpnew_bulk/gen_operation_groups[0].i_opgroup_block/gen_parallel_slices[1].active_format.i_fmt_slice/gen_num_lanes[0].active_lane.lane_instance.i_fma/product/A[29:0] is not pipelined. Pipelining DSP48 input will improve performance.
WARNING: [DRC DPIP-1] Input pipelining: DSP i_ariane/i_cva6/ex_stage_i/fpu_gen.fpu_i/fpu_gen.i_fpnew_bulk/gen_operation_groups[0].i_opgroup_block/gen_parallel_slices[1].active_format.i_fmt_slice/gen_num_lanes[0].active_lane.lane_instance.i_fma/product input i_ariane/i_cva6/ex_stage_i/fpu_gen.fpu_i/fpu_gen.i_fpnew_bulk/gen_operation_groups[0].i_opgroup_block/gen_parallel_slices[1].active_format.i_fmt_slice/gen_num_lanes[0].active_lane.lane_instance.i_fma/product/B[17:0] is not pipelined. Pipelining DSP48 input will improve performance.
WARNING: [DRC DPIP-1] Input pipelining: DSP i_ariane/i_cva6/ex_stage_i/fpu_gen.fpu_i/fpu_gen.i_fpnew_bulk/gen_operation_groups[0].i_opgroup_block/gen_parallel_slices[1].active_format.i_fmt_slice/gen_num_lanes[0].active_lane.lane_instance.i_fma/product__0 input i_ariane/i_cva6/ex_stage_i/fpu_gen.fpu_i/fpu_gen.i_fpnew_bulk/gen_operation_groups[0].i_opgroup_block/gen_parallel_slices[1].active_format.i_fmt_slice/gen_num_lanes[0].active_lane.lane_instance.i_fma/product__0/A[29:0] is not pipelined. Pipelining DSP48 input will improve performance.
WARNING: [DRC DPIP-1] Input pipelining: DSP i_ariane/i_cva6/ex_stage_i/fpu_gen.fpu_i/fpu_gen.i_fpnew_bulk/gen_operation_groups[0].i_opgroup_block/gen_parallel_slices[1].active_format.i_fmt_slice/gen_num_lanes[0].active_lane.lane_instance.i_fma/product__0 input i_ariane/i_cva6/ex_stage_i/fpu_gen.fpu_i/fpu_gen.i_fpnew_bulk/gen_operation_groups[0].i_opgroup_block/gen_parallel_slices[1].active_format.i_fmt_slice/gen_num_lanes[0].active_lane.lane_instance.i_fma/product__0/B[17:0] is not pipelined. Pipelining DSP48 input will improve performance.
WARNING: [DRC DPIP-1] Input pipelining: DSP i_ariane/i_cva6/ex_stage_i/fpu_gen.fpu_i/fpu_gen.i_fpnew_bulk/gen_operation_groups[0].i_opgroup_block/gen_parallel_slices[1].active_format.i_fmt_slice/gen_num_lanes[0].active_lane.lane_instance.i_fma/product__1 input i_ariane/i_cva6/ex_stage_i/fpu_gen.fpu_i/fpu_gen.i_fpnew_bulk/gen_operation_groups[0].i_opgroup_block/gen_parallel_slices[1].active_format.i_fmt_slice/gen_num_lanes[0].active_lane.lane_instance.i_fma/product__1/A[29:0] is not pipelined. Pipelining DSP48 input will improve performance.
WARNING: [DRC DPIP-1] Input pipelining: DSP i_ariane/i_cva6/ex_stage_i/fpu_gen.fpu_i/fpu_gen.i_fpnew_bulk/gen_operation_groups[0].i_opgroup_block/gen_parallel_slices[1].active_format.i_fmt_slice/gen_num_lanes[0].active_lane.lane_instance.i_fma/product__1 input i_ariane/i_cva6/ex_stage_i/fpu_gen.fpu_i/fpu_gen.i_fpnew_bulk/gen_operation_groups[0].i_opgroup_block/gen_parallel_slices[1].active_format.i_fmt_slice/gen_num_lanes[0].active_lane.lane_instance.i_fma/product__1/B[17:0] is not pipelined. Pipelining DSP48 input will improve performance.
WARNING: [DRC DPIP-1] Input pipelining: DSP i_ariane/i_cva6/ex_stage_i/fpu_gen.fpu_i/fpu_gen.i_fpnew_bulk/gen_operation_groups[0].i_opgroup_block/gen_parallel_slices[1].active_format.i_fmt_slice/gen_num_lanes[0].active_lane.lane_instance.i_fma/product__2 input i_ariane/i_cva6/ex_stage_i/fpu_gen.fpu_i/fpu_gen.i_fpnew_bulk/gen_operation_groups[0].i_opgroup_block/gen_parallel_slices[1].active_format.i_fmt_slice/gen_num_lanes[0].active_lane.lane_instance.i_fma/product__2/A[29:0] is not pipelined. Pipelining DSP48 input will improve performance.
WARNING: [DRC DPIP-1] Input pipelining: DSP i_ariane/i_cva6/ex_stage_i/fpu_gen.fpu_i/fpu_gen.i_fpnew_bulk/gen_operation_groups[0].i_opgroup_block/gen_parallel_slices[1].active_format.i_fmt_slice/gen_num_lanes[0].active_lane.lane_instance.i_fma/product__2 input i_ariane/i_cva6/ex_stage_i/fpu_gen.fpu_i/fpu_gen.i_fpnew_bulk/gen_operation_groups[0].i_opgroup_block/gen_parallel_slices[1].active_format.i_fmt_slice/gen_num_lanes[0].active_lane.lane_instance.i_fma/product__2/B[17:0] is not pipelined. Pipelining DSP48 input will improve performance.
WARNING: [DRC DPIP-1] Input pipelining: DSP i_ariane/i_cva6/ex_stage_i/fpu_gen.fpu_i/fpu_gen.i_fpnew_bulk/gen_operation_groups[0].i_opgroup_block/gen_parallel_slices[1].active_format.i_fmt_slice/gen_num_lanes[0].active_lane.lane_instance.i_fma/product__3 input i_ariane/i_cva6/ex_stage_i/fpu_gen.fpu_i/fpu_gen.i_fpnew_bulk/gen_operation_groups[0].i_opgroup_block/gen_parallel_slices[1].active_format.i_fmt_slice/gen_num_lanes[0].active_lane.lane_instance.i_fma/product__3/A[29:0] is not pipelined. Pipelining DSP48 input will improve performance.
WARNING: [DRC DPIP-1] Input pipelining: DSP i_ariane/i_cva6/ex_stage_i/fpu_gen.fpu_i/fpu_gen.i_fpnew_bulk/gen_operation_groups[0].i_opgroup_block/gen_parallel_slices[1].active_format.i_fmt_slice/gen_num_lanes[0].active_lane.lane_instance.i_fma/product__3 input i_ariane/i_cva6/ex_stage_i/fpu_gen.fpu_i/fpu_gen.i_fpnew_bulk/gen_operation_groups[0].i_opgroup_block/gen_parallel_slices[1].active_format.i_fmt_slice/gen_num_lanes[0].active_lane.lane_instance.i_fma/product__3/B[17:0] is not pipelined. Pipelining DSP48 input will improve performance.
WARNING: [DRC DPIP-1] Input pipelining: DSP i_ariane/i_cva6/ex_stage_i/fpu_gen.fpu_i/fpu_gen.i_fpnew_bulk/gen_operation_groups[0].i_opgroup_block/gen_parallel_slices[1].active_format.i_fmt_slice/gen_num_lanes[0].active_lane.lane_instance.i_fma/product__4 input i_ariane/i_cva6/ex_stage_i/fpu_gen.fpu_i/fpu_gen.i_fpnew_bulk/gen_operation_groups[0].i_opgroup_block/gen_parallel_slices[1].active_format.i_fmt_slice/gen_num_lanes[0].active_lane.lane_instance.i_fma/product__4/A[29:0] is not pipelined. Pipelining DSP48 input will improve performance.
WARNING: [DRC DPIP-1] Input pipelining: DSP i_ariane/i_cva6/ex_stage_i/fpu_gen.fpu_i/fpu_gen.i_fpnew_bulk/gen_operation_groups[0].i_opgroup_block/gen_parallel_slices[1].active_format.i_fmt_slice/gen_num_lanes[0].active_lane.lane_instance.i_fma/product__4 input i_ariane/i_cva6/ex_stage_i/fpu_gen.fpu_i/fpu_gen.i_fpnew_bulk/gen_operation_groups[0].i_opgroup_block/gen_parallel_slices[1].active_format.i_fmt_slice/gen_num_lanes[0].active_lane.lane_instance.i_fma/product__4/B[17:0] is not pipelined. Pipelining DSP48 input will improve performance.
WARNING: [DRC DPIP-1] Input pipelining: DSP i_ariane/i_cva6/ex_stage_i/fpu_gen.fpu_i/fpu_gen.i_fpnew_bulk/gen_operation_groups[0].i_opgroup_block/gen_parallel_slices[1].active_format.i_fmt_slice/gen_num_lanes[0].active_lane.lane_instance.i_fma/product__5 input i_ariane/i_cva6/ex_stage_i/fpu_gen.fpu_i/fpu_gen.i_fpnew_bulk/gen_operation_groups[0].i_opgroup_block/gen_parallel_slices[1].active_format.i_fmt_slice/gen_num_lanes[0].active_lane.lane_instance.i_fma/product__5/A[29:0] is not pipelined. Pipelining DSP48 input will improve performance.
WARNING: [DRC DPIP-1] Input pipelining: DSP i_ariane/i_cva6/ex_stage_i/fpu_gen.fpu_i/fpu_gen.i_fpnew_bulk/gen_operation_groups[0].i_opgroup_block/gen_parallel_slices[1].active_format.i_fmt_slice/gen_num_lanes[0].active_lane.lane_instance.i_fma/product__5 input i_ariane/i_cva6/ex_stage_i/fpu_gen.fpu_i/fpu_gen.i_fpnew_bulk/gen_operation_groups[0].i_opgroup_block/gen_parallel_slices[1].active_format.i_fmt_slice/gen_num_lanes[0].active_lane.lane_instance.i_fma/product__5/B[17:0] is not pipelined. Pipelining DSP48 input will improve performance.
WARNING: [DRC DPIP-1] Input pipelining: DSP i_ariane/i_cva6/ex_stage_i/fpu_gen.fpu_i/fpu_gen.i_fpnew_bulk/gen_operation_groups[0].i_opgroup_block/gen_parallel_slices[1].active_format.i_fmt_slice/gen_num_lanes[0].active_lane.lane_instance.i_fma/product__6 input i_ariane/i_cva6/ex_stage_i/fpu_gen.fpu_i/fpu_gen.i_fpnew_bulk/gen_operation_groups[0].i_opgroup_block/gen_parallel_slices[1].active_format.i_fmt_slice/gen_num_lanes[0].active_lane.lane_instance.i_fma/product__6/A[29:0] is not pipelined. Pipelining DSP48 input will improve performance.
WARNING: [DRC DPIP-1] Input pipelining: DSP i_ariane/i_cva6/ex_stage_i/fpu_gen.fpu_i/fpu_gen.i_fpnew_bulk/gen_operation_groups[0].i_opgroup_block/gen_parallel_slices[1].active_format.i_fmt_slice/gen_num_lanes[0].active_lane.lane_instance.i_fma/product__6 input i_ariane/i_cva6/ex_stage_i/fpu_gen.fpu_i/fpu_gen.i_fpnew_bulk/gen_operation_groups[0].i_opgroup_block/gen_parallel_slices[1].active_format.i_fmt_slice/gen_num_lanes[0].active_lane.lane_instance.i_fma/product__6/B[17:0] is not pipelined. Pipelining DSP48 input will improve performance.
WARNING: [DRC DPIP-1] Input pipelining: DSP i_ariane/i_cva6/ex_stage_i/fpu_gen.fpu_i/fpu_gen.i_fpnew_bulk/gen_operation_groups[0].i_opgroup_block/gen_parallel_slices[1].active_format.i_fmt_slice/gen_num_lanes[0].active_lane.lane_instance.i_fma/product__7 input i_ariane/i_cva6/ex_stage_i/fpu_gen.fpu_i/fpu_gen.i_fpnew_bulk/gen_operation_groups[0].i_opgroup_block/gen_parallel_slices[1].active_format.i_fmt_slice/gen_num_lanes[0].active_lane.lane_instance.i_fma/product__7/A[29:0] is not pipelined. Pipelining DSP48 input will improve performance.
WARNING: [DRC DPIP-1] Input pipelining: DSP i_ariane/i_cva6/ex_stage_i/fpu_gen.fpu_i/fpu_gen.i_fpnew_bulk/gen_operation_groups[0].i_opgroup_block/gen_parallel_slices[1].active_format.i_fmt_slice/gen_num_lanes[0].active_lane.lane_instance.i_fma/product__7 input i_ariane/i_cva6/ex_stage_i/fpu_gen.fpu_i/fpu_gen.i_fpnew_bulk/gen_operation_groups[0].i_opgroup_block/gen_parallel_slices[1].active_format.i_fmt_slice/gen_num_lanes[0].active_lane.lane_instance.i_fma/product__7/B[17:0] is not pipelined. Pipelining DSP48 input will improve performance.
WARNING: [DRC DPIP-1] Input pipelining: DSP i_ariane/i_cva6/ex_stage_i/i_mult/i_multiplier/mult_result_d input i_ariane/i_cva6/ex_stage_i/i_mult/i_multiplier/mult_result_d/A[29:0] is not pipelined. Pipelining DSP48 input will improve performance.
WARNING: [DRC DPIP-1] Input pipelining: DSP i_ariane/i_cva6/ex_stage_i/i_mult/i_multiplier/mult_result_d input i_ariane/i_cva6/ex_stage_i/i_mult/i_multiplier/mult_result_d/B[17:0] is not pipelined. Pipelining DSP48 input will improve performance.
WARNING: [DRC DPIP-1] Input pipelining: DSP i_ariane/i_cva6/ex_stage_i/i_mult/i_multiplier/mult_result_d__0 input i_ariane/i_cva6/ex_stage_i/i_mult/i_multiplier/mult_result_d__0/A[29:0] is not pipelined. Pipelining DSP48 input will improve performance.
WARNING: [DRC DPIP-1] Input pipelining: DSP i_ariane/i_cva6/ex_stage_i/i_mult/i_multiplier/mult_result_d__0 input i_ariane/i_cva6/ex_stage_i/i_mult/i_multiplier/mult_result_d__0/B[17:0] is not pipelined. Pipelining DSP48 input will improve performance.
WARNING: [DRC DPIP-1] Input pipelining: DSP i_ariane/i_cva6/ex_stage_i/i_mult/i_multiplier/mult_result_d__1 input i_ariane/i_cva6/ex_stage_i/i_mult/i_multiplier/mult_result_d__1/A[29:0] is not pipelined. Pipelining DSP48 input will improve performance.
WARNING: [DRC DPIP-1] Input pipelining: DSP i_ariane/i_cva6/ex_stage_i/i_mult/i_multiplier/mult_result_d__1 input i_ariane/i_cva6/ex_stage_i/i_mult/i_multiplier/mult_result_d__1/B[17:0] is not pipelined. Pipelining DSP48 input will improve performance.
WARNING: [DRC DPIP-1] Input pipelining: DSP i_ariane/i_cva6/ex_stage_i/i_mult/i_multiplier/mult_result_d__10 input i_ariane/i_cva6/ex_stage_i/i_mult/i_multiplier/mult_result_d__10/A[29:0] is not pipelined. Pipelining DSP48 input will improve performance.
WARNING: [DRC DPIP-1] Input pipelining: DSP i_ariane/i_cva6/ex_stage_i/i_mult/i_multiplier/mult_result_d__10 input i_ariane/i_cva6/ex_stage_i/i_mult/i_multiplier/mult_result_d__10/B[17:0] is not pipelined. Pipelining DSP48 input will improve performance.
WARNING: [DRC DPIP-1] Input pipelining: DSP i_ariane/i_cva6/ex_stage_i/i_mult/i_multiplier/mult_result_d__11 input i_ariane/i_cva6/ex_stage_i/i_mult/i_multiplier/mult_result_d__11/A[29:0] is not pipelined. Pipelining DSP48 input will improve performance.
WARNING: [DRC DPIP-1] Input pipelining: DSP i_ariane/i_cva6/ex_stage_i/i_mult/i_multiplier/mult_result_d__11 input i_ariane/i_cva6/ex_stage_i/i_mult/i_multiplier/mult_result_d__11/B[17:0] is not pipelined. Pipelining DSP48 input will improve performance.
WARNING: [DRC DPIP-1] Input pipelining: DSP i_ariane/i_cva6/ex_stage_i/i_mult/i_multiplier/mult_result_d__12 input i_ariane/i_cva6/ex_stage_i/i_mult/i_multiplier/mult_result_d__12/A[29:0] is not pipelined. Pipelining DSP48 input will improve performance.
WARNING: [DRC DPIP-1] Input pipelining: DSP i_ariane/i_cva6/ex_stage_i/i_mult/i_multiplier/mult_result_d__12 input i_ariane/i_cva6/ex_stage_i/i_mult/i_multiplier/mult_result_d__12/B[17:0] is not pipelined. Pipelining DSP48 input will improve performance.
WARNING: [DRC DPIP-1] Input pipelining: DSP i_ariane/i_cva6/ex_stage_i/i_mult/i_multiplier/mult_result_d__13 input i_ariane/i_cva6/ex_stage_i/i_mult/i_multiplier/mult_result_d__13/A[29:0] is not pipelined. Pipelining DSP48 input will improve performance.
WARNING: [DRC DPIP-1] Input pipelining: DSP i_ariane/i_cva6/ex_stage_i/i_mult/i_multiplier/mult_result_d__13 input i_ariane/i_cva6/ex_stage_i/i_mult/i_multiplier/mult_result_d__13/B[17:0] is not pipelined. Pipelining DSP48 input will improve performance.
WARNING: [DRC DPIP-1] Input pipelining: DSP i_ariane/i_cva6/ex_stage_i/i_mult/i_multiplier/mult_result_d__14 input i_ariane/i_cva6/ex_stage_i/i_mult/i_multiplier/mult_result_d__14/A[29:0] is not pipelined. Pipelining DSP48 input will improve performance.
WARNING: [DRC DPIP-1] Input pipelining: DSP i_ariane/i_cva6/ex_stage_i/i_mult/i_multiplier/mult_result_d__14 input i_ariane/i_cva6/ex_stage_i/i_mult/i_multiplier/mult_result_d__14/B[17:0] is not pipelined. Pipelining DSP48 input will improve performance.
WARNING: [DRC DPIP-1] Input pipelining: DSP i_ariane/i_cva6/ex_stage_i/i_mult/i_multiplier/mult_result_d__2 input i_ariane/i_cva6/ex_stage_i/i_mult/i_multiplier/mult_result_d__2/A[29:0] is not pipelined. Pipelining DSP48 input will improve performance.
WARNING: [DRC DPIP-1] Input pipelining: DSP i_ariane/i_cva6/ex_stage_i/i_mult/i_multiplier/mult_result_d__2 input i_ariane/i_cva6/ex_stage_i/i_mult/i_multiplier/mult_result_d__2/B[17:0] is not pipelined. Pipelining DSP48 input will improve performance.
WARNING: [DRC DPIP-1] Input pipelining: DSP i_ariane/i_cva6/ex_stage_i/i_mult/i_multiplier/mult_result_d__3 input i_ariane/i_cva6/ex_stage_i/i_mult/i_multiplier/mult_result_d__3/A[29:0] is not pipelined. Pipelining DSP48 input will improve performance.
WARNING: [DRC DPIP-1] Input pipelining: DSP i_ariane/i_cva6/ex_stage_i/i_mult/i_multiplier/mult_result_d__3 input i_ariane/i_cva6/ex_stage_i/i_mult/i_multiplier/mult_result_d__3/B[17:0] is not pipelined. Pipelining DSP48 input will improve performance.
WARNING: [DRC DPIP-1] Input pipelining: DSP i_ariane/i_cva6/ex_stage_i/i_mult/i_multiplier/mult_result_d__4 input i_ariane/i_cva6/ex_stage_i/i_mult/i_multiplier/mult_result_d__4/A[29:0] is not pipelined. Pipelining DSP48 input will improve performance.
WARNING: [DRC DPIP-1] Input pipelining: DSP i_ariane/i_cva6/ex_stage_i/i_mult/i_multiplier/mult_result_d__4 input i_ariane/i_cva6/ex_stage_i/i_mult/i_multiplier/mult_result_d__4/B[17:0] is not pipelined. Pipelining DSP48 input will improve performance.
WARNING: [DRC DPIP-1] Input pipelining: DSP i_ariane/i_cva6/ex_stage_i/i_mult/i_multiplier/mult_result_d__5 input i_ariane/i_cva6/ex_stage_i/i_mult/i_multiplier/mult_result_d__5/A[29:0] is not pipelined. Pipelining DSP48 input will improve performance.
WARNING: [DRC DPIP-1] Input pipelining: DSP i_ariane/i_cva6/ex_stage_i/i_mult/i_multiplier/mult_result_d__5 input i_ariane/i_cva6/ex_stage_i/i_mult/i_multiplier/mult_result_d__5/B[17:0] is not pipelined. Pipelining DSP48 input will improve performance.
WARNING: [DRC DPIP-1] Input pipelining: DSP i_ariane/i_cva6/ex_stage_i/i_mult/i_multiplier/mult_result_d__6 input i_ariane/i_cva6/ex_stage_i/i_mult/i_multiplier/mult_result_d__6/A[29:0] is not pipelined. Pipelining DSP48 input will improve performance.
WARNING: [DRC DPIP-1] Input pipelining: DSP i_ariane/i_cva6/ex_stage_i/i_mult/i_multiplier/mult_result_d__6 input i_ariane/i_cva6/ex_stage_i/i_mult/i_multiplier/mult_result_d__6/B[17:0] is not pipelined. Pipelining DSP48 input will improve performance.
WARNING: [DRC DPIP-1] Input pipelining: DSP i_ariane/i_cva6/ex_stage_i/i_mult/i_multiplier/mult_result_d__7 input i_ariane/i_cva6/ex_stage_i/i_mult/i_multiplier/mult_result_d__7/A[29:0] is not pipelined. Pipelining DSP48 input will improve performance.
WARNING: [DRC DPIP-1] Input pipelining: DSP i_ariane/i_cva6/ex_stage_i/i_mult/i_multiplier/mult_result_d__7 input i_ariane/i_cva6/ex_stage_i/i_mult/i_multiplier/mult_result_d__7/B[17:0] is not pipelined. Pipelining DSP48 input will improve performance.
WARNING: [DRC DPIP-1] Input pipelining: DSP i_ariane/i_cva6/ex_stage_i/i_mult/i_multiplier/mult_result_d__8 input i_ariane/i_cva6/ex_stage_i/i_mult/i_multiplier/mult_result_d__8/A[29:0] is not pipelined. Pipelining DSP48 input will improve performance.
WARNING: [DRC DPIP-1] Input pipelining: DSP i_ariane/i_cva6/ex_stage_i/i_mult/i_multiplier/mult_result_d__8 input i_ariane/i_cva6/ex_stage_i/i_mult/i_multiplier/mult_result_d__8/B[17:0] is not pipelined. Pipelining DSP48 input will improve performance.
WARNING: [DRC DPIP-1] Input pipelining: DSP i_ariane/i_cva6/ex_stage_i/i_mult/i_multiplier/mult_result_d__9 input i_ariane/i_cva6/ex_stage_i/i_mult/i_multiplier/mult_result_d__9/A[29:0] is not pipelined. Pipelining DSP48 input will improve performance.
WARNING: [DRC DPIP-1] Input pipelining: DSP i_ariane/i_cva6/ex_stage_i/i_mult/i_multiplier/mult_result_d__9 input i_ariane/i_cva6/ex_stage_i/i_mult/i_multiplier/mult_result_d__9/B[17:0] is not pipelined. Pipelining DSP48 input will improve performance.
WARNING: [DRC DPOP-1] PREG Output pipelining: DSP i_ariane/i_cva6/ex_stage_i/fpu_gen.fpu_i/fpu_gen.i_fpnew_bulk/gen_operation_groups[0].i_opgroup_block/gen_parallel_slices[0].active_format.i_fmt_slice/gen_num_lanes[0].active_lane.lane_instance.i_fma/product output i_ariane/i_cva6/ex_stage_i/fpu_gen.fpu_i/fpu_gen.i_fpnew_bulk/gen_operation_groups[0].i_opgroup_block/gen_parallel_slices[0].active_format.i_fmt_slice/gen_num_lanes[0].active_lane.lane_instance.i_fma/product/P[47:0] is not pipelined (PREG=0). Pipelining the DSP48 output will improve performance and often saves power so it is suggested whenever possible to fully pipeline this function.  If this DSP48 function was inferred, it is suggested to describe an additional register stage after this function.  If the DSP48 was instantiated in the design, it is suggested to set the PREG attribute to 1.
WARNING: [DRC DPOP-1] PREG Output pipelining: DSP i_ariane/i_cva6/ex_stage_i/fpu_gen.fpu_i/fpu_gen.i_fpnew_bulk/gen_operation_groups[0].i_opgroup_block/gen_parallel_slices[0].active_format.i_fmt_slice/gen_num_lanes[0].active_lane.lane_instance.i_fma/product__0 output i_ariane/i_cva6/ex_stage_i/fpu_gen.fpu_i/fpu_gen.i_fpnew_bulk/gen_operation_groups[0].i_opgroup_block/gen_parallel_slices[0].active_format.i_fmt_slice/gen_num_lanes[0].active_lane.lane_instance.i_fma/product__0/P[47:0] is not pipelined (PREG=0). Pipelining the DSP48 output will improve performance and often saves power so it is suggested whenever possible to fully pipeline this function.  If this DSP48 function was inferred, it is suggested to describe an additional register stage after this function.  If the DSP48 was instantiated in the design, it is suggested to set the PREG attribute to 1.
WARNING: [DRC DPOP-1] PREG Output pipelining: DSP i_ariane/i_cva6/ex_stage_i/fpu_gen.fpu_i/fpu_gen.i_fpnew_bulk/gen_operation_groups[0].i_opgroup_block/gen_parallel_slices[1].active_format.i_fmt_slice/gen_num_lanes[0].active_lane.lane_instance.i_fma/product__0 output i_ariane/i_cva6/ex_stage_i/fpu_gen.fpu_i/fpu_gen.i_fpnew_bulk/gen_operation_groups[0].i_opgroup_block/gen_parallel_slices[1].active_format.i_fmt_slice/gen_num_lanes[0].active_lane.lane_instance.i_fma/product__0/P[47:0] is not pipelined (PREG=0). Pipelining the DSP48 output will improve performance and often saves power so it is suggested whenever possible to fully pipeline this function.  If this DSP48 function was inferred, it is suggested to describe an additional register stage after this function.  If the DSP48 was instantiated in the design, it is suggested to set the PREG attribute to 1.
WARNING: [DRC DPOP-1] PREG Output pipelining: DSP i_ariane/i_cva6/ex_stage_i/fpu_gen.fpu_i/fpu_gen.i_fpnew_bulk/gen_operation_groups[0].i_opgroup_block/gen_parallel_slices[1].active_format.i_fmt_slice/gen_num_lanes[0].active_lane.lane_instance.i_fma/product__1 output i_ariane/i_cva6/ex_stage_i/fpu_gen.fpu_i/fpu_gen.i_fpnew_bulk/gen_operation_groups[0].i_opgroup_block/gen_parallel_slices[1].active_format.i_fmt_slice/gen_num_lanes[0].active_lane.lane_instance.i_fma/product__1/P[47:0] is not pipelined (PREG=0). Pipelining the DSP48 output will improve performance and often saves power so it is suggested whenever possible to fully pipeline this function.  If this DSP48 function was inferred, it is suggested to describe an additional register stage after this function.  If the DSP48 was instantiated in the design, it is suggested to set the PREG attribute to 1.
WARNING: [DRC DPOP-1] PREG Output pipelining: DSP i_ariane/i_cva6/ex_stage_i/fpu_gen.fpu_i/fpu_gen.i_fpnew_bulk/gen_operation_groups[0].i_opgroup_block/gen_parallel_slices[1].active_format.i_fmt_slice/gen_num_lanes[0].active_lane.lane_instance.i_fma/product__4 output i_ariane/i_cva6/ex_stage_i/fpu_gen.fpu_i/fpu_gen.i_fpnew_bulk/gen_operation_groups[0].i_opgroup_block/gen_parallel_slices[1].active_format.i_fmt_slice/gen_num_lanes[0].active_lane.lane_instance.i_fma/product__4/P[47:0] is not pipelined (PREG=0). Pipelining the DSP48 output will improve performance and often saves power so it is suggested whenever possible to fully pipeline this function.  If this DSP48 function was inferred, it is suggested to describe an additional register stage after this function.  If the DSP48 was instantiated in the design, it is suggested to set the PREG attribute to 1.
WARNING: [DRC DPOP-1] PREG Output pipelining: DSP i_ariane/i_cva6/ex_stage_i/fpu_gen.fpu_i/fpu_gen.i_fpnew_bulk/gen_operation_groups[0].i_opgroup_block/gen_parallel_slices[1].active_format.i_fmt_slice/gen_num_lanes[0].active_lane.lane_instance.i_fma/product__5 output i_ariane/i_cva6/ex_stage_i/fpu_gen.fpu_i/fpu_gen.i_fpnew_bulk/gen_operation_groups[0].i_opgroup_block/gen_parallel_slices[1].active_format.i_fmt_slice/gen_num_lanes[0].active_lane.lane_instance.i_fma/product__5/P[47:0] is not pipelined (PREG=0). Pipelining the DSP48 output will improve performance and often saves power so it is suggested whenever possible to fully pipeline this function.  If this DSP48 function was inferred, it is suggested to describe an additional register stage after this function.  If the DSP48 was instantiated in the design, it is suggested to set the PREG attribute to 1.
WARNING: [DRC DPOP-1] PREG Output pipelining: DSP i_ariane/i_cva6/ex_stage_i/fpu_gen.fpu_i/fpu_gen.i_fpnew_bulk/gen_operation_groups[0].i_opgroup_block/gen_parallel_slices[1].active_format.i_fmt_slice/gen_num_lanes[0].active_lane.lane_instance.i_fma/product__7 output i_ariane/i_cva6/ex_stage_i/fpu_gen.fpu_i/fpu_gen.i_fpnew_bulk/gen_operation_groups[0].i_opgroup_block/gen_parallel_slices[1].active_format.i_fmt_slice/gen_num_lanes[0].active_lane.lane_instance.i_fma/product__7/P[47:0] is not pipelined (PREG=0). Pipelining the DSP48 output will improve performance and often saves power so it is suggested whenever possible to fully pipeline this function.  If this DSP48 function was inferred, it is suggested to describe an additional register stage after this function.  If the DSP48 was instantiated in the design, it is suggested to set the PREG attribute to 1.
WARNING: [DRC DPOP-1] PREG Output pipelining: DSP i_ariane/i_cva6/ex_stage_i/i_mult/i_multiplier/mult_result_d output i_ariane/i_cva6/ex_stage_i/i_mult/i_multiplier/mult_result_d/P[47:0] is not pipelined (PREG=0). Pipelining the DSP48 output will improve performance and often saves power so it is suggested whenever possible to fully pipeline this function.  If this DSP48 function was inferred, it is suggested to describe an additional register stage after this function.  If the DSP48 was instantiated in the design, it is suggested to set the PREG attribute to 1.
WARNING: [DRC DPOP-1] PREG Output pipelining: DSP i_ariane/i_cva6/ex_stage_i/i_mult/i_multiplier/mult_result_d__1 output i_ariane/i_cva6/ex_stage_i/i_mult/i_multiplier/mult_result_d__1/P[47:0] is not pipelined (PREG=0). Pipelining the DSP48 output will improve performance and often saves power so it is suggested whenever possible to fully pipeline this function.  If this DSP48 function was inferred, it is suggested to describe an additional register stage after this function.  If the DSP48 was instantiated in the design, it is suggested to set the PREG attribute to 1.
WARNING: [DRC DPOP-1] PREG Output pipelining: DSP i_ariane/i_cva6/ex_stage_i/i_mult/i_multiplier/mult_result_d__11 output i_ariane/i_cva6/ex_stage_i/i_mult/i_multiplier/mult_result_d__11/P[47:0] is not pipelined (PREG=0). Pipelining the DSP48 output will improve performance and often saves power so it is suggested whenever possible to fully pipeline this function.  If this DSP48 function was inferred, it is suggested to describe an additional register stage after this function.  If the DSP48 was instantiated in the design, it is suggested to set the PREG attribute to 1.
WARNING: [DRC DPOP-1] PREG Output pipelining: DSP i_ariane/i_cva6/ex_stage_i/i_mult/i_multiplier/mult_result_d__13 output i_ariane/i_cva6/ex_stage_i/i_mult/i_multiplier/mult_result_d__13/P[47:0] is not pipelined (PREG=0). Pipelining the DSP48 output will improve performance and often saves power so it is suggested whenever possible to fully pipeline this function.  If this DSP48 function was inferred, it is suggested to describe an additional register stage after this function.  If the DSP48 was instantiated in the design, it is suggested to set the PREG attribute to 1.
WARNING: [DRC DPOP-1] PREG Output pipelining: DSP i_ariane/i_cva6/ex_stage_i/i_mult/i_multiplier/mult_result_d__4 output i_ariane/i_cva6/ex_stage_i/i_mult/i_multiplier/mult_result_d__4/P[47:0] is not pipelined (PREG=0). Pipelining the DSP48 output will improve performance and often saves power so it is suggested whenever possible to fully pipeline this function.  If this DSP48 function was inferred, it is suggested to describe an additional register stage after this function.  If the DSP48 was instantiated in the design, it is suggested to set the PREG attribute to 1.
WARNING: [DRC DPOP-1] PREG Output pipelining: DSP i_ariane/i_cva6/ex_stage_i/i_mult/i_multiplier/mult_result_d__8 output i_ariane/i_cva6/ex_stage_i/i_mult/i_multiplier/mult_result_d__8/P[47:0] is not pipelined (PREG=0). Pipelining the DSP48 output will improve performance and often saves power so it is suggested whenever possible to fully pipeline this function.  If this DSP48 function was inferred, it is suggested to describe an additional register stage after this function.  If the DSP48 was instantiated in the design, it is suggested to set the PREG attribute to 1.
WARNING: [DRC DPOP-2] MREG Output pipelining: DSP i_ariane/i_cva6/ex_stage_i/fpu_gen.fpu_i/fpu_gen.i_fpnew_bulk/gen_operation_groups[0].i_opgroup_block/gen_parallel_slices[0].active_format.i_fmt_slice/gen_num_lanes[0].active_lane.lane_instance.i_fma/product multiplier stage i_ariane/i_cva6/ex_stage_i/fpu_gen.fpu_i/fpu_gen.i_fpnew_bulk/gen_operation_groups[0].i_opgroup_block/gen_parallel_slices[0].active_format.i_fmt_slice/gen_num_lanes[0].active_lane.lane_instance.i_fma/product/P[47:0] is not pipelined (MREG=0). Pipelining the multiplier function will improve performance and will save significant power so it is suggested whenever possible to fully pipeline this function.  If this multiplier was inferred, it is suggested to describe an additional register stage after this function.  If there is no registered adder/accumulator following the multiply function, two pipeline stages are suggested to allow both the MREG and PREG registers to be used.  If the DSP48 was instantiated in the design, it is suggested to set both the MREG and PREG attributes to 1 when performing multiply functions.
WARNING: [DRC DPOP-2] MREG Output pipelining: DSP i_ariane/i_cva6/ex_stage_i/fpu_gen.fpu_i/fpu_gen.i_fpnew_bulk/gen_operation_groups[0].i_opgroup_block/gen_parallel_slices[0].active_format.i_fmt_slice/gen_num_lanes[0].active_lane.lane_instance.i_fma/product__0 multiplier stage i_ariane/i_cva6/ex_stage_i/fpu_gen.fpu_i/fpu_gen.i_fpnew_bulk/gen_operation_groups[0].i_opgroup_block/gen_parallel_slices[0].active_format.i_fmt_slice/gen_num_lanes[0].active_lane.lane_instance.i_fma/product__0/P[47:0] is not pipelined (MREG=0). Pipelining the multiplier function will improve performance and will save significant power so it is suggested whenever possible to fully pipeline this function.  If this multiplier was inferred, it is suggested to describe an additional register stage after this function.  If there is no registered adder/accumulator following the multiply function, two pipeline stages are suggested to allow both the MREG and PREG registers to be used.  If the DSP48 was instantiated in the design, it is suggested to set both the MREG and PREG attributes to 1 when performing multiply functions.
WARNING: [DRC DPOP-2] MREG Output pipelining: DSP i_ariane/i_cva6/ex_stage_i/fpu_gen.fpu_i/fpu_gen.i_fpnew_bulk/gen_operation_groups[0].i_opgroup_block/gen_parallel_slices[1].active_format.i_fmt_slice/gen_num_lanes[0].active_lane.lane_instance.i_fma/product__0 multiplier stage i_ariane/i_cva6/ex_stage_i/fpu_gen.fpu_i/fpu_gen.i_fpnew_bulk/gen_operation_groups[0].i_opgroup_block/gen_parallel_slices[1].active_format.i_fmt_slice/gen_num_lanes[0].active_lane.lane_instance.i_fma/product__0/P[47:0] is not pipelined (MREG=0). Pipelining the multiplier function will improve performance and will save significant power so it is suggested whenever possible to fully pipeline this function.  If this multiplier was inferred, it is suggested to describe an additional register stage after this function.  If there is no registered adder/accumulator following the multiply function, two pipeline stages are suggested to allow both the MREG and PREG registers to be used.  If the DSP48 was instantiated in the design, it is suggested to set both the MREG and PREG attributes to 1 when performing multiply functions.
WARNING: [DRC DPOP-2] MREG Output pipelining: DSP i_ariane/i_cva6/ex_stage_i/fpu_gen.fpu_i/fpu_gen.i_fpnew_bulk/gen_operation_groups[0].i_opgroup_block/gen_parallel_slices[1].active_format.i_fmt_slice/gen_num_lanes[0].active_lane.lane_instance.i_fma/product__1 multiplier stage i_ariane/i_cva6/ex_stage_i/fpu_gen.fpu_i/fpu_gen.i_fpnew_bulk/gen_operation_groups[0].i_opgroup_block/gen_parallel_slices[1].active_format.i_fmt_slice/gen_num_lanes[0].active_lane.lane_instance.i_fma/product__1/P[47:0] is not pipelined (MREG=0). Pipelining the multiplier function will improve performance and will save significant power so it is suggested whenever possible to fully pipeline this function.  If this multiplier was inferred, it is suggested to describe an additional register stage after this function.  If there is no registered adder/accumulator following the multiply function, two pipeline stages are suggested to allow both the MREG and PREG registers to be used.  If the DSP48 was instantiated in the design, it is suggested to set both the MREG and PREG attributes to 1 when performing multiply functions.
WARNING: [DRC DPOP-2] MREG Output pipelining: DSP i_ariane/i_cva6/ex_stage_i/fpu_gen.fpu_i/fpu_gen.i_fpnew_bulk/gen_operation_groups[0].i_opgroup_block/gen_parallel_slices[1].active_format.i_fmt_slice/gen_num_lanes[0].active_lane.lane_instance.i_fma/product__4 multiplier stage i_ariane/i_cva6/ex_stage_i/fpu_gen.fpu_i/fpu_gen.i_fpnew_bulk/gen_operation_groups[0].i_opgroup_block/gen_parallel_slices[1].active_format.i_fmt_slice/gen_num_lanes[0].active_lane.lane_instance.i_fma/product__4/P[47:0] is not pipelined (MREG=0). Pipelining the multiplier function will improve performance and will save significant power so it is suggested whenever possible to fully pipeline this function.  If this multiplier was inferred, it is suggested to describe an additional register stage after this function.  If there is no registered adder/accumulator following the multiply function, two pipeline stages are suggested to allow both the MREG and PREG registers to be used.  If the DSP48 was instantiated in the design, it is suggested to set both the MREG and PREG attributes to 1 when performing multiply functions.
WARNING: [DRC DPOP-2] MREG Output pipelining: DSP i_ariane/i_cva6/ex_stage_i/fpu_gen.fpu_i/fpu_gen.i_fpnew_bulk/gen_operation_groups[0].i_opgroup_block/gen_parallel_slices[1].active_format.i_fmt_slice/gen_num_lanes[0].active_lane.lane_instance.i_fma/product__5 multiplier stage i_ariane/i_cva6/ex_stage_i/fpu_gen.fpu_i/fpu_gen.i_fpnew_bulk/gen_operation_groups[0].i_opgroup_block/gen_parallel_slices[1].active_format.i_fmt_slice/gen_num_lanes[0].active_lane.lane_instance.i_fma/product__5/P[47:0] is not pipelined (MREG=0). Pipelining the multiplier function will improve performance and will save significant power so it is suggested whenever possible to fully pipeline this function.  If this multiplier was inferred, it is suggested to describe an additional register stage after this function.  If there is no registered adder/accumulator following the multiply function, two pipeline stages are suggested to allow both the MREG and PREG registers to be used.  If the DSP48 was instantiated in the design, it is suggested to set both the MREG and PREG attributes to 1 when performing multiply functions.
WARNING: [DRC DPOP-2] MREG Output pipelining: DSP i_ariane/i_cva6/ex_stage_i/fpu_gen.fpu_i/fpu_gen.i_fpnew_bulk/gen_operation_groups[0].i_opgroup_block/gen_parallel_slices[1].active_format.i_fmt_slice/gen_num_lanes[0].active_lane.lane_instance.i_fma/product__7 multiplier stage i_ariane/i_cva6/ex_stage_i/fpu_gen.fpu_i/fpu_gen.i_fpnew_bulk/gen_operation_groups[0].i_opgroup_block/gen_parallel_slices[1].active_format.i_fmt_slice/gen_num_lanes[0].active_lane.lane_instance.i_fma/product__7/P[47:0] is not pipelined (MREG=0). Pipelining the multiplier function will improve performance and will save significant power so it is suggested whenever possible to fully pipeline this function.  If this multiplier was inferred, it is suggested to describe an additional register stage after this function.  If there is no registered adder/accumulator following the multiply function, two pipeline stages are suggested to allow both the MREG and PREG registers to be used.  If the DSP48 was instantiated in the design, it is suggested to set both the MREG and PREG attributes to 1 when performing multiply functions.
WARNING: [DRC DPOP-2] MREG Output pipelining: DSP i_ariane/i_cva6/ex_stage_i/i_mult/i_multiplier/mult_result_d multiplier stage i_ariane/i_cva6/ex_stage_i/i_mult/i_multiplier/mult_result_d/P[47:0] is not pipelined (MREG=0). Pipelining the multiplier function will improve performance and will save significant power so it is suggested whenever possible to fully pipeline this function.  If this multiplier was inferred, it is suggested to describe an additional register stage after this function.  If there is no registered adder/accumulator following the multiply function, two pipeline stages are suggested to allow both the MREG and PREG registers to be used.  If the DSP48 was instantiated in the design, it is suggested to set both the MREG and PREG attributes to 1 when performing multiply functions.
WARNING: [DRC DPOP-2] MREG Output pipelining: DSP i_ariane/i_cva6/ex_stage_i/i_mult/i_multiplier/mult_result_d__1 multiplier stage i_ariane/i_cva6/ex_stage_i/i_mult/i_multiplier/mult_result_d__1/P[47:0] is not pipelined (MREG=0). Pipelining the multiplier function will improve performance and will save significant power so it is suggested whenever possible to fully pipeline this function.  If this multiplier was inferred, it is suggested to describe an additional register stage after this function.  If there is no registered adder/accumulator following the multiply function, two pipeline stages are suggested to allow both the MREG and PREG registers to be used.  If the DSP48 was instantiated in the design, it is suggested to set both the MREG and PREG attributes to 1 when performing multiply functions.
WARNING: [DRC DPOP-2] MREG Output pipelining: DSP i_ariane/i_cva6/ex_stage_i/i_mult/i_multiplier/mult_result_d__10 multiplier stage i_ariane/i_cva6/ex_stage_i/i_mult/i_multiplier/mult_result_d__10/P[47:0] is not pipelined (MREG=0). Pipelining the multiplier function will improve performance and will save significant power so it is suggested whenever possible to fully pipeline this function.  If this multiplier was inferred, it is suggested to describe an additional register stage after this function.  If there is no registered adder/accumulator following the multiply function, two pipeline stages are suggested to allow both the MREG and PREG registers to be used.  If the DSP48 was instantiated in the design, it is suggested to set both the MREG and PREG attributes to 1 when performing multiply functions.
WARNING: [DRC DPOP-2] MREG Output pipelining: DSP i_ariane/i_cva6/ex_stage_i/i_mult/i_multiplier/mult_result_d__11 multiplier stage i_ariane/i_cva6/ex_stage_i/i_mult/i_multiplier/mult_result_d__11/P[47:0] is not pipelined (MREG=0). Pipelining the multiplier function will improve performance and will save significant power so it is suggested whenever possible to fully pipeline this function.  If this multiplier was inferred, it is suggested to describe an additional register stage after this function.  If there is no registered adder/accumulator following the multiply function, two pipeline stages are suggested to allow both the MREG and PREG registers to be used.  If the DSP48 was instantiated in the design, it is suggested to set both the MREG and PREG attributes to 1 when performing multiply functions.
WARNING: [DRC DPOP-2] MREG Output pipelining: DSP i_ariane/i_cva6/ex_stage_i/i_mult/i_multiplier/mult_result_d__13 multiplier stage i_ariane/i_cva6/ex_stage_i/i_mult/i_multiplier/mult_result_d__13/P[47:0] is not pipelined (MREG=0). Pipelining the multiplier function will improve performance and will save significant power so it is suggested whenever possible to fully pipeline this function.  If this multiplier was inferred, it is suggested to describe an additional register stage after this function.  If there is no registered adder/accumulator following the multiply function, two pipeline stages are suggested to allow both the MREG and PREG registers to be used.  If the DSP48 was instantiated in the design, it is suggested to set both the MREG and PREG attributes to 1 when performing multiply functions.
WARNING: [DRC DPOP-2] MREG Output pipelining: DSP i_ariane/i_cva6/ex_stage_i/i_mult/i_multiplier/mult_result_d__14 multiplier stage i_ariane/i_cva6/ex_stage_i/i_mult/i_multiplier/mult_result_d__14/P[47:0] is not pipelined (MREG=0). Pipelining the multiplier function will improve performance and will save significant power so it is suggested whenever possible to fully pipeline this function.  If this multiplier was inferred, it is suggested to describe an additional register stage after this function.  If there is no registered adder/accumulator following the multiply function, two pipeline stages are suggested to allow both the MREG and PREG registers to be used.  If the DSP48 was instantiated in the design, it is suggested to set both the MREG and PREG attributes to 1 when performing multiply functions.
WARNING: [DRC DPOP-2] MREG Output pipelining: DSP i_ariane/i_cva6/ex_stage_i/i_mult/i_multiplier/mult_result_d__2 multiplier stage i_ariane/i_cva6/ex_stage_i/i_mult/i_multiplier/mult_result_d__2/P[47:0] is not pipelined (MREG=0). Pipelining the multiplier function will improve performance and will save significant power so it is suggested whenever possible to fully pipeline this function.  If this multiplier was inferred, it is suggested to describe an additional register stage after this function.  If there is no registered adder/accumulator following the multiply function, two pipeline stages are suggested to allow both the MREG and PREG registers to be used.  If the DSP48 was instantiated in the design, it is suggested to set both the MREG and PREG attributes to 1 when performing multiply functions.
WARNING: [DRC DPOP-2] MREG Output pipelining: DSP i_ariane/i_cva6/ex_stage_i/i_mult/i_multiplier/mult_result_d__4 multiplier stage i_ariane/i_cva6/ex_stage_i/i_mult/i_multiplier/mult_result_d__4/P[47:0] is not pipelined (MREG=0). Pipelining the multiplier function will improve performance and will save significant power so it is suggested whenever possible to fully pipeline this function.  If this multiplier was inferred, it is suggested to describe an additional register stage after this function.  If there is no registered adder/accumulator following the multiply function, two pipeline stages are suggested to allow both the MREG and PREG registers to be used.  If the DSP48 was instantiated in the design, it is suggested to set both the MREG and PREG attributes to 1 when performing multiply functions.
WARNING: [DRC DPOP-2] MREG Output pipelining: DSP i_ariane/i_cva6/ex_stage_i/i_mult/i_multiplier/mult_result_d__6 multiplier stage i_ariane/i_cva6/ex_stage_i/i_mult/i_multiplier/mult_result_d__6/P[47:0] is not pipelined (MREG=0). Pipelining the multiplier function will improve performance and will save significant power so it is suggested whenever possible to fully pipeline this function.  If this multiplier was inferred, it is suggested to describe an additional register stage after this function.  If there is no registered adder/accumulator following the multiply function, two pipeline stages are suggested to allow both the MREG and PREG registers to be used.  If the DSP48 was instantiated in the design, it is suggested to set both the MREG and PREG attributes to 1 when performing multiply functions.
WARNING: [DRC DPOP-2] MREG Output pipelining: DSP i_ariane/i_cva6/ex_stage_i/i_mult/i_multiplier/mult_result_d__8 multiplier stage i_ariane/i_cva6/ex_stage_i/i_mult/i_multiplier/mult_result_d__8/P[47:0] is not pipelined (MREG=0). Pipelining the multiplier function will improve performance and will save significant power so it is suggested whenever possible to fully pipeline this function.  If this multiplier was inferred, it is suggested to describe an additional register stage after this function.  If there is no registered adder/accumulator following the multiply function, two pipeline stages are suggested to allow both the MREG and PREG registers to be used.  If the DSP48 was instantiated in the design, it is suggested to set both the MREG and PREG attributes to 1 when performing multiply functions.
WARNING: [DRC DPOR-1] Asynchronous load check: DSP i_ariane/i_cva6/ex_stage_i/i_mult/i_multiplier/mult_result_d output is connected to registers with an asynchronous reset (i_ariane/i_cva6/ex_stage_i/i_mult/i_multiplier/mult_result_q_reg[0]). This is preventing the possibility of merging these registers in to the DSP Block since the DSP block registers only possess synchronous reset capability.  It is suggested to recode or change these registers to remove the reset or use a synchronous reset to get the best optimization for performance, power and area.
WARNING: [DRC DPOR-1] Asynchronous load check: DSP i_ariane/i_cva6/ex_stage_i/i_mult/i_multiplier/mult_result_d output is connected to registers with an asynchronous reset (i_ariane/i_cva6/ex_stage_i/i_mult/i_multiplier/mult_result_q_reg[10]). This is preventing the possibility of merging these registers in to the DSP Block since the DSP block registers only possess synchronous reset capability.  It is suggested to recode or change these registers to remove the reset or use a synchronous reset to get the best optimization for performance, power and area.
WARNING: [DRC DPOR-1] Asynchronous load check: DSP i_ariane/i_cva6/ex_stage_i/i_mult/i_multiplier/mult_result_d output is connected to registers with an asynchronous reset (i_ariane/i_cva6/ex_stage_i/i_mult/i_multiplier/mult_result_q_reg[11]). This is preventing the possibility of merging these registers in to the DSP Block since the DSP block registers only possess synchronous reset capability.  It is suggested to recode or change these registers to remove the reset or use a synchronous reset to get the best optimization for performance, power and area.
WARNING: [DRC DPOR-1] Asynchronous load check: DSP i_ariane/i_cva6/ex_stage_i/i_mult/i_multiplier/mult_result_d output is connected to registers with an asynchronous reset (i_ariane/i_cva6/ex_stage_i/i_mult/i_multiplier/mult_result_q_reg[12]). This is preventing the possibility of merging these registers in to the DSP Block since the DSP block registers only possess synchronous reset capability.  It is suggested to recode or change these registers to remove the reset or use a synchronous reset to get the best optimization for performance, power and area.
WARNING: [DRC DPOR-1] Asynchronous load check: DSP i_ariane/i_cva6/ex_stage_i/i_mult/i_multiplier/mult_result_d output is connected to registers with an asynchronous reset (i_ariane/i_cva6/ex_stage_i/i_mult/i_multiplier/mult_result_q_reg[13]). This is preventing the possibility of merging these registers in to the DSP Block since the DSP block registers only possess synchronous reset capability.  It is suggested to recode or change these registers to remove the reset or use a synchronous reset to get the best optimization for performance, power and area.
WARNING: [DRC DPOR-1] Asynchronous load check: DSP i_ariane/i_cva6/ex_stage_i/i_mult/i_multiplier/mult_result_d output is connected to registers with an asynchronous reset (i_ariane/i_cva6/ex_stage_i/i_mult/i_multiplier/mult_result_q_reg[14]). This is preventing the possibility of merging these registers in to the DSP Block since the DSP block registers only possess synchronous reset capability.  It is suggested to recode or change these registers to remove the reset or use a synchronous reset to get the best optimization for performance, power and area.
WARNING: [DRC DPOR-1] Asynchronous load check: DSP i_ariane/i_cva6/ex_stage_i/i_mult/i_multiplier/mult_result_d output is connected to registers with an asynchronous reset (i_ariane/i_cva6/ex_stage_i/i_mult/i_multiplier/mult_result_q_reg[15]). This is preventing the possibility of merging these registers in to the DSP Block since the DSP block registers only possess synchronous reset capability.  It is suggested to recode or change these registers to remove the reset or use a synchronous reset to get the best optimization for performance, power and area.
WARNING: [DRC DPOR-1] Asynchronous load check: DSP i_ariane/i_cva6/ex_stage_i/i_mult/i_multiplier/mult_result_d output is connected to registers with an asynchronous reset (i_ariane/i_cva6/ex_stage_i/i_mult/i_multiplier/mult_result_q_reg[16]). This is preventing the possibility of merging these registers in to the DSP Block since the DSP block registers only possess synchronous reset capability.  It is suggested to recode or change these registers to remove the reset or use a synchronous reset to get the best optimization for performance, power and area.
WARNING: [DRC DPOR-1] Asynchronous load check: DSP i_ariane/i_cva6/ex_stage_i/i_mult/i_multiplier/mult_result_d output is connected to registers with an asynchronous reset (i_ariane/i_cva6/ex_stage_i/i_mult/i_multiplier/mult_result_q_reg[1]). This is preventing the possibility of merging these registers in to the DSP Block since the DSP block registers only possess synchronous reset capability.  It is suggested to recode or change these registers to remove the reset or use a synchronous reset to get the best optimization for performance, power and area.
WARNING: [DRC DPOR-1] Asynchronous load check: DSP i_ariane/i_cva6/ex_stage_i/i_mult/i_multiplier/mult_result_d output is connected to registers with an asynchronous reset (i_ariane/i_cva6/ex_stage_i/i_mult/i_multiplier/mult_result_q_reg[2]). This is preventing the possibility of merging these registers in to the DSP Block since the DSP block registers only possess synchronous reset capability.  It is suggested to recode or change these registers to remove the reset or use a synchronous reset to get the best optimization for performance, power and area.
WARNING: [DRC DPOR-1] Asynchronous load check: DSP i_ariane/i_cva6/ex_stage_i/i_mult/i_multiplier/mult_result_d output is connected to registers with an asynchronous reset (i_ariane/i_cva6/ex_stage_i/i_mult/i_multiplier/mult_result_q_reg[3]). This is preventing the possibility of merging these registers in to the DSP Block since the DSP block registers only possess synchronous reset capability.  It is suggested to recode or change these registers to remove the reset or use a synchronous reset to get the best optimization for performance, power and area.
WARNING: [DRC DPOR-1] Asynchronous load check: DSP i_ariane/i_cva6/ex_stage_i/i_mult/i_multiplier/mult_result_d output is connected to registers with an asynchronous reset (i_ariane/i_cva6/ex_stage_i/i_mult/i_multiplier/mult_result_q_reg[4]). This is preventing the possibility of merging these registers in to the DSP Block since the DSP block registers only possess synchronous reset capability.  It is suggested to recode or change these registers to remove the reset or use a synchronous reset to get the best optimization for performance, power and area.
WARNING: [DRC DPOR-1] Asynchronous load check: DSP i_ariane/i_cva6/ex_stage_i/i_mult/i_multiplier/mult_result_d output is connected to registers with an asynchronous reset (i_ariane/i_cva6/ex_stage_i/i_mult/i_multiplier/mult_result_q_reg[5]). This is preventing the possibility of merging these registers in to the DSP Block since the DSP block registers only possess synchronous reset capability.  It is suggested to recode or change these registers to remove the reset or use a synchronous reset to get the best optimization for performance, power and area.
WARNING: [DRC DPOR-1] Asynchronous load check: DSP i_ariane/i_cva6/ex_stage_i/i_mult/i_multiplier/mult_result_d output is connected to registers with an asynchronous reset (i_ariane/i_cva6/ex_stage_i/i_mult/i_multiplier/mult_result_q_reg[6]). This is preventing the possibility of merging these registers in to the DSP Block since the DSP block registers only possess synchronous reset capability.  It is suggested to recode or change these registers to remove the reset or use a synchronous reset to get the best optimization for performance, power and area.
WARNING: [DRC DPOR-1] Asynchronous load check: DSP i_ariane/i_cva6/ex_stage_i/i_mult/i_multiplier/mult_result_d output is connected to registers with an asynchronous reset (i_ariane/i_cva6/ex_stage_i/i_mult/i_multiplier/mult_result_q_reg[7]). This is preventing the possibility of merging these registers in to the DSP Block since the DSP block registers only possess synchronous reset capability.  It is suggested to recode or change these registers to remove the reset or use a synchronous reset to get the best optimization for performance, power and area.
WARNING: [DRC DPOR-1] Asynchronous load check: DSP i_ariane/i_cva6/ex_stage_i/i_mult/i_multiplier/mult_result_d output is connected to registers with an asynchronous reset (i_ariane/i_cva6/ex_stage_i/i_mult/i_multiplier/mult_result_q_reg[8]). This is preventing the possibility of merging these registers in to the DSP Block since the DSP block registers only possess synchronous reset capability.  It is suggested to recode or change these registers to remove the reset or use a synchronous reset to get the best optimization for performance, power and area.
WARNING: [DRC DPOR-1] Asynchronous load check: DSP i_ariane/i_cva6/ex_stage_i/i_mult/i_multiplier/mult_result_d output is connected to registers with an asynchronous reset (i_ariane/i_cva6/ex_stage_i/i_mult/i_multiplier/mult_result_q_reg[9]). This is preventing the possibility of merging these registers in to the DSP Block since the DSP block registers only possess synchronous reset capability.  It is suggested to recode or change these registers to remove the reset or use a synchronous reset to get the best optimization for performance, power and area.
WARNING: [DRC DPOR-1] Asynchronous load check: DSP i_ariane/i_cva6/ex_stage_i/i_mult/i_multiplier/mult_result_d__1 output is connected to registers with an asynchronous reset (i_ariane/i_cva6/ex_stage_i/i_mult/i_multiplier/mult_result_q_reg[0]__0). This is preventing the possibility of merging these registers in to the DSP Block since the DSP block registers only possess synchronous reset capability.  It is suggested to recode or change these registers to remove the reset or use a synchronous reset to get the best optimization for performance, power and area.
WARNING: [DRC DPOR-1] Asynchronous load check: DSP i_ariane/i_cva6/ex_stage_i/i_mult/i_multiplier/mult_result_d__1 output is connected to registers with an asynchronous reset (i_ariane/i_cva6/ex_stage_i/i_mult/i_multiplier/mult_result_q_reg[10]__0). This is preventing the possibility of merging these registers in to the DSP Block since the DSP block registers only possess synchronous reset capability.  It is suggested to recode or change these registers to remove the reset or use a synchronous reset to get the best optimization for performance, power and area.
WARNING: [DRC DPOR-1] Asynchronous load check: DSP i_ariane/i_cva6/ex_stage_i/i_mult/i_multiplier/mult_result_d__1 output is connected to registers with an asynchronous reset (i_ariane/i_cva6/ex_stage_i/i_mult/i_multiplier/mult_result_q_reg[11]__0). This is preventing the possibility of merging these registers in to the DSP Block since the DSP block registers only possess synchronous reset capability.  It is suggested to recode or change these registers to remove the reset or use a synchronous reset to get the best optimization for performance, power and area.
WARNING: [DRC DPOR-1] Asynchronous load check: DSP i_ariane/i_cva6/ex_stage_i/i_mult/i_multiplier/mult_result_d__1 output is connected to registers with an asynchronous reset (i_ariane/i_cva6/ex_stage_i/i_mult/i_multiplier/mult_result_q_reg[12]__0). This is preventing the possibility of merging these registers in to the DSP Block since the DSP block registers only possess synchronous reset capability.  It is suggested to recode or change these registers to remove the reset or use a synchronous reset to get the best optimization for performance, power and area.
WARNING: [DRC DPOR-1] Asynchronous load check: DSP i_ariane/i_cva6/ex_stage_i/i_mult/i_multiplier/mult_result_d__1 output is connected to registers with an asynchronous reset (i_ariane/i_cva6/ex_stage_i/i_mult/i_multiplier/mult_result_q_reg[13]__0). This is preventing the possibility of merging these registers in to the DSP Block since the DSP block registers only possess synchronous reset capability.  It is suggested to recode or change these registers to remove the reset or use a synchronous reset to get the best optimization for performance, power and area.
WARNING: [DRC DPOR-1] Asynchronous load check: DSP i_ariane/i_cva6/ex_stage_i/i_mult/i_multiplier/mult_result_d__1 output is connected to registers with an asynchronous reset (i_ariane/i_cva6/ex_stage_i/i_mult/i_multiplier/mult_result_q_reg[14]__0). This is preventing the possibility of merging these registers in to the DSP Block since the DSP block registers only possess synchronous reset capability.  It is suggested to recode or change these registers to remove the reset or use a synchronous reset to get the best optimization for performance, power and area.
WARNING: [DRC DPOR-1] Asynchronous load check: DSP i_ariane/i_cva6/ex_stage_i/i_mult/i_multiplier/mult_result_d__1 output is connected to registers with an asynchronous reset (i_ariane/i_cva6/ex_stage_i/i_mult/i_multiplier/mult_result_q_reg[15]__0). This is preventing the possibility of merging these registers in to the DSP Block since the DSP block registers only possess synchronous reset capability.  It is suggested to recode or change these registers to remove the reset or use a synchronous reset to get the best optimization for performance, power and area.
WARNING: [DRC DPOR-1] Asynchronous load check: DSP i_ariane/i_cva6/ex_stage_i/i_mult/i_multiplier/mult_result_d__1 output is connected to registers with an asynchronous reset (i_ariane/i_cva6/ex_stage_i/i_mult/i_multiplier/mult_result_q_reg[16]__0). This is preventing the possibility of merging these registers in to the DSP Block since the DSP block registers only possess synchronous reset capability.  It is suggested to recode or change these registers to remove the reset or use a synchronous reset to get the best optimization for performance, power and area.
WARNING: [DRC DPOR-1] Asynchronous load check: DSP i_ariane/i_cva6/ex_stage_i/i_mult/i_multiplier/mult_result_d__1 output is connected to registers with an asynchronous reset (i_ariane/i_cva6/ex_stage_i/i_mult/i_multiplier/mult_result_q_reg[1]__0). This is preventing the possibility of merging these registers in to the DSP Block since the DSP block registers only possess synchronous reset capability.  It is suggested to recode or change these registers to remove the reset or use a synchronous reset to get the best optimization for performance, power and area.
WARNING: [DRC DPOR-1] Asynchronous load check: DSP i_ariane/i_cva6/ex_stage_i/i_mult/i_multiplier/mult_result_d__1 output is connected to registers with an asynchronous reset (i_ariane/i_cva6/ex_stage_i/i_mult/i_multiplier/mult_result_q_reg[2]__0). This is preventing the possibility of merging these registers in to the DSP Block since the DSP block registers only possess synchronous reset capability.  It is suggested to recode or change these registers to remove the reset or use a synchronous reset to get the best optimization for performance, power and area.
WARNING: [DRC DPOR-1] Asynchronous load check: DSP i_ariane/i_cva6/ex_stage_i/i_mult/i_multiplier/mult_result_d__1 output is connected to registers with an asynchronous reset (i_ariane/i_cva6/ex_stage_i/i_mult/i_multiplier/mult_result_q_reg[3]__0). This is preventing the possibility of merging these registers in to the DSP Block since the DSP block registers only possess synchronous reset capability.  It is suggested to recode or change these registers to remove the reset or use a synchronous reset to get the best optimization for performance, power and area.
WARNING: [DRC DPOR-1] Asynchronous load check: DSP i_ariane/i_cva6/ex_stage_i/i_mult/i_multiplier/mult_result_d__1 output is connected to registers with an asynchronous reset (i_ariane/i_cva6/ex_stage_i/i_mult/i_multiplier/mult_result_q_reg[4]__0). This is preventing the possibility of merging these registers in to the DSP Block since the DSP block registers only possess synchronous reset capability.  It is suggested to recode or change these registers to remove the reset or use a synchronous reset to get the best optimization for performance, power and area.
WARNING: [DRC DPOR-1] Asynchronous load check: DSP i_ariane/i_cva6/ex_stage_i/i_mult/i_multiplier/mult_result_d__1 output is connected to registers with an asynchronous reset (i_ariane/i_cva6/ex_stage_i/i_mult/i_multiplier/mult_result_q_reg[5]__0). This is preventing the possibility of merging these registers in to the DSP Block since the DSP block registers only possess synchronous reset capability.  It is suggested to recode or change these registers to remove the reset or use a synchronous reset to get the best optimization for performance, power and area.
WARNING: [DRC DPOR-1] Asynchronous load check: DSP i_ariane/i_cva6/ex_stage_i/i_mult/i_multiplier/mult_result_d__1 output is connected to registers with an asynchronous reset (i_ariane/i_cva6/ex_stage_i/i_mult/i_multiplier/mult_result_q_reg[6]__0). This is preventing the possibility of merging these registers in to the DSP Block since the DSP block registers only possess synchronous reset capability.  It is suggested to recode or change these registers to remove the reset or use a synchronous reset to get the best optimization for performance, power and area.
WARNING: [DRC DPOR-1] Asynchronous load check: DSP i_ariane/i_cva6/ex_stage_i/i_mult/i_multiplier/mult_result_d__1 output is connected to registers with an asynchronous reset (i_ariane/i_cva6/ex_stage_i/i_mult/i_multiplier/mult_result_q_reg[7]__0). This is preventing the possibility of merging these registers in to the DSP Block since the DSP block registers only possess synchronous reset capability.  It is suggested to recode or change these registers to remove the reset or use a synchronous reset to get the best optimization for performance, power and area.
WARNING: [DRC DPOR-1] Asynchronous load check: DSP i_ariane/i_cva6/ex_stage_i/i_mult/i_multiplier/mult_result_d__1 output is connected to registers with an asynchronous reset (i_ariane/i_cva6/ex_stage_i/i_mult/i_multiplier/mult_result_q_reg[8]__0). This is preventing the possibility of merging these registers in to the DSP Block since the DSP block registers only possess synchronous reset capability.  It is suggested to recode or change these registers to remove the reset or use a synchronous reset to get the best optimization for performance, power and area.
WARNING: [DRC DPOR-1] Asynchronous load check: DSP i_ariane/i_cva6/ex_stage_i/i_mult/i_multiplier/mult_result_d__1 output is connected to registers with an asynchronous reset (i_ariane/i_cva6/ex_stage_i/i_mult/i_multiplier/mult_result_q_reg[9]__0). This is preventing the possibility of merging these registers in to the DSP Block since the DSP block registers only possess synchronous reset capability.  It is suggested to recode or change these registers to remove the reset or use a synchronous reset to get the best optimization for performance, power and area.
WARNING: [DRC DPOR-1] Asynchronous load check: DSP i_ariane/i_cva6/ex_stage_i/i_mult/i_multiplier/mult_result_d__11 output is connected to registers with an asynchronous reset (i_ariane/i_cva6/ex_stage_i/i_mult/i_multiplier/mult_result_q_reg[0]__6). This is preventing the possibility of merging these registers in to the DSP Block since the DSP block registers only possess synchronous reset capability.  It is suggested to recode or change these registers to remove the reset or use a synchronous reset to get the best optimization for performance, power and area.
WARNING: [DRC DPOR-1] Asynchronous load check: DSP i_ariane/i_cva6/ex_stage_i/i_mult/i_multiplier/mult_result_d__11 output is connected to registers with an asynchronous reset (i_ariane/i_cva6/ex_stage_i/i_mult/i_multiplier/mult_result_q_reg[10]__6). This is preventing the possibility of merging these registers in to the DSP Block since the DSP block registers only possess synchronous reset capability.  It is suggested to recode or change these registers to remove the reset or use a synchronous reset to get the best optimization for performance, power and area.
WARNING: [DRC DPOR-1] Asynchronous load check: DSP i_ariane/i_cva6/ex_stage_i/i_mult/i_multiplier/mult_result_d__11 output is connected to registers with an asynchronous reset (i_ariane/i_cva6/ex_stage_i/i_mult/i_multiplier/mult_result_q_reg[11]__6). This is preventing the possibility of merging these registers in to the DSP Block since the DSP block registers only possess synchronous reset capability.  It is suggested to recode or change these registers to remove the reset or use a synchronous reset to get the best optimization for performance, power and area.
WARNING: [DRC DPOR-1] Asynchronous load check: DSP i_ariane/i_cva6/ex_stage_i/i_mult/i_multiplier/mult_result_d__11 output is connected to registers with an asynchronous reset (i_ariane/i_cva6/ex_stage_i/i_mult/i_multiplier/mult_result_q_reg[12]__6). This is preventing the possibility of merging these registers in to the DSP Block since the DSP block registers only possess synchronous reset capability.  It is suggested to recode or change these registers to remove the reset or use a synchronous reset to get the best optimization for performance, power and area.
WARNING: [DRC DPOR-1] Asynchronous load check: DSP i_ariane/i_cva6/ex_stage_i/i_mult/i_multiplier/mult_result_d__11 output is connected to registers with an asynchronous reset (i_ariane/i_cva6/ex_stage_i/i_mult/i_multiplier/mult_result_q_reg[13]__6). This is preventing the possibility of merging these registers in to the DSP Block since the DSP block registers only possess synchronous reset capability.  It is suggested to recode or change these registers to remove the reset or use a synchronous reset to get the best optimization for performance, power and area.
WARNING: [DRC DPOR-1] Asynchronous load check: DSP i_ariane/i_cva6/ex_stage_i/i_mult/i_multiplier/mult_result_d__11 output is connected to registers with an asynchronous reset (i_ariane/i_cva6/ex_stage_i/i_mult/i_multiplier/mult_result_q_reg[14]__6). This is preventing the possibility of merging these registers in to the DSP Block since the DSP block registers only possess synchronous reset capability.  It is suggested to recode or change these registers to remove the reset or use a synchronous reset to get the best optimization for performance, power and area.
WARNING: [DRC DPOR-1] Asynchronous load check: DSP i_ariane/i_cva6/ex_stage_i/i_mult/i_multiplier/mult_result_d__11 output is connected to registers with an asynchronous reset (i_ariane/i_cva6/ex_stage_i/i_mult/i_multiplier/mult_result_q_reg[15]__6). This is preventing the possibility of merging these registers in to the DSP Block since the DSP block registers only possess synchronous reset capability.  It is suggested to recode or change these registers to remove the reset or use a synchronous reset to get the best optimization for performance, power and area.
WARNING: [DRC DPOR-1] Asynchronous load check: DSP i_ariane/i_cva6/ex_stage_i/i_mult/i_multiplier/mult_result_d__11 output is connected to registers with an asynchronous reset (i_ariane/i_cva6/ex_stage_i/i_mult/i_multiplier/mult_result_q_reg[16]__6). This is preventing the possibility of merging these registers in to the DSP Block since the DSP block registers only possess synchronous reset capability.  It is suggested to recode or change these registers to remove the reset or use a synchronous reset to get the best optimization for performance, power and area.
WARNING: [DRC DPOR-1] Asynchronous load check: DSP i_ariane/i_cva6/ex_stage_i/i_mult/i_multiplier/mult_result_d__11 output is connected to registers with an asynchronous reset (i_ariane/i_cva6/ex_stage_i/i_mult/i_multiplier/mult_result_q_reg[1]__6). This is preventing the possibility of merging these registers in to the DSP Block since the DSP block registers only possess synchronous reset capability.  It is suggested to recode or change these registers to remove the reset or use a synchronous reset to get the best optimization for performance, power and area.
WARNING: [DRC DPOR-1] Asynchronous load check: DSP i_ariane/i_cva6/ex_stage_i/i_mult/i_multiplier/mult_result_d__11 output is connected to registers with an asynchronous reset (i_ariane/i_cva6/ex_stage_i/i_mult/i_multiplier/mult_result_q_reg[2]__6). This is preventing the possibility of merging these registers in to the DSP Block since the DSP block registers only possess synchronous reset capability.  It is suggested to recode or change these registers to remove the reset or use a synchronous reset to get the best optimization for performance, power and area.
WARNING: [DRC DPOR-1] Asynchronous load check: DSP i_ariane/i_cva6/ex_stage_i/i_mult/i_multiplier/mult_result_d__11 output is connected to registers with an asynchronous reset (i_ariane/i_cva6/ex_stage_i/i_mult/i_multiplier/mult_result_q_reg[3]__6). This is preventing the possibility of merging these registers in to the DSP Block since the DSP block registers only possess synchronous reset capability.  It is suggested to recode or change these registers to remove the reset or use a synchronous reset to get the best optimization for performance, power and area.
WARNING: [DRC DPOR-1] Asynchronous load check: DSP i_ariane/i_cva6/ex_stage_i/i_mult/i_multiplier/mult_result_d__11 output is connected to registers with an asynchronous reset (i_ariane/i_cva6/ex_stage_i/i_mult/i_multiplier/mult_result_q_reg[4]__6). This is preventing the possibility of merging these registers in to the DSP Block since the DSP block registers only possess synchronous reset capability.  It is suggested to recode or change these registers to remove the reset or use a synchronous reset to get the best optimization for performance, power and area.
WARNING: [DRC DPOR-1] Asynchronous load check: DSP i_ariane/i_cva6/ex_stage_i/i_mult/i_multiplier/mult_result_d__11 output is connected to registers with an asynchronous reset (i_ariane/i_cva6/ex_stage_i/i_mult/i_multiplier/mult_result_q_reg[5]__6). This is preventing the possibility of merging these registers in to the DSP Block since the DSP block registers only possess synchronous reset capability.  It is suggested to recode or change these registers to remove the reset or use a synchronous reset to get the best optimization for performance, power and area.
WARNING: [DRC DPOR-1] Asynchronous load check: DSP i_ariane/i_cva6/ex_stage_i/i_mult/i_multiplier/mult_result_d__11 output is connected to registers with an asynchronous reset (i_ariane/i_cva6/ex_stage_i/i_mult/i_multiplier/mult_result_q_reg[6]__6). This is preventing the possibility of merging these registers in to the DSP Block since the DSP block registers only possess synchronous reset capability.  It is suggested to recode or change these registers to remove the reset or use a synchronous reset to get the best optimization for performance, power and area.
WARNING: [DRC DPOR-1] Asynchronous load check: DSP i_ariane/i_cva6/ex_stage_i/i_mult/i_multiplier/mult_result_d__11 output is connected to registers with an asynchronous reset (i_ariane/i_cva6/ex_stage_i/i_mult/i_multiplier/mult_result_q_reg[7]__6). This is preventing the possibility of merging these registers in to the DSP Block since the DSP block registers only possess synchronous reset capability.  It is suggested to recode or change these registers to remove the reset or use a synchronous reset to get the best optimization for performance, power and area.
WARNING: [DRC DPOR-1] Asynchronous load check: DSP i_ariane/i_cva6/ex_stage_i/i_mult/i_multiplier/mult_result_d__11 output is connected to registers with an asynchronous reset (i_ariane/i_cva6/ex_stage_i/i_mult/i_multiplier/mult_result_q_reg[8]__6). This is preventing the possibility of merging these registers in to the DSP Block since the DSP block registers only possess synchronous reset capability.  It is suggested to recode or change these registers to remove the reset or use a synchronous reset to get the best optimization for performance, power and area.
WARNING: [DRC DPOR-1] Asynchronous load check: DSP i_ariane/i_cva6/ex_stage_i/i_mult/i_multiplier/mult_result_d__11 output is connected to registers with an asynchronous reset (i_ariane/i_cva6/ex_stage_i/i_mult/i_multiplier/mult_result_q_reg[9]__6). This is preventing the possibility of merging these registers in to the DSP Block since the DSP block registers only possess synchronous reset capability.  It is suggested to recode or change these registers to remove the reset or use a synchronous reset to get the best optimization for performance, power and area.
WARNING: [DRC DPOR-1] Asynchronous load check: DSP i_ariane/i_cva6/ex_stage_i/i_mult/i_multiplier/mult_result_d__13 output is connected to registers with an asynchronous reset (i_ariane/i_cva6/ex_stage_i/i_mult/i_multiplier/mult_result_q_reg[0]__7). This is preventing the possibility of merging these registers in to the DSP Block since the DSP block registers only possess synchronous reset capability.  It is suggested to recode or change these registers to remove the reset or use a synchronous reset to get the best optimization for performance, power and area.
WARNING: [DRC DPOR-1] Asynchronous load check: DSP i_ariane/i_cva6/ex_stage_i/i_mult/i_multiplier/mult_result_d__13 output is connected to registers with an asynchronous reset (i_ariane/i_cva6/ex_stage_i/i_mult/i_multiplier/mult_result_q_reg[10]__7). This is preventing the possibility of merging these registers in to the DSP Block since the DSP block registers only possess synchronous reset capability.  It is suggested to recode or change these registers to remove the reset or use a synchronous reset to get the best optimization for performance, power and area.
WARNING: [DRC DPOR-1] Asynchronous load check: DSP i_ariane/i_cva6/ex_stage_i/i_mult/i_multiplier/mult_result_d__13 output is connected to registers with an asynchronous reset (i_ariane/i_cva6/ex_stage_i/i_mult/i_multiplier/mult_result_q_reg[11]__7). This is preventing the possibility of merging these registers in to the DSP Block since the DSP block registers only possess synchronous reset capability.  It is suggested to recode or change these registers to remove the reset or use a synchronous reset to get the best optimization for performance, power and area.
WARNING: [DRC DPOR-1] Asynchronous load check: DSP i_ariane/i_cva6/ex_stage_i/i_mult/i_multiplier/mult_result_d__13 output is connected to registers with an asynchronous reset (i_ariane/i_cva6/ex_stage_i/i_mult/i_multiplier/mult_result_q_reg[12]__7). This is preventing the possibility of merging these registers in to the DSP Block since the DSP block registers only possess synchronous reset capability.  It is suggested to recode or change these registers to remove the reset or use a synchronous reset to get the best optimization for performance, power and area.
WARNING: [DRC DPOR-1] Asynchronous load check: DSP i_ariane/i_cva6/ex_stage_i/i_mult/i_multiplier/mult_result_d__13 output is connected to registers with an asynchronous reset (i_ariane/i_cva6/ex_stage_i/i_mult/i_multiplier/mult_result_q_reg[13]__7). This is preventing the possibility of merging these registers in to the DSP Block since the DSP block registers only possess synchronous reset capability.  It is suggested to recode or change these registers to remove the reset or use a synchronous reset to get the best optimization for performance, power and area.
WARNING: [DRC DPOR-1] Asynchronous load check: DSP i_ariane/i_cva6/ex_stage_i/i_mult/i_multiplier/mult_result_d__13 output is connected to registers with an asynchronous reset (i_ariane/i_cva6/ex_stage_i/i_mult/i_multiplier/mult_result_q_reg[14]__7). This is preventing the possibility of merging these registers in to the DSP Block since the DSP block registers only possess synchronous reset capability.  It is suggested to recode or change these registers to remove the reset or use a synchronous reset to get the best optimization for performance, power and area.
WARNING: [DRC DPOR-1] Asynchronous load check: DSP i_ariane/i_cva6/ex_stage_i/i_mult/i_multiplier/mult_result_d__13 output is connected to registers with an asynchronous reset (i_ariane/i_cva6/ex_stage_i/i_mult/i_multiplier/mult_result_q_reg[15]__7). This is preventing the possibility of merging these registers in to the DSP Block since the DSP block registers only possess synchronous reset capability.  It is suggested to recode or change these registers to remove the reset or use a synchronous reset to get the best optimization for performance, power and area.
WARNING: [DRC DPOR-1] Asynchronous load check: DSP i_ariane/i_cva6/ex_stage_i/i_mult/i_multiplier/mult_result_d__13 output is connected to registers with an asynchronous reset (i_ariane/i_cva6/ex_stage_i/i_mult/i_multiplier/mult_result_q_reg[16]__7). This is preventing the possibility of merging these registers in to the DSP Block since the DSP block registers only possess synchronous reset capability.  It is suggested to recode or change these registers to remove the reset or use a synchronous reset to get the best optimization for performance, power and area.
WARNING: [DRC DPOR-1] Asynchronous load check: DSP i_ariane/i_cva6/ex_stage_i/i_mult/i_multiplier/mult_result_d__13 output is connected to registers with an asynchronous reset (i_ariane/i_cva6/ex_stage_i/i_mult/i_multiplier/mult_result_q_reg[1]__7). This is preventing the possibility of merging these registers in to the DSP Block since the DSP block registers only possess synchronous reset capability.  It is suggested to recode or change these registers to remove the reset or use a synchronous reset to get the best optimization for performance, power and area.
WARNING: [DRC DPOR-1] Asynchronous load check: DSP i_ariane/i_cva6/ex_stage_i/i_mult/i_multiplier/mult_result_d__13 output is connected to registers with an asynchronous reset (i_ariane/i_cva6/ex_stage_i/i_mult/i_multiplier/mult_result_q_reg[2]__7). This is preventing the possibility of merging these registers in to the DSP Block since the DSP block registers only possess synchronous reset capability.  It is suggested to recode or change these registers to remove the reset or use a synchronous reset to get the best optimization for performance, power and area.
WARNING: [DRC DPOR-1] Asynchronous load check: DSP i_ariane/i_cva6/ex_stage_i/i_mult/i_multiplier/mult_result_d__13 output is connected to registers with an asynchronous reset (i_ariane/i_cva6/ex_stage_i/i_mult/i_multiplier/mult_result_q_reg[3]__7). This is preventing the possibility of merging these registers in to the DSP Block since the DSP block registers only possess synchronous reset capability.  It is suggested to recode or change these registers to remove the reset or use a synchronous reset to get the best optimization for performance, power and area.
WARNING: [DRC DPOR-1] Asynchronous load check: DSP i_ariane/i_cva6/ex_stage_i/i_mult/i_multiplier/mult_result_d__13 output is connected to registers with an asynchronous reset (i_ariane/i_cva6/ex_stage_i/i_mult/i_multiplier/mult_result_q_reg[4]__7). This is preventing the possibility of merging these registers in to the DSP Block since the DSP block registers only possess synchronous reset capability.  It is suggested to recode or change these registers to remove the reset or use a synchronous reset to get the best optimization for performance, power and area.
WARNING: [DRC DPOR-1] Asynchronous load check: DSP i_ariane/i_cva6/ex_stage_i/i_mult/i_multiplier/mult_result_d__13 output is connected to registers with an asynchronous reset (i_ariane/i_cva6/ex_stage_i/i_mult/i_multiplier/mult_result_q_reg[5]__7). This is preventing the possibility of merging these registers in to the DSP Block since the DSP block registers only possess synchronous reset capability.  It is suggested to recode or change these registers to remove the reset or use a synchronous reset to get the best optimization for performance, power and area.
WARNING: [DRC DPOR-1] Asynchronous load check: DSP i_ariane/i_cva6/ex_stage_i/i_mult/i_multiplier/mult_result_d__13 output is connected to registers with an asynchronous reset (i_ariane/i_cva6/ex_stage_i/i_mult/i_multiplier/mult_result_q_reg[6]__7). This is preventing the possibility of merging these registers in to the DSP Block since the DSP block registers only possess synchronous reset capability.  It is suggested to recode or change these registers to remove the reset or use a synchronous reset to get the best optimization for performance, power and area.
WARNING: [DRC DPOR-1] Asynchronous load check: DSP i_ariane/i_cva6/ex_stage_i/i_mult/i_multiplier/mult_result_d__13 output is connected to registers with an asynchronous reset (i_ariane/i_cva6/ex_stage_i/i_mult/i_multiplier/mult_result_q_reg[7]__7). This is preventing the possibility of merging these registers in to the DSP Block since the DSP block registers only possess synchronous reset capability.  It is suggested to recode or change these registers to remove the reset or use a synchronous reset to get the best optimization for performance, power and area.
WARNING: [DRC DPOR-1] Asynchronous load check: DSP i_ariane/i_cva6/ex_stage_i/i_mult/i_multiplier/mult_result_d__13 output is connected to registers with an asynchronous reset (i_ariane/i_cva6/ex_stage_i/i_mult/i_multiplier/mult_result_q_reg[8]__7). This is preventing the possibility of merging these registers in to the DSP Block since the DSP block registers only possess synchronous reset capability.  It is suggested to recode or change these registers to remove the reset or use a synchronous reset to get the best optimization for performance, power and area.
WARNING: [DRC DPOR-1] Asynchronous load check: DSP i_ariane/i_cva6/ex_stage_i/i_mult/i_multiplier/mult_result_d__13 output is connected to registers with an asynchronous reset (i_ariane/i_cva6/ex_stage_i/i_mult/i_multiplier/mult_result_q_reg[9]__7). This is preventing the possibility of merging these registers in to the DSP Block since the DSP block registers only possess synchronous reset capability.  It is suggested to recode or change these registers to remove the reset or use a synchronous reset to get the best optimization for performance, power and area.
WARNING: [DRC DPOR-1] Asynchronous load check: DSP i_ariane/i_cva6/ex_stage_i/i_mult/i_multiplier/mult_result_d__4 output is connected to registers with an asynchronous reset (i_ariane/i_cva6/ex_stage_i/i_mult/i_multiplier/mult_result_q_reg[0]__2). This is preventing the possibility of merging these registers in to the DSP Block since the DSP block registers only possess synchronous reset capability.  It is suggested to recode or change these registers to remove the reset or use a synchronous reset to get the best optimization for performance, power and area.
WARNING: [DRC DPOR-1] Asynchronous load check: DSP i_ariane/i_cva6/ex_stage_i/i_mult/i_multiplier/mult_result_d__4 output is connected to registers with an asynchronous reset (i_ariane/i_cva6/ex_stage_i/i_mult/i_multiplier/mult_result_q_reg[10]__2). This is preventing the possibility of merging these registers in to the DSP Block since the DSP block registers only possess synchronous reset capability.  It is suggested to recode or change these registers to remove the reset or use a synchronous reset to get the best optimization for performance, power and area.
WARNING: [DRC DPOR-1] Asynchronous load check: DSP i_ariane/i_cva6/ex_stage_i/i_mult/i_multiplier/mult_result_d__4 output is connected to registers with an asynchronous reset (i_ariane/i_cva6/ex_stage_i/i_mult/i_multiplier/mult_result_q_reg[11]__2). This is preventing the possibility of merging these registers in to the DSP Block since the DSP block registers only possess synchronous reset capability.  It is suggested to recode or change these registers to remove the reset or use a synchronous reset to get the best optimization for performance, power and area.
WARNING: [DRC DPOR-1] Asynchronous load check: DSP i_ariane/i_cva6/ex_stage_i/i_mult/i_multiplier/mult_result_d__4 output is connected to registers with an asynchronous reset (i_ariane/i_cva6/ex_stage_i/i_mult/i_multiplier/mult_result_q_reg[12]__2). This is preventing the possibility of merging these registers in to the DSP Block since the DSP block registers only possess synchronous reset capability.  It is suggested to recode or change these registers to remove the reset or use a synchronous reset to get the best optimization for performance, power and area.
WARNING: [DRC DPOR-1] Asynchronous load check: DSP i_ariane/i_cva6/ex_stage_i/i_mult/i_multiplier/mult_result_d__4 output is connected to registers with an asynchronous reset (i_ariane/i_cva6/ex_stage_i/i_mult/i_multiplier/mult_result_q_reg[13]__2). This is preventing the possibility of merging these registers in to the DSP Block since the DSP block registers only possess synchronous reset capability.  It is suggested to recode or change these registers to remove the reset or use a synchronous reset to get the best optimization for performance, power and area.
WARNING: [DRC DPOR-1] Asynchronous load check: DSP i_ariane/i_cva6/ex_stage_i/i_mult/i_multiplier/mult_result_d__4 output is connected to registers with an asynchronous reset (i_ariane/i_cva6/ex_stage_i/i_mult/i_multiplier/mult_result_q_reg[14]__2). This is preventing the possibility of merging these registers in to the DSP Block since the DSP block registers only possess synchronous reset capability.  It is suggested to recode or change these registers to remove the reset or use a synchronous reset to get the best optimization for performance, power and area.
WARNING: [DRC DPOR-1] Asynchronous load check: DSP i_ariane/i_cva6/ex_stage_i/i_mult/i_multiplier/mult_result_d__4 output is connected to registers with an asynchronous reset (i_ariane/i_cva6/ex_stage_i/i_mult/i_multiplier/mult_result_q_reg[15]__2). This is preventing the possibility of merging these registers in to the DSP Block since the DSP block registers only possess synchronous reset capability.  It is suggested to recode or change these registers to remove the reset or use a synchronous reset to get the best optimization for performance, power and area.
WARNING: [DRC DPOR-1] Asynchronous load check: DSP i_ariane/i_cva6/ex_stage_i/i_mult/i_multiplier/mult_result_d__4 output is connected to registers with an asynchronous reset (i_ariane/i_cva6/ex_stage_i/i_mult/i_multiplier/mult_result_q_reg[16]__2). This is preventing the possibility of merging these registers in to the DSP Block since the DSP block registers only possess synchronous reset capability.  It is suggested to recode or change these registers to remove the reset or use a synchronous reset to get the best optimization for performance, power and area.
WARNING: [DRC DPOR-1] Asynchronous load check: DSP i_ariane/i_cva6/ex_stage_i/i_mult/i_multiplier/mult_result_d__4 output is connected to registers with an asynchronous reset (i_ariane/i_cva6/ex_stage_i/i_mult/i_multiplier/mult_result_q_reg[1]__2). This is preventing the possibility of merging these registers in to the DSP Block since the DSP block registers only possess synchronous reset capability.  It is suggested to recode or change these registers to remove the reset or use a synchronous reset to get the best optimization for performance, power and area.
WARNING: [DRC DPOR-1] Asynchronous load check: DSP i_ariane/i_cva6/ex_stage_i/i_mult/i_multiplier/mult_result_d__4 output is connected to registers with an asynchronous reset (i_ariane/i_cva6/ex_stage_i/i_mult/i_multiplier/mult_result_q_reg[2]__2). This is preventing the possibility of merging these registers in to the DSP Block since the DSP block registers only possess synchronous reset capability.  It is suggested to recode or change these registers to remove the reset or use a synchronous reset to get the best optimization for performance, power and area.
WARNING: [DRC DPOR-1] Asynchronous load check: DSP i_ariane/i_cva6/ex_stage_i/i_mult/i_multiplier/mult_result_d__4 output is connected to registers with an asynchronous reset (i_ariane/i_cva6/ex_stage_i/i_mult/i_multiplier/mult_result_q_reg[3]__2). This is preventing the possibility of merging these registers in to the DSP Block since the DSP block registers only possess synchronous reset capability.  It is suggested to recode or change these registers to remove the reset or use a synchronous reset to get the best optimization for performance, power and area.
WARNING: [DRC DPOR-1] Asynchronous load check: DSP i_ariane/i_cva6/ex_stage_i/i_mult/i_multiplier/mult_result_d__4 output is connected to registers with an asynchronous reset (i_ariane/i_cva6/ex_stage_i/i_mult/i_multiplier/mult_result_q_reg[4]__2). This is preventing the possibility of merging these registers in to the DSP Block since the DSP block registers only possess synchronous reset capability.  It is suggested to recode or change these registers to remove the reset or use a synchronous reset to get the best optimization for performance, power and area.
WARNING: [DRC DPOR-1] Asynchronous load check: DSP i_ariane/i_cva6/ex_stage_i/i_mult/i_multiplier/mult_result_d__4 output is connected to registers with an asynchronous reset (i_ariane/i_cva6/ex_stage_i/i_mult/i_multiplier/mult_result_q_reg[5]__2). This is preventing the possibility of merging these registers in to the DSP Block since the DSP block registers only possess synchronous reset capability.  It is suggested to recode or change these registers to remove the reset or use a synchronous reset to get the best optimization for performance, power and area.
WARNING: [DRC DPOR-1] Asynchronous load check: DSP i_ariane/i_cva6/ex_stage_i/i_mult/i_multiplier/mult_result_d__4 output is connected to registers with an asynchronous reset (i_ariane/i_cva6/ex_stage_i/i_mult/i_multiplier/mult_result_q_reg[6]__2). This is preventing the possibility of merging these registers in to the DSP Block since the DSP block registers only possess synchronous reset capability.  It is suggested to recode or change these registers to remove the reset or use a synchronous reset to get the best optimization for performance, power and area.
WARNING: [DRC DPOR-1] Asynchronous load check: DSP i_ariane/i_cva6/ex_stage_i/i_mult/i_multiplier/mult_result_d__4 output is connected to registers with an asynchronous reset (i_ariane/i_cva6/ex_stage_i/i_mult/i_multiplier/mult_result_q_reg[7]__2). This is preventing the possibility of merging these registers in to the DSP Block since the DSP block registers only possess synchronous reset capability.  It is suggested to recode or change these registers to remove the reset or use a synchronous reset to get the best optimization for performance, power and area.
WARNING: [DRC DPOR-1] Asynchronous load check: DSP i_ariane/i_cva6/ex_stage_i/i_mult/i_multiplier/mult_result_d__4 output is connected to registers with an asynchronous reset (i_ariane/i_cva6/ex_stage_i/i_mult/i_multiplier/mult_result_q_reg[8]__2). This is preventing the possibility of merging these registers in to the DSP Block since the DSP block registers only possess synchronous reset capability.  It is suggested to recode or change these registers to remove the reset or use a synchronous reset to get the best optimization for performance, power and area.
WARNING: [DRC DPOR-1] Asynchronous load check: DSP i_ariane/i_cva6/ex_stage_i/i_mult/i_multiplier/mult_result_d__4 output is connected to registers with an asynchronous reset (i_ariane/i_cva6/ex_stage_i/i_mult/i_multiplier/mult_result_q_reg[9]__2). This is preventing the possibility of merging these registers in to the DSP Block since the DSP block registers only possess synchronous reset capability.  It is suggested to recode or change these registers to remove the reset or use a synchronous reset to get the best optimization for performance, power and area.
WARNING: [DRC DPOR-1] Asynchronous load check: DSP i_ariane/i_cva6/ex_stage_i/i_mult/i_multiplier/mult_result_d__8 output is connected to registers with an asynchronous reset (i_ariane/i_cva6/ex_stage_i/i_mult/i_multiplier/mult_result_q_reg[0]__4). This is preventing the possibility of merging these registers in to the DSP Block since the DSP block registers only possess synchronous reset capability.  It is suggested to recode or change these registers to remove the reset or use a synchronous reset to get the best optimization for performance, power and area.
WARNING: [DRC DPOR-1] Asynchronous load check: DSP i_ariane/i_cva6/ex_stage_i/i_mult/i_multiplier/mult_result_d__8 output is connected to registers with an asynchronous reset (i_ariane/i_cva6/ex_stage_i/i_mult/i_multiplier/mult_result_q_reg[10]__4). This is preventing the possibility of merging these registers in to the DSP Block since the DSP block registers only possess synchronous reset capability.  It is suggested to recode or change these registers to remove the reset or use a synchronous reset to get the best optimization for performance, power and area.
WARNING: [DRC DPOR-1] Asynchronous load check: DSP i_ariane/i_cva6/ex_stage_i/i_mult/i_multiplier/mult_result_d__8 output is connected to registers with an asynchronous reset (i_ariane/i_cva6/ex_stage_i/i_mult/i_multiplier/mult_result_q_reg[11]__4). This is preventing the possibility of merging these registers in to the DSP Block since the DSP block registers only possess synchronous reset capability.  It is suggested to recode or change these registers to remove the reset or use a synchronous reset to get the best optimization for performance, power and area.
WARNING: [DRC DPOR-1] Asynchronous load check: DSP i_ariane/i_cva6/ex_stage_i/i_mult/i_multiplier/mult_result_d__8 output is connected to registers with an asynchronous reset (i_ariane/i_cva6/ex_stage_i/i_mult/i_multiplier/mult_result_q_reg[12]__4). This is preventing the possibility of merging these registers in to the DSP Block since the DSP block registers only possess synchronous reset capability.  It is suggested to recode or change these registers to remove the reset or use a synchronous reset to get the best optimization for performance, power and area.
WARNING: [DRC DPOR-1] Asynchronous load check: DSP i_ariane/i_cva6/ex_stage_i/i_mult/i_multiplier/mult_result_d__8 output is connected to registers with an asynchronous reset (i_ariane/i_cva6/ex_stage_i/i_mult/i_multiplier/mult_result_q_reg[13]__4). This is preventing the possibility of merging these registers in to the DSP Block since the DSP block registers only possess synchronous reset capability.  It is suggested to recode or change these registers to remove the reset or use a synchronous reset to get the best optimization for performance, power and area.
WARNING: [DRC DPOR-1] Asynchronous load check: DSP i_ariane/i_cva6/ex_stage_i/i_mult/i_multiplier/mult_result_d__8 output is connected to registers with an asynchronous reset (i_ariane/i_cva6/ex_stage_i/i_mult/i_multiplier/mult_result_q_reg[14]__4). This is preventing the possibility of merging these registers in to the DSP Block since the DSP block registers only possess synchronous reset capability.  It is suggested to recode or change these registers to remove the reset or use a synchronous reset to get the best optimization for performance, power and area.
WARNING: [DRC DPOR-1] Asynchronous load check: DSP i_ariane/i_cva6/ex_stage_i/i_mult/i_multiplier/mult_result_d__8 output is connected to registers with an asynchronous reset (i_ariane/i_cva6/ex_stage_i/i_mult/i_multiplier/mult_result_q_reg[15]__4). This is preventing the possibility of merging these registers in to the DSP Block since the DSP block registers only possess synchronous reset capability.  It is suggested to recode or change these registers to remove the reset or use a synchronous reset to get the best optimization for performance, power and area.
WARNING: [DRC DPOR-1] Asynchronous load check: DSP i_ariane/i_cva6/ex_stage_i/i_mult/i_multiplier/mult_result_d__8 output is connected to registers with an asynchronous reset (i_ariane/i_cva6/ex_stage_i/i_mult/i_multiplier/mult_result_q_reg[16]__4). This is preventing the possibility of merging these registers in to the DSP Block since the DSP block registers only possess synchronous reset capability.  It is suggested to recode or change these registers to remove the reset or use a synchronous reset to get the best optimization for performance, power and area.
WARNING: [DRC DPOR-1] Asynchronous load check: DSP i_ariane/i_cva6/ex_stage_i/i_mult/i_multiplier/mult_result_d__8 output is connected to registers with an asynchronous reset (i_ariane/i_cva6/ex_stage_i/i_mult/i_multiplier/mult_result_q_reg[1]__4). This is preventing the possibility of merging these registers in to the DSP Block since the DSP block registers only possess synchronous reset capability.  It is suggested to recode or change these registers to remove the reset or use a synchronous reset to get the best optimization for performance, power and area.
WARNING: [DRC DPOR-1] Asynchronous load check: DSP i_ariane/i_cva6/ex_stage_i/i_mult/i_multiplier/mult_result_d__8 output is connected to registers with an asynchronous reset (i_ariane/i_cva6/ex_stage_i/i_mult/i_multiplier/mult_result_q_reg[2]__4). This is preventing the possibility of merging these registers in to the DSP Block since the DSP block registers only possess synchronous reset capability.  It is suggested to recode or change these registers to remove the reset or use a synchronous reset to get the best optimization for performance, power and area.
WARNING: [DRC DPOR-1] Asynchronous load check: DSP i_ariane/i_cva6/ex_stage_i/i_mult/i_multiplier/mult_result_d__8 output is connected to registers with an asynchronous reset (i_ariane/i_cva6/ex_stage_i/i_mult/i_multiplier/mult_result_q_reg[3]__4). This is preventing the possibility of merging these registers in to the DSP Block since the DSP block registers only possess synchronous reset capability.  It is suggested to recode or change these registers to remove the reset or use a synchronous reset to get the best optimization for performance, power and area.
WARNING: [DRC DPOR-1] Asynchronous load check: DSP i_ariane/i_cva6/ex_stage_i/i_mult/i_multiplier/mult_result_d__8 output is connected to registers with an asynchronous reset (i_ariane/i_cva6/ex_stage_i/i_mult/i_multiplier/mult_result_q_reg[4]__4). This is preventing the possibility of merging these registers in to the DSP Block since the DSP block registers only possess synchronous reset capability.  It is suggested to recode or change these registers to remove the reset or use a synchronous reset to get the best optimization for performance, power and area.
WARNING: [DRC DPOR-1] Asynchronous load check: DSP i_ariane/i_cva6/ex_stage_i/i_mult/i_multiplier/mult_result_d__8 output is connected to registers with an asynchronous reset (i_ariane/i_cva6/ex_stage_i/i_mult/i_multiplier/mult_result_q_reg[5]__4). This is preventing the possibility of merging these registers in to the DSP Block since the DSP block registers only possess synchronous reset capability.  It is suggested to recode or change these registers to remove the reset or use a synchronous reset to get the best optimization for performance, power and area.
WARNING: [DRC DPOR-1] Asynchronous load check: DSP i_ariane/i_cva6/ex_stage_i/i_mult/i_multiplier/mult_result_d__8 output is connected to registers with an asynchronous reset (i_ariane/i_cva6/ex_stage_i/i_mult/i_multiplier/mult_result_q_reg[6]__4). This is preventing the possibility of merging these registers in to the DSP Block since the DSP block registers only possess synchronous reset capability.  It is suggested to recode or change these registers to remove the reset or use a synchronous reset to get the best optimization for performance, power and area.
WARNING: [DRC DPOR-1] Asynchronous load check: DSP i_ariane/i_cva6/ex_stage_i/i_mult/i_multiplier/mult_result_d__8 output is connected to registers with an asynchronous reset (i_ariane/i_cva6/ex_stage_i/i_mult/i_multiplier/mult_result_q_reg[7]__4). This is preventing the possibility of merging these registers in to the DSP Block since the DSP block registers only possess synchronous reset capability.  It is suggested to recode or change these registers to remove the reset or use a synchronous reset to get the best optimization for performance, power and area.
INFO: [Common 17-14] Message 'DRC DPOR-1' appears 100 times and further instances of the messages will be disabled. Use the Tcl command set_msg_config to change the current settings.
WARNING: [DRC INBB-2] Black Box Instances: Cell 'i_ariane_peripherals/gen_dma.gen_accel2.i_accel2' of type 'accel_wrap_bb' has undefined contents and is considered a black box.  If a partial bit file is generated for this cell, then the outputs will be undriven, and therefore unknown. It is recommended to insert LUT1 drivers using the flow described in the Dynamic Function eXchange User Guide (UG909).
WARNING: [DRC INBB-2] Black Box Instances: Cell 'i_ariane_peripherals/gen_dma.i_accel1' of type 'accel_wrap__parameterized0_bb' has undefined contents and is considered a black box.  If a partial bit file is generated for this cell, then the outputs will be undriven, and therefore unknown. It is recommended to insert LUT1 drivers using the flow described in the Dynamic Function eXchange User Guide (UG909).
WARNING: [DRC IOSR-1] IOB set reset sharing: IO btnc_i connects to flops which have these i_ariane_peripherals/gen_dma.gen_accel2.i_boundary_cfg_accel2/gen_registered.s\\.b_valid_i_1_n_0, and i_ariane_peripherals/gen_dma.i_boundary_cfg_accel1/gen_registered.s\\.b_valid_i_1_n_0 set/reset signals.  For optimal IOB flop packing there should be only one set/reset signal coming into the IOB.
WARNING: [DRC IOSR-1] IOB set reset sharing: IO btnd_i connects to flops which have these i_ariane_peripherals/gen_dma.gen_accel2.i_boundary_cfg_accel2/gen_registered.s\\.b_valid_i_1_n_0, and i_ariane_peripherals/gen_dma.i_boundary_cfg_accel1/gen_registered.s\\.b_valid_i_1_n_0 set/reset signals.  For optimal IOB flop packing there should be only one set/reset signal coming into the IOB.
WARNING: [DRC IOSR-1] IOB set reset sharing: IO btnl_i connects to flops which have these i_ariane_peripherals/gen_dma.gen_accel2.i_boundary_cfg_accel2/gen_registered.s\\.b_valid_i_1_n_0, and i_ariane_peripherals/gen_dma.i_boundary_cfg_accel1/gen_registered.s\\.b_valid_i_1_n_0 set/reset signals.  For optimal IOB flop packing there should be only one set/reset signal coming into the IOB.
WARNING: [DRC IOSR-1] IOB set reset sharing: IO btnr_i connects to flops which have these i_ariane_peripherals/gen_dma.gen_accel2.i_boundary_cfg_accel2/gen_registered.s\\.b_valid_i_1_n_0, and i_ariane_peripherals/gen_dma.i_boundary_cfg_accel1/gen_registered.s\\.b_valid_i_1_n_0 set/reset signals.  For optimal IOB flop packing there should be only one set/reset signal coming into the IOB.
WARNING: [DRC IOSR-1] IOB set reset sharing: IO btnu_i connects to flops which have these i_ariane_peripherals/gen_dma.gen_accel2.i_boundary_cfg_accel2/gen_registered.s\\.b_valid_i_1_n_0, and i_ariane_peripherals/gen_dma.i_boundary_cfg_accel1/gen_registered.s\\.b_valid_i_1_n_0 set/reset signals.  For optimal IOB flop packing there should be only one set/reset signal coming into the IOB.
WARNING: [DRC PDCN-1569] LUT equation term check: Used physical LUT pin 'A1' of cell i_ariane_peripherals/gen_gpio.i_xlnx_axi_dwidth_converter_gpio/inst/gen_downsizer.gen_simple_downsizer.axi_downsizer_inst/USE_WRITE.write_addr_inst/cmd_queue/inst/fifo_gen_inst/inst_fifo_gen/gconvfifo.rf/grf.rf/gntv_or_sync_fifo.gl0.rd/gr1.gr1_int.rfwft/gpregsm1.user_valid_i_1 (pin i_ariane_peripherals/gen_gpio.i_xlnx_axi_dwidth_converter_gpio/inst/gen_downsizer.gen_simple_downsizer.axi_downsizer_inst/USE_WRITE.write_addr_inst/cmd_queue/inst/fifo_gen_inst/inst_fifo_gen/gconvfifo.rf/grf.rf/gntv_or_sync_fifo.gl0.rd/gr1.gr1_int.rfwft/gpregsm1.user_valid_i_1/I1) is not included in the LUT equation: 'O6=(A5)+((~A5)*(~A4)*A3)'. If this cell is a user instantiated LUT in the design, please remove connectivity to the pin or change the equation and/or INIT string of the LUT to prevent this issue. If the cell is inferred or IP created LUT, please regenerate the IP and/or resynthesize the design to attempt to correct the issue.
WARNING: [DRC PDCN-1569] LUT equation term check: Used physical LUT pin 'A2' of cell i_ariane_peripherals/gen_gpio.i_xlnx_axi_dwidth_converter_gpio/inst/gen_downsizer.gen_simple_downsizer.axi_downsizer_inst/USE_READ.read_addr_inst/cmd_queue/inst/fifo_gen_inst/inst_fifo_gen/gconvfifo.rf/grf.rf/gntv_or_sync_fifo.gl0.rd/gr1.gr1_int.rfwft/gpregsm1.user_valid_i_1 (pin i_ariane_peripherals/gen_gpio.i_xlnx_axi_dwidth_converter_gpio/inst/gen_downsizer.gen_simple_downsizer.axi_downsizer_inst/USE_READ.read_addr_inst/cmd_queue/inst/fifo_gen_inst/inst_fifo_gen/gconvfifo.rf/grf.rf/gntv_or_sync_fifo.gl0.rd/gr1.gr1_int.rfwft/gpregsm1.user_valid_i_1/I1) is not included in the LUT equation: 'O6=(A1)+((~A1)*(~A6)*A4)'. If this cell is a user instantiated LUT in the design, please remove connectivity to the pin or change the equation and/or INIT string of the LUT to prevent this issue. If the cell is inferred or IP created LUT, please regenerate the IP and/or resynthesize the design to attempt to correct the issue.
WARNING: [DRC PDCN-1569] LUT equation term check: Used physical LUT pin 'A2' of cell i_xlnx_axi_clock_converter_ddr/inst/gen_clock_conv.gen_async_conv.asyncfifo_axi/inst_fifo_gen/gaxi_full_lite.gwrite_ch.gwdch2.axi_wdch/grf.rf/gntv_or_sync_fifo.gl0.rd/gr1.gr1_int.rfwft/gpregsm1.user_valid_i_1 (pin i_xlnx_axi_clock_converter_ddr/inst/gen_clock_conv.gen_async_conv.asyncfifo_axi/inst_fifo_gen/gaxi_full_lite.gwrite_ch.gwdch2.axi_wdch/grf.rf/gntv_or_sync_fifo.gl0.rd/gr1.gr1_int.rfwft/gpregsm1.user_valid_i_1/I1) is not included in the LUT equation: 'O6=(A6)+((~A6)*(~A5)*A3)'. If this cell is a user instantiated LUT in the design, please remove connectivity to the pin or change the equation and/or INIT string of the LUT to prevent this issue. If the cell is inferred or IP created LUT, please regenerate the IP and/or resynthesize the design to attempt to correct the issue.
WARNING: [DRC PDCN-1569] LUT equation term check: Used physical LUT pin 'A3' of cell i_ariane_peripherals/gen_spi.i_xlnx_axi_dwidth_converter_spi/inst/gen_downsizer.gen_simple_downsizer.axi_downsizer_inst/USE_READ.read_addr_inst/cmd_queue/inst/fifo_gen_inst/inst_fifo_gen/gconvfifo.rf/grf.rf/gntv_or_sync_fifo.gl0.rd/gr1.gr1_int.rfwft/gpregsm1.user_valid_i_1 (pin i_ariane_peripherals/gen_spi.i_xlnx_axi_dwidth_converter_spi/inst/gen_downsizer.gen_simple_downsizer.axi_downsizer_inst/USE_READ.read_addr_inst/cmd_queue/inst/fifo_gen_inst/inst_fifo_gen/gconvfifo.rf/grf.rf/gntv_or_sync_fifo.gl0.rd/gr1.gr1_int.rfwft/gpregsm1.user_valid_i_1/I1) is not included in the LUT equation: 'O6=(A2)+((~A2)*(~A6)*A5)'. If this cell is a user instantiated LUT in the design, please remove connectivity to the pin or change the equation and/or INIT string of the LUT to prevent this issue. If the cell is inferred or IP created LUT, please regenerate the IP and/or resynthesize the design to attempt to correct the issue.
WARNING: [DRC PDCN-1569] LUT equation term check: Used physical LUT pin 'A3' of cell i_ariane_peripherals/gen_spi.i_xlnx_axi_dwidth_converter_spi/inst/gen_downsizer.gen_simple_downsizer.axi_downsizer_inst/USE_WRITE.write_addr_inst/USE_B_CHANNEL.cmd_b_queue/inst/fifo_gen_inst/inst_fifo_gen/gconvfifo.rf/grf.rf/gntv_or_sync_fifo.gl0.rd/gr1.gr1_int.rfwft/gpregsm1.user_valid_i_1 (pin i_ariane_peripherals/gen_spi.i_xlnx_axi_dwidth_converter_spi/inst/gen_downsizer.gen_simple_downsizer.axi_downsizer_inst/USE_WRITE.write_addr_inst/USE_B_CHANNEL.cmd_b_queue/inst/fifo_gen_inst/inst_fifo_gen/gconvfifo.rf/grf.rf/gntv_or_sync_fifo.gl0.rd/gr1.gr1_int.rfwft/gpregsm1.user_valid_i_1/I1) is not included in the LUT equation: 'O6=(A1)+((~A1)*(~A2)*A6)'. If this cell is a user instantiated LUT in the design, please remove connectivity to the pin or change the equation and/or INIT string of the LUT to prevent this issue. If the cell is inferred or IP created LUT, please regenerate the IP and/or resynthesize the design to attempt to correct the issue.
WARNING: [DRC PDCN-1569] LUT equation term check: Used physical LUT pin 'A4' of cell i_ariane_peripherals/gen_gpio.i_xlnx_axi_dwidth_converter_gpio/inst/gen_downsizer.gen_simple_downsizer.axi_downsizer_inst/USE_WRITE.write_addr_inst/USE_B_CHANNEL.cmd_b_queue/inst/fifo_gen_inst/inst_fifo_gen/gconvfifo.rf/grf.rf/gntv_or_sync_fifo.gl0.rd/gr1.gr1_int.rfwft/gpregsm1.user_valid_i_1 (pin i_ariane_peripherals/gen_gpio.i_xlnx_axi_dwidth_converter_gpio/inst/gen_downsizer.gen_simple_downsizer.axi_downsizer_inst/USE_WRITE.write_addr_inst/USE_B_CHANNEL.cmd_b_queue/inst/fifo_gen_inst/inst_fifo_gen/gconvfifo.rf/grf.rf/gntv_or_sync_fifo.gl0.rd/gr1.gr1_int.rfwft/gpregsm1.user_valid_i_1/I1) is not included in the LUT equation: 'O6=(A5)+((~A5)*(~A1)*A3)'. If this cell is a user instantiated LUT in the design, please remove connectivity to the pin or change the equation and/or INIT string of the LUT to prevent this issue. If the cell is inferred or IP created LUT, please regenerate the IP and/or resynthesize the design to attempt to correct the issue.
WARNING: [DRC PDCN-1569] LUT equation term check: Used physical LUT pin 'A4' of cell i_ariane_peripherals/gen_spi.i_xlnx_axi_dwidth_converter_spi/inst/gen_downsizer.gen_simple_downsizer.axi_downsizer_inst/USE_WRITE.write_addr_inst/cmd_queue/inst/fifo_gen_inst/inst_fifo_gen/gconvfifo.rf/grf.rf/gntv_or_sync_fifo.gl0.rd/gr1.gr1_int.rfwft/gpregsm1.user_valid_i_1 (pin i_ariane_peripherals/gen_spi.i_xlnx_axi_dwidth_converter_spi/inst/gen_downsizer.gen_simple_downsizer.axi_downsizer_inst/USE_WRITE.write_addr_inst/cmd_queue/inst/fifo_gen_inst/inst_fifo_gen/gconvfifo.rf/grf.rf/gntv_or_sync_fifo.gl0.rd/gr1.gr1_int.rfwft/gpregsm1.user_valid_i_1/I1) is not included in the LUT equation: 'O6=(A5)+((~A5)*(~A1)*A3)'. If this cell is a user instantiated LUT in the design, please remove connectivity to the pin or change the equation and/or INIT string of the LUT to prevent this issue. If the cell is inferred or IP created LUT, please regenerate the IP and/or resynthesize the design to attempt to correct the issue.
WARNING: [DRC PDCN-1569] LUT equation term check: Used physical LUT pin 'A5' of cell i_xlnx_axi_clock_converter_ddr/inst/gen_clock_conv.gen_async_conv.asyncfifo_axi/inst_fifo_gen/gaxi_full_lite.gread_ch.grach2.axi_rach/grf.rf/gntv_or_sync_fifo.gl0.rd/gr1.gr1_int.rfwft/gpregsm1.user_valid_i_1 (pin i_xlnx_axi_clock_converter_ddr/inst/gen_clock_conv.gen_async_conv.asyncfifo_axi/inst_fifo_gen/gaxi_full_lite.gread_ch.grach2.axi_rach/grf.rf/gntv_or_sync_fifo.gl0.rd/gr1.gr1_int.rfwft/gpregsm1.user_valid_i_1/I1) is not included in the LUT equation: 'O6=(A6)+((~A6)*(~A4)*A3)'. If this cell is a user instantiated LUT in the design, please remove connectivity to the pin or change the equation and/or INIT string of the LUT to prevent this issue. If the cell is inferred or IP created LUT, please regenerate the IP and/or resynthesize the design to attempt to correct the issue.
WARNING: [DRC PDCN-1569] LUT equation term check: Used physical LUT pin 'A6' of cell i_xlnx_axi_clock_converter_ddr/inst/gen_clock_conv.gen_async_conv.asyncfifo_axi/inst_fifo_gen/gaxi_full_lite.gread_ch.grdch2.axi_rdch/grf.rf/gntv_or_sync_fifo.gl0.rd/gr1.gr1_int.rfwft/gpregsm1.user_valid_i_1 (pin i_xlnx_axi_clock_converter_ddr/inst/gen_clock_conv.gen_async_conv.asyncfifo_axi/inst_fifo_gen/gaxi_full_lite.gread_ch.grdch2.axi_rdch/grf.rf/gntv_or_sync_fifo.gl0.rd/gr1.gr1_int.rfwft/gpregsm1.user_valid_i_1/I1) is not included in the LUT equation: 'O6=(A3)+((~A3)*(~A5)*A1)'. If this cell is a user instantiated LUT in the design, please remove connectivity to the pin or change the equation and/or INIT string of the LUT to prevent this issue. If the cell is inferred or IP created LUT, please regenerate the IP and/or resynthesize the design to attempt to correct the issue.
WARNING: [DRC PDCN-1569] LUT equation term check: Used physical LUT pin 'A6' of cell i_xlnx_axi_clock_converter_ddr/inst/gen_clock_conv.gen_async_conv.asyncfifo_axi/inst_fifo_gen/gaxi_full_lite.gwrite_ch.gwach2.axi_wach/grf.rf/gntv_or_sync_fifo.gl0.rd/gr1.gr1_int.rfwft/gpregsm1.user_valid_i_1 (pin i_xlnx_axi_clock_converter_ddr/inst/gen_clock_conv.gen_async_conv.asyncfifo_axi/inst_fifo_gen/gaxi_full_lite.gwrite_ch.gwach2.axi_wach/grf.rf/gntv_or_sync_fifo.gl0.rd/gr1.gr1_int.rfwft/gpregsm1.user_valid_i_1/I1) is not included in the LUT equation: 'O6=(A5)+((~A5)*(~A1)*A3)'. If this cell is a user instantiated LUT in the design, please remove connectivity to the pin or change the equation and/or INIT string of the LUT to prevent this issue. If the cell is inferred or IP created LUT, please regenerate the IP and/or resynthesize the design to attempt to correct the issue.
WARNING: [DRC PDCN-1569] LUT equation term check: Used physical LUT pin 'A6' of cell i_xlnx_axi_clock_converter_ddr/inst/gen_clock_conv.gen_async_conv.asyncfifo_axi/inst_fifo_gen/gaxi_full_lite.gwrite_ch.gwrch2.axi_wrch/grf.rf/gntv_or_sync_fifo.gl0.rd/gr1.gr1_int.rfwft/gpregsm1.user_valid_i_1 (pin i_xlnx_axi_clock_converter_ddr/inst/gen_clock_conv.gen_async_conv.asyncfifo_axi/inst_fifo_gen/gaxi_full_lite.gwrite_ch.gwrch2.axi_wrch/grf.rf/gntv_or_sync_fifo.gl0.rd/gr1.gr1_int.rfwft/gpregsm1.user_valid_i_1/I1) is not included in the LUT equation: 'O6=(A4)+((~A4)*(~A2)*A1)'. If this cell is a user instantiated LUT in the design, please remove connectivity to the pin or change the equation and/or INIT string of the LUT to prevent this issue. If the cell is inferred or IP created LUT, please regenerate the IP and/or resynthesize the design to attempt to correct the issue.
WARNING: [DRC REQP-1709] Clock output buffering: PLLE2_ADV connectivity violation. The signal i_ddr/u_xlnx_mig_7_ddr3_mig/u_ddr3_infrastructure/pll_clk3_out on the i_ddr/u_xlnx_mig_7_ddr3_mig/u_ddr3_infrastructure/plle2_i/CLKOUT3 pin of i_ddr/u_xlnx_mig_7_ddr3_mig/u_ddr3_infrastructure/plle2_i does not drive the same kind of BUFFER load as the other CLKOUT pins. Routing from the different buffer types will not be phase aligned.
WARNING: [DRC REQP-1839] RAMB36 async control check: The RAMB36E1 i_ariane_peripherals/gen_ethernet.eth_rgmii/RAMB16_inst_rx/genblk1[0].RAMB16_S9_S36_inst has an input control pin i_ariane_peripherals/gen_ethernet.eth_rgmii/RAMB16_inst_rx/genblk1[0].RAMB16_S9_S36_inst/ADDRBWRADDR[13] (net: i_ariane_peripherals/gen_ethernet.eth_rgmii/RAMB16_inst_rx/addrb[8]) which is driven by a register (i_ariane_peripherals/gen_ethernet.i_axi2rom/FSM_sequential_state_q_reg[0]) that has an active asychronous set or reset. This may cause corruption of the memory contents and/or read values when the set/reset is asserted and is not analyzed by the default static timing analysis. It is suggested to eliminate the use of a set/reset to registers driving this RAMB pin or else use a synchronous reset in which the assertion of the reset is timed by default.
WARNING: [DRC REQP-1839] RAMB36 async control check: The RAMB36E1 i_ariane_peripherals/gen_ethernet.eth_rgmii/RAMB16_inst_rx/genblk1[0].RAMB16_S9_S36_inst has an input control pin i_ariane_peripherals/gen_ethernet.eth_rgmii/RAMB16_inst_rx/genblk1[0].RAMB16_S9_S36_inst/ADDRBWRADDR[13] (net: i_ariane_peripherals/gen_ethernet.eth_rgmii/RAMB16_inst_rx/addrb[8]) which is driven by a register (i_ariane_peripherals/gen_ethernet.i_axi2rom/FSM_sequential_state_q_reg[1]) that has an active asychronous set or reset. This may cause corruption of the memory contents and/or read values when the set/reset is asserted and is not analyzed by the default static timing analysis. It is suggested to eliminate the use of a set/reset to registers driving this RAMB pin or else use a synchronous reset in which the assertion of the reset is timed by default.
WARNING: [DRC REQP-1839] RAMB36 async control check: The RAMB36E1 i_ariane_peripherals/gen_ethernet.eth_rgmii/RAMB16_inst_rx/genblk1[0].RAMB16_S9_S36_inst has an input control pin i_ariane_peripherals/gen_ethernet.eth_rgmii/RAMB16_inst_rx/genblk1[0].RAMB16_S9_S36_inst/ADDRBWRADDR[13] (net: i_ariane_peripherals/gen_ethernet.eth_rgmii/RAMB16_inst_rx/addrb[8]) which is driven by a register (i_ariane_peripherals/gen_ethernet.i_axi2rom/FSM_sequential_state_q_reg[2]) that has an active asychronous set or reset. This may cause corruption of the memory contents and/or read values when the set/reset is asserted and is not analyzed by the default static timing analysis. It is suggested to eliminate the use of a set/reset to registers driving this RAMB pin or else use a synchronous reset in which the assertion of the reset is timed by default.
WARNING: [DRC REQP-1839] RAMB36 async control check: The RAMB36E1 i_ariane_peripherals/gen_ethernet.eth_rgmii/RAMB16_inst_rx/genblk1[0].RAMB16_S9_S36_inst has an input control pin i_ariane_peripherals/gen_ethernet.eth_rgmii/RAMB16_inst_rx/genblk1[0].RAMB16_S9_S36_inst/ADDRBWRADDR[13] (net: i_ariane_peripherals/gen_ethernet.eth_rgmii/RAMB16_inst_rx/addrb[8]) which is driven by a register (i_ariane_peripherals/gen_ethernet.i_axi2rom/ax_req_q_reg[addr][10]) that has an active asychronous set or reset. This may cause corruption of the memory contents and/or read values when the set/reset is asserted and is not analyzed by the default static timing analysis. It is suggested to eliminate the use of a set/reset to registers driving this RAMB pin or else use a synchronous reset in which the assertion of the reset is timed by default.
WARNING: [DRC REQP-1839] RAMB36 async control check: The RAMB36E1 i_ariane_peripherals/gen_ethernet.eth_rgmii/RAMB16_inst_rx/genblk1[0].RAMB16_S9_S36_inst has an input control pin i_ariane_peripherals/gen_ethernet.eth_rgmii/RAMB16_inst_rx/genblk1[0].RAMB16_S9_S36_inst/ADDRBWRADDR[13] (net: i_ariane_peripherals/gen_ethernet.eth_rgmii/RAMB16_inst_rx/addrb[8]) which is driven by a register (i_ariane_peripherals/gen_ethernet.i_axi2rom/ax_req_q_reg[addr][11]) that has an active asychronous set or reset. This may cause corruption of the memory contents and/or read values when the set/reset is asserted and is not analyzed by the default static timing analysis. It is suggested to eliminate the use of a set/reset to registers driving this RAMB pin or else use a synchronous reset in which the assertion of the reset is timed by default.
WARNING: [DRC REQP-1839] RAMB36 async control check: The RAMB36E1 i_ariane_peripherals/gen_ethernet.eth_rgmii/RAMB16_inst_rx/genblk1[0].RAMB16_S9_S36_inst has an input control pin i_ariane_peripherals/gen_ethernet.eth_rgmii/RAMB16_inst_rx/genblk1[0].RAMB16_S9_S36_inst/ADDRBWRADDR[13] (net: i_ariane_peripherals/gen_ethernet.eth_rgmii/RAMB16_inst_rx/addrb[8]) which is driven by a register (i_ariane_peripherals/gen_ethernet.i_axi2rom/ax_req_q_reg[addr][12]) that has an active asychronous set or reset. This may cause corruption of the memory contents and/or read values when the set/reset is asserted and is not analyzed by the default static timing analysis. It is suggested to eliminate the use of a set/reset to registers driving this RAMB pin or else use a synchronous reset in which the assertion of the reset is timed by default.
WARNING: [DRC REQP-1839] RAMB36 async control check: The RAMB36E1 i_ariane_peripherals/gen_ethernet.eth_rgmii/RAMB16_inst_rx/genblk1[0].RAMB16_S9_S36_inst has an input control pin i_ariane_peripherals/gen_ethernet.eth_rgmii/RAMB16_inst_rx/genblk1[0].RAMB16_S9_S36_inst/ADDRBWRADDR[13] (net: i_ariane_peripherals/gen_ethernet.eth_rgmii/RAMB16_inst_rx/addrb[8]) which is driven by a register (i_ariane_peripherals/gen_ethernet.i_axi2rom/ax_req_q_reg[addr][13]) that has an active asychronous set or reset. This may cause corruption of the memory contents and/or read values when the set/reset is asserted and is not analyzed by the default static timing analysis. It is suggested to eliminate the use of a set/reset to registers driving this RAMB pin or else use a synchronous reset in which the assertion of the reset is timed by default.
WARNING: [DRC REQP-1839] RAMB36 async control check: The RAMB36E1 i_ariane_peripherals/gen_ethernet.eth_rgmii/RAMB16_inst_rx/genblk1[0].RAMB16_S9_S36_inst has an input control pin i_ariane_peripherals/gen_ethernet.eth_rgmii/RAMB16_inst_rx/genblk1[0].RAMB16_S9_S36_inst/ADDRBWRADDR[13] (net: i_ariane_peripherals/gen_ethernet.eth_rgmii/RAMB16_inst_rx/addrb[8]) which is driven by a register (i_ariane_peripherals/gen_ethernet.i_axi2rom/ax_req_q_reg[addr][3]) that has an active asychronous set or reset. This may cause corruption of the memory contents and/or read values when the set/reset is asserted and is not analyzed by the default static timing analysis. It is suggested to eliminate the use of a set/reset to registers driving this RAMB pin or else use a synchronous reset in which the assertion of the reset is timed by default.
WARNING: [DRC REQP-1839] RAMB36 async control check: The RAMB36E1 i_ariane_peripherals/gen_ethernet.eth_rgmii/RAMB16_inst_rx/genblk1[0].RAMB16_S9_S36_inst has an input control pin i_ariane_peripherals/gen_ethernet.eth_rgmii/RAMB16_inst_rx/genblk1[0].RAMB16_S9_S36_inst/ADDRBWRADDR[13] (net: i_ariane_peripherals/gen_ethernet.eth_rgmii/RAMB16_inst_rx/addrb[8]) which is driven by a register (i_ariane_peripherals/gen_ethernet.i_axi2rom/ax_req_q_reg[addr][4]) that has an active asychronous set or reset. This may cause corruption of the memory contents and/or read values when the set/reset is asserted and is not analyzed by the default static timing analysis. It is suggested to eliminate the use of a set/reset to registers driving this RAMB pin or else use a synchronous reset in which the assertion of the reset is timed by default.
WARNING: [DRC REQP-1839] RAMB36 async control check: The RAMB36E1 i_ariane_peripherals/gen_ethernet.eth_rgmii/RAMB16_inst_rx/genblk1[0].RAMB16_S9_S36_inst has an input control pin i_ariane_peripherals/gen_ethernet.eth_rgmii/RAMB16_inst_rx/genblk1[0].RAMB16_S9_S36_inst/ADDRBWRADDR[13] (net: i_ariane_peripherals/gen_ethernet.eth_rgmii/RAMB16_inst_rx/addrb[8]) which is driven by a register (i_ariane_peripherals/gen_ethernet.i_axi2rom/ax_req_q_reg[addr][5]) that has an active asychronous set or reset. This may cause corruption of the memory contents and/or read values when the set/reset is asserted and is not analyzed by the default static timing analysis. It is suggested to eliminate the use of a set/reset to registers driving this RAMB pin or else use a synchronous reset in which the assertion of the reset is timed by default.
WARNING: [DRC REQP-1839] RAMB36 async control check: The RAMB36E1 i_ariane_peripherals/gen_ethernet.eth_rgmii/RAMB16_inst_rx/genblk1[0].RAMB16_S9_S36_inst has an input control pin i_ariane_peripherals/gen_ethernet.eth_rgmii/RAMB16_inst_rx/genblk1[0].RAMB16_S9_S36_inst/ADDRBWRADDR[13] (net: i_ariane_peripherals/gen_ethernet.eth_rgmii/RAMB16_inst_rx/addrb[8]) which is driven by a register (i_ariane_peripherals/gen_ethernet.i_axi2rom/ax_req_q_reg[addr][6]) that has an active asychronous set or reset. This may cause corruption of the memory contents and/or read values when the set/reset is asserted and is not analyzed by the default static timing analysis. It is suggested to eliminate the use of a set/reset to registers driving this RAMB pin or else use a synchronous reset in which the assertion of the reset is timed by default.
WARNING: [DRC REQP-1839] RAMB36 async control check: The RAMB36E1 i_ariane_peripherals/gen_ethernet.eth_rgmii/RAMB16_inst_rx/genblk1[0].RAMB16_S9_S36_inst has an input control pin i_ariane_peripherals/gen_ethernet.eth_rgmii/RAMB16_inst_rx/genblk1[0].RAMB16_S9_S36_inst/ADDRBWRADDR[13] (net: i_ariane_peripherals/gen_ethernet.eth_rgmii/RAMB16_inst_rx/addrb[8]) which is driven by a register (i_ariane_peripherals/gen_ethernet.i_axi2rom/ax_req_q_reg[addr][7]) that has an active asychronous set or reset. This may cause corruption of the memory contents and/or read values when the set/reset is asserted and is not analyzed by the default static timing analysis. It is suggested to eliminate the use of a set/reset to registers driving this RAMB pin or else use a synchronous reset in which the assertion of the reset is timed by default.
WARNING: [DRC REQP-1839] RAMB36 async control check: The RAMB36E1 i_ariane_peripherals/gen_ethernet.eth_rgmii/RAMB16_inst_rx/genblk1[0].RAMB16_S9_S36_inst has an input control pin i_ariane_peripherals/gen_ethernet.eth_rgmii/RAMB16_inst_rx/genblk1[0].RAMB16_S9_S36_inst/ADDRBWRADDR[13] (net: i_ariane_peripherals/gen_ethernet.eth_rgmii/RAMB16_inst_rx/addrb[8]) which is driven by a register (i_ariane_peripherals/gen_ethernet.i_axi2rom/ax_req_q_reg[addr][8]) that has an active asychronous set or reset. This may cause corruption of the memory contents and/or read values when the set/reset is asserted and is not analyzed by the default static timing analysis. It is suggested to eliminate the use of a set/reset to registers driving this RAMB pin or else use a synchronous reset in which the assertion of the reset is timed by default.
WARNING: [DRC REQP-1839] RAMB36 async control check: The RAMB36E1 i_ariane_peripherals/gen_ethernet.eth_rgmii/RAMB16_inst_rx/genblk1[0].RAMB16_S9_S36_inst has an input control pin i_ariane_peripherals/gen_ethernet.eth_rgmii/RAMB16_inst_rx/genblk1[0].RAMB16_S9_S36_inst/ADDRBWRADDR[13] (net: i_ariane_peripherals/gen_ethernet.eth_rgmii/RAMB16_inst_rx/addrb[8]) which is driven by a register (i_ariane_peripherals/gen_ethernet.i_axi2rom/ax_req_q_reg[addr][9]) that has an active asychronous set or reset. This may cause corruption of the memory contents and/or read values when the set/reset is asserted and is not analyzed by the default static timing analysis. It is suggested to eliminate the use of a set/reset to registers driving this RAMB pin or else use a synchronous reset in which the assertion of the reset is timed by default.
WARNING: [DRC REQP-1839] RAMB36 async control check: The RAMB36E1 i_ariane_peripherals/gen_ethernet.eth_rgmii/RAMB16_inst_rx/genblk1[0].RAMB16_S9_S36_inst has an input control pin i_ariane_peripherals/gen_ethernet.eth_rgmii/RAMB16_inst_rx/genblk1[0].RAMB16_S9_S36_inst/ADDRBWRADDR[13] (net: i_ariane_peripherals/gen_ethernet.eth_rgmii/RAMB16_inst_rx/addrb[8]) which is driven by a register (i_ariane_peripherals/gen_ethernet.i_axi2rom/cnt_q_reg[0]) that has an active asychronous set or reset. This may cause corruption of the memory contents and/or read values when the set/reset is asserted and is not analyzed by the default static timing analysis. It is suggested to eliminate the use of a set/reset to registers driving this RAMB pin or else use a synchronous reset in which the assertion of the reset is timed by default.
WARNING: [DRC REQP-1839] RAMB36 async control check: The RAMB36E1 i_ariane_peripherals/gen_ethernet.eth_rgmii/RAMB16_inst_rx/genblk1[0].RAMB16_S9_S36_inst has an input control pin i_ariane_peripherals/gen_ethernet.eth_rgmii/RAMB16_inst_rx/genblk1[0].RAMB16_S9_S36_inst/ADDRBWRADDR[13] (net: i_ariane_peripherals/gen_ethernet.eth_rgmii/RAMB16_inst_rx/addrb[8]) which is driven by a register (i_ariane_peripherals/gen_ethernet.i_axi2rom/cnt_q_reg[1]) that has an active asychronous set or reset. This may cause corruption of the memory contents and/or read values when the set/reset is asserted and is not analyzed by the default static timing analysis. It is suggested to eliminate the use of a set/reset to registers driving this RAMB pin or else use a synchronous reset in which the assertion of the reset is timed by default.
WARNING: [DRC REQP-1839] RAMB36 async control check: The RAMB36E1 i_ariane_peripherals/gen_ethernet.eth_rgmii/RAMB16_inst_rx/genblk1[0].RAMB16_S9_S36_inst has an input control pin i_ariane_peripherals/gen_ethernet.eth_rgmii/RAMB16_inst_rx/genblk1[0].RAMB16_S9_S36_inst/ADDRBWRADDR[13] (net: i_ariane_peripherals/gen_ethernet.eth_rgmii/RAMB16_inst_rx/addrb[8]) which is driven by a register (i_ariane_peripherals/gen_ethernet.i_axi2rom/cnt_q_reg[2]) that has an active asychronous set or reset. This may cause corruption of the memory contents and/or read values when the set/reset is asserted and is not analyzed by the default static timing analysis. It is suggested to eliminate the use of a set/reset to registers driving this RAMB pin or else use a synchronous reset in which the assertion of the reset is timed by default.
WARNING: [DRC REQP-1839] RAMB36 async control check: The RAMB36E1 i_ariane_peripherals/gen_ethernet.eth_rgmii/RAMB16_inst_rx/genblk1[0].RAMB16_S9_S36_inst has an input control pin i_ariane_peripherals/gen_ethernet.eth_rgmii/RAMB16_inst_rx/genblk1[0].RAMB16_S9_S36_inst/ADDRBWRADDR[13] (net: i_ariane_peripherals/gen_ethernet.eth_rgmii/RAMB16_inst_rx/addrb[8]) which is driven by a register (i_ariane_peripherals/gen_ethernet.i_axi2rom/cnt_q_reg[3]) that has an active asychronous set or reset. This may cause corruption of the memory contents and/or read values when the set/reset is asserted and is not analyzed by the default static timing analysis. It is suggested to eliminate the use of a set/reset to registers driving this RAMB pin or else use a synchronous reset in which the assertion of the reset is timed by default.
WARNING: [DRC REQP-1839] RAMB36 async control check: The RAMB36E1 i_ariane_peripherals/gen_ethernet.eth_rgmii/RAMB16_inst_rx/genblk1[0].RAMB16_S9_S36_inst has an input control pin i_ariane_peripherals/gen_ethernet.eth_rgmii/RAMB16_inst_rx/genblk1[0].RAMB16_S9_S36_inst/ADDRBWRADDR[13] (net: i_ariane_peripherals/gen_ethernet.eth_rgmii/RAMB16_inst_rx/addrb[8]) which is driven by a register (i_ariane_peripherals/gen_ethernet.i_axi2rom/cnt_q_reg[4]) that has an active asychronous set or reset. This may cause corruption of the memory contents and/or read values when the set/reset is asserted and is not analyzed by the default static timing analysis. It is suggested to eliminate the use of a set/reset to registers driving this RAMB pin or else use a synchronous reset in which the assertion of the reset is timed by default.
WARNING: [DRC REQP-1839] RAMB36 async control check: The RAMB36E1 i_ariane_peripherals/gen_ethernet.eth_rgmii/RAMB16_inst_rx/genblk1[0].RAMB16_S9_S36_inst has an input control pin i_ariane_peripherals/gen_ethernet.eth_rgmii/RAMB16_inst_rx/genblk1[0].RAMB16_S9_S36_inst/ADDRBWRADDR[13] (net: i_ariane_peripherals/gen_ethernet.eth_rgmii/RAMB16_inst_rx/addrb[8]) which is driven by a register (i_ariane_peripherals/gen_ethernet.i_axi2rom/cnt_q_reg[5]) that has an active asychronous set or reset. This may cause corruption of the memory contents and/or read values when the set/reset is asserted and is not analyzed by the default static timing analysis. It is suggested to eliminate the use of a set/reset to registers driving this RAMB pin or else use a synchronous reset in which the assertion of the reset is timed by default.
WARNING: [DRC REQP-1840] RAMB18 async control check: The RAMB18E1 i_ariane_peripherals/gen_spi.i_xlnx_axi_quad_spi/U0/NO_DUAL_QUAD_MODE.QSPI_NORMAL/QSPI_ENHANCED_MD_GEN.QSPI_CORE_INTERFACE_I/FIFO_EXISTS.RX_FIFO_II/gnuram_async_fifo.xpm_fifo_base_inst/gen_sdpram.xpm_memory_base_inst/gen_wr_a.gen_word_narrow.mem_reg has an input control pin i_ariane_peripherals/gen_spi.i_xlnx_axi_quad_spi/U0/NO_DUAL_QUAD_MODE.QSPI_NORMAL/QSPI_ENHANCED_MD_GEN.QSPI_CORE_INTERFACE_I/FIFO_EXISTS.RX_FIFO_II/gnuram_async_fifo.xpm_fifo_base_inst/gen_sdpram.xpm_memory_base_inst/gen_wr_a.gen_word_narrow.mem_reg/ENBWREN (net: i_ariane_peripherals/gen_spi.i_xlnx_axi_quad_spi/U0/NO_DUAL_QUAD_MODE.QSPI_NORMAL/QSPI_ENHANCED_MD_GEN.QSPI_CORE_INTERFACE_I/FIFO_EXISTS.RX_FIFO_II/gnuram_async_fifo.xpm_fifo_base_inst/gen_sdpram.xpm_memory_base_inst/enb) which is driven by a register (i_ariane_peripherals/gen_spi.i_xlnx_axi_dwidth_converter_spi/inst/gen_downsizer.gen_simple_downsizer.axi_downsizer_inst/USE_READ.read_addr_inst/cmd_queue/inst/fifo_gen_inst/inst_fifo_gen/gconvfifo.rf/grf.rf/gntv_or_sync_fifo.gl0.rd/gr1.gr1_int.rfwft/empty_fwft_i_reg) that has an active asychronous set or reset. This may cause corruption of the memory contents and/or read values when the set/reset is asserted and is not analyzed by the default static timing analysis. It is suggested to eliminate the use of a set/reset to registers driving this RAMB pin or else use a synchronous reset in which the assertion of the reset is timed by default.
WARNING: [DRC REQP-1840] RAMB18 async control check: The RAMB18E1 i_ariane_peripherals/gen_spi.i_xlnx_axi_quad_spi/U0/NO_DUAL_QUAD_MODE.QSPI_NORMAL/QSPI_ENHANCED_MD_GEN.QSPI_CORE_INTERFACE_I/FIFO_EXISTS.RX_FIFO_II/gnuram_async_fifo.xpm_fifo_base_inst/gen_sdpram.xpm_memory_base_inst/gen_wr_a.gen_word_narrow.mem_reg has an input control pin i_ariane_peripherals/gen_spi.i_xlnx_axi_quad_spi/U0/NO_DUAL_QUAD_MODE.QSPI_NORMAL/QSPI_ENHANCED_MD_GEN.QSPI_CORE_INTERFACE_I/FIFO_EXISTS.RX_FIFO_II/gnuram_async_fifo.xpm_fifo_base_inst/gen_sdpram.xpm_memory_base_inst/gen_wr_a.gen_word_narrow.mem_reg/ENBWREN (net: i_ariane_peripherals/gen_spi.i_xlnx_axi_quad_spi/U0/NO_DUAL_QUAD_MODE.QSPI_NORMAL/QSPI_ENHANCED_MD_GEN.QSPI_CORE_INTERFACE_I/FIFO_EXISTS.RX_FIFO_II/gnuram_async_fifo.xpm_fifo_base_inst/gen_sdpram.xpm_memory_base_inst/enb) which is driven by a register (i_axi_xbar/i_xbar/gen_mst_port_mux[8].i_axi_mux/gen_mux.i_r_spill_reg/spill_register_flushable_i/gen_spill_reg.a_full_q_reg) that has an active asychronous set or reset. This may cause corruption of the memory contents and/or read values when the set/reset is asserted and is not analyzed by the default static timing analysis. It is suggested to eliminate the use of a set/reset to registers driving this RAMB pin or else use a synchronous reset in which the assertion of the reset is timed by default.
WARNING: [DRC REQP-1840] RAMB18 async control check: The RAMB18E1 i_ariane_peripherals/gen_spi.i_xlnx_axi_quad_spi/U0/NO_DUAL_QUAD_MODE.QSPI_NORMAL/QSPI_ENHANCED_MD_GEN.QSPI_CORE_INTERFACE_I/FIFO_EXISTS.RX_FIFO_II/gnuram_async_fifo.xpm_fifo_base_inst/gen_sdpram.xpm_memory_base_inst/gen_wr_a.gen_word_narrow.mem_reg has an input control pin i_ariane_peripherals/gen_spi.i_xlnx_axi_quad_spi/U0/NO_DUAL_QUAD_MODE.QSPI_NORMAL/QSPI_ENHANCED_MD_GEN.QSPI_CORE_INTERFACE_I/FIFO_EXISTS.RX_FIFO_II/gnuram_async_fifo.xpm_fifo_base_inst/gen_sdpram.xpm_memory_base_inst/gen_wr_a.gen_word_narrow.mem_reg/ENBWREN (net: i_ariane_peripherals/gen_spi.i_xlnx_axi_quad_spi/U0/NO_DUAL_QUAD_MODE.QSPI_NORMAL/QSPI_ENHANCED_MD_GEN.QSPI_CORE_INTERFACE_I/FIFO_EXISTS.RX_FIFO_II/gnuram_async_fifo.xpm_fifo_base_inst/gen_sdpram.xpm_memory_base_inst/enb) which is driven by a register (i_axi_xbar/i_xbar/gen_mst_port_mux[8].i_axi_mux/gen_mux.i_r_spill_reg/spill_register_flushable_i/gen_spill_reg.b_full_q_reg) that has an active asychronous set or reset. This may cause corruption of the memory contents and/or read values when the set/reset is asserted and is not analyzed by the default static timing analysis. It is suggested to eliminate the use of a set/reset to registers driving this RAMB pin or else use a synchronous reset in which the assertion of the reset is timed by default.
WARNING: [DRC REQP-1840] RAMB18 async control check: The RAMB18E1 i_ariane_peripherals/gen_spi.i_xlnx_axi_quad_spi/U0/NO_DUAL_QUAD_MODE.QSPI_NORMAL/QSPI_ENHANCED_MD_GEN.QSPI_CORE_INTERFACE_I/FIFO_EXISTS.TX_FIFO_II/xpm_fifo_instance.xpm_fifo_async_inst/gnuram_async_fifo.xpm_fifo_base_inst/gen_sdpram.xpm_memory_base_inst/gen_wr_a.gen_word_narrow.mem_reg has an input control pin i_ariane_peripherals/gen_spi.i_xlnx_axi_quad_spi/U0/NO_DUAL_QUAD_MODE.QSPI_NORMAL/QSPI_ENHANCED_MD_GEN.QSPI_CORE_INTERFACE_I/FIFO_EXISTS.TX_FIFO_II/xpm_fifo_instance.xpm_fifo_async_inst/gnuram_async_fifo.xpm_fifo_base_inst/gen_sdpram.xpm_memory_base_inst/gen_wr_a.gen_word_narrow.mem_reg/ENARDEN (net: i_ariane_peripherals/gen_spi.i_xlnx_axi_quad_spi/U0/NO_DUAL_QUAD_MODE.QSPI_NORMAL/QSPI_ENHANCED_MD_GEN.QSPI_CORE_INTERFACE_I/FIFO_EXISTS.TX_FIFO_II/xpm_fifo_instance.xpm_fifo_async_inst/gnuram_async_fifo.xpm_fifo_base_inst/gen_sdpram.xpm_memory_base_inst/ena) which is driven by a register (i_ariane_peripherals/gen_spi.i_xlnx_axi_dwidth_converter_spi/inst/gen_downsizer.gen_simple_downsizer.axi_downsizer_inst/USE_WRITE.write_addr_inst/cmd_queue/inst/fifo_gen_inst/inst_fifo_gen/gconvfifo.rf/grf.rf/gntv_or_sync_fifo.gl0.rd/gr1.gr1_int.rfwft/empty_fwft_i_reg) that has an active asychronous set or reset. This may cause corruption of the memory contents and/or read values when the set/reset is asserted and is not analyzed by the default static timing analysis. It is suggested to eliminate the use of a set/reset to registers driving this RAMB pin or else use a synchronous reset in which the assertion of the reset is timed by default.
WARNING: [DRC REQP-1840] RAMB18 async control check: The RAMB18E1 i_ariane_peripherals/gen_spi.i_xlnx_axi_quad_spi/U0/NO_DUAL_QUAD_MODE.QSPI_NORMAL/QSPI_ENHANCED_MD_GEN.QSPI_CORE_INTERFACE_I/FIFO_EXISTS.TX_FIFO_II/xpm_fifo_instance.xpm_fifo_async_inst/gnuram_async_fifo.xpm_fifo_base_inst/gen_sdpram.xpm_memory_base_inst/gen_wr_a.gen_word_narrow.mem_reg has an input control pin i_ariane_peripherals/gen_spi.i_xlnx_axi_quad_spi/U0/NO_DUAL_QUAD_MODE.QSPI_NORMAL/QSPI_ENHANCED_MD_GEN.QSPI_CORE_INTERFACE_I/FIFO_EXISTS.TX_FIFO_II/xpm_fifo_instance.xpm_fifo_async_inst/gnuram_async_fifo.xpm_fifo_base_inst/gen_sdpram.xpm_memory_base_inst/gen_wr_a.gen_word_narrow.mem_reg/ENARDEN (net: i_ariane_peripherals/gen_spi.i_xlnx_axi_quad_spi/U0/NO_DUAL_QUAD_MODE.QSPI_NORMAL/QSPI_ENHANCED_MD_GEN.QSPI_CORE_INTERFACE_I/FIFO_EXISTS.TX_FIFO_II/xpm_fifo_instance.xpm_fifo_async_inst/gnuram_async_fifo.xpm_fifo_base_inst/gen_sdpram.xpm_memory_base_inst/ena) which is driven by a register (i_axi_xbar/i_xbar/gen_mst_port_mux[8].i_axi_mux/gen_mux.i_w_spill_reg/spill_register_flushable_i/gen_spill_reg.a_full_q_reg) that has an active asychronous set or reset. This may cause corruption of the memory contents and/or read values when the set/reset is asserted and is not analyzed by the default static timing analysis. It is suggested to eliminate the use of a set/reset to registers driving this RAMB pin or else use a synchronous reset in which the assertion of the reset is timed by default.
WARNING: [DRC REQP-1840] RAMB18 async control check: The RAMB18E1 i_ariane_peripherals/gen_spi.i_xlnx_axi_quad_spi/U0/NO_DUAL_QUAD_MODE.QSPI_NORMAL/QSPI_ENHANCED_MD_GEN.QSPI_CORE_INTERFACE_I/FIFO_EXISTS.TX_FIFO_II/xpm_fifo_instance.xpm_fifo_async_inst/gnuram_async_fifo.xpm_fifo_base_inst/gen_sdpram.xpm_memory_base_inst/gen_wr_a.gen_word_narrow.mem_reg has an input control pin i_ariane_peripherals/gen_spi.i_xlnx_axi_quad_spi/U0/NO_DUAL_QUAD_MODE.QSPI_NORMAL/QSPI_ENHANCED_MD_GEN.QSPI_CORE_INTERFACE_I/FIFO_EXISTS.TX_FIFO_II/xpm_fifo_instance.xpm_fifo_async_inst/gnuram_async_fifo.xpm_fifo_base_inst/gen_sdpram.xpm_memory_base_inst/gen_wr_a.gen_word_narrow.mem_reg/ENARDEN (net: i_ariane_peripherals/gen_spi.i_xlnx_axi_quad_spi/U0/NO_DUAL_QUAD_MODE.QSPI_NORMAL/QSPI_ENHANCED_MD_GEN.QSPI_CORE_INTERFACE_I/FIFO_EXISTS.TX_FIFO_II/xpm_fifo_instance.xpm_fifo_async_inst/gnuram_async_fifo.xpm_fifo_base_inst/gen_sdpram.xpm_memory_base_inst/ena) which is driven by a register (i_axi_xbar/i_xbar/gen_mst_port_mux[8].i_axi_mux/gen_mux.i_w_spill_reg/spill_register_flushable_i/gen_spill_reg.b_full_q_reg) that has an active asychronous set or reset. This may cause corruption of the memory contents and/or read values when the set/reset is asserted and is not analyzed by the default static timing analysis. It is suggested to eliminate the use of a set/reset to registers driving this RAMB pin or else use a synchronous reset in which the assertion of the reset is timed by default.
WARNING: [DRC REQP-1840] RAMB18 async control check: The RAMB18E1 i_ariane_peripherals/gen_spi.i_xlnx_axi_quad_spi/U0/NO_DUAL_QUAD_MODE.QSPI_NORMAL/QSPI_ENHANCED_MD_GEN.QSPI_CORE_INTERFACE_I/FIFO_EXISTS.TX_FIFO_II/xpm_fifo_instance.xpm_fifo_async_inst/gnuram_async_fifo.xpm_fifo_base_inst/gen_sdpram.xpm_memory_base_inst/gen_wr_a.gen_word_narrow.mem_reg has an input control pin i_ariane_peripherals/gen_spi.i_xlnx_axi_quad_spi/U0/NO_DUAL_QUAD_MODE.QSPI_NORMAL/QSPI_ENHANCED_MD_GEN.QSPI_CORE_INTERFACE_I/FIFO_EXISTS.TX_FIFO_II/xpm_fifo_instance.xpm_fifo_async_inst/gnuram_async_fifo.xpm_fifo_base_inst/gen_sdpram.xpm_memory_base_inst/gen_wr_a.gen_word_narrow.mem_reg/WEA[0] (net: i_ariane_peripherals/gen_spi.i_xlnx_axi_quad_spi/U0/NO_DUAL_QUAD_MODE.QSPI_NORMAL/QSPI_ENHANCED_MD_GEN.QSPI_CORE_INTERFACE_I/FIFO_EXISTS.TX_FIFO_II/xpm_fifo_instance.xpm_fifo_async_inst/gnuram_async_fifo.xpm_fifo_base_inst/gen_sdpram.xpm_memory_base_inst/ena) which is driven by a register (i_ariane_peripherals/gen_spi.i_xlnx_axi_dwidth_converter_spi/inst/gen_downsizer.gen_simple_downsizer.axi_downsizer_inst/USE_WRITE.write_addr_inst/cmd_queue/inst/fifo_gen_inst/inst_fifo_gen/gconvfifo.rf/grf.rf/gntv_or_sync_fifo.gl0.rd/gr1.gr1_int.rfwft/empty_fwft_i_reg) that has an active asychronous set or reset. This may cause corruption of the memory contents and/or read values when the set/reset is asserted and is not analyzed by the default static timing analysis. It is suggested to eliminate the use of a set/reset to registers driving this RAMB pin or else use a synchronous reset in which the assertion of the reset is timed by default.
WARNING: [DRC REQP-1840] RAMB18 async control check: The RAMB18E1 i_ariane_peripherals/gen_spi.i_xlnx_axi_quad_spi/U0/NO_DUAL_QUAD_MODE.QSPI_NORMAL/QSPI_ENHANCED_MD_GEN.QSPI_CORE_INTERFACE_I/FIFO_EXISTS.TX_FIFO_II/xpm_fifo_instance.xpm_fifo_async_inst/gnuram_async_fifo.xpm_fifo_base_inst/gen_sdpram.xpm_memory_base_inst/gen_wr_a.gen_word_narrow.mem_reg has an input control pin i_ariane_peripherals/gen_spi.i_xlnx_axi_quad_spi/U0/NO_DUAL_QUAD_MODE.QSPI_NORMAL/QSPI_ENHANCED_MD_GEN.QSPI_CORE_INTERFACE_I/FIFO_EXISTS.TX_FIFO_II/xpm_fifo_instance.xpm_fifo_async_inst/gnuram_async_fifo.xpm_fifo_base_inst/gen_sdpram.xpm_memory_base_inst/gen_wr_a.gen_word_narrow.mem_reg/WEA[0] (net: i_ariane_peripherals/gen_spi.i_xlnx_axi_quad_spi/U0/NO_DUAL_QUAD_MODE.QSPI_NORMAL/QSPI_ENHANCED_MD_GEN.QSPI_CORE_INTERFACE_I/FIFO_EXISTS.TX_FIFO_II/xpm_fifo_instance.xpm_fifo_async_inst/gnuram_async_fifo.xpm_fifo_base_inst/gen_sdpram.xpm_memory_base_inst/ena) which is driven by a register (i_axi_xbar/i_xbar/gen_mst_port_mux[8].i_axi_mux/gen_mux.i_w_spill_reg/spill_register_flushable_i/gen_spill_reg.a_full_q_reg) that has an active asychronous set or reset. This may cause corruption of the memory contents and/or read values when the set/reset is asserted and is not analyzed by the default static timing analysis. It is suggested to eliminate the use of a set/reset to registers driving this RAMB pin or else use a synchronous reset in which the assertion of the reset is timed by default.
WARNING: [DRC REQP-1840] RAMB18 async control check: The RAMB18E1 i_ariane_peripherals/gen_spi.i_xlnx_axi_quad_spi/U0/NO_DUAL_QUAD_MODE.QSPI_NORMAL/QSPI_ENHANCED_MD_GEN.QSPI_CORE_INTERFACE_I/FIFO_EXISTS.TX_FIFO_II/xpm_fifo_instance.xpm_fifo_async_inst/gnuram_async_fifo.xpm_fifo_base_inst/gen_sdpram.xpm_memory_base_inst/gen_wr_a.gen_word_narrow.mem_reg has an input control pin i_ariane_peripherals/gen_spi.i_xlnx_axi_quad_spi/U0/NO_DUAL_QUAD_MODE.QSPI_NORMAL/QSPI_ENHANCED_MD_GEN.QSPI_CORE_INTERFACE_I/FIFO_EXISTS.TX_FIFO_II/xpm_fifo_instance.xpm_fifo_async_inst/gnuram_async_fifo.xpm_fifo_base_inst/gen_sdpram.xpm_memory_base_inst/gen_wr_a.gen_word_narrow.mem_reg/WEA[0] (net: i_ariane_peripherals/gen_spi.i_xlnx_axi_quad_spi/U0/NO_DUAL_QUAD_MODE.QSPI_NORMAL/QSPI_ENHANCED_MD_GEN.QSPI_CORE_INTERFACE_I/FIFO_EXISTS.TX_FIFO_II/xpm_fifo_instance.xpm_fifo_async_inst/gnuram_async_fifo.xpm_fifo_base_inst/gen_sdpram.xpm_memory_base_inst/ena) which is driven by a register (i_axi_xbar/i_xbar/gen_mst_port_mux[8].i_axi_mux/gen_mux.i_w_spill_reg/spill_register_flushable_i/gen_spill_reg.b_full_q_reg) that has an active asychronous set or reset. This may cause corruption of the memory contents and/or read values when the set/reset is asserted and is not analyzed by the default static timing analysis. It is suggested to eliminate the use of a set/reset to registers driving this RAMB pin or else use a synchronous reset in which the assertion of the reset is timed by default.
WARNING: [DRC REQP-1840] RAMB18 async control check: The RAMB18E1 i_ariane_peripherals/gen_spi.i_xlnx_axi_quad_spi/U0/NO_DUAL_QUAD_MODE.QSPI_NORMAL/QSPI_ENHANCED_MD_GEN.QSPI_CORE_INTERFACE_I/FIFO_EXISTS.TX_FIFO_II/xpm_fifo_instance.xpm_fifo_async_inst/gnuram_async_fifo.xpm_fifo_base_inst/gen_sdpram.xpm_memory_base_inst/gen_wr_a.gen_word_narrow.mem_reg has an input control pin i_ariane_peripherals/gen_spi.i_xlnx_axi_quad_spi/U0/NO_DUAL_QUAD_MODE.QSPI_NORMAL/QSPI_ENHANCED_MD_GEN.QSPI_CORE_INTERFACE_I/FIFO_EXISTS.TX_FIFO_II/xpm_fifo_instance.xpm_fifo_async_inst/gnuram_async_fifo.xpm_fifo_base_inst/gen_sdpram.xpm_memory_base_inst/gen_wr_a.gen_word_narrow.mem_reg/WEA[1] (net: i_ariane_peripherals/gen_spi.i_xlnx_axi_quad_spi/U0/NO_DUAL_QUAD_MODE.QSPI_NORMAL/QSPI_ENHANCED_MD_GEN.QSPI_CORE_INTERFACE_I/FIFO_EXISTS.TX_FIFO_II/xpm_fifo_instance.xpm_fifo_async_inst/gnuram_async_fifo.xpm_fifo_base_inst/gen_sdpram.xpm_memory_base_inst/ena) which is driven by a register (i_ariane_peripherals/gen_spi.i_xlnx_axi_dwidth_converter_spi/inst/gen_downsizer.gen_simple_downsizer.axi_downsizer_inst/USE_WRITE.write_addr_inst/cmd_queue/inst/fifo_gen_inst/inst_fifo_gen/gconvfifo.rf/grf.rf/gntv_or_sync_fifo.gl0.rd/gr1.gr1_int.rfwft/empty_fwft_i_reg) that has an active asychronous set or reset. This may cause corruption of the memory contents and/or read values when the set/reset is asserted and is not analyzed by the default static timing analysis. It is suggested to eliminate the use of a set/reset to registers driving this RAMB pin or else use a synchronous reset in which the assertion of the reset is timed by default.
WARNING: [DRC REQP-1840] RAMB18 async control check: The RAMB18E1 i_ariane_peripherals/gen_spi.i_xlnx_axi_quad_spi/U0/NO_DUAL_QUAD_MODE.QSPI_NORMAL/QSPI_ENHANCED_MD_GEN.QSPI_CORE_INTERFACE_I/FIFO_EXISTS.TX_FIFO_II/xpm_fifo_instance.xpm_fifo_async_inst/gnuram_async_fifo.xpm_fifo_base_inst/gen_sdpram.xpm_memory_base_inst/gen_wr_a.gen_word_narrow.mem_reg has an input control pin i_ariane_peripherals/gen_spi.i_xlnx_axi_quad_spi/U0/NO_DUAL_QUAD_MODE.QSPI_NORMAL/QSPI_ENHANCED_MD_GEN.QSPI_CORE_INTERFACE_I/FIFO_EXISTS.TX_FIFO_II/xpm_fifo_instance.xpm_fifo_async_inst/gnuram_async_fifo.xpm_fifo_base_inst/gen_sdpram.xpm_memory_base_inst/gen_wr_a.gen_word_narrow.mem_reg/WEA[1] (net: i_ariane_peripherals/gen_spi.i_xlnx_axi_quad_spi/U0/NO_DUAL_QUAD_MODE.QSPI_NORMAL/QSPI_ENHANCED_MD_GEN.QSPI_CORE_INTERFACE_I/FIFO_EXISTS.TX_FIFO_II/xpm_fifo_instance.xpm_fifo_async_inst/gnuram_async_fifo.xpm_fifo_base_inst/gen_sdpram.xpm_memory_base_inst/ena) which is driven by a register (i_axi_xbar/i_xbar/gen_mst_port_mux[8].i_axi_mux/gen_mux.i_w_spill_reg/spill_register_flushable_i/gen_spill_reg.a_full_q_reg) that has an active asychronous set or reset. This may cause corruption of the memory contents and/or read values when the set/reset is asserted and is not analyzed by the default static timing analysis. It is suggested to eliminate the use of a set/reset to registers driving this RAMB pin or else use a synchronous reset in which the assertion of the reset is timed by default.
WARNING: [DRC REQP-1840] RAMB18 async control check: The RAMB18E1 i_ariane_peripherals/gen_spi.i_xlnx_axi_quad_spi/U0/NO_DUAL_QUAD_MODE.QSPI_NORMAL/QSPI_ENHANCED_MD_GEN.QSPI_CORE_INTERFACE_I/FIFO_EXISTS.TX_FIFO_II/xpm_fifo_instance.xpm_fifo_async_inst/gnuram_async_fifo.xpm_fifo_base_inst/gen_sdpram.xpm_memory_base_inst/gen_wr_a.gen_word_narrow.mem_reg has an input control pin i_ariane_peripherals/gen_spi.i_xlnx_axi_quad_spi/U0/NO_DUAL_QUAD_MODE.QSPI_NORMAL/QSPI_ENHANCED_MD_GEN.QSPI_CORE_INTERFACE_I/FIFO_EXISTS.TX_FIFO_II/xpm_fifo_instance.xpm_fifo_async_inst/gnuram_async_fifo.xpm_fifo_base_inst/gen_sdpram.xpm_memory_base_inst/gen_wr_a.gen_word_narrow.mem_reg/WEA[1] (net: i_ariane_peripherals/gen_spi.i_xlnx_axi_quad_spi/U0/NO_DUAL_QUAD_MODE.QSPI_NORMAL/QSPI_ENHANCED_MD_GEN.QSPI_CORE_INTERFACE_I/FIFO_EXISTS.TX_FIFO_II/xpm_fifo_instance.xpm_fifo_async_inst/gnuram_async_fifo.xpm_fifo_base_inst/gen_sdpram.xpm_memory_base_inst/ena) which is driven by a register (i_axi_xbar/i_xbar/gen_mst_port_mux[8].i_axi_mux/gen_mux.i_w_spill_reg/spill_register_flushable_i/gen_spill_reg.b_full_q_reg) that has an active asychronous set or reset. This may cause corruption of the memory contents and/or read values when the set/reset is asserted and is not analyzed by the default static timing analysis. It is suggested to eliminate the use of a set/reset to registers driving this RAMB pin or else use a synchronous reset in which the assertion of the reset is timed by default.
WARNING: [DRC RTSTAT-10] No routable loads: 113 net(s) have no routable loads. The problem bus(es) and/or net(s) are i_xlnx_axi_clock_converter_ddr/inst/gen_clock_conv.gen_async_conv.asyncfifo_axi/inst_fifo_gen/gaxi_full_lite.gread_ch.grdch2.axi_rdch/grf.rf/gntv_or_sync_fifo.gl0.rd/gr1.gr1_int.rfwft/aempty_fwft_i, i_ariane_peripherals/gen_spi.i_xlnx_axi_dwidth_converter_spi/inst/gen_downsizer.gen_simple_downsizer.axi_downsizer_inst/USE_WRITE.write_addr_inst/cmd_queue/inst/fifo_gen_inst/inst_fifo_gen/gconvfifo.rf/grf.rf/gntv_or_sync_fifo.gl0.rd/gr1.gr1_int.rfwft/aempty_fwft_i, i_ariane_peripherals/gen_spi.i_xlnx_axi_dwidth_converter_spi/inst/gen_downsizer.gen_simple_downsizer.axi_downsizer_inst/USE_READ.read_addr_inst/cmd_queue/inst/fifo_gen_inst/inst_fifo_gen/gconvfifo.rf/grf.rf/gntv_or_sync_fifo.gl0.rd/gr1.gr1_int.rfwft/aempty_fwft_i, i_ariane_peripherals/gen_spi.i_xlnx_axi_dwidth_converter_spi/inst/gen_downsizer.gen_simple_downsizer.axi_downsizer_inst/USE_WRITE.write_addr_inst/USE_B_CHANNEL.cmd_b_queue/inst/fifo_gen_inst/inst_fifo_gen/gconvfifo.rf/grf.rf/gntv_or_sync_fifo.gl0.rd/gr1.gr1_int.rfwft/aempty_fwft_i, i_xlnx_axi_clock_converter_ddr/inst/gen_clock_conv.gen_async_conv.asyncfifo_axi/inst_fifo_gen/gaxi_full_lite.gwrite_ch.gwrch2.axi_wrch/grf.rf/gntv_or_sync_fifo.gl0.rd/gr1.gr1_int.rfwft/aempty_fwft_i, i_xlnx_axi_clock_converter_ddr/inst/gen_clock_conv.gen_async_conv.asyncfifo_axi/inst_fifo_gen/gaxi_full_lite.gwrite_ch.gwach2.axi_wach/grf.rf/gntv_or_sync_fifo.gl0.rd/gr1.gr1_int.rfwft/aempty_fwft_i, i_xlnx_axi_clock_converter_ddr/inst/gen_clock_conv.gen_async_conv.asyncfifo_axi/inst_fifo_gen/gaxi_full_lite.gwrite_ch.gwdch2.axi_wdch/grf.rf/gntv_or_sync_fifo.gl0.rd/gr1.gr1_int.rfwft/aempty_fwft_i, i_ariane_peripherals/gen_gpio.i_xlnx_axi_dwidth_converter_gpio/inst/gen_downsizer.gen_simple_downsizer.axi_downsizer_inst/USE_WRITE.write_addr_inst/cmd_queue/inst/fifo_gen_inst/inst_fifo_gen/gconvfifo.rf/grf.rf/gntv_or_sync_fifo.gl0.rd/gr1.gr1_int.rfwft/aempty_fwft_i, i_ariane_peripherals/gen_gpio.i_xlnx_axi_dwidth_converter_gpio/inst/gen_downsizer.gen_simple_downsizer.axi_downsizer_inst/USE_READ.read_addr_inst/cmd_queue/inst/fifo_gen_inst/inst_fifo_gen/gconvfifo.rf/grf.rf/gntv_or_sync_fifo.gl0.rd/gr1.gr1_int.rfwft/aempty_fwft_i, i_ariane_peripherals/gen_gpio.i_xlnx_axi_dwidth_converter_gpio/inst/gen_downsizer.gen_simple_downsizer.axi_downsizer_inst/USE_WRITE.write_addr_inst/USE_B_CHANNEL.cmd_b_queue/inst/fifo_gen_inst/inst_fifo_gen/gconvfifo.rf/grf.rf/gntv_or_sync_fifo.gl0.rd/gr1.gr1_int.rfwft/aempty_fwft_i, i_xlnx_axi_clock_converter_ddr/inst/gen_clock_conv.gen_async_conv.asyncfifo_axi/inst_fifo_gen/gaxi_full_lite.gread_ch.grach2.axi_rach/grf.rf/gntv_or_sync_fifo.gl0.rd/gr1.gr1_int.rfwft/aempty_fwft_i, i_dmi_jtag/i_dmi_cdc/i_cdc_resp/i_dst/data_dst_q[resp][1:0], i_ariane_peripherals/gen_spi.i_xlnx_axi_dwidth_converter_spi/inst/gen_downsizer.gen_simple_downsizer.axi_downsizer_inst/USE_WRITE.write_addr_inst/USE_B_CHANNEL.cmd_b_queue/inst/fifo_gen_inst/inst_fifo_gen/gconvfifo.rf/grf.rf/rstblk/ngwrdrst.grst.rd_rst_reg[2:0], i_xlnx_axi_clock_converter_ddr/inst/gen_clock_conv.gen_async_conv.asyncfifo_axi/inst_fifo_gen/gaxi_full_lite.gwrite_ch.gwdch2.axi_wdch/grf.rf/rstblk/ngwrdrst.grst.rd_rst_reg[2:0], i_xlnx_axi_clock_converter_ddr/inst/gen_clock_conv.gen_async_conv.asyncfifo_axi/inst_fifo_gen/gaxi_full_lite.gread_ch.grach2.axi_rach/grf.rf/rstblk/ngwrdrst.grst.rd_rst_reg[2:0]... and (the first 15 of 68 listed).
INFO: [DRC REQP-165] writefirst: Synchronous clocking is detected for BRAM (i_ariane_peripherals/gen_hwicap.i_hwicap/U0/ICAP_NOT_SHARED.HWICAP_CTRL_I/IPIC_IF_I/RD_FIFO.RDDATA_FIFO_I/xpm_fifo_instance.xpm_fifo_async_inst/gnuram_async_fifo.xpm_fifo_base_inst/gen_sdpram.xpm_memory_base_inst/gen_wr_a.gen_word_narrow.mem_reg) in SDP mode with WRITE_FIRST write-mode. This is the preferred mode for best power characteristics, however it may exhibit address collisions if the same address appears on both read and write ports resulting in unknown or corrupted read data. It is suggested to confirm via simulation that an address collision never occurs and if so it is suggested to try and avoid this situation. If address collisions cannot be avoided, the write-mode may be set to READ_FIRST which guarantees that the read data is the prior contents of the memory at the cost of additional power in the design. See the FPGA Memory Resources User Guide for additional information.
INFO: [DRC REQP-165] writefirst: Synchronous clocking is detected for BRAM (i_ariane_peripherals/gen_hwicap.i_hwicap/U0/ICAP_NOT_SHARED.HWICAP_CTRL_I/IPIC_IF_I/WRFIFO.WRDATA_FIFO_I/xpm_fifo_instance.xpm_fifo_async_inst/gnuram_async_fifo.xpm_fifo_base_inst/gen_sdpram.xpm_memory_base_inst/gen_wr_a.gen_word_narrow.mem_reg) in SDP mode with WRITE_FIRST write-mode. This is the preferred mode for best power characteristics, however it may exhibit address collisions if the same address appears on both read and write ports resulting in unknown or corrupted read data. It is suggested to confirm via simulation that an address collision never occurs and if so it is suggested to try and avoid this situation. If address collisions cannot be avoided, the write-mode may be set to READ_FIRST which guarantees that the read data is the prior contents of the memory at the cost of additional power in the design. See the FPGA Memory Resources User Guide for additional information.
INFO: [Vivado 12-3199] DRC finished with 0 Errors, 239 Warnings, 2 Advisories
INFO: [Vivado 12-3200] Please refer to the DRC report (report_drc) for more information.
Partition "pblock_accel2" Reconfigurable Module "i_ariane_peripherals/gen_dma.gen_accel2.i_accel2"
Partition "pblock_accel1" Reconfigurable Module "i_ariane_peripherals/gen_dma.i_accel1"
INFO: [Designutils 20-2272] Running write_bitstream with 8 threads.
Loading data files...
Loading site data...
Loading route data...
Processing options...
Creating bitmap...
Creating bitstream...
Writing bitstream /home/jc/tmp/riscv-iommu-demo/cva6/corev_apu/fpga/work-dpr/3_build_B_dpr/static_full.bit...
Process Partition "pblock_accel2"
INFO: [Designutils 20-2272] Running write_bitstream with 8 threads.
Loading data files...
Loading site data...
Loading route data...
Processing options...
Partition "pblock_accel2" (Reconfigurable Module "i_ariane_peripherals/gen_dma.gen_accel2.i_accel2") is a Black Box Partition.  A blanking bit file is being created.
Creating bitmap...
Creating bitstream...
Partial bitstream contains 16484320 bits.
Writing bitstream /home/jc/tmp/riscv-iommu-demo/cva6/corev_apu/fpga/work-dpr/3_build_B_dpr/static_full_pblock_accel2_partial.bit...
Process Partition "pblock_accel1"
INFO: [Designutils 20-2272] Running write_bitstream with 8 threads.
Loading data files...
Loading site data...
Loading route data...
Processing options...
Partition "pblock_accel1" (Reconfigurable Module "i_ariane_peripherals/gen_dma.i_accel1") is a Black Box Partition.  A blanking bit file is being created.
Creating bitmap...
Creating bitstream...
Partial bitstream contains 8558176 bits.
Writing bitstream /home/jc/tmp/riscv-iommu-demo/cva6/corev_apu/fpga/work-dpr/3_build_B_dpr/static_full_pblock_accel1_partial.bit...
INFO: [Vivado 12-1842] Bitgen Completed Successfully.
INFO: [Common 17-83] Releasing license: Implementation
14 Infos, 238 Warnings, 0 Critical Warnings and 0 Errors encountered.
write_bitstream completed successfully
write_bitstream: Time (s): cpu = 00:04:02 ; elapsed = 00:01:41 . Memory (MB): peak = 5553.801 ; gain = 462.961 ; free physical = 36660 ; free virtual = 45972
OK: bitstream statique -> /home/jc/tmp/riscv-iommu-demo/cva6/corev_apu/fpga/work-dpr/3_build_B_dpr/static_full.bit
INFO: [Common 17-206] Exiting Vivado at Thu Apr  9 14:06:22 2026...
make : on quitte le répertoire « /home/jc/tmp/riscv-iommu-demo/dpr »
