CMD: make -C /home/jc/tmp/riscv-iommu-demo/dpr dpr-static FORCE_STATIC=1
DATE: ven. 03 avril 2026 00:58:07 CEST
---
make : on entre dans le répertoire « /home/jc/tmp/riscv-iommu-demo/dpr »
==> Préparation des sources DPR...
mkdir -p /home/jc/tmp/riscv-iommu-demo/cva6/corev_apu/fpga/src
cp /home/jc/tmp/riscv-iommu-demo/dpr/src/rp_boundary_regs.sv /home/jc/tmp/riscv-iommu-demo/cva6/corev_apu/fpga/src/
cp /home/jc/tmp/riscv-iommu-demo/dpr/src/rp_boundary_regs_mmu.sv /home/jc/tmp/riscv-iommu-demo/cva6/corev_apu/fpga/src/
cp /home/jc/tmp/riscv-iommu-demo/dpr/rm/accel_default/accel_blank.sv /home/jc/tmp/riscv-iommu-demo/cva6/corev_apu/fpga/src/accel_wrap.sv
==> Génération des IPs Xilinx...
make -C /home/jc/tmp/riscv-iommu-demo/cva6/corev_apu/fpga \
	work-fpga/xlnx_axi_clock_converter.xci \
	work-fpga/xlnx_axi_dwidth_converter.xci \
	work-fpga/xlnx_axi_dwidth_converter_dm_master.xci \
	work-fpga/xlnx_axi_dwidth_converter_dm_slave.xci \
	work-fpga/xlnx_axi_quad_spi.xci \
	work-fpga/xlnx_axi_gpio.xci \
	work-fpga/xlnx_clk_gen.xci \
	work-fpga/xlnx_mig_7_ddr3.xci
make[1] : on entre dans le répertoire « /home/jc/tmp/riscv-iommu-demo/cva6/corev_apu/fpga »
make[1]: « work-fpga/xlnx_axi_clock_converter.xci » est à jour.
make[1]: « work-fpga/xlnx_axi_dwidth_converter.xci » est à jour.
make[1]: « work-fpga/xlnx_axi_dwidth_converter_dm_master.xci » est à jour.
make[1]: « work-fpga/xlnx_axi_dwidth_converter_dm_slave.xci » est à jour.
make[1]: « work-fpga/xlnx_axi_quad_spi.xci » est à jour.
make[1]: « work-fpga/xlnx_axi_gpio.xci » est à jour.
make[1]: « work-fpga/xlnx_clk_gen.xci » est à jour.
make[1]: « work-fpga/xlnx_mig_7_ddr3.xci » est à jour.
make[1] : on quitte le répertoire « /home/jc/tmp/riscv-iommu-demo/cva6/corev_apu/fpga »
==> Lancement de la synthèse STATIQUE (Vivado)...

****** Vivado v2022.2 (64-bit)
  **** SW Build 3671981 on Fri Oct 14 04:59:54 MDT 2022
  **** IP Build 3669848 on Fri Oct 14 08:30:02 MDT 2022
    ** Copyright 1986-2022 Xilinx, Inc. All Rights Reserved.

source /home/jc/tmp/riscv-iommu-demo/dpr/scripts/run_static.tcl
# set cva6_fpga [lindex $argv 0]
# set dpr_dir   [lindex $argv 1]
# set work_dpr  [lindex $argv 2]
# open_project $cva6_fpga/ariane.xpr
INFO: [filemgmt 56-3] Default IP Output Path : Could not find the directory '/home/jc/tmp/riscv-iommu-demo/cva6/corev_apu/fpga/ariane.gen/sources_1'.
Scanning sources...
Finished scanning sources
INFO: [IP_Flow 19-234] Refreshing IP repositories
INFO: [IP_Flow 19-1704] No user IP repositories specified
INFO: [IP_Flow 19-2313] Loaded Vivado IP repository '/tools/Xilinx/Vivado/2022.2/data/ip'.
# puts "==> Nettoyage des anciens XDC pblock..."
==> Nettoyage des anciens XDC pblock...
# foreach f [get_files -quiet -filter {NAME =~ *pblock*}] {
#     remove_files -fileset constrs_1 $f
#     puts "  -> retiré : [file tail $f]"
# }
# puts "==> Vérification des sources DPR..."
==> Vérification des sources DPR...
# foreach f [list \
#     $dpr_dir/src/rp_boundary_regs.sv \
#     $dpr_dir/src/rp_boundary_regs_mmu.sv \
#     $cva6_fpga/src/accel_wrap.sv \
# ] {
#     if {[llength [get_files -quiet $f]] == 0} {
#         add_files -fileset sources_1 -norecurse $f
#         puts "  -> ajouté : [file tail $f]"
#     } else {
#         puts "  -> déjà présent : [file tail $f]"
#     }
# }
  -> déjà présent : rp_boundary_regs.sv
  -> déjà présent : rp_boundary_regs_mmu.sv
  -> déjà présent : accel_wrap.sv
# update_compile_order -fileset sources_1
# puts "==> Vérification de l'IP HWICAP..."
==> Vérification de l'IP HWICAP...
# set hwicap_xci $cva6_fpga/xilinx/xlnx_axi_hwicap/xlnx_axi_hwicap.srcs/sources_1/ip/xlnx_axi_hwicap/xlnx_axi_hwicap.xci
# if {[llength [get_files -quiet $hwicap_xci]] == 0} {
#     add_files -norecurse $hwicap_xci
#     puts "  -> ajoutée : xlnx_axi_hwicap.xci"
# } else {
#     puts "  -> déjà présente : xlnx_axi_hwicap.xci"
# }
  -> déjà présente : xlnx_axi_hwicap.xci
# set_property top ariane_xilinx [get_filesets sources_1]
# set_property -name {STEPS.SYNTH_DESIGN.ARGS.FLATTEN_HIERARCHY} \
#     -value {none} -objects [get_runs synth_1]
# puts "==> Synthèse OOC des IPs dm_master et dm_slave..."
==> Synthèse OOC des IPs dm_master et dm_slave...
# foreach ip {xlnx_axi_dwidth_converter_dm_master xlnx_axi_dwidth_converter_dm_slave} {
#     set ip_obj [get_ips -quiet $ip]
#     if {[llength $ip_obj] > 0} {
#         synth_ip $ip_obj
#         puts "  -> synthétisée : $ip"
#     } else {
#         puts "  WARNING: IP non trouvée : $ip"
#     }
# }
INFO: [Vivado 12-3435] The given sub-design is up-to-date, no action was taken.  If a regeneration is desired, use the '-force' option: /home/jc/tmp/riscv-iommu-demo/cva6/corev_apu/fpga/xilinx/xlnx_axi_dwidth_converter_dm_master/xlnx_axi_dwidth_converter_dm_master.srcs/sources_1/ip/xlnx_axi_dwidth_converter_dm_master/xlnx_axi_dwidth_converter_dm_master.xci
INFO: [Vivado 12-3441] generate_netlist_ip - operation complete
  -> synthétisée : xlnx_axi_dwidth_converter_dm_master
INFO: [Vivado 12-3435] The given sub-design is up-to-date, no action was taken.  If a regeneration is desired, use the '-force' option: /home/jc/tmp/riscv-iommu-demo/cva6/corev_apu/fpga/xilinx/xlnx_axi_dwidth_converter_dm_slave/xlnx_axi_dwidth_converter_dm_slave.srcs/sources_1/ip/xlnx_axi_dwidth_converter_dm_slave/xlnx_axi_dwidth_converter_dm_slave.xci
INFO: [Vivado 12-3441] generate_netlist_ip - operation complete
  -> synthétisée : xlnx_axi_dwidth_converter_dm_slave
# puts "==> Génération des cibles HWICAP..."
==> Génération des cibles HWICAP...
# set hwicap_ip [get_ips -quiet xlnx_axi_hwicap]
# if {[llength $hwicap_ip] > 0} {
#     generate_target all [get_ips xlnx_axi_hwicap]
#     set hwicap_run [get_runs -quiet xlnx_axi_hwicap_synth_1]
#     if {[llength $hwicap_run] > 0} {
#         reset_run xlnx_axi_hwicap_synth_1
#     }
#     synth_ip [get_ips xlnx_axi_hwicap]
#     puts "  -> generate_target OK : xlnx_axi_hwicap"
# } else {
#     puts "  WARNING: xlnx_axi_hwicap non trouvée dans le projet"
# }
INFO: [Vivado 12-3435] The given sub-design is up-to-date, no action was taken.  If a regeneration is desired, use the '-force' option: /home/jc/tmp/riscv-iommu-demo/cva6/corev_apu/fpga/xilinx/xlnx_axi_hwicap/xlnx_axi_hwicap.srcs/sources_1/ip/xlnx_axi_hwicap/xlnx_axi_hwicap.xci
INFO: [Vivado 12-3441] generate_netlist_ip - operation complete
  -> generate_target OK : xlnx_axi_hwicap
# puts "==> Lancement de la synthèse synth_1..."
==> Lancement de la synthèse synth_1...
# reset_run synth_1
INFO: [Project 1-1161] Replacing file /home/jc/tmp/riscv-iommu-demo/cva6/corev_apu/fpga/ariane.srcs/utils_1/imports/synth_1/ariane_xilinx.dcp with file /home/jc/tmp/riscv-iommu-demo/cva6/corev_apu/fpga/ariane.runs/synth_1/ariane_xilinx.dcp
# launch_runs synth_1 -jobs 8
INFO: [Vivado 12-4149] The synthesis checkpoint for IP '/home/jc/tmp/riscv-iommu-demo/cva6/corev_apu/fpga/xilinx/xlnx_axi_dwidth_converter_dm_master/xlnx_axi_dwidth_converter_dm_master.srcs/sources_1/ip/xlnx_axi_dwidth_converter_dm_master/xlnx_axi_dwidth_converter_dm_master.xci' is already up-to-date
INFO: [Vivado 12-4149] The synthesis checkpoint for IP '/home/jc/tmp/riscv-iommu-demo/cva6/corev_apu/fpga/xilinx/xlnx_axi_dwidth_converter_dm_slave/xlnx_axi_dwidth_converter_dm_slave.srcs/sources_1/ip/xlnx_axi_dwidth_converter_dm_slave/xlnx_axi_dwidth_converter_dm_slave.xci' is already up-to-date
INFO: [Vivado 12-4149] The synthesis checkpoint for IP '/home/jc/tmp/riscv-iommu-demo/cva6/corev_apu/fpga/xilinx/xlnx_mig_7_ddr3/xlnx_mig_7_ddr3.srcs/sources_1/ip/xlnx_mig_7_ddr3/xlnx_mig_7_ddr3.xci' is already up-to-date
INFO: [Vivado 12-4149] The synthesis checkpoint for IP '/home/jc/tmp/riscv-iommu-demo/cva6/corev_apu/fpga/xilinx/xlnx_clk_gen/xlnx_clk_gen.srcs/sources_1/ip/xlnx_clk_gen/xlnx_clk_gen.xci' is already up-to-date
INFO: [Vivado 12-4149] The synthesis checkpoint for IP '/home/jc/tmp/riscv-iommu-demo/cva6/corev_apu/fpga/xilinx/xlnx_axi_clock_converter/xlnx_axi_clock_converter.srcs/sources_1/ip/xlnx_axi_clock_converter/xlnx_axi_clock_converter.xci' is already up-to-date
INFO: [Vivado 12-4149] The synthesis checkpoint for IP '/home/jc/tmp/riscv-iommu-demo/cva6/corev_apu/fpga/xilinx/xlnx_axi_hwicap/xlnx_axi_hwicap.srcs/sources_1/ip/xlnx_axi_hwicap/xlnx_axi_hwicap.xci' is already up-to-date
INFO: [Vivado 12-4149] The synthesis checkpoint for IP '/home/jc/tmp/riscv-iommu-demo/cva6/corev_apu/fpga/xilinx/xlnx_axi_gpio/xlnx_axi_gpio.srcs/sources_1/ip/xlnx_axi_gpio/xlnx_axi_gpio.xci' is already up-to-date
INFO: [Vivado 12-4149] The synthesis checkpoint for IP '/home/jc/tmp/riscv-iommu-demo/cva6/corev_apu/fpga/xilinx/xlnx_axi_dwidth_converter/xlnx_axi_dwidth_converter.srcs/sources_1/ip/xlnx_axi_dwidth_converter/xlnx_axi_dwidth_converter.xci' is already up-to-date
INFO: [Vivado 12-4149] The synthesis checkpoint for IP '/home/jc/tmp/riscv-iommu-demo/cva6/corev_apu/fpga/xilinx/xlnx_axi_quad_spi/xlnx_axi_quad_spi.srcs/sources_1/ip/xlnx_axi_quad_spi/xlnx_axi_quad_spi.xci' is already up-to-date
[Fri Apr  3 00:58:22 2026] Launched synth_1...
Run output will be captured here: /home/jc/tmp/riscv-iommu-demo/cva6/corev_apu/fpga/ariane.runs/synth_1/runme.log
# wait_on_run synth_1
[Fri Apr  3 00:58:22 2026] Waiting for synth_1 to finish...

*** Running vivado
    with args -log ariane_xilinx.vds -m64 -product Vivado -mode batch -messageDb vivado.pb -notrace -source ariane_xilinx.tcl


****** Vivado v2022.2 (64-bit)
  **** SW Build 3671981 on Fri Oct 14 04:59:54 MDT 2022
  **** IP Build 3669848 on Fri Oct 14 08:30:02 MDT 2022
    ** Copyright 1986-2022 Xilinx, Inc. All Rights Reserved.

source ariane_xilinx.tcl -notrace
Command: read_checkpoint -auto_incremental -incremental /home/jc/tmp/riscv-iommu-demo/cva6/corev_apu/fpga/ariane.srcs/utils_1/imports/synth_1/ariane_xilinx.dcp
INFO: [Vivado 12-5825] Read reference checkpoint from /home/jc/tmp/riscv-iommu-demo/cva6/corev_apu/fpga/ariane.srcs/utils_1/imports/synth_1/ariane_xilinx.dcp for incremental synthesis
INFO: [Vivado 12-7989] Please ensure there are no constraint changes
Command: synth_design -top ariane_xilinx -part xc7k325tffg900-2 -flatten_hierarchy none
Starting synth_design
Attempting to get a license for feature 'Synthesis' and/or device 'xc7k325t'
INFO: [Common 17-349] Got license for feature 'Synthesis' and/or device 'xc7k325t'
INFO: [Common 17-1540] The version limit for your license is '2025.10' and has expired for new software. A version limit expiration means that, although you may be able to continue to use the current version of tools or IP with this license, you will not be eligible for new releases.
INFO: [Device 21-403] Loading part xc7k325tffg900-2
INFO: [Synth 8-7079] Multithreading enabled for synth_design using a maximum of 4 processes.
INFO: [Synth 8-7078] Launching helper process for spawning children vivado processes
INFO: [Synth 8-7075] Helper process launched with PID 147073
INFO: [Synth 8-11241] undeclared symbol 'REGCCE', assumed default net type 'wire' [/tools/Xilinx/Vivado/2022.2/data/verilog/src/unimacro/BRAM_SINGLE_MACRO.v:2170]
WARNING: [Synth 8-11067] parameter 'BurstWidth' declared inside package 'axi_pkg' shall be treated as localparam [/home/jc/tmp/riscv-iommu-demo/cva6/corev_apu/fpga/src/armor/SRC/axi_pkg.sv:27]
WARNING: [Synth 8-11067] parameter 'RespWidth' declared inside package 'axi_pkg' shall be treated as localparam [/home/jc/tmp/riscv-iommu-demo/cva6/corev_apu/fpga/src/armor/SRC/axi_pkg.sv:29]
WARNING: [Synth 8-11067] parameter 'CacheWidth' declared inside package 'axi_pkg' shall be treated as localparam [/home/jc/tmp/riscv-iommu-demo/cva6/corev_apu/fpga/src/armor/SRC/axi_pkg.sv:31]
WARNING: [Synth 8-11067] parameter 'ProtWidth' declared inside package 'axi_pkg' shall be treated as localparam [/home/jc/tmp/riscv-iommu-demo/cva6/corev_apu/fpga/src/armor/SRC/axi_pkg.sv:33]
WARNING: [Synth 8-11067] parameter 'QosWidth' declared inside package 'axi_pkg' shall be treated as localparam [/home/jc/tmp/riscv-iommu-demo/cva6/corev_apu/fpga/src/armor/SRC/axi_pkg.sv:35]
WARNING: [Synth 8-11067] parameter 'RegionWidth' declared inside package 'axi_pkg' shall be treated as localparam [/home/jc/tmp/riscv-iommu-demo/cva6/corev_apu/fpga/src/armor/SRC/axi_pkg.sv:37]
WARNING: [Synth 8-11067] parameter 'LenWidth' declared inside package 'axi_pkg' shall be treated as localparam [/home/jc/tmp/riscv-iommu-demo/cva6/corev_apu/fpga/src/armor/SRC/axi_pkg.sv:39]
WARNING: [Synth 8-11067] parameter 'SizeWidth' declared inside package 'axi_pkg' shall be treated as localparam [/home/jc/tmp/riscv-iommu-demo/cva6/corev_apu/fpga/src/armor/SRC/axi_pkg.sv:41]
WARNING: [Synth 8-11067] parameter 'LockWidth' declared inside package 'axi_pkg' shall be treated as localparam [/home/jc/tmp/riscv-iommu-demo/cva6/corev_apu/fpga/src/armor/SRC/axi_pkg.sv:43]
WARNING: [Synth 8-11067] parameter 'AtopWidth' declared inside package 'axi_pkg' shall be treated as localparam [/home/jc/tmp/riscv-iommu-demo/cva6/corev_apu/fpga/src/armor/SRC/axi_pkg.sv:45]
WARNING: [Synth 8-11067] parameter 'NsaidWidth' declared inside package 'axi_pkg' shall be treated as localparam [/home/jc/tmp/riscv-iommu-demo/cva6/corev_apu/fpga/src/armor/SRC/axi_pkg.sv:47]
CRITICAL WARNING: [Synth 8-9873] overwriting previous definition of package 'axi_pkg' [/home/jc/tmp/riscv-iommu-demo/cva6/vendor/pulp-platform/axi/src/axi_pkg.sv:423]
INFO: [Synth 8-9937] previous definition of design element 'axi_pkg' is here [/home/jc/tmp/riscv-iommu-demo/cva6/corev_apu/fpga/src/armor/SRC/axi_pkg.sv:545]
CRITICAL WARNING: [Synth 8-9873] overwriting previous definition of interface 'AXI_BUS' [/home/jc/tmp/riscv-iommu-demo/cva6/corev_apu/fpga/src/armor/SRC/axi_intf.sv:110]
INFO: [Synth 8-9937] previous definition of design element 'AXI_BUS' is here [/home/jc/tmp/riscv-iommu-demo/cva6/core/include/axi_intf.sv:103]
CRITICAL WARNING: [Synth 8-9873] overwriting previous definition of interface 'AXI_BUS_ASYNC' [/home/jc/tmp/riscv-iommu-demo/cva6/corev_apu/fpga/src/armor/SRC/axi_intf.sv:354]
INFO: [Synth 8-9937] previous definition of design element 'AXI_BUS_ASYNC' is here [/home/jc/tmp/riscv-iommu-demo/cva6/core/include/axi_intf.sv:185]
CRITICAL WARNING: [Synth 8-9873] overwriting previous definition of interface 'AXI_LITE' [/home/jc/tmp/riscv-iommu-demo/cva6/corev_apu/fpga/src/armor/SRC/axi_intf.sv:471]
INFO: [Synth 8-9937] previous definition of design element 'AXI_LITE' is here [/home/jc/tmp/riscv-iommu-demo/cva6/core/include/axi_intf.sv:359]
WARNING: [Synth 8-6901] identifier 'mask' is used before its declaration [/home/jc/tmp/riscv-iommu-demo/cva6/core/csr_regfile.sv:315]
WARNING: [Synth 8-6901] identifier 'mask' is used before its declaration [/home/jc/tmp/riscv-iommu-demo/cva6/core/csr_regfile.sv:316]
WARNING: [Synth 8-6901] identifier 'mask' is used before its declaration [/home/jc/tmp/riscv-iommu-demo/cva6/core/csr_regfile.sv:319]
WARNING: [Synth 8-6901] identifier 'mask' is used before its declaration [/home/jc/tmp/riscv-iommu-demo/cva6/core/csr_regfile.sv:320]
WARNING: [Synth 8-11067] parameter 'NbInstr' declared inside package 'cvxif_instr_pkg' shall be treated as localparam [/home/jc/tmp/riscv-iommu-demo/cva6/core/cvxif_example/include/cvxif_instr_pkg.sv:19]
WARNING: [Synth 8-11067] parameter 'CoproInstr' declared inside package 'cvxif_instr_pkg' shall be treated as localparam [/home/jc/tmp/riscv-iommu-demo/cva6/core/cvxif_example/include/cvxif_instr_pkg.sv:20]
WARNING: [Synth 8-11067] parameter 'BlockAw' declared inside package 'idma_reg64_frontend_reg_pkg' shall be treated as localparam [/home/jc/tmp/riscv-iommu-demo/cva6/corev_apu/iDMA/src/frontends/register_64bit/idma_reg64_frontend_reg_pkg.sv:10]
WARNING: [Synth 8-11067] parameter 'IDMA_REG64_FRONTEND_SRC_ADDR_OFFSET' declared inside package 'idma_reg64_frontend_reg_pkg' shall be treated as localparam [/home/jc/tmp/riscv-iommu-demo/cva6/corev_apu/iDMA/src/frontends/register_64bit/idma_reg64_frontend_reg_pkg.sv:104]
WARNING: [Synth 8-11067] parameter 'IDMA_REG64_FRONTEND_DST_ADDR_OFFSET' declared inside package 'idma_reg64_frontend_reg_pkg' shall be treated as localparam [/home/jc/tmp/riscv-iommu-demo/cva6/corev_apu/iDMA/src/frontends/register_64bit/idma_reg64_frontend_reg_pkg.sv:105]
WARNING: [Synth 8-11067] parameter 'IDMA_REG64_FRONTEND_NUM_BYTES_OFFSET' declared inside package 'idma_reg64_frontend_reg_pkg' shall be treated as localparam [/home/jc/tmp/riscv-iommu-demo/cva6/corev_apu/iDMA/src/frontends/register_64bit/idma_reg64_frontend_reg_pkg.sv:106]
WARNING: [Synth 8-11067] parameter 'IDMA_REG64_FRONTEND_CONF_OFFSET' declared inside package 'idma_reg64_frontend_reg_pkg' shall be treated as localparam [/home/jc/tmp/riscv-iommu-demo/cva6/corev_apu/iDMA/src/frontends/register_64bit/idma_reg64_frontend_reg_pkg.sv:107]
WARNING: [Synth 8-11067] parameter 'IDMA_REG64_FRONTEND_STATUS_OFFSET' declared inside package 'idma_reg64_frontend_reg_pkg' shall be treated as localparam [/home/jc/tmp/riscv-iommu-demo/cva6/corev_apu/iDMA/src/frontends/register_64bit/idma_reg64_frontend_reg_pkg.sv:108]
WARNING: [Synth 8-11067] parameter 'IDMA_REG64_FRONTEND_NEXT_ID_OFFSET' declared inside package 'idma_reg64_frontend_reg_pkg' shall be treated as localparam [/home/jc/tmp/riscv-iommu-demo/cva6/corev_apu/iDMA/src/frontends/register_64bit/idma_reg64_frontend_reg_pkg.sv:109]
WARNING: [Synth 8-11067] parameter 'IDMA_REG64_FRONTEND_DONE_OFFSET' declared inside package 'idma_reg64_frontend_reg_pkg' shall be treated as localparam [/home/jc/tmp/riscv-iommu-demo/cva6/corev_apu/iDMA/src/frontends/register_64bit/idma_reg64_frontend_reg_pkg.sv:110]
WARNING: [Synth 8-11067] parameter 'IDMA_REG64_FRONTEND_INTF_OFFSET' declared inside package 'idma_reg64_frontend_reg_pkg' shall be treated as localparam [/home/jc/tmp/riscv-iommu-demo/cva6/corev_apu/iDMA/src/frontends/register_64bit/idma_reg64_frontend_reg_pkg.sv:111]
WARNING: [Synth 8-11067] parameter 'IDMA_REG64_FRONTEND_STATUS_RESVAL' declared inside package 'idma_reg64_frontend_reg_pkg' shall be treated as localparam [/home/jc/tmp/riscv-iommu-demo/cva6/corev_apu/iDMA/src/frontends/register_64bit/idma_reg64_frontend_reg_pkg.sv:114]
WARNING: [Synth 8-11067] parameter 'IDMA_REG64_FRONTEND_NEXT_ID_RESVAL' declared inside package 'idma_reg64_frontend_reg_pkg' shall be treated as localparam [/home/jc/tmp/riscv-iommu-demo/cva6/corev_apu/iDMA/src/frontends/register_64bit/idma_reg64_frontend_reg_pkg.sv:115]
WARNING: [Synth 8-11067] parameter 'IDMA_REG64_FRONTEND_DONE_RESVAL' declared inside package 'idma_reg64_frontend_reg_pkg' shall be treated as localparam [/home/jc/tmp/riscv-iommu-demo/cva6/corev_apu/iDMA/src/frontends/register_64bit/idma_reg64_frontend_reg_pkg.sv:116]
WARNING: [Synth 8-11067] parameter 'IDMA_REG64_FRONTEND_PERMIT' declared inside package 'idma_reg64_frontend_reg_pkg' shall be treated as localparam [/home/jc/tmp/riscv-iommu-demo/cva6/corev_apu/iDMA/src/frontends/register_64bit/idma_reg64_frontend_reg_pkg.sv:131]
WARNING: [Synth 8-11065] parameter 'STYLE_INT' becomes localparam in 'rgmii_lfsr' with formal parameter declaration list [/home/jc/tmp/riscv-iommu-demo/cva6/corev_apu/fpga/src/ariane-ethernet/rgmii_lfsr.sv:364]
WARNING: [Synth 8-11067] parameter 'BlockAw' declared inside package 'rv_iommu_reg_pkg' shall be treated as localparam [/home/jc/tmp/riscv-iommu-demo/cva6/corev_apu/rv_iommu/packages/rv_iommu/rv_iommu_reg_pkg.sv:22]
WARNING: [Synth 8-11067] parameter 'IOMMU_CAPABILITIES_OFFSET_L' declared inside package 'rv_iommu_reg_pkg' shall be treated as localparam [/home/jc/tmp/riscv-iommu-demo/cva6/corev_apu/rv_iommu/packages/rv_iommu/rv_iommu_reg_pkg.sv:484]
WARNING: [Synth 8-11067] parameter 'IOMMU_CAPABILITIES_OFFSET_H' declared inside package 'rv_iommu_reg_pkg' shall be treated as localparam [/home/jc/tmp/riscv-iommu-demo/cva6/corev_apu/rv_iommu/packages/rv_iommu/rv_iommu_reg_pkg.sv:485]
WARNING: [Synth 8-11067] parameter 'IOMMU_FCTL_OFFSET' declared inside package 'rv_iommu_reg_pkg' shall be treated as localparam [/home/jc/tmp/riscv-iommu-demo/cva6/corev_apu/rv_iommu/packages/rv_iommu/rv_iommu_reg_pkg.sv:486]
WARNING: [Synth 8-11067] parameter 'IOMMU_DDTP_OFFSET_L' declared inside package 'rv_iommu_reg_pkg' shall be treated as localparam [/home/jc/tmp/riscv-iommu-demo/cva6/corev_apu/rv_iommu/packages/rv_iommu/rv_iommu_reg_pkg.sv:487]
WARNING: [Synth 8-11067] parameter 'IOMMU_DDTP_OFFSET_H' declared inside package 'rv_iommu_reg_pkg' shall be treated as localparam [/home/jc/tmp/riscv-iommu-demo/cva6/corev_apu/rv_iommu/packages/rv_iommu/rv_iommu_reg_pkg.sv:488]
WARNING: [Synth 8-11067] parameter 'IOMMU_CQB_OFFSET_L' declared inside package 'rv_iommu_reg_pkg' shall be treated as localparam [/home/jc/tmp/riscv-iommu-demo/cva6/corev_apu/rv_iommu/packages/rv_iommu/rv_iommu_reg_pkg.sv:489]
WARNING: [Synth 8-11067] parameter 'IOMMU_CQB_OFFSET_H' declared inside package 'rv_iommu_reg_pkg' shall be treated as localparam [/home/jc/tmp/riscv-iommu-demo/cva6/corev_apu/rv_iommu/packages/rv_iommu/rv_iommu_reg_pkg.sv:490]
WARNING: [Synth 8-11067] parameter 'IOMMU_CQH_OFFSET' declared inside package 'rv_iommu_reg_pkg' shall be treated as localparam [/home/jc/tmp/riscv-iommu-demo/cva6/corev_apu/rv_iommu/packages/rv_iommu/rv_iommu_reg_pkg.sv:491]
WARNING: [Synth 8-11067] parameter 'IOMMU_CQT_OFFSET' declared inside package 'rv_iommu_reg_pkg' shall be treated as localparam [/home/jc/tmp/riscv-iommu-demo/cva6/corev_apu/rv_iommu/packages/rv_iommu/rv_iommu_reg_pkg.sv:492]
WARNING: [Synth 8-11067] parameter 'IOMMU_FQB_OFFSET_L' declared inside package 'rv_iommu_reg_pkg' shall be treated as localparam [/home/jc/tmp/riscv-iommu-demo/cva6/corev_apu/rv_iommu/packages/rv_iommu/rv_iommu_reg_pkg.sv:493]
WARNING: [Synth 8-11067] parameter 'IOMMU_FQB_OFFSET_H' declared inside package 'rv_iommu_reg_pkg' shall be treated as localparam [/home/jc/tmp/riscv-iommu-demo/cva6/corev_apu/rv_iommu/packages/rv_iommu/rv_iommu_reg_pkg.sv:494]
WARNING: [Synth 8-11067] parameter 'IOMMU_FQH_OFFSET' declared inside package 'rv_iommu_reg_pkg' shall be treated as localparam [/home/jc/tmp/riscv-iommu-demo/cva6/corev_apu/rv_iommu/packages/rv_iommu/rv_iommu_reg_pkg.sv:495]
WARNING: [Synth 8-11067] parameter 'IOMMU_FQT_OFFSET' declared inside package 'rv_iommu_reg_pkg' shall be treated as localparam [/home/jc/tmp/riscv-iommu-demo/cva6/corev_apu/rv_iommu/packages/rv_iommu/rv_iommu_reg_pkg.sv:496]
WARNING: [Synth 8-11067] parameter 'IOMMU_CQCSR_OFFSET' declared inside package 'rv_iommu_reg_pkg' shall be treated as localparam [/home/jc/tmp/riscv-iommu-demo/cva6/corev_apu/rv_iommu/packages/rv_iommu/rv_iommu_reg_pkg.sv:497]
WARNING: [Synth 8-11067] parameter 'IOMMU_FQCSR_OFFSET' declared inside package 'rv_iommu_reg_pkg' shall be treated as localparam [/home/jc/tmp/riscv-iommu-demo/cva6/corev_apu/rv_iommu/packages/rv_iommu/rv_iommu_reg_pkg.sv:498]
WARNING: [Synth 8-11067] parameter 'IOMMU_IPSR_OFFSET' declared inside package 'rv_iommu_reg_pkg' shall be treated as localparam [/home/jc/tmp/riscv-iommu-demo/cva6/corev_apu/rv_iommu/packages/rv_iommu/rv_iommu_reg_pkg.sv:499]
WARNING: [Synth 8-11067] parameter 'IOMMU_IOCNTOVF_OFFSET' declared inside package 'rv_iommu_reg_pkg' shall be treated as localparam [/home/jc/tmp/riscv-iommu-demo/cva6/corev_apu/rv_iommu/packages/rv_iommu/rv_iommu_reg_pkg.sv:500]
WARNING: [Synth 8-11067] parameter 'IOMMU_IOCNTINH_OFFSET' declared inside package 'rv_iommu_reg_pkg' shall be treated as localparam [/home/jc/tmp/riscv-iommu-demo/cva6/corev_apu/rv_iommu/packages/rv_iommu/rv_iommu_reg_pkg.sv:501]
WARNING: [Synth 8-11067] parameter 'IOMMU_IOHPMCYCLES_OFFSET_L' declared inside package 'rv_iommu_reg_pkg' shall be treated as localparam [/home/jc/tmp/riscv-iommu-demo/cva6/corev_apu/rv_iommu/packages/rv_iommu/rv_iommu_reg_pkg.sv:502]
WARNING: [Synth 8-11067] parameter 'IOMMU_IOHPMCYCLES_OFFSET_H' declared inside package 'rv_iommu_reg_pkg' shall be treated as localparam [/home/jc/tmp/riscv-iommu-demo/cva6/corev_apu/rv_iommu/packages/rv_iommu/rv_iommu_reg_pkg.sv:503]
WARNING: [Synth 8-11067] parameter 'IOMMU_IOHPMCTR_OFFSET_L' declared inside package 'rv_iommu_reg_pkg' shall be treated as localparam [/home/jc/tmp/riscv-iommu-demo/cva6/corev_apu/rv_iommu/packages/rv_iommu/rv_iommu_reg_pkg.sv:504]
WARNING: [Synth 8-11067] parameter 'IOMMU_IOHPMCTR_OFFSET_H' declared inside package 'rv_iommu_reg_pkg' shall be treated as localparam [/home/jc/tmp/riscv-iommu-demo/cva6/corev_apu/rv_iommu/packages/rv_iommu/rv_iommu_reg_pkg.sv:505]
WARNING: [Synth 8-11067] parameter 'IOMMU_IOHPMEVT_OFFSET_L' declared inside package 'rv_iommu_reg_pkg' shall be treated as localparam [/home/jc/tmp/riscv-iommu-demo/cva6/corev_apu/rv_iommu/packages/rv_iommu/rv_iommu_reg_pkg.sv:506]
WARNING: [Synth 8-11067] parameter 'IOMMU_IOHPMEVT_OFFSET_H' declared inside package 'rv_iommu_reg_pkg' shall be treated as localparam [/home/jc/tmp/riscv-iommu-demo/cva6/corev_apu/rv_iommu/packages/rv_iommu/rv_iommu_reg_pkg.sv:507]
WARNING: [Synth 8-11067] parameter 'IOMMU_TR_REQ_IOVA_OFFSET_L' declared inside package 'rv_iommu_reg_pkg' shall be treated as localparam [/home/jc/tmp/riscv-iommu-demo/cva6/corev_apu/rv_iommu/packages/rv_iommu/rv_iommu_reg_pkg.sv:508]
WARNING: [Synth 8-11067] parameter 'IOMMU_TR_REQ_IOVA_OFFSET_H' declared inside package 'rv_iommu_reg_pkg' shall be treated as localparam [/home/jc/tmp/riscv-iommu-demo/cva6/corev_apu/rv_iommu/packages/rv_iommu/rv_iommu_reg_pkg.sv:509]
WARNING: [Synth 8-11067] parameter 'IOMMU_TR_REQ_CTL_OFFSET_L' declared inside package 'rv_iommu_reg_pkg' shall be treated as localparam [/home/jc/tmp/riscv-iommu-demo/cva6/corev_apu/rv_iommu/packages/rv_iommu/rv_iommu_reg_pkg.sv:510]
WARNING: [Synth 8-11067] parameter 'IOMMU_TR_REQ_CTL_OFFSET_H' declared inside package 'rv_iommu_reg_pkg' shall be treated as localparam [/home/jc/tmp/riscv-iommu-demo/cva6/corev_apu/rv_iommu/packages/rv_iommu/rv_iommu_reg_pkg.sv:511]
WARNING: [Synth 8-11067] parameter 'IOMMU_TR_RESPONSE_OFFSET_L' declared inside package 'rv_iommu_reg_pkg' shall be treated as localparam [/home/jc/tmp/riscv-iommu-demo/cva6/corev_apu/rv_iommu/packages/rv_iommu/rv_iommu_reg_pkg.sv:512]
WARNING: [Synth 8-11067] parameter 'IOMMU_TR_RESPONSE_OFFSET_H' declared inside package 'rv_iommu_reg_pkg' shall be treated as localparam [/home/jc/tmp/riscv-iommu-demo/cva6/corev_apu/rv_iommu/packages/rv_iommu/rv_iommu_reg_pkg.sv:513]
WARNING: [Synth 8-11067] parameter 'IOMMU_ICVEC_OFFSET_L' declared inside package 'rv_iommu_reg_pkg' shall be treated as localparam [/home/jc/tmp/riscv-iommu-demo/cva6/corev_apu/rv_iommu/packages/rv_iommu/rv_iommu_reg_pkg.sv:514]
WARNING: [Synth 8-11067] parameter 'IOMMU_ICVEC_OFFSET_H' declared inside package 'rv_iommu_reg_pkg' shall be treated as localparam [/home/jc/tmp/riscv-iommu-demo/cva6/corev_apu/rv_iommu/packages/rv_iommu/rv_iommu_reg_pkg.sv:515]
WARNING: [Synth 8-11067] parameter 'IOMMU_MSI_ADDR_OFFSET_L' declared inside package 'rv_iommu_reg_pkg' shall be treated as localparam [/home/jc/tmp/riscv-iommu-demo/cva6/corev_apu/rv_iommu/packages/rv_iommu/rv_iommu_reg_pkg.sv:516]
WARNING: [Synth 8-11067] parameter 'IOMMU_MSI_ADDR_OFFSET_H' declared inside package 'rv_iommu_reg_pkg' shall be treated as localparam [/home/jc/tmp/riscv-iommu-demo/cva6/corev_apu/rv_iommu/packages/rv_iommu/rv_iommu_reg_pkg.sv:517]
WARNING: [Synth 8-11067] parameter 'IOMMU_MSI_DATA_OFFSET' declared inside package 'rv_iommu_reg_pkg' shall be treated as localparam [/home/jc/tmp/riscv-iommu-demo/cva6/corev_apu/rv_iommu/packages/rv_iommu/rv_iommu_reg_pkg.sv:518]
WARNING: [Synth 8-11067] parameter 'IOMMU_MSI_VEC_CTL_OFFSET' declared inside package 'rv_iommu_reg_pkg' shall be treated as localparam [/home/jc/tmp/riscv-iommu-demo/cva6/corev_apu/rv_iommu/packages/rv_iommu/rv_iommu_reg_pkg.sv:519]
WARNING: [Synth 8-11067] parameter 'IOMMU_PERMIT' declared inside package 'rv_iommu_reg_pkg' shall be treated as localparam [/home/jc/tmp/riscv-iommu-demo/cva6/corev_apu/rv_iommu/packages/rv_iommu/rv_iommu_reg_pkg.sv:522]
---------------------------------------------------------------------------------
Starting RTL Elaboration : Time (s): cpu = 00:00:01 ; elapsed = 00:00:03 . Memory (MB): peak = 2171.020 ; gain = 375.770 ; free physical = 9230 ; free virtual = 17268
Synthesis current peak Physical Memory [PSS] (MB): peak = 1609.195; parent = 1404.655; children = 204.540
Synthesis current peak Virtual Memory [VSS] (MB): peak = 3177.355; parent = 2194.836; children = 982.520
---------------------------------------------------------------------------------
INFO: [Synth 8-6157] synthesizing module 'ariane_xilinx' [/home/jc/tmp/riscv-iommu-demo/cva6/corev_apu/fpga/src/ariane_xilinx.sv:14]
INFO: [Synth 8-6157] synthesizing module 'AXI_BUS' [/home/jc/tmp/riscv-iommu-demo/cva6/corev_apu/fpga/src/armor/SRC/axi_intf.sv:21]
	Parameter AXI_ADDR_WIDTH bound to: 64 - type: integer 
	Parameter AXI_DATA_WIDTH bound to: 64 - type: integer 
	Parameter AXI_ID_WIDTH bound to: 6 - type: integer 
	Parameter AXI_USER_WIDTH bound to: 1 - type: integer 
INFO: [Synth 8-6155] done synthesizing module 'AXI_BUS' (0#1) [/home/jc/tmp/riscv-iommu-demo/cva6/corev_apu/fpga/src/armor/SRC/axi_intf.sv:21]
INFO: [Synth 8-6157] synthesizing module 'AXI_BUS' [/home/jc/tmp/riscv-iommu-demo/cva6/corev_apu/fpga/src/armor/SRC/axi_intf.sv:21]
	Parameter AXI_ADDR_WIDTH bound to: 64 - type: integer 
	Parameter AXI_DATA_WIDTH bound to: 64 - type: integer 
	Parameter AXI_ID_WIDTH bound to: 6 - type: integer 
	Parameter AXI_USER_WIDTH bound to: 1 - type: integer 
INFO: [Synth 8-6155] done synthesizing module 'AXI_BUS' (0#1) [/home/jc/tmp/riscv-iommu-demo/cva6/corev_apu/fpga/src/armor/SRC/axi_intf.sv:21]
INFO: [Synth 8-6157] synthesizing module 'AXI_BUS' [/home/jc/tmp/riscv-iommu-demo/cva6/corev_apu/fpga/src/armor/SRC/axi_intf.sv:21]
	Parameter AXI_ADDR_WIDTH bound to: 64 - type: integer 
	Parameter AXI_DATA_WIDTH bound to: 64 - type: integer 
	Parameter AXI_ID_WIDTH bound to: 6 - type: integer 
	Parameter AXI_USER_WIDTH bound to: 1 - type: integer 
INFO: [Synth 8-6155] done synthesizing module 'AXI_BUS' (0#1) [/home/jc/tmp/riscv-iommu-demo/cva6/corev_apu/fpga/src/armor/SRC/axi_intf.sv:21]
INFO: [Synth 8-6157] synthesizing module 'AXI_BUS' [/home/jc/tmp/riscv-iommu-demo/cva6/corev_apu/fpga/src/armor/SRC/axi_intf.sv:21]
	Parameter AXI_ADDR_WIDTH bound to: 64 - type: integer 
	Parameter AXI_DATA_WIDTH bound to: 64 - type: integer 
	Parameter AXI_ID_WIDTH bound to: 6 - type: integer 
	Parameter AXI_USER_WIDTH bound to: 1 - type: integer 
INFO: [Synth 8-6155] done synthesizing module 'AXI_BUS' (0#1) [/home/jc/tmp/riscv-iommu-demo/cva6/corev_apu/fpga/src/armor/SRC/axi_intf.sv:21]
INFO: [Synth 8-6157] synthesizing module 'AXI_BUS' [/home/jc/tmp/riscv-iommu-demo/cva6/corev_apu/fpga/src/armor/SRC/axi_intf.sv:21]
	Parameter AXI_ADDR_WIDTH bound to: 64 - type: integer 
	Parameter AXI_DATA_WIDTH bound to: 64 - type: integer 
	Parameter AXI_ID_WIDTH bound to: 6 - type: integer 
	Parameter AXI_USER_WIDTH bound to: 1 - type: integer 
INFO: [Synth 8-6155] done synthesizing module 'AXI_BUS' (0#1) [/home/jc/tmp/riscv-iommu-demo/cva6/corev_apu/fpga/src/armor/SRC/axi_intf.sv:21]
INFO: [Synth 8-6157] synthesizing module 'AXI_BUS' [/home/jc/tmp/riscv-iommu-demo/cva6/corev_apu/fpga/src/armor/SRC/axi_intf.sv:21]
	Parameter AXI_ADDR_WIDTH bound to: 64 - type: integer 
	Parameter AXI_DATA_WIDTH bound to: 64 - type: integer 
	Parameter AXI_ID_WIDTH bound to: 6 - type: integer 
	Parameter AXI_USER_WIDTH bound to: 1 - type: integer 
INFO: [Synth 8-6155] done synthesizing module 'AXI_BUS' (0#1) [/home/jc/tmp/riscv-iommu-demo/cva6/corev_apu/fpga/src/armor/SRC/axi_intf.sv:21]
INFO: [Synth 8-6157] synthesizing module 'AXI_BUS' [/home/jc/tmp/riscv-iommu-demo/cva6/corev_apu/fpga/src/armor/SRC/axi_intf.sv:21]
	Parameter AXI_ADDR_WIDTH bound to: 64 - type: integer 
	Parameter AXI_DATA_WIDTH bound to: 64 - type: integer 
	Parameter AXI_ID_WIDTH bound to: 6 - type: integer 
	Parameter AXI_USER_WIDTH bound to: 1 - type: integer 
INFO: [Synth 8-6155] done synthesizing module 'AXI_BUS' (0#1) [/home/jc/tmp/riscv-iommu-demo/cva6/corev_apu/fpga/src/armor/SRC/axi_intf.sv:21]
INFO: [Synth 8-6157] synthesizing module 'AXI_BUS' [/home/jc/tmp/riscv-iommu-demo/cva6/corev_apu/fpga/src/armor/SRC/axi_intf.sv:21]
	Parameter AXI_ADDR_WIDTH bound to: 64 - type: integer 
	Parameter AXI_DATA_WIDTH bound to: 64 - type: integer 
	Parameter AXI_ID_WIDTH bound to: 6 - type: integer 
	Parameter AXI_USER_WIDTH bound to: 1 - type: integer 
INFO: [Synth 8-6155] done synthesizing module 'AXI_BUS' (0#1) [/home/jc/tmp/riscv-iommu-demo/cva6/corev_apu/fpga/src/armor/SRC/axi_intf.sv:21]
INFO: [Synth 8-6157] synthesizing module 'AXI_BUS' [/home/jc/tmp/riscv-iommu-demo/cva6/corev_apu/fpga/src/armor/SRC/axi_intf.sv:21]
	Parameter AXI_ADDR_WIDTH bound to: 64 - type: integer 
	Parameter AXI_DATA_WIDTH bound to: 64 - type: integer 
	Parameter AXI_ID_WIDTH bound to: 6 - type: integer 
	Parameter AXI_USER_WIDTH bound to: 1 - type: integer 
INFO: [Synth 8-6155] done synthesizing module 'AXI_BUS' (0#1) [/home/jc/tmp/riscv-iommu-demo/cva6/corev_apu/fpga/src/armor/SRC/axi_intf.sv:21]
INFO: [Synth 8-6157] synthesizing module 'AXI_BUS' [/home/jc/tmp/riscv-iommu-demo/cva6/corev_apu/fpga/src/armor/SRC/axi_intf.sv:21]
	Parameter AXI_ADDR_WIDTH bound to: 64 - type: integer 
	Parameter AXI_DATA_WIDTH bound to: 64 - type: integer 
	Parameter AXI_ID_WIDTH bound to: 6 - type: integer 
	Parameter AXI_USER_WIDTH bound to: 1 - type: integer 
INFO: [Synth 8-6155] done synthesizing module 'AXI_BUS' (0#1) [/home/jc/tmp/riscv-iommu-demo/cva6/corev_apu/fpga/src/armor/SRC/axi_intf.sv:21]
INFO: [Synth 8-6157] synthesizing module 'AXI_BUS' [/home/jc/tmp/riscv-iommu-demo/cva6/corev_apu/fpga/src/armor/SRC/axi_intf.sv:21]
	Parameter AXI_ADDR_WIDTH bound to: 64 - type: integer 
	Parameter AXI_DATA_WIDTH bound to: 64 - type: integer 
	Parameter AXI_ID_WIDTH bound to: 6 - type: integer 
	Parameter AXI_USER_WIDTH bound to: 1 - type: integer 
INFO: [Synth 8-6155] done synthesizing module 'AXI_BUS' (0#1) [/home/jc/tmp/riscv-iommu-demo/cva6/corev_apu/fpga/src/armor/SRC/axi_intf.sv:21]
INFO: [Synth 8-6157] synthesizing module 'AXI_BUS' [/home/jc/tmp/riscv-iommu-demo/cva6/corev_apu/fpga/src/armor/SRC/axi_intf.sv:21]
	Parameter AXI_ADDR_WIDTH bound to: 64 - type: integer 
	Parameter AXI_DATA_WIDTH bound to: 64 - type: integer 
	Parameter AXI_ID_WIDTH bound to: 6 - type: integer 
	Parameter AXI_USER_WIDTH bound to: 1 - type: integer 
INFO: [Synth 8-6155] done synthesizing module 'AXI_BUS' (0#1) [/home/jc/tmp/riscv-iommu-demo/cva6/corev_apu/fpga/src/armor/SRC/axi_intf.sv:21]
INFO: [Synth 8-6157] synthesizing module 'AXI_BUS' [/home/jc/tmp/riscv-iommu-demo/cva6/corev_apu/fpga/src/armor/SRC/axi_intf.sv:21]
	Parameter AXI_ADDR_WIDTH bound to: 64 - type: integer 
	Parameter AXI_DATA_WIDTH bound to: 64 - type: integer 
	Parameter AXI_ID_WIDTH bound to: 6 - type: integer 
	Parameter AXI_USER_WIDTH bound to: 1 - type: integer 
INFO: [Synth 8-6155] done synthesizing module 'AXI_BUS' (0#1) [/home/jc/tmp/riscv-iommu-demo/cva6/corev_apu/fpga/src/armor/SRC/axi_intf.sv:21]
INFO: [Synth 8-6157] synthesizing module 'AXI_BUS' [/home/jc/tmp/riscv-iommu-demo/cva6/corev_apu/fpga/src/armor/SRC/axi_intf.sv:21]
	Parameter AXI_ADDR_WIDTH bound to: 64 - type: integer 
	Parameter AXI_DATA_WIDTH bound to: 64 - type: integer 
	Parameter AXI_ID_WIDTH bound to: 6 - type: integer 
	Parameter AXI_USER_WIDTH bound to: 1 - type: integer 
INFO: [Synth 8-6155] done synthesizing module 'AXI_BUS' (0#1) [/home/jc/tmp/riscv-iommu-demo/cva6/corev_apu/fpga/src/armor/SRC/axi_intf.sv:21]
INFO: [Synth 8-6157] synthesizing module 'AXI_BUS' [/home/jc/tmp/riscv-iommu-demo/cva6/corev_apu/fpga/src/armor/SRC/axi_intf.sv:21]
	Parameter AXI_ADDR_WIDTH bound to: 64 - type: integer 
	Parameter AXI_DATA_WIDTH bound to: 64 - type: integer 
	Parameter AXI_ID_WIDTH bound to: 6 - type: integer 
	Parameter AXI_USER_WIDTH bound to: 1 - type: integer 
INFO: [Synth 8-6155] done synthesizing module 'AXI_BUS' (0#1) [/home/jc/tmp/riscv-iommu-demo/cva6/corev_apu/fpga/src/armor/SRC/axi_intf.sv:21]
INFO: [Synth 8-6157] synthesizing module 'AXI_BUS' [/home/jc/tmp/riscv-iommu-demo/cva6/corev_apu/fpga/src/armor/SRC/axi_intf.sv:21]
	Parameter AXI_ADDR_WIDTH bound to: 64 - type: integer 
	Parameter AXI_DATA_WIDTH bound to: 64 - type: integer 
	Parameter AXI_ID_WIDTH bound to: 6 - type: integer 
	Parameter AXI_USER_WIDTH bound to: 1 - type: integer 
INFO: [Synth 8-6155] done synthesizing module 'AXI_BUS' (0#1) [/home/jc/tmp/riscv-iommu-demo/cva6/corev_apu/fpga/src/armor/SRC/axi_intf.sv:21]
INFO: [Synth 8-6157] synthesizing module 'AXI_BUS' [/home/jc/tmp/riscv-iommu-demo/cva6/corev_apu/fpga/src/armor/SRC/axi_intf.sv:21]
	Parameter AXI_ADDR_WIDTH bound to: 32'b00000000000000000000000001000000 
	Parameter AXI_DATA_WIDTH bound to: 32'b00000000000000000000000001000000 
	Parameter AXI_ID_WIDTH bound to: 6 - type: integer 
	Parameter AXI_USER_WIDTH bound to: 1 - type: integer 
INFO: [Synth 8-6155] done synthesizing module 'AXI_BUS' (0#1) [/home/jc/tmp/riscv-iommu-demo/cva6/corev_apu/fpga/src/armor/SRC/axi_intf.sv:21]
INFO: [Synth 8-6157] synthesizing module 'AXI_BUS' [/home/jc/tmp/riscv-iommu-demo/cva6/corev_apu/fpga/src/armor/SRC/axi_intf.sv:21]
	Parameter AXI_ADDR_WIDTH bound to: 64 - type: integer 
	Parameter AXI_DATA_WIDTH bound to: 64 - type: integer 
	Parameter AXI_ID_WIDTH bound to: 4 - type: integer 
	Parameter AXI_USER_WIDTH bound to: 1 - type: integer 
INFO: [Synth 8-6155] done synthesizing module 'AXI_BUS' (0#1) [/home/jc/tmp/riscv-iommu-demo/cva6/corev_apu/fpga/src/armor/SRC/axi_intf.sv:21]
INFO: [Synth 8-6157] synthesizing module 'AXI_BUS' [/home/jc/tmp/riscv-iommu-demo/cva6/corev_apu/fpga/src/armor/SRC/axi_intf.sv:21]
	Parameter AXI_ADDR_WIDTH bound to: 64 - type: integer 
	Parameter AXI_DATA_WIDTH bound to: 64 - type: integer 
	Parameter AXI_ID_WIDTH bound to: 4 - type: integer 
	Parameter AXI_USER_WIDTH bound to: 1 - type: integer 
INFO: [Synth 8-6155] done synthesizing module 'AXI_BUS' (0#1) [/home/jc/tmp/riscv-iommu-demo/cva6/corev_apu/fpga/src/armor/SRC/axi_intf.sv:21]
INFO: [Synth 8-6157] synthesizing module 'AXI_BUS' [/home/jc/tmp/riscv-iommu-demo/cva6/corev_apu/fpga/src/armor/SRC/axi_intf.sv:21]
	Parameter AXI_ADDR_WIDTH bound to: 64 - type: integer 
	Parameter AXI_DATA_WIDTH bound to: 64 - type: integer 
	Parameter AXI_ID_WIDTH bound to: 4 - type: integer 
	Parameter AXI_USER_WIDTH bound to: 1 - type: integer 
INFO: [Synth 8-6155] done synthesizing module 'AXI_BUS' (0#1) [/home/jc/tmp/riscv-iommu-demo/cva6/corev_apu/fpga/src/armor/SRC/axi_intf.sv:21]
INFO: [Synth 8-6157] synthesizing module 'AXI_BUS' [/home/jc/tmp/riscv-iommu-demo/cva6/corev_apu/fpga/src/armor/SRC/axi_intf.sv:21]
	Parameter AXI_ADDR_WIDTH bound to: 64 - type: integer 
	Parameter AXI_DATA_WIDTH bound to: 64 - type: integer 
	Parameter AXI_ID_WIDTH bound to: 4 - type: integer 
	Parameter AXI_USER_WIDTH bound to: 1 - type: integer 
INFO: [Synth 8-6155] done synthesizing module 'AXI_BUS' (0#1) [/home/jc/tmp/riscv-iommu-demo/cva6/corev_apu/fpga/src/armor/SRC/axi_intf.sv:21]
INFO: [Synth 8-6157] synthesizing module 'bootrom_64' [/home/jc/tmp/riscv-iommu-demo/cva6/corev_apu/fpga/src/bootrom/bootrom_64.sv:17]
INFO: [Synth 8-6155] done synthesizing module 'bootrom_64' (0#1) [/home/jc/tmp/riscv-iommu-demo/cva6/corev_apu/fpga/src/bootrom/bootrom_64.sv:17]
INFO: [Synth 8-6157] synthesizing module 'rstgen' [/home/jc/tmp/riscv-iommu-demo/cva6/vendor/pulp-platform/common_cells/src/rstgen.sv:13]
INFO: [Synth 8-6157] synthesizing module 'rstgen_bypass' [/home/jc/tmp/riscv-iommu-demo/cva6/vendor/pulp-platform/common_cells/src/rstgen_bypass.sv:15]
INFO: [Synth 8-6155] done synthesizing module 'rstgen_bypass' (0#1) [/home/jc/tmp/riscv-iommu-demo/cva6/vendor/pulp-platform/common_cells/src/rstgen_bypass.sv:15]
INFO: [Synth 8-6155] done synthesizing module 'rstgen' (0#1) [/home/jc/tmp/riscv-iommu-demo/cva6/vendor/pulp-platform/common_cells/src/rstgen.sv:13]
INFO: [Synth 8-6157] synthesizing module 'axi_xbar_intf' [/home/jc/tmp/riscv-iommu-demo/cva6/vendor/pulp-platform/axi/src/axi_xbar.sv:242]
	Parameter AXI_USER_WIDTH bound to: 1 - type: integer 
	Parameter Cfg[NoSlvPorts] bound to: 32'b00000000000000000000000000000100 
	Parameter Cfg[NoMstPorts] bound to: 32'b00000000000000000000000000010000 
	Parameter Cfg[MaxMstTrans] bound to: 32'b00000000000000000000000000001000 
	Parameter Cfg[MaxSlvTrans] bound to: 32'b00000000000000000000000000001000 
	Parameter Cfg[FallThrough] bound to: 1'b0 
	Parameter Cfg[LatencyMode] bound to: 10'b1111111111 
	Parameter Cfg[AxiIdWidthSlvPorts] bound to: 32'b00000000000000000000000000000100 
	Parameter Cfg[AxiIdUsedSlvPorts] bound to: 32'b00000000000000000000000000000100 
	Parameter Cfg[UniqueIds] bound to: 1'b0 
	Parameter Cfg[AxiAddrWidth] bound to: 32'b00000000000000000000000001000000 
	Parameter Cfg[AxiDataWidth] bound to: 32'b00000000000000000000000001000000 
	Parameter Cfg[NoAddrRules] bound to: 32'b00000000000000000000000000010000 
INFO: [Synth 8-6157] synthesizing module 'axi_xbar' [/home/jc/tmp/riscv-iommu-demo/cva6/vendor/pulp-platform/axi/src/axi_xbar.sv:18]
	Parameter Cfg[NoSlvPorts] bound to: 32'b00000000000000000000000000000100 
	Parameter Cfg[NoMstPorts] bound to: 32'b00000000000000000000000000010000 
	Parameter Cfg[MaxMstTrans] bound to: 32'b00000000000000000000000000001000 
	Parameter Cfg[MaxSlvTrans] bound to: 32'b00000000000000000000000000001000 
	Parameter Cfg[FallThrough] bound to: 1'b0 
	Parameter Cfg[LatencyMode] bound to: 10'b1111111111 
	Parameter Cfg[AxiIdWidthSlvPorts] bound to: 32'b00000000000000000000000000000100 
	Parameter Cfg[AxiIdUsedSlvPorts] bound to: 32'b00000000000000000000000000000100 
	Parameter Cfg[UniqueIds] bound to: 1'b0 
	Parameter Cfg[AxiAddrWidth] bound to: 32'b00000000000000000000000001000000 
	Parameter Cfg[AxiDataWidth] bound to: 32'b00000000000000000000000001000000 
	Parameter Cfg[NoAddrRules] bound to: 32'b00000000000000000000000000010000 
INFO: [Synth 8-6157] synthesizing module 'addr_decode' [/home/jc/tmp/riscv-iommu-demo/cva6/vendor/pulp-platform/common_cells/src/addr_decode.sv:30]
	Parameter NoIndices bound to: 32'b00000000000000000000000000010000 
	Parameter NoRules bound to: 32'b00000000000000000000000000010000 
INFO: [Synth 8-6155] done synthesizing module 'addr_decode' (0#1) [/home/jc/tmp/riscv-iommu-demo/cva6/vendor/pulp-platform/common_cells/src/addr_decode.sv:30]
INFO: [Synth 8-6157] synthesizing module 'axi_demux' [/home/jc/tmp/riscv-iommu-demo/cva6/vendor/pulp-platform/axi/src/axi_demux.sv:19]
	Parameter AxiIdWidth bound to: 32'b00000000000000000000000000000100 
	Parameter NoMstPorts bound to: 32'b00000000000000000000000000010001 
	Parameter MaxTrans bound to: 32'b00000000000000000000000000001000 
	Parameter AxiLookBits bound to: 32'b00000000000000000000000000000100 
	Parameter UniqueIds bound to: 1'b0 
	Parameter FallThrough bound to: 1'b0 
	Parameter SpillAw bound to: 1'b1 
	Parameter SpillW bound to: 1'b1 
	Parameter SpillB bound to: 1'b1 
	Parameter SpillAr bound to: 1'b1 
	Parameter SpillR bound to: 1'b1 
INFO: [Synth 8-6157] synthesizing module 'axi_demux_id_counters' [/home/jc/tmp/riscv-iommu-demo/cva6/vendor/pulp-platform/axi/src/axi_demux.sv:576]
	Parameter AxiIdBits bound to: 32'b00000000000000000000000000000100 
	Parameter CounterWidth bound to: 32'b00000000000000000000000000000011 
INFO: [Synth 8-294] found qualifier unique on case statement: implementing as parallel_case [/home/jc/tmp/riscv-iommu-demo/cva6/vendor/pulp-platform/axi/src/axi_demux.sv:626]
INFO: [Synth 8-6157] synthesizing module 'delta_counter' [/home/jc/tmp/riscv-iommu-demo/cva6/vendor/pulp-platform/common_cells/src/delta_counter.sv:13]
	Parameter WIDTH bound to: 32'b00000000000000000000000000000011 
	Parameter STICKY_OVERFLOW bound to: 1'b0 
INFO: [Synth 8-6155] done synthesizing module 'delta_counter' (0#1) [/home/jc/tmp/riscv-iommu-demo/cva6/vendor/pulp-platform/common_cells/src/delta_counter.sv:13]
INFO: [Synth 8-294] found qualifier unique on case statement: implementing as parallel_case [/home/jc/tmp/riscv-iommu-demo/cva6/vendor/pulp-platform/axi/src/axi_demux.sv:626]
INFO: [Synth 8-294] found qualifier unique on case statement: implementing as parallel_case [/home/jc/tmp/riscv-iommu-demo/cva6/vendor/pulp-platform/axi/src/axi_demux.sv:626]
INFO: [Synth 8-294] found qualifier unique on case statement: implementing as parallel_case [/home/jc/tmp/riscv-iommu-demo/cva6/vendor/pulp-platform/axi/src/axi_demux.sv:626]
INFO: [Synth 8-294] found qualifier unique on case statement: implementing as parallel_case [/home/jc/tmp/riscv-iommu-demo/cva6/vendor/pulp-platform/axi/src/axi_demux.sv:626]
INFO: [Synth 8-294] found qualifier unique on case statement: implementing as parallel_case [/home/jc/tmp/riscv-iommu-demo/cva6/vendor/pulp-platform/axi/src/axi_demux.sv:626]
INFO: [Synth 8-294] found qualifier unique on case statement: implementing as parallel_case [/home/jc/tmp/riscv-iommu-demo/cva6/vendor/pulp-platform/axi/src/axi_demux.sv:626]
INFO: [Synth 8-294] found qualifier unique on case statement: implementing as parallel_case [/home/jc/tmp/riscv-iommu-demo/cva6/vendor/pulp-platform/axi/src/axi_demux.sv:626]
INFO: [Synth 8-294] found qualifier unique on case statement: implementing as parallel_case [/home/jc/tmp/riscv-iommu-demo/cva6/vendor/pulp-platform/axi/src/axi_demux.sv:626]
INFO: [Synth 8-294] found qualifier unique on case statement: implementing as parallel_case [/home/jc/tmp/riscv-iommu-demo/cva6/vendor/pulp-platform/axi/src/axi_demux.sv:626]
INFO: [Synth 8-294] found qualifier unique on case statement: implementing as parallel_case [/home/jc/tmp/riscv-iommu-demo/cva6/vendor/pulp-platform/axi/src/axi_demux.sv:626]
INFO: [Synth 8-294] found qualifier unique on case statement: implementing as parallel_case [/home/jc/tmp/riscv-iommu-demo/cva6/vendor/pulp-platform/axi/src/axi_demux.sv:626]
INFO: [Synth 8-294] found qualifier unique on case statement: implementing as parallel_case [/home/jc/tmp/riscv-iommu-demo/cva6/vendor/pulp-platform/axi/src/axi_demux.sv:626]
INFO: [Synth 8-294] found qualifier unique on case statement: implementing as parallel_case [/home/jc/tmp/riscv-iommu-demo/cva6/vendor/pulp-platform/axi/src/axi_demux.sv:626]
INFO: [Synth 8-294] found qualifier unique on case statement: implementing as parallel_case [/home/jc/tmp/riscv-iommu-demo/cva6/vendor/pulp-platform/axi/src/axi_demux.sv:626]
INFO: [Synth 8-294] found qualifier unique on case statement: implementing as parallel_case [/home/jc/tmp/riscv-iommu-demo/cva6/vendor/pulp-platform/axi/src/axi_demux.sv:626]
INFO: [Synth 8-6155] done synthesizing module 'axi_demux_id_counters' (0#1) [/home/jc/tmp/riscv-iommu-demo/cva6/vendor/pulp-platform/axi/src/axi_demux.sv:576]
INFO: [Synth 8-6157] synthesizing module 'spill_register' [/home/jc/tmp/riscv-iommu-demo/cva6/vendor/pulp-platform/common_cells/src/spill_register.sv:17]
	Parameter Bypass bound to: 1'b0 
INFO: [Synth 8-6157] synthesizing module 'spill_register_flushable' [/home/jc/tmp/riscv-iommu-demo/cva6/vendor/pulp-platform/common_cells/src/spill_register_flushable.sv:17]
	Parameter Bypass bound to: 1'b0 
INFO: [Synth 8-6155] done synthesizing module 'spill_register_flushable' (0#1) [/home/jc/tmp/riscv-iommu-demo/cva6/vendor/pulp-platform/common_cells/src/spill_register_flushable.sv:17]
INFO: [Synth 8-6155] done synthesizing module 'spill_register' (0#1) [/home/jc/tmp/riscv-iommu-demo/cva6/vendor/pulp-platform/common_cells/src/spill_register.sv:17]
INFO: [Synth 8-6157] synthesizing module 'fifo_v3' [/home/jc/tmp/riscv-iommu-demo/cva6/vendor/pulp-platform/common_cells/src/fifo_v3.sv:13]
	Parameter FALL_THROUGH bound to: 1'b0 
	Parameter DEPTH bound to: 32'b00000000000000000000000000001000 
INFO: [Synth 8-6155] done synthesizing module 'fifo_v3' (0#1) [/home/jc/tmp/riscv-iommu-demo/cva6/vendor/pulp-platform/common_cells/src/fifo_v3.sv:13]
INFO: [Synth 8-6157] synthesizing module 'spill_register__parameterized0' [/home/jc/tmp/riscv-iommu-demo/cva6/vendor/pulp-platform/common_cells/src/spill_register.sv:17]
	Parameter Bypass bound to: 1'b0 
INFO: [Synth 8-6157] synthesizing module 'spill_register_flushable__parameterized0' [/home/jc/tmp/riscv-iommu-demo/cva6/vendor/pulp-platform/common_cells/src/spill_register_flushable.sv:17]
	Parameter Bypass bound to: 1'b0 
INFO: [Synth 8-6155] done synthesizing module 'spill_register_flushable__parameterized0' (0#1) [/home/jc/tmp/riscv-iommu-demo/cva6/vendor/pulp-platform/common_cells/src/spill_register_flushable.sv:17]
INFO: [Synth 8-6155] done synthesizing module 'spill_register__parameterized0' (0#1) [/home/jc/tmp/riscv-iommu-demo/cva6/vendor/pulp-platform/common_cells/src/spill_register.sv:17]
INFO: [Synth 8-6157] synthesizing module 'spill_register__parameterized1' [/home/jc/tmp/riscv-iommu-demo/cva6/vendor/pulp-platform/common_cells/src/spill_register.sv:17]
	Parameter Bypass bound to: 1'b0 
INFO: [Synth 8-6157] synthesizing module 'spill_register_flushable__parameterized1' [/home/jc/tmp/riscv-iommu-demo/cva6/vendor/pulp-platform/common_cells/src/spill_register_flushable.sv:17]
	Parameter Bypass bound to: 1'b0 
INFO: [Synth 8-6155] done synthesizing module 'spill_register_flushable__parameterized1' (0#1) [/home/jc/tmp/riscv-iommu-demo/cva6/vendor/pulp-platform/common_cells/src/spill_register_flushable.sv:17]
INFO: [Synth 8-6155] done synthesizing module 'spill_register__parameterized1' (0#1) [/home/jc/tmp/riscv-iommu-demo/cva6/vendor/pulp-platform/common_cells/src/spill_register.sv:17]
INFO: [Synth 8-6157] synthesizing module 'rr_arb_tree' [/home/jc/tmp/riscv-iommu-demo/cva6/vendor/pulp-platform/common_cells/src/rr_arb_tree.sv:47]
	Parameter NumIn bound to: 32'b00000000000000000000000000010001 
	Parameter AxiVldRdy bound to: 1'b1 
	Parameter LockIn bound to: 1'b1 
INFO: [Synth 8-6157] synthesizing module 'lzc' [/home/jc/tmp/riscv-iommu-demo/cva6/vendor/pulp-platform/common_cells/src/lzc.sv:25]
	Parameter WIDTH bound to: 32'b00000000000000000000000000010001 
	Parameter MODE bound to: 1'b0 
INFO: [Synth 8-6155] done synthesizing module 'lzc' (0#1) [/home/jc/tmp/riscv-iommu-demo/cva6/vendor/pulp-platform/common_cells/src/lzc.sv:25]
INFO: [Synth 8-6155] done synthesizing module 'rr_arb_tree' (0#1) [/home/jc/tmp/riscv-iommu-demo/cva6/vendor/pulp-platform/common_cells/src/rr_arb_tree.sv:47]
INFO: [Synth 8-6157] synthesizing module 'spill_register__parameterized2' [/home/jc/tmp/riscv-iommu-demo/cva6/vendor/pulp-platform/common_cells/src/spill_register.sv:17]
	Parameter Bypass bound to: 1'b0 
INFO: [Synth 8-6157] synthesizing module 'spill_register_flushable__parameterized2' [/home/jc/tmp/riscv-iommu-demo/cva6/vendor/pulp-platform/common_cells/src/spill_register_flushable.sv:17]
	Parameter Bypass bound to: 1'b0 
INFO: [Synth 8-6155] done synthesizing module 'spill_register_flushable__parameterized2' (0#1) [/home/jc/tmp/riscv-iommu-demo/cva6/vendor/pulp-platform/common_cells/src/spill_register_flushable.sv:17]
INFO: [Synth 8-6155] done synthesizing module 'spill_register__parameterized2' (0#1) [/home/jc/tmp/riscv-iommu-demo/cva6/vendor/pulp-platform/common_cells/src/spill_register.sv:17]
INFO: [Synth 8-6157] synthesizing module 'spill_register__parameterized3' [/home/jc/tmp/riscv-iommu-demo/cva6/vendor/pulp-platform/common_cells/src/spill_register.sv:17]
	Parameter Bypass bound to: 1'b0 
INFO: [Synth 8-6157] synthesizing module 'spill_register_flushable__parameterized3' [/home/jc/tmp/riscv-iommu-demo/cva6/vendor/pulp-platform/common_cells/src/spill_register_flushable.sv:17]
	Parameter Bypass bound to: 1'b0 
INFO: [Synth 8-6155] done synthesizing module 'spill_register_flushable__parameterized3' (0#1) [/home/jc/tmp/riscv-iommu-demo/cva6/vendor/pulp-platform/common_cells/src/spill_register_flushable.sv:17]
INFO: [Synth 8-6155] done synthesizing module 'spill_register__parameterized3' (0#1) [/home/jc/tmp/riscv-iommu-demo/cva6/vendor/pulp-platform/common_cells/src/spill_register.sv:17]
INFO: [Synth 8-6157] synthesizing module 'rr_arb_tree__parameterized0' [/home/jc/tmp/riscv-iommu-demo/cva6/vendor/pulp-platform/common_cells/src/rr_arb_tree.sv:47]
	Parameter NumIn bound to: 32'b00000000000000000000000000010001 
	Parameter AxiVldRdy bound to: 1'b1 
	Parameter LockIn bound to: 1'b1 
INFO: [Synth 8-6155] done synthesizing module 'rr_arb_tree__parameterized0' (0#1) [/home/jc/tmp/riscv-iommu-demo/cva6/vendor/pulp-platform/common_cells/src/rr_arb_tree.sv:47]
INFO: [Synth 8-6155] done synthesizing module 'axi_demux' (0#1) [/home/jc/tmp/riscv-iommu-demo/cva6/vendor/pulp-platform/axi/src/axi_demux.sv:19]
INFO: [Synth 8-6157] synthesizing module 'axi_err_slv' [/home/jc/tmp/riscv-iommu-demo/cva6/vendor/pulp-platform/axi/src/axi_err_slv.sv:19]
	Parameter AxiIdWidth bound to: 32'b00000000000000000000000000000100 
	Parameter Resp bound to: 2'b11 
	Parameter ATOPs bound to: 1'b1 
	Parameter MaxTrans bound to: 32'b00000000000000000000000000000100 
INFO: [Synth 8-6157] synthesizing module 'axi_atop_filter' [/home/jc/tmp/riscv-iommu-demo/cva6/vendor/pulp-platform/axi/src/axi_atop_filter.sv:37]
	Parameter AxiIdWidth bound to: 32'b00000000000000000000000000000100 
	Parameter AxiMaxWriteTxns bound to: 32'b00000000000000000000000000000100 
INFO: [Synth 8-294] found qualifier unique on case statement: implementing as parallel_case [/home/jc/tmp/riscv-iommu-demo/cva6/vendor/pulp-platform/axi/src/axi_atop_filter.sv:118]
INFO: [Synth 8-294] found qualifier unique on case statement: implementing as parallel_case [/home/jc/tmp/riscv-iommu-demo/cva6/vendor/pulp-platform/axi/src/axi_atop_filter.sv:268]
INFO: [Synth 8-6157] synthesizing module 'stream_register' [/home/jc/tmp/riscv-iommu-demo/cva6/vendor/pulp-platform/common_cells/src/stream_register.sv:14]
INFO: [Synth 8-6157] synthesizing module 'fifo_v2' [/home/jc/tmp/riscv-iommu-demo/cva6/vendor/pulp-platform/common_cells/src/deprecated/fifo_v2.sv:13]
	Parameter FALL_THROUGH bound to: 1'b0 
	Parameter DATA_WIDTH bound to: 32'b00000000000000000000000000001000 
	Parameter DEPTH bound to: 32'b00000000000000000000000000000001 
INFO: [Synth 8-6157] synthesizing module 'fifo_v3__parameterized0' [/home/jc/tmp/riscv-iommu-demo/cva6/vendor/pulp-platform/common_cells/src/fifo_v3.sv:13]
	Parameter FALL_THROUGH bound to: 1'b0 
	Parameter DATA_WIDTH bound to: 32'b00000000000000000000000000001000 
	Parameter DEPTH bound to: 32'b00000000000000000000000000000001 
INFO: [Synth 8-6155] done synthesizing module 'fifo_v3__parameterized0' (0#1) [/home/jc/tmp/riscv-iommu-demo/cva6/vendor/pulp-platform/common_cells/src/fifo_v3.sv:13]
INFO: [Synth 8-6155] done synthesizing module 'fifo_v2' (0#1) [/home/jc/tmp/riscv-iommu-demo/cva6/vendor/pulp-platform/common_cells/src/deprecated/fifo_v2.sv:13]
INFO: [Synth 8-6155] done synthesizing module 'stream_register' (0#1) [/home/jc/tmp/riscv-iommu-demo/cva6/vendor/pulp-platform/common_cells/src/stream_register.sv:14]
INFO: [Synth 8-6155] done synthesizing module 'axi_atop_filter' (0#1) [/home/jc/tmp/riscv-iommu-demo/cva6/vendor/pulp-platform/axi/src/axi_atop_filter.sv:37]
INFO: [Synth 8-6157] synthesizing module 'fifo_v3__parameterized1' [/home/jc/tmp/riscv-iommu-demo/cva6/vendor/pulp-platform/common_cells/src/fifo_v3.sv:13]
	Parameter FALL_THROUGH bound to: 1'b1 
	Parameter DEPTH bound to: 32'b00000000000000000000000000000100 
INFO: [Synth 8-6155] done synthesizing module 'fifo_v3__parameterized1' (0#1) [/home/jc/tmp/riscv-iommu-demo/cva6/vendor/pulp-platform/common_cells/src/fifo_v3.sv:13]
INFO: [Synth 8-6157] synthesizing module 'fifo_v3__parameterized2' [/home/jc/tmp/riscv-iommu-demo/cva6/vendor/pulp-platform/common_cells/src/fifo_v3.sv:13]
	Parameter FALL_THROUGH bound to: 1'b0 
	Parameter DEPTH bound to: 32'b00000000000000000000000000000010 
INFO: [Synth 8-6155] done synthesizing module 'fifo_v3__parameterized2' (0#1) [/home/jc/tmp/riscv-iommu-demo/cva6/vendor/pulp-platform/common_cells/src/fifo_v3.sv:13]
INFO: [Synth 8-6157] synthesizing module 'fifo_v3__parameterized3' [/home/jc/tmp/riscv-iommu-demo/cva6/vendor/pulp-platform/common_cells/src/fifo_v3.sv:13]
	Parameter FALL_THROUGH bound to: 1'b0 
	Parameter DEPTH bound to: 32'b00000000000000000000000000000100 
INFO: [Synth 8-6155] done synthesizing module 'fifo_v3__parameterized3' (0#1) [/home/jc/tmp/riscv-iommu-demo/cva6/vendor/pulp-platform/common_cells/src/fifo_v3.sv:13]
INFO: [Synth 8-6157] synthesizing module 'counter' [/home/jc/tmp/riscv-iommu-demo/cva6/vendor/pulp-platform/common_cells/src/counter.sv:14]
	Parameter WIDTH bound to: 32'b00000000000000000000000000001000 
INFO: [Synth 8-6157] synthesizing module 'delta_counter__parameterized0' [/home/jc/tmp/riscv-iommu-demo/cva6/vendor/pulp-platform/common_cells/src/delta_counter.sv:13]
	Parameter WIDTH bound to: 32'b00000000000000000000000000001000 
	Parameter STICKY_OVERFLOW bound to: 1'b0 
INFO: [Synth 8-6155] done synthesizing module 'delta_counter__parameterized0' (0#1) [/home/jc/tmp/riscv-iommu-demo/cva6/vendor/pulp-platform/common_cells/src/delta_counter.sv:13]
INFO: [Synth 8-6155] done synthesizing module 'counter' (0#1) [/home/jc/tmp/riscv-iommu-demo/cva6/vendor/pulp-platform/common_cells/src/counter.sv:14]
INFO: [Synth 8-6155] done synthesizing module 'axi_err_slv' (0#1) [/home/jc/tmp/riscv-iommu-demo/cva6/vendor/pulp-platform/axi/src/axi_err_slv.sv:19]
INFO: [Synth 8-6157] synthesizing module 'axi_mux' [/home/jc/tmp/riscv-iommu-demo/cva6/vendor/pulp-platform/axi/src/axi_mux.sv:27]
	Parameter SlvAxiIDWidth bound to: 32'b00000000000000000000000000000100 
	Parameter NoSlvPorts bound to: 32'b00000000000000000000000000000100 
	Parameter MaxWTrans bound to: 32'b00000000000000000000000000001000 
	Parameter FallThrough bound to: 1'b0 
	Parameter SpillAw bound to: 1'b1 
	Parameter SpillW bound to: 1'b1 
	Parameter SpillB bound to: 1'b1 
	Parameter SpillAr bound to: 1'b1 
	Parameter SpillR bound to: 1'b1 
INFO: [Synth 8-6157] synthesizing module 'axi_id_prepend' [/home/jc/tmp/riscv-iommu-demo/cva6/vendor/pulp-platform/axi/src/axi_id_prepend.sv:18]
	Parameter NoBus bound to: 1 - type: integer 
	Parameter AxiIdWidthSlvPort bound to: 32'b00000000000000000000000000000100 
	Parameter AxiIdWidthMstPort bound to: 32'b00000000000000000000000000000110 
INFO: [Synth 8-6155] done synthesizing module 'axi_id_prepend' (0#1) [/home/jc/tmp/riscv-iommu-demo/cva6/vendor/pulp-platform/axi/src/axi_id_prepend.sv:18]
INFO: [Synth 8-6157] synthesizing module 'rr_arb_tree__parameterized1' [/home/jc/tmp/riscv-iommu-demo/cva6/vendor/pulp-platform/common_cells/src/rr_arb_tree.sv:47]
	Parameter NumIn bound to: 32'b00000000000000000000000000000100 
	Parameter AxiVldRdy bound to: 1'b1 
	Parameter LockIn bound to: 1'b1 
INFO: [Synth 8-6157] synthesizing module 'lzc__parameterized0' [/home/jc/tmp/riscv-iommu-demo/cva6/vendor/pulp-platform/common_cells/src/lzc.sv:25]
	Parameter WIDTH bound to: 32'b00000000000000000000000000000100 
	Parameter MODE bound to: 1'b0 
INFO: [Synth 8-6155] done synthesizing module 'lzc__parameterized0' (0#1) [/home/jc/tmp/riscv-iommu-demo/cva6/vendor/pulp-platform/common_cells/src/lzc.sv:25]
INFO: [Synth 8-6155] done synthesizing module 'rr_arb_tree__parameterized1' (0#1) [/home/jc/tmp/riscv-iommu-demo/cva6/vendor/pulp-platform/common_cells/src/rr_arb_tree.sv:47]
INFO: [Synth 8-6157] synthesizing module 'fifo_v3__parameterized4' [/home/jc/tmp/riscv-iommu-demo/cva6/vendor/pulp-platform/common_cells/src/fifo_v3.sv:13]
	Parameter FALL_THROUGH bound to: 1'b0 
	Parameter DEPTH bound to: 32'b00000000000000000000000000001000 
INFO: [Synth 8-6155] done synthesizing module 'fifo_v3__parameterized4' (0#1) [/home/jc/tmp/riscv-iommu-demo/cva6/vendor/pulp-platform/common_cells/src/fifo_v3.sv:13]
INFO: [Synth 8-6157] synthesizing module 'spill_register__parameterized4' [/home/jc/tmp/riscv-iommu-demo/cva6/vendor/pulp-platform/common_cells/src/spill_register.sv:17]
	Parameter Bypass bound to: 1'b0 
INFO: [Synth 8-6157] synthesizing module 'spill_register_flushable__parameterized4' [/home/jc/tmp/riscv-iommu-demo/cva6/vendor/pulp-platform/common_cells/src/spill_register_flushable.sv:17]
	Parameter Bypass bound to: 1'b0 
INFO: [Synth 8-6155] done synthesizing module 'spill_register_flushable__parameterized4' (0#1) [/home/jc/tmp/riscv-iommu-demo/cva6/vendor/pulp-platform/common_cells/src/spill_register_flushable.sv:17]
INFO: [Synth 8-6155] done synthesizing module 'spill_register__parameterized4' (0#1) [/home/jc/tmp/riscv-iommu-demo/cva6/vendor/pulp-platform/common_cells/src/spill_register.sv:17]
INFO: [Synth 8-6157] synthesizing module 'spill_register__parameterized5' [/home/jc/tmp/riscv-iommu-demo/cva6/vendor/pulp-platform/common_cells/src/spill_register.sv:17]
	Parameter Bypass bound to: 1'b0 
INFO: [Synth 8-6157] synthesizing module 'spill_register_flushable__parameterized5' [/home/jc/tmp/riscv-iommu-demo/cva6/vendor/pulp-platform/common_cells/src/spill_register_flushable.sv:17]
	Parameter Bypass bound to: 1'b0 
INFO: [Synth 8-6155] done synthesizing module 'spill_register_flushable__parameterized5' (0#1) [/home/jc/tmp/riscv-iommu-demo/cva6/vendor/pulp-platform/common_cells/src/spill_register_flushable.sv:17]
INFO: [Synth 8-6155] done synthesizing module 'spill_register__parameterized5' (0#1) [/home/jc/tmp/riscv-iommu-demo/cva6/vendor/pulp-platform/common_cells/src/spill_register.sv:17]
INFO: [Synth 8-6157] synthesizing module 'rr_arb_tree__parameterized2' [/home/jc/tmp/riscv-iommu-demo/cva6/vendor/pulp-platform/common_cells/src/rr_arb_tree.sv:47]
	Parameter NumIn bound to: 32'b00000000000000000000000000000100 
	Parameter AxiVldRdy bound to: 1'b1 
	Parameter LockIn bound to: 1'b1 
INFO: [Synth 8-6155] done synthesizing module 'rr_arb_tree__parameterized2' (0#1) [/home/jc/tmp/riscv-iommu-demo/cva6/vendor/pulp-platform/common_cells/src/rr_arb_tree.sv:47]
INFO: [Synth 8-6157] synthesizing module 'spill_register__parameterized6' [/home/jc/tmp/riscv-iommu-demo/cva6/vendor/pulp-platform/common_cells/src/spill_register.sv:17]
	Parameter Bypass bound to: 1'b0 
INFO: [Synth 8-6157] synthesizing module 'spill_register_flushable__parameterized6' [/home/jc/tmp/riscv-iommu-demo/cva6/vendor/pulp-platform/common_cells/src/spill_register_flushable.sv:17]
	Parameter Bypass bound to: 1'b0 
INFO: [Synth 8-6155] done synthesizing module 'spill_register_flushable__parameterized6' (0#1) [/home/jc/tmp/riscv-iommu-demo/cva6/vendor/pulp-platform/common_cells/src/spill_register_flushable.sv:17]
INFO: [Synth 8-6155] done synthesizing module 'spill_register__parameterized6' (0#1) [/home/jc/tmp/riscv-iommu-demo/cva6/vendor/pulp-platform/common_cells/src/spill_register.sv:17]
INFO: [Synth 8-6157] synthesizing module 'spill_register__parameterized7' [/home/jc/tmp/riscv-iommu-demo/cva6/vendor/pulp-platform/common_cells/src/spill_register.sv:17]
	Parameter Bypass bound to: 1'b0 
INFO: [Synth 8-6157] synthesizing module 'spill_register_flushable__parameterized7' [/home/jc/tmp/riscv-iommu-demo/cva6/vendor/pulp-platform/common_cells/src/spill_register_flushable.sv:17]
	Parameter Bypass bound to: 1'b0 
INFO: [Synth 8-6155] done synthesizing module 'spill_register_flushable__parameterized7' (0#1) [/home/jc/tmp/riscv-iommu-demo/cva6/vendor/pulp-platform/common_cells/src/spill_register_flushable.sv:17]
INFO: [Synth 8-6155] done synthesizing module 'spill_register__parameterized7' (0#1) [/home/jc/tmp/riscv-iommu-demo/cva6/vendor/pulp-platform/common_cells/src/spill_register.sv:17]
INFO: [Synth 8-6155] done synthesizing module 'axi_mux' (0#1) [/home/jc/tmp/riscv-iommu-demo/cva6/vendor/pulp-platform/axi/src/axi_mux.sv:27]
INFO: [Synth 8-6155] done synthesizing module 'axi_xbar' (0#1) [/home/jc/tmp/riscv-iommu-demo/cva6/vendor/pulp-platform/axi/src/axi_xbar.sv:18]
INFO: [Synth 8-6155] done synthesizing module 'axi_xbar_intf' (0#1) [/home/jc/tmp/riscv-iommu-demo/cva6/vendor/pulp-platform/axi/src/axi_xbar.sv:242]
INFO: [Synth 8-6157] synthesizing module 'dmi_jtag' [/home/jc/tmp/riscv-iommu-demo/cva6/corev_apu/riscv-dbg/src/dmi_jtag.sv:19]
INFO: [Synth 8-294] found qualifier unique on case statement: implementing as parallel_case [/home/jc/tmp/riscv-iommu-demo/cva6/corev_apu/riscv-dbg/src/dmi_jtag.sv:101]
INFO: [Synth 8-6157] synthesizing module 'dmi_jtag_tap' [/home/jc/tmp/riscv-iommu-demo/cva6/corev_apu/riscv-dbg/src/dmi_jtag_tap.sv:19]
	Parameter IrLength bound to: 32'b00000000000000000000000000000101 
	Parameter IdcodeValue bound to: 1 - type: integer 
INFO: [Synth 8-294] found qualifier unique on case statement: implementing as parallel_case [/home/jc/tmp/riscv-iommu-demo/cva6/corev_apu/riscv-dbg/src/dmi_jtag_tap.sv:186]
INFO: [Synth 8-294] found qualifier unique on case statement: implementing as parallel_case [/home/jc/tmp/riscv-iommu-demo/cva6/corev_apu/riscv-dbg/src/dmi_jtag_tap.sv:207]
INFO: [Synth 8-6157] synthesizing module 'cluster_clock_inverter' [/home/jc/tmp/riscv-iommu-demo/cva6/vendor/pulp-platform/tech_cells_generic/src/deprecated/cluster_clk_cells.sv:54]
INFO: [Synth 8-6157] synthesizing module 'tc_clk_inverter' [/home/jc/tmp/riscv-iommu-demo/cva6/vendor/pulp-platform/tech_cells_generic/src/rtl/tc_clk.sv:55]
INFO: [Synth 8-6155] done synthesizing module 'tc_clk_inverter' (0#1) [/home/jc/tmp/riscv-iommu-demo/cva6/vendor/pulp-platform/tech_cells_generic/src/rtl/tc_clk.sv:55]
INFO: [Synth 8-6155] done synthesizing module 'cluster_clock_inverter' (0#1) [/home/jc/tmp/riscv-iommu-demo/cva6/vendor/pulp-platform/tech_cells_generic/src/deprecated/cluster_clk_cells.sv:54]
INFO: [Synth 8-6157] synthesizing module 'pulp_clock_mux2' [/home/jc/tmp/riscv-iommu-demo/cva6/vendor/pulp-platform/tech_cells_generic/src/deprecated/pulp_clk_cells.sv:66]
INFO: [Synth 8-6157] synthesizing module 'tc_clk_mux2' [/home/jc/tmp/riscv-iommu-demo/cva6/vendor/pulp-platform/tech_cells_generic/src/rtl/tc_clk.sv:64]
INFO: [Synth 8-6155] done synthesizing module 'tc_clk_mux2' (0#1) [/home/jc/tmp/riscv-iommu-demo/cva6/vendor/pulp-platform/tech_cells_generic/src/rtl/tc_clk.sv:64]
INFO: [Synth 8-6155] done synthesizing module 'pulp_clock_mux2' (0#1) [/home/jc/tmp/riscv-iommu-demo/cva6/vendor/pulp-platform/tech_cells_generic/src/deprecated/pulp_clk_cells.sv:66]
INFO: [Synth 8-294] found qualifier unique on case statement: implementing as parallel_case [/home/jc/tmp/riscv-iommu-demo/cva6/corev_apu/riscv-dbg/src/dmi_jtag_tap.sv:260]
INFO: [Synth 8-226] default block is never used [/home/jc/tmp/riscv-iommu-demo/cva6/corev_apu/riscv-dbg/src/dmi_jtag_tap.sv:260]
INFO: [Synth 8-6155] done synthesizing module 'dmi_jtag_tap' (0#1) [/home/jc/tmp/riscv-iommu-demo/cva6/corev_apu/riscv-dbg/src/dmi_jtag_tap.sv:19]
INFO: [Synth 8-6157] synthesizing module 'dmi_cdc' [/home/jc/tmp/riscv-iommu-demo/cva6/corev_apu/riscv-dbg/src/dmi_cdc.sv:19]
INFO: [Synth 8-6157] synthesizing module 'cdc_2phase' [/home/jc/tmp/riscv-iommu-demo/cva6/vendor/pulp-platform/common_cells/src/cdc_2phase.sv:19]
INFO: [Synth 8-6157] synthesizing module 'cdc_2phase_src' [/home/jc/tmp/riscv-iommu-demo/cva6/vendor/pulp-platform/common_cells/src/cdc_2phase.sv:68]
INFO: [Synth 8-6155] done synthesizing module 'cdc_2phase_src' (0#1) [/home/jc/tmp/riscv-iommu-demo/cva6/vendor/pulp-platform/common_cells/src/cdc_2phase.sv:68]
INFO: [Synth 8-6157] synthesizing module 'cdc_2phase_dst' [/home/jc/tmp/riscv-iommu-demo/cva6/vendor/pulp-platform/common_cells/src/cdc_2phase.sv:118]
INFO: [Synth 8-6155] done synthesizing module 'cdc_2phase_dst' (0#1) [/home/jc/tmp/riscv-iommu-demo/cva6/vendor/pulp-platform/common_cells/src/cdc_2phase.sv:118]
INFO: [Synth 8-6155] done synthesizing module 'cdc_2phase' (0#1) [/home/jc/tmp/riscv-iommu-demo/cva6/vendor/pulp-platform/common_cells/src/cdc_2phase.sv:19]
INFO: [Synth 8-6157] synthesizing module 'cdc_2phase__parameterized0' [/home/jc/tmp/riscv-iommu-demo/cva6/vendor/pulp-platform/common_cells/src/cdc_2phase.sv:19]
INFO: [Synth 8-6157] synthesizing module 'cdc_2phase_src__parameterized0' [/home/jc/tmp/riscv-iommu-demo/cva6/vendor/pulp-platform/common_cells/src/cdc_2phase.sv:68]
INFO: [Synth 8-6155] done synthesizing module 'cdc_2phase_src__parameterized0' (0#1) [/home/jc/tmp/riscv-iommu-demo/cva6/vendor/pulp-platform/common_cells/src/cdc_2phase.sv:68]
INFO: [Synth 8-6157] synthesizing module 'cdc_2phase_dst__parameterized0' [/home/jc/tmp/riscv-iommu-demo/cva6/vendor/pulp-platform/common_cells/src/cdc_2phase.sv:118]
INFO: [Synth 8-6155] done synthesizing module 'cdc_2phase_dst__parameterized0' (0#1) [/home/jc/tmp/riscv-iommu-demo/cva6/vendor/pulp-platform/common_cells/src/cdc_2phase.sv:118]
INFO: [Synth 8-6155] done synthesizing module 'cdc_2phase__parameterized0' (0#1) [/home/jc/tmp/riscv-iommu-demo/cva6/vendor/pulp-platform/common_cells/src/cdc_2phase.sv:19]
INFO: [Synth 8-6155] done synthesizing module 'dmi_cdc' (0#1) [/home/jc/tmp/riscv-iommu-demo/cva6/corev_apu/riscv-dbg/src/dmi_cdc.sv:19]
INFO: [Synth 8-6155] done synthesizing module 'dmi_jtag' (0#1) [/home/jc/tmp/riscv-iommu-demo/cva6/corev_apu/riscv-dbg/src/dmi_jtag.sv:19]
INFO: [Synth 8-6157] synthesizing module 'dm_top' [/home/jc/tmp/riscv-iommu-demo/cva6/corev_apu/riscv-dbg/src/dm_top.sv:20]
	Parameter NrHarts bound to: 32'b00000000000000000000000000000001 
	Parameter BusWidth bound to: 32'b00000000000000000000000001000000 
	Parameter SelectableHarts bound to: 1'b1 
INFO: [Synth 8-6157] synthesizing module 'dm_csrs' [/home/jc/tmp/riscv-iommu-demo/cva6/corev_apu/riscv-dbg/src/dm_csrs.sv:18]
	Parameter NrHarts bound to: 32'b00000000000000000000000000000001 
	Parameter BusWidth bound to: 32'b00000000000000000000000001000000 
	Parameter SelectableHarts bound to: 1'b1 
INFO: [Synth 8-294] found qualifier unique on case statement: implementing as parallel_case [/home/jc/tmp/riscv-iommu-demo/cva6/corev_apu/riscv-dbg/src/dm_csrs.sv:294]
INFO: [Synth 8-294] found qualifier unique on case statement: implementing as parallel_case [/home/jc/tmp/riscv-iommu-demo/cva6/corev_apu/riscv-dbg/src/dm_csrs.sv:360]
INFO: [Synth 8-6157] synthesizing module 'fifo_v2__parameterized0' [/home/jc/tmp/riscv-iommu-demo/cva6/vendor/pulp-platform/common_cells/src/deprecated/fifo_v2.sv:13]
	Parameter DEPTH bound to: 32'b00000000000000000000000000000010 
INFO: [Synth 8-6157] synthesizing module 'fifo_v3__parameterized5' [/home/jc/tmp/riscv-iommu-demo/cva6/vendor/pulp-platform/common_cells/src/fifo_v3.sv:13]
	Parameter FALL_THROUGH bound to: 1'b0 
	Parameter DATA_WIDTH bound to: 32'b00000000000000000000000000100000 
	Parameter DEPTH bound to: 32'b00000000000000000000000000000010 
INFO: [Synth 8-6155] done synthesizing module 'fifo_v3__parameterized5' (0#1) [/home/jc/tmp/riscv-iommu-demo/cva6/vendor/pulp-platform/common_cells/src/fifo_v3.sv:13]
INFO: [Synth 8-6155] done synthesizing module 'fifo_v2__parameterized0' (0#1) [/home/jc/tmp/riscv-iommu-demo/cva6/vendor/pulp-platform/common_cells/src/deprecated/fifo_v2.sv:13]
INFO: [Synth 8-6155] done synthesizing module 'dm_csrs' (0#1) [/home/jc/tmp/riscv-iommu-demo/cva6/corev_apu/riscv-dbg/src/dm_csrs.sv:18]
INFO: [Synth 8-6157] synthesizing module 'dm_sba' [/home/jc/tmp/riscv-iommu-demo/cva6/corev_apu/riscv-dbg/src/dm_sba.sv:18]
	Parameter BusWidth bound to: 32'b00000000000000000000000001000000 
	Parameter ReadByteEnable bound to: 1'b1 
INFO: [Synth 8-294] found qualifier unique on case statement: implementing as parallel_case [/home/jc/tmp/riscv-iommu-demo/cva6/corev_apu/riscv-dbg/src/dm_sba.sv:72]
INFO: [Synth 8-294] found qualifier unique on case statement: implementing as parallel_case [/home/jc/tmp/riscv-iommu-demo/cva6/corev_apu/riscv-dbg/src/dm_sba.sv:101]
INFO: [Synth 8-6155] done synthesizing module 'dm_sba' (0#1) [/home/jc/tmp/riscv-iommu-demo/cva6/corev_apu/riscv-dbg/src/dm_sba.sv:18]
INFO: [Synth 8-6157] synthesizing module 'dm_mem' [/home/jc/tmp/riscv-iommu-demo/cva6/corev_apu/riscv-dbg/src/dm_mem.sv:19]
	Parameter NrHarts bound to: 32'b00000000000000000000000000000001 
	Parameter BusWidth bound to: 32'b00000000000000000000000001000000 
	Parameter SelectableHarts bound to: 1'b1 
	Parameter DmBaseAddress bound to: 32'b00000000000000000001000000000000 
INFO: [Synth 8-6157] synthesizing module 'debug_rom' [/home/jc/tmp/riscv-iommu-demo/cva6/corev_apu/riscv-dbg/debug_rom/debug_rom.sv:17]
INFO: [Synth 8-6155] done synthesizing module 'debug_rom' (0#1) [/home/jc/tmp/riscv-iommu-demo/cva6/corev_apu/riscv-dbg/debug_rom/debug_rom.sv:17]
INFO: [Synth 8-294] found qualifier unique on case statement: implementing as parallel_case [/home/jc/tmp/riscv-iommu-demo/cva6/corev_apu/riscv-dbg/src/dm_mem.sv:144]
INFO: [Synth 8-226] default block is never used [/home/jc/tmp/riscv-iommu-demo/cva6/corev_apu/riscv-dbg/src/dm_mem.sv:144]
INFO: [Synth 8-294] found qualifier unique on case statement: implementing as parallel_case [/home/jc/tmp/riscv-iommu-demo/cva6/corev_apu/riscv-dbg/src/dm_mem.sv:242]
INFO: [Synth 8-294] found qualifier unique on case statement: implementing as parallel_case [/home/jc/tmp/riscv-iommu-demo/cva6/corev_apu/riscv-dbg/src/dm_mem.sv:272]
INFO: [Synth 8-294] found qualifier unique on case statement: implementing as parallel_case [/home/jc/tmp/riscv-iommu-demo/cva6/corev_apu/riscv-dbg/src/dm_mem.sv:351]
INFO: [Synth 8-6155] done synthesizing module 'dm_mem' (0#1) [/home/jc/tmp/riscv-iommu-demo/cva6/corev_apu/riscv-dbg/src/dm_mem.sv:19]
INFO: [Synth 8-6155] done synthesizing module 'dm_top' (0#1) [/home/jc/tmp/riscv-iommu-demo/cva6/corev_apu/riscv-dbg/src/dm_top.sv:20]
INFO: [Synth 8-6157] synthesizing module 'axi2mem' [/home/jc/tmp/riscv-iommu-demo/cva6/corev_apu/axi_mem_if/src/axi2mem.sv:20]
	Parameter AXI_ID_WIDTH bound to: 6 - type: integer 
	Parameter AXI_ADDR_WIDTH bound to: 32'b00000000000000000000000001000000 
	Parameter AXI_DATA_WIDTH bound to: 32'b00000000000000000000000001000000 
	Parameter AXI_USER_WIDTH bound to: 1 - type: integer 
INFO: [Synth 8-155] case statement is not full and has no default [/home/jc/tmp/riscv-iommu-demo/cva6/corev_apu/axi_mem_if/src/axi2mem.sv:192]
INFO: [Synth 8-155] case statement is not full and has no default [/home/jc/tmp/riscv-iommu-demo/cva6/corev_apu/axi_mem_if/src/axi2mem.sv:234]
INFO: [Synth 8-155] case statement is not full and has no default [/home/jc/tmp/riscv-iommu-demo/cva6/corev_apu/axi_mem_if/src/axi2mem.sv:122]
INFO: [Synth 8-6155] done synthesizing module 'axi2mem' (0#1) [/home/jc/tmp/riscv-iommu-demo/cva6/corev_apu/axi_mem_if/src/axi2mem.sv:20]
INFO: [Synth 8-6157] synthesizing module 'axi_adapter' [/home/jc/tmp/riscv-iommu-demo/cva6/corev_apu/tb/axi_adapter.sv:19]
	Parameter DATA_WIDTH bound to: 32'b00000000000000000000000001000000 
	Parameter AXI_ADDR_WIDTH bound to: 32'b00000000000000000000000001000000 
	Parameter AXI_DATA_WIDTH bound to: 32'b00000000000000000000000001000000 
	Parameter AXI_ID_WIDTH bound to: 32'b00000000000000000000000000000100 
INFO: [Synth 8-294] found qualifier unique on case statement: implementing as parallel_case [/home/jc/tmp/riscv-iommu-demo/cva6/corev_apu/tb/axi_adapter.sv:428]
INFO: [Synth 8-155] case statement is not full and has no default [/home/jc/tmp/riscv-iommu-demo/cva6/corev_apu/tb/axi_adapter.sv:134]
INFO: [Synth 8-6155] done synthesizing module 'axi_adapter' (0#1) [/home/jc/tmp/riscv-iommu-demo/cva6/corev_apu/tb/axi_adapter.sv:19]
INFO: [Synth 8-6157] synthesizing module 'ariane' [/home/jc/tmp/riscv-iommu-demo/cva6/core/ariane.sv:16]
	Parameter ArianeCfg[RASDepth] bound to: 32'sb00000000000000000000000000000010 
	Parameter ArianeCfg[BTBEntries] bound to: 32'sb00000000000000000000000000100000 
	Parameter ArianeCfg[BHTEntries] bound to: 32'sb00000000000000000000000010000000 
	Parameter ArianeCfg[NrNonIdempotentRules] bound to: 32'b00000000000000000000000000000001 
	Parameter ArianeCfg[NonIdempotentAddrBase][15] bound to: 64'b0000000000000000000000000000000000000000000000000000000000000000 
	Parameter ArianeCfg[NonIdempotentAddrBase][14] bound to: 64'b0000000000000000000000000000000000000000000000000000000000000000 
	Parameter ArianeCfg[NonIdempotentAddrBase][13] bound to: 64'b0000000000000000000000000000000000000000000000000000000000000000 
	Parameter ArianeCfg[NonIdempotentAddrBase][12] bound to: 64'b0000000000000000000000000000000000000000000000000000000000000000 
	Parameter ArianeCfg[NonIdempotentAddrBase][11] bound to: 64'b0000000000000000000000000000000000000000000000000000000000000000 
	Parameter ArianeCfg[NonIdempotentAddrBase][10] bound to: 64'b0000000000000000000000000000000000000000000000000000000000000000 
	Parameter ArianeCfg[NonIdempotentAddrBase][9] bound to: 64'b0000000000000000000000000000000000000000000000000000000000000000 
	Parameter ArianeCfg[NonIdempotentAddrBase][8] bound to: 64'b0000000000000000000000000000000000000000000000000000000000000000 
	Parameter ArianeCfg[NonIdempotentAddrBase][7] bound to: 64'b0000000000000000000000000000000000000000000000000000000000000000 
	Parameter ArianeCfg[NonIdempotentAddrBase][6] bound to: 64'b0000000000000000000000000000000000000000000000000000000000000000 
	Parameter ArianeCfg[NonIdempotentAddrBase][5] bound to: 64'b0000000000000000000000000000000000000000000000000000000000000000 
	Parameter ArianeCfg[NonIdempotentAddrBase][4] bound to: 64'b0000000000000000000000000000000000000000000000000000000000000000 
	Parameter ArianeCfg[NonIdempotentAddrBase][3] bound to: 64'b0000000000000000000000000000000000000000000000000000000000000000 
	Parameter ArianeCfg[NonIdempotentAddrBase][2] bound to: 64'b0000000000000000000000000000000000000000000000000000000000000000 
	Parameter ArianeCfg[NonIdempotentAddrBase][1] bound to: 64'b0000000000000000000000000000000000000000000000000000000000000000 
	Parameter ArianeCfg[NonIdempotentAddrBase][0] bound to: 64'b0000000000000000000000000000000000000000000000000000000000000000 
	Parameter ArianeCfg[NonIdempotentLength][15] bound to: 64'b0000000000000000000000000000000000000000000000000000000000000000 
	Parameter ArianeCfg[NonIdempotentLength][14] bound to: 64'b0000000000000000000000000000000000000000000000000000000000000000 
	Parameter ArianeCfg[NonIdempotentLength][13] bound to: 64'b0000000000000000000000000000000000000000000000000000000000000000 
	Parameter ArianeCfg[NonIdempotentLength][12] bound to: 64'b0000000000000000000000000000000000000000000000000000000000000000 
	Parameter ArianeCfg[NonIdempotentLength][11] bound to: 64'b0000000000000000000000000000000000000000000000000000000000000000 
	Parameter ArianeCfg[NonIdempotentLength][10] bound to: 64'b0000000000000000000000000000000000000000000000000000000000000000 
	Parameter ArianeCfg[NonIdempotentLength][9] bound to: 64'b0000000000000000000000000000000000000000000000000000000000000000 
	Parameter ArianeCfg[NonIdempotentLength][8] bound to: 64'b0000000000000000000000000000000000000000000000000000000000000000 
	Parameter ArianeCfg[NonIdempotentLength][7] bound to: 64'b0000000000000000000000000000000000000000000000000000000000000000 
	Parameter ArianeCfg[NonIdempotentLength][6] bound to: 64'b0000000000000000000000000000000000000000000000000000000000000000 
	Parameter ArianeCfg[NonIdempotentLength][5] bound to: 64'b0000000000000000000000000000000000000000000000000000000000000000 
	Parameter ArianeCfg[NonIdempotentLength][4] bound to: 64'b0000000000000000000000000000000000000000000000000000000000000000 
	Parameter ArianeCfg[NonIdempotentLength][3] bound to: 64'b0000000000000000000000000000000000000000000000000000000000000000 
	Parameter ArianeCfg[NonIdempotentLength][2] bound to: 64'b0000000000000000000000000000000000000000000000000000000000000000 
	Parameter ArianeCfg[NonIdempotentLength][1] bound to: 64'b0000000000000000000000000000000000000000000000000000000000000000 
	Parameter ArianeCfg[NonIdempotentLength][0] bound to: 64'b0000000000000000000000000000000010000000000000000000000000000000 
	Parameter ArianeCfg[NrExecuteRegionRules] bound to: 32'b00000000000000000000000000000011 
	Parameter ArianeCfg[ExecuteRegionAddrBase][15] bound to: 64'b0000000000000000000000000000000000000000000000000000000000000000 
	Parameter ArianeCfg[ExecuteRegionAddrBase][14] bound to: 64'b0000000000000000000000000000000000000000000000000000000000000000 
	Parameter ArianeCfg[ExecuteRegionAddrBase][13] bound to: 64'b0000000000000000000000000000000000000000000000000000000000000000 
	Parameter ArianeCfg[ExecuteRegionAddrBase][12] bound to: 64'b0000000000000000000000000000000000000000000000000000000000000000 
	Parameter ArianeCfg[ExecuteRegionAddrBase][11] bound to: 64'b0000000000000000000000000000000000000000000000000000000000000000 
	Parameter ArianeCfg[ExecuteRegionAddrBase][10] bound to: 64'b0000000000000000000000000000000000000000000000000000000000000000 
	Parameter ArianeCfg[ExecuteRegionAddrBase][9] bound to: 64'b0000000000000000000000000000000000000000000000000000000000000000 
	Parameter ArianeCfg[ExecuteRegionAddrBase][8] bound to: 64'b0000000000000000000000000000000000000000000000000000000000000000 
	Parameter ArianeCfg[ExecuteRegionAddrBase][7] bound to: 64'b0000000000000000000000000000000000000000000000000000000000000000 
	Parameter ArianeCfg[ExecuteRegionAddrBase][6] bound to: 64'b0000000000000000000000000000000000000000000000000000000000000000 
	Parameter ArianeCfg[ExecuteRegionAddrBase][5] bound to: 64'b0000000000000000000000000000000000000000000000000000000000000000 
	Parameter ArianeCfg[ExecuteRegionAddrBase][4] bound to: 64'b0000000000000000000000000000000000000000000000000000000000000000 
	Parameter ArianeCfg[ExecuteRegionAddrBase][3] bound to: 64'b0000000000000000000000000000000000000000000000000000000000000000 
	Parameter ArianeCfg[ExecuteRegionAddrBase][2] bound to: 64'b0000000000000000000000000000000010000000000000000000000000000000 
	Parameter ArianeCfg[ExecuteRegionAddrBase][1] bound to: 64'b0000000000000000000000000000000000000000000000010000000000000000 
	Parameter ArianeCfg[ExecuteRegionAddrBase][0] bound to: 64'b0000000000000000000000000000000000000000000000000000000000000000 
	Parameter ArianeCfg[ExecuteRegionLength][15] bound to: 64'b0000000000000000000000000000000000000000000000000000000000000000 
	Parameter ArianeCfg[ExecuteRegionLength][14] bound to: 64'b0000000000000000000000000000000000000000000000000000000000000000 
	Parameter ArianeCfg[ExecuteRegionLength][13] bound to: 64'b0000000000000000000000000000000000000000000000000000000000000000 
	Parameter ArianeCfg[ExecuteRegionLength][12] bound to: 64'b0000000000000000000000000000000000000000000000000000000000000000 
	Parameter ArianeCfg[ExecuteRegionLength][11] bound to: 64'b0000000000000000000000000000000000000000000000000000000000000000 
	Parameter ArianeCfg[ExecuteRegionLength][10] bound to: 64'b0000000000000000000000000000000000000000000000000000000000000000 
	Parameter ArianeCfg[ExecuteRegionLength][9] bound to: 64'b0000000000000000000000000000000000000000000000000000000000000000 
	Parameter ArianeCfg[ExecuteRegionLength][8] bound to: 64'b0000000000000000000000000000000000000000000000000000000000000000 
	Parameter ArianeCfg[ExecuteRegionLength][7] bound to: 64'b0000000000000000000000000000000000000000000000000000000000000000 
	Parameter ArianeCfg[ExecuteRegionLength][6] bound to: 64'b0000000000000000000000000000000000000000000000000000000000000000 
	Parameter ArianeCfg[ExecuteRegionLength][5] bound to: 64'b0000000000000000000000000000000000000000000000000000000000000000 
	Parameter ArianeCfg[ExecuteRegionLength][4] bound to: 64'b0000000000000000000000000000000000000000000000000000000000000000 
	Parameter ArianeCfg[ExecuteRegionLength][3] bound to: 64'b0000000000000000000000000000000000000000000000000000000000000000 
	Parameter ArianeCfg[ExecuteRegionLength][2] bound to: 64'b0000000000000000000000000000000001000000000000000000000000000000 
	Parameter ArianeCfg[ExecuteRegionLength][1] bound to: 64'b0000000000000000000000000000000000000000000000010000000000000000 
	Parameter ArianeCfg[ExecuteRegionLength][0] bound to: 64'b0000000000000000000000000000000000000000000000000001000000000000 
	Parameter ArianeCfg[NrCachedRegionRules] bound to: 32'b00000000000000000000000000000001 
	Parameter ArianeCfg[CachedRegionAddrBase][15] bound to: 64'b0000000000000000000000000000000000000000000000000000000000000000 
	Parameter ArianeCfg[CachedRegionAddrBase][14] bound to: 64'b0000000000000000000000000000000000000000000000000000000000000000 
	Parameter ArianeCfg[CachedRegionAddrBase][13] bound to: 64'b0000000000000000000000000000000000000000000000000000000000000000 
	Parameter ArianeCfg[CachedRegionAddrBase][12] bound to: 64'b0000000000000000000000000000000000000000000000000000000000000000 
	Parameter ArianeCfg[CachedRegionAddrBase][11] bound to: 64'b0000000000000000000000000000000000000000000000000000000000000000 
	Parameter ArianeCfg[CachedRegionAddrBase][10] bound to: 64'b0000000000000000000000000000000000000000000000000000000000000000 
	Parameter ArianeCfg[CachedRegionAddrBase][9] bound to: 64'b0000000000000000000000000000000000000000000000000000000000000000 
	Parameter ArianeCfg[CachedRegionAddrBase][8] bound to: 64'b0000000000000000000000000000000000000000000000000000000000000000 
	Parameter ArianeCfg[CachedRegionAddrBase][7] bound to: 64'b0000000000000000000000000000000000000000000000000000000000000000 
	Parameter ArianeCfg[CachedRegionAddrBase][6] bound to: 64'b0000000000000000000000000000000000000000000000000000000000000000 
	Parameter ArianeCfg[CachedRegionAddrBase][5] bound to: 64'b0000000000000000000000000000000000000000000000000000000000000000 
	Parameter ArianeCfg[CachedRegionAddrBase][4] bound to: 64'b0000000000000000000000000000000000000000000000000000000000000000 
	Parameter ArianeCfg[CachedRegionAddrBase][3] bound to: 64'b0000000000000000000000000000000000000000000000000000000000000000 
	Parameter ArianeCfg[CachedRegionAddrBase][2] bound to: 64'b0000000000000000000000000000000000000000000000000000000000000000 
	Parameter ArianeCfg[CachedRegionAddrBase][1] bound to: 64'b0000000000000000000000000000000000000000000000000000000000000000 
	Parameter ArianeCfg[CachedRegionAddrBase][0] bound to: 64'b0000000000000000000000000000000010000000000000000000000000000000 
	Parameter ArianeCfg[CachedRegionLength][15] bound to: 64'b0000000000000000000000000000000000000000000000000000000000000000 
	Parameter ArianeCfg[CachedRegionLength][14] bound to: 64'b0000000000000000000000000000000000000000000000000000000000000000 
	Parameter ArianeCfg[CachedRegionLength][13] bound to: 64'b0000000000000000000000000000000000000000000000000000000000000000 
	Parameter ArianeCfg[CachedRegionLength][12] bound to: 64'b0000000000000000000000000000000000000000000000000000000000000000 
	Parameter ArianeCfg[CachedRegionLength][11] bound to: 64'b0000000000000000000000000000000000000000000000000000000000000000 
	Parameter ArianeCfg[CachedRegionLength][10] bound to: 64'b0000000000000000000000000000000000000000000000000000000000000000 
	Parameter ArianeCfg[CachedRegionLength][9] bound to: 64'b0000000000000000000000000000000000000000000000000000000000000000 
	Parameter ArianeCfg[CachedRegionLength][8] bound to: 64'b0000000000000000000000000000000000000000000000000000000000000000 
	Parameter ArianeCfg[CachedRegionLength][7] bound to: 64'b0000000000000000000000000000000000000000000000000000000000000000 
	Parameter ArianeCfg[CachedRegionLength][6] bound to: 64'b0000000000000000000000000000000000000000000000000000000000000000 
	Parameter ArianeCfg[CachedRegionLength][5] bound to: 64'b0000000000000000000000000000000000000000000000000000000000000000 
	Parameter ArianeCfg[CachedRegionLength][4] bound to: 64'b0000000000000000000000000000000000000000000000000000000000000000 
	Parameter ArianeCfg[CachedRegionLength][3] bound to: 64'b0000000000000000000000000000000000000000000000000000000000000000 
	Parameter ArianeCfg[CachedRegionLength][2] bound to: 64'b0000000000000000000000000000000000000000000000000000000000000000 
	Parameter ArianeCfg[CachedRegionLength][1] bound to: 64'b0000000000000000000000000000000000000000000000000000000000000000 
	Parameter ArianeCfg[CachedRegionLength][0] bound to: 64'b0000000000000000000000000000000001000000000000000000000000000000 
	Parameter ArianeCfg[AxiCompliant] bound to: 1'b1 
	Parameter ArianeCfg[SwapEndianess] bound to: 1'b0 
	Parameter ArianeCfg[DmBaseAddress] bound to: 64'b0000000000000000000000000000000000000000000000000000000000000000 
	Parameter ArianeCfg[NrPMPEntries] bound to: 32'b00000000000000000000000000001000 
INFO: [Synth 8-6157] synthesizing module 'cvxif_example_coprocessor' [/home/jc/tmp/riscv-iommu-demo/cva6/core/cvxif_example/cvxif_example_coprocessor.sv:12]
INFO: [Synth 8-6157] synthesizing module 'instr_decoder' [/home/jc/tmp/riscv-iommu-demo/cva6/core/cvxif_example/instr_decoder.sv:10]
	Parameter NbInstr bound to: 32'sb00000000000000000000000000000010 
	Parameter CoproInstr bound to: 140'b00000000000000000000000000101011000000000000000000000000011111111000000000000000000000000000000101101100000000000000000000000001111111110000 
INFO: [Synth 8-6155] done synthesizing module 'instr_decoder' (0#1) [/home/jc/tmp/riscv-iommu-demo/cva6/core/cvxif_example/instr_decoder.sv:10]
INFO: [Synth 8-6157] synthesizing module 'fifo_v3__parameterized6' [/home/jc/tmp/riscv-iommu-demo/cva6/vendor/pulp-platform/common_cells/src/fifo_v3.sv:13]
	Parameter FALL_THROUGH bound to: 1'b1 
	Parameter DATA_WIDTH bound to: 32'b00000000000000000000000001000000 
	Parameter DEPTH bound to: 32'b00000000000000000000000000001000 
INFO: [Synth 8-6155] done synthesizing module 'fifo_v3__parameterized6' (0#1) [/home/jc/tmp/riscv-iommu-demo/cva6/vendor/pulp-platform/common_cells/src/fifo_v3.sv:13]
INFO: [Synth 8-6157] synthesizing module 'counter__parameterized0' [/home/jc/tmp/riscv-iommu-demo/cva6/vendor/pulp-platform/common_cells/src/counter.sv:14]
	Parameter WIDTH bound to: 32'b00000000000000000000000000000100 
INFO: [Synth 8-6157] synthesizing module 'delta_counter__parameterized1' [/home/jc/tmp/riscv-iommu-demo/cva6/vendor/pulp-platform/common_cells/src/delta_counter.sv:13]
	Parameter WIDTH bound to: 32'b00000000000000000000000000000100 
	Parameter STICKY_OVERFLOW bound to: 1'b0 
INFO: [Synth 8-6155] done synthesizing module 'delta_counter__parameterized1' (0#1) [/home/jc/tmp/riscv-iommu-demo/cva6/vendor/pulp-platform/common_cells/src/delta_counter.sv:13]
INFO: [Synth 8-6155] done synthesizing module 'counter__parameterized0' (0#1) [/home/jc/tmp/riscv-iommu-demo/cva6/vendor/pulp-platform/common_cells/src/counter.sv:14]
INFO: [Synth 8-6155] done synthesizing module 'cvxif_example_coprocessor' (0#1) [/home/jc/tmp/riscv-iommu-demo/cva6/core/cvxif_example/cvxif_example_coprocessor.sv:12]
INFO: [Synth 8-6157] synthesizing module 'cva6' [/home/jc/tmp/riscv-iommu-demo/cva6/core/cva6.sv:26]
	Parameter ArianeCfg[RASDepth] bound to: 32'sb00000000000000000000000000000010 
	Parameter ArianeCfg[BTBEntries] bound to: 32'sb00000000000000000000000000100000 
	Parameter ArianeCfg[BHTEntries] bound to: 32'sb00000000000000000000000010000000 
	Parameter ArianeCfg[NrNonIdempotentRules] bound to: 32'b00000000000000000000000000000001 
	Parameter ArianeCfg[NonIdempotentAddrBase][15] bound to: 64'b0000000000000000000000000000000000000000000000000000000000000000 
	Parameter ArianeCfg[NonIdempotentAddrBase][14] bound to: 64'b0000000000000000000000000000000000000000000000000000000000000000 
	Parameter ArianeCfg[NonIdempotentAddrBase][13] bound to: 64'b0000000000000000000000000000000000000000000000000000000000000000 
	Parameter ArianeCfg[NonIdempotentAddrBase][12] bound to: 64'b0000000000000000000000000000000000000000000000000000000000000000 
	Parameter ArianeCfg[NonIdempotentAddrBase][11] bound to: 64'b0000000000000000000000000000000000000000000000000000000000000000 
	Parameter ArianeCfg[NonIdempotentAddrBase][10] bound to: 64'b0000000000000000000000000000000000000000000000000000000000000000 
	Parameter ArianeCfg[NonIdempotentAddrBase][9] bound to: 64'b0000000000000000000000000000000000000000000000000000000000000000 
	Parameter ArianeCfg[NonIdempotentAddrBase][8] bound to: 64'b0000000000000000000000000000000000000000000000000000000000000000 
	Parameter ArianeCfg[NonIdempotentAddrBase][7] bound to: 64'b0000000000000000000000000000000000000000000000000000000000000000 
	Parameter ArianeCfg[NonIdempotentAddrBase][6] bound to: 64'b0000000000000000000000000000000000000000000000000000000000000000 
	Parameter ArianeCfg[NonIdempotentAddrBase][5] bound to: 64'b0000000000000000000000000000000000000000000000000000000000000000 
	Parameter ArianeCfg[NonIdempotentAddrBase][4] bound to: 64'b0000000000000000000000000000000000000000000000000000000000000000 
	Parameter ArianeCfg[NonIdempotentAddrBase][3] bound to: 64'b0000000000000000000000000000000000000000000000000000000000000000 
	Parameter ArianeCfg[NonIdempotentAddrBase][2] bound to: 64'b0000000000000000000000000000000000000000000000000000000000000000 
	Parameter ArianeCfg[NonIdempotentAddrBase][1] bound to: 64'b0000000000000000000000000000000000000000000000000000000000000000 
	Parameter ArianeCfg[NonIdempotentAddrBase][0] bound to: 64'b0000000000000000000000000000000000000000000000000000000000000000 
	Parameter ArianeCfg[NonIdempotentLength][15] bound to: 64'b0000000000000000000000000000000000000000000000000000000000000000 
	Parameter ArianeCfg[NonIdempotentLength][14] bound to: 64'b0000000000000000000000000000000000000000000000000000000000000000 
	Parameter ArianeCfg[NonIdempotentLength][13] bound to: 64'b0000000000000000000000000000000000000000000000000000000000000000 
	Parameter ArianeCfg[NonIdempotentLength][12] bound to: 64'b0000000000000000000000000000000000000000000000000000000000000000 
	Parameter ArianeCfg[NonIdempotentLength][11] bound to: 64'b0000000000000000000000000000000000000000000000000000000000000000 
	Parameter ArianeCfg[NonIdempotentLength][10] bound to: 64'b0000000000000000000000000000000000000000000000000000000000000000 
	Parameter ArianeCfg[NonIdempotentLength][9] bound to: 64'b0000000000000000000000000000000000000000000000000000000000000000 
	Parameter ArianeCfg[NonIdempotentLength][8] bound to: 64'b0000000000000000000000000000000000000000000000000000000000000000 
	Parameter ArianeCfg[NonIdempotentLength][7] bound to: 64'b0000000000000000000000000000000000000000000000000000000000000000 
	Parameter ArianeCfg[NonIdempotentLength][6] bound to: 64'b0000000000000000000000000000000000000000000000000000000000000000 
	Parameter ArianeCfg[NonIdempotentLength][5] bound to: 64'b0000000000000000000000000000000000000000000000000000000000000000 
	Parameter ArianeCfg[NonIdempotentLength][4] bound to: 64'b0000000000000000000000000000000000000000000000000000000000000000 
	Parameter ArianeCfg[NonIdempotentLength][3] bound to: 64'b0000000000000000000000000000000000000000000000000000000000000000 
	Parameter ArianeCfg[NonIdempotentLength][2] bound to: 64'b0000000000000000000000000000000000000000000000000000000000000000 
	Parameter ArianeCfg[NonIdempotentLength][1] bound to: 64'b0000000000000000000000000000000000000000000000000000000000000000 
	Parameter ArianeCfg[NonIdempotentLength][0] bound to: 64'b0000000000000000000000000000000010000000000000000000000000000000 
	Parameter ArianeCfg[NrExecuteRegionRules] bound to: 32'b00000000000000000000000000000011 
	Parameter ArianeCfg[ExecuteRegionAddrBase][15] bound to: 64'b0000000000000000000000000000000000000000000000000000000000000000 
	Parameter ArianeCfg[ExecuteRegionAddrBase][14] bound to: 64'b0000000000000000000000000000000000000000000000000000000000000000 
	Parameter ArianeCfg[ExecuteRegionAddrBase][13] bound to: 64'b0000000000000000000000000000000000000000000000000000000000000000 
	Parameter ArianeCfg[ExecuteRegionAddrBase][12] bound to: 64'b0000000000000000000000000000000000000000000000000000000000000000 
	Parameter ArianeCfg[ExecuteRegionAddrBase][11] bound to: 64'b0000000000000000000000000000000000000000000000000000000000000000 
	Parameter ArianeCfg[ExecuteRegionAddrBase][10] bound to: 64'b0000000000000000000000000000000000000000000000000000000000000000 
	Parameter ArianeCfg[ExecuteRegionAddrBase][9] bound to: 64'b0000000000000000000000000000000000000000000000000000000000000000 
	Parameter ArianeCfg[ExecuteRegionAddrBase][8] bound to: 64'b0000000000000000000000000000000000000000000000000000000000000000 
	Parameter ArianeCfg[ExecuteRegionAddrBase][7] bound to: 64'b0000000000000000000000000000000000000000000000000000000000000000 
	Parameter ArianeCfg[ExecuteRegionAddrBase][6] bound to: 64'b0000000000000000000000000000000000000000000000000000000000000000 
	Parameter ArianeCfg[ExecuteRegionAddrBase][5] bound to: 64'b0000000000000000000000000000000000000000000000000000000000000000 
	Parameter ArianeCfg[ExecuteRegionAddrBase][4] bound to: 64'b0000000000000000000000000000000000000000000000000000000000000000 
	Parameter ArianeCfg[ExecuteRegionAddrBase][3] bound to: 64'b0000000000000000000000000000000000000000000000000000000000000000 
	Parameter ArianeCfg[ExecuteRegionAddrBase][2] bound to: 64'b0000000000000000000000000000000010000000000000000000000000000000 
	Parameter ArianeCfg[ExecuteRegionAddrBase][1] bound to: 64'b0000000000000000000000000000000000000000000000010000000000000000 
	Parameter ArianeCfg[ExecuteRegionAddrBase][0] bound to: 64'b0000000000000000000000000000000000000000000000000000000000000000 
	Parameter ArianeCfg[ExecuteRegionLength][15] bound to: 64'b0000000000000000000000000000000000000000000000000000000000000000 
	Parameter ArianeCfg[ExecuteRegionLength][14] bound to: 64'b0000000000000000000000000000000000000000000000000000000000000000 
	Parameter ArianeCfg[ExecuteRegionLength][13] bound to: 64'b0000000000000000000000000000000000000000000000000000000000000000 
	Parameter ArianeCfg[ExecuteRegionLength][12] bound to: 64'b0000000000000000000000000000000000000000000000000000000000000000 
	Parameter ArianeCfg[ExecuteRegionLength][11] bound to: 64'b0000000000000000000000000000000000000000000000000000000000000000 
	Parameter ArianeCfg[ExecuteRegionLength][10] bound to: 64'b0000000000000000000000000000000000000000000000000000000000000000 
	Parameter ArianeCfg[ExecuteRegionLength][9] bound to: 64'b0000000000000000000000000000000000000000000000000000000000000000 
	Parameter ArianeCfg[ExecuteRegionLength][8] bound to: 64'b0000000000000000000000000000000000000000000000000000000000000000 
	Parameter ArianeCfg[ExecuteRegionLength][7] bound to: 64'b0000000000000000000000000000000000000000000000000000000000000000 
	Parameter ArianeCfg[ExecuteRegionLength][6] bound to: 64'b0000000000000000000000000000000000000000000000000000000000000000 
	Parameter ArianeCfg[ExecuteRegionLength][5] bound to: 64'b0000000000000000000000000000000000000000000000000000000000000000 
	Parameter ArianeCfg[ExecuteRegionLength][4] bound to: 64'b0000000000000000000000000000000000000000000000000000000000000000 
	Parameter ArianeCfg[ExecuteRegionLength][3] bound to: 64'b0000000000000000000000000000000000000000000000000000000000000000 
	Parameter ArianeCfg[ExecuteRegionLength][2] bound to: 64'b0000000000000000000000000000000001000000000000000000000000000000 
	Parameter ArianeCfg[ExecuteRegionLength][1] bound to: 64'b0000000000000000000000000000000000000000000000010000000000000000 
	Parameter ArianeCfg[ExecuteRegionLength][0] bound to: 64'b0000000000000000000000000000000000000000000000000001000000000000 
	Parameter ArianeCfg[NrCachedRegionRules] bound to: 32'b00000000000000000000000000000001 
	Parameter ArianeCfg[CachedRegionAddrBase][15] bound to: 64'b0000000000000000000000000000000000000000000000000000000000000000 
	Parameter ArianeCfg[CachedRegionAddrBase][14] bound to: 64'b0000000000000000000000000000000000000000000000000000000000000000 
	Parameter ArianeCfg[CachedRegionAddrBase][13] bound to: 64'b0000000000000000000000000000000000000000000000000000000000000000 
	Parameter ArianeCfg[CachedRegionAddrBase][12] bound to: 64'b0000000000000000000000000000000000000000000000000000000000000000 
	Parameter ArianeCfg[CachedRegionAddrBase][11] bound to: 64'b0000000000000000000000000000000000000000000000000000000000000000 
	Parameter ArianeCfg[CachedRegionAddrBase][10] bound to: 64'b0000000000000000000000000000000000000000000000000000000000000000 
	Parameter ArianeCfg[CachedRegionAddrBase][9] bound to: 64'b0000000000000000000000000000000000000000000000000000000000000000 
	Parameter ArianeCfg[CachedRegionAddrBase][8] bound to: 64'b0000000000000000000000000000000000000000000000000000000000000000 
	Parameter ArianeCfg[CachedRegionAddrBase][7] bound to: 64'b0000000000000000000000000000000000000000000000000000000000000000 
	Parameter ArianeCfg[CachedRegionAddrBase][6] bound to: 64'b0000000000000000000000000000000000000000000000000000000000000000 
	Parameter ArianeCfg[CachedRegionAddrBase][5] bound to: 64'b0000000000000000000000000000000000000000000000000000000000000000 
	Parameter ArianeCfg[CachedRegionAddrBase][4] bound to: 64'b0000000000000000000000000000000000000000000000000000000000000000 
	Parameter ArianeCfg[CachedRegionAddrBase][3] bound to: 64'b0000000000000000000000000000000000000000000000000000000000000000 
	Parameter ArianeCfg[CachedRegionAddrBase][2] bound to: 64'b0000000000000000000000000000000000000000000000000000000000000000 
	Parameter ArianeCfg[CachedRegionAddrBase][1] bound to: 64'b0000000000000000000000000000000000000000000000000000000000000000 
	Parameter ArianeCfg[CachedRegionAddrBase][0] bound to: 64'b0000000000000000000000000000000010000000000000000000000000000000 
	Parameter ArianeCfg[CachedRegionLength][15] bound to: 64'b0000000000000000000000000000000000000000000000000000000000000000 
	Parameter ArianeCfg[CachedRegionLength][14] bound to: 64'b0000000000000000000000000000000000000000000000000000000000000000 
	Parameter ArianeCfg[CachedRegionLength][13] bound to: 64'b0000000000000000000000000000000000000000000000000000000000000000 
	Parameter ArianeCfg[CachedRegionLength][12] bound to: 64'b0000000000000000000000000000000000000000000000000000000000000000 
	Parameter ArianeCfg[CachedRegionLength][11] bound to: 64'b0000000000000000000000000000000000000000000000000000000000000000 
	Parameter ArianeCfg[CachedRegionLength][10] bound to: 64'b0000000000000000000000000000000000000000000000000000000000000000 
	Parameter ArianeCfg[CachedRegionLength][9] bound to: 64'b0000000000000000000000000000000000000000000000000000000000000000 
	Parameter ArianeCfg[CachedRegionLength][8] bound to: 64'b0000000000000000000000000000000000000000000000000000000000000000 
	Parameter ArianeCfg[CachedRegionLength][7] bound to: 64'b0000000000000000000000000000000000000000000000000000000000000000 
	Parameter ArianeCfg[CachedRegionLength][6] bound to: 64'b0000000000000000000000000000000000000000000000000000000000000000 
	Parameter ArianeCfg[CachedRegionLength][5] bound to: 64'b0000000000000000000000000000000000000000000000000000000000000000 
	Parameter ArianeCfg[CachedRegionLength][4] bound to: 64'b0000000000000000000000000000000000000000000000000000000000000000 
	Parameter ArianeCfg[CachedRegionLength][3] bound to: 64'b0000000000000000000000000000000000000000000000000000000000000000 
	Parameter ArianeCfg[CachedRegionLength][2] bound to: 64'b0000000000000000000000000000000000000000000000000000000000000000 
	Parameter ArianeCfg[CachedRegionLength][1] bound to: 64'b0000000000000000000000000000000000000000000000000000000000000000 
	Parameter ArianeCfg[CachedRegionLength][0] bound to: 64'b0000000000000000000000000000000001000000000000000000000000000000 
	Parameter ArianeCfg[AxiCompliant] bound to: 1'b1 
	Parameter ArianeCfg[SwapEndianess] bound to: 1'b0 
	Parameter ArianeCfg[DmBaseAddress] bound to: 64'b0000000000000000000000000000000000000000000000000000000000000000 
	Parameter ArianeCfg[NrPMPEntries] bound to: 32'b00000000000000000000000000001000 
	Parameter AxiAddrWidth bound to: 32'b00000000000000000000000001000000 
	Parameter AxiDataWidth bound to: 32'b00000000000000000000000001000000 
	Parameter AxiIdWidth bound to: 32'b00000000000000000000000000000100 
INFO: [Synth 8-6157] synthesizing module 'frontend' [/home/jc/tmp/riscv-iommu-demo/cva6/core/frontend/frontend.sv:18]
	Parameter ArianeCfg[RASDepth] bound to: 32'sb00000000000000000000000000000010 
	Parameter ArianeCfg[BTBEntries] bound to: 32'sb00000000000000000000000000100000 
	Parameter ArianeCfg[BHTEntries] bound to: 32'sb00000000000000000000000010000000 
	Parameter ArianeCfg[NrNonIdempotentRules] bound to: 32'b00000000000000000000000000000001 
	Parameter ArianeCfg[NonIdempotentAddrBase][15] bound to: 64'b0000000000000000000000000000000000000000000000000000000000000000 
	Parameter ArianeCfg[NonIdempotentAddrBase][14] bound to: 64'b0000000000000000000000000000000000000000000000000000000000000000 
	Parameter ArianeCfg[NonIdempotentAddrBase][13] bound to: 64'b0000000000000000000000000000000000000000000000000000000000000000 
	Parameter ArianeCfg[NonIdempotentAddrBase][12] bound to: 64'b0000000000000000000000000000000000000000000000000000000000000000 
	Parameter ArianeCfg[NonIdempotentAddrBase][11] bound to: 64'b0000000000000000000000000000000000000000000000000000000000000000 
	Parameter ArianeCfg[NonIdempotentAddrBase][10] bound to: 64'b0000000000000000000000000000000000000000000000000000000000000000 
	Parameter ArianeCfg[NonIdempotentAddrBase][9] bound to: 64'b0000000000000000000000000000000000000000000000000000000000000000 
	Parameter ArianeCfg[NonIdempotentAddrBase][8] bound to: 64'b0000000000000000000000000000000000000000000000000000000000000000 
	Parameter ArianeCfg[NonIdempotentAddrBase][7] bound to: 64'b0000000000000000000000000000000000000000000000000000000000000000 
	Parameter ArianeCfg[NonIdempotentAddrBase][6] bound to: 64'b0000000000000000000000000000000000000000000000000000000000000000 
	Parameter ArianeCfg[NonIdempotentAddrBase][5] bound to: 64'b0000000000000000000000000000000000000000000000000000000000000000 
	Parameter ArianeCfg[NonIdempotentAddrBase][4] bound to: 64'b0000000000000000000000000000000000000000000000000000000000000000 
	Parameter ArianeCfg[NonIdempotentAddrBase][3] bound to: 64'b0000000000000000000000000000000000000000000000000000000000000000 
	Parameter ArianeCfg[NonIdempotentAddrBase][2] bound to: 64'b0000000000000000000000000000000000000000000000000000000000000000 
	Parameter ArianeCfg[NonIdempotentAddrBase][1] bound to: 64'b0000000000000000000000000000000000000000000000000000000000000000 
	Parameter ArianeCfg[NonIdempotentAddrBase][0] bound to: 64'b0000000000000000000000000000000000000000000000000000000000000000 
	Parameter ArianeCfg[NonIdempotentLength][15] bound to: 64'b0000000000000000000000000000000000000000000000000000000000000000 
	Parameter ArianeCfg[NonIdempotentLength][14] bound to: 64'b0000000000000000000000000000000000000000000000000000000000000000 
	Parameter ArianeCfg[NonIdempotentLength][13] bound to: 64'b0000000000000000000000000000000000000000000000000000000000000000 
	Parameter ArianeCfg[NonIdempotentLength][12] bound to: 64'b0000000000000000000000000000000000000000000000000000000000000000 
	Parameter ArianeCfg[NonIdempotentLength][11] bound to: 64'b0000000000000000000000000000000000000000000000000000000000000000 
	Parameter ArianeCfg[NonIdempotentLength][10] bound to: 64'b0000000000000000000000000000000000000000000000000000000000000000 
	Parameter ArianeCfg[NonIdempotentLength][9] bound to: 64'b0000000000000000000000000000000000000000000000000000000000000000 
	Parameter ArianeCfg[NonIdempotentLength][8] bound to: 64'b0000000000000000000000000000000000000000000000000000000000000000 
	Parameter ArianeCfg[NonIdempotentLength][7] bound to: 64'b0000000000000000000000000000000000000000000000000000000000000000 
	Parameter ArianeCfg[NonIdempotentLength][6] bound to: 64'b0000000000000000000000000000000000000000000000000000000000000000 
	Parameter ArianeCfg[NonIdempotentLength][5] bound to: 64'b0000000000000000000000000000000000000000000000000000000000000000 
	Parameter ArianeCfg[NonIdempotentLength][4] bound to: 64'b0000000000000000000000000000000000000000000000000000000000000000 
	Parameter ArianeCfg[NonIdempotentLength][3] bound to: 64'b0000000000000000000000000000000000000000000000000000000000000000 
	Parameter ArianeCfg[NonIdempotentLength][2] bound to: 64'b0000000000000000000000000000000000000000000000000000000000000000 
	Parameter ArianeCfg[NonIdempotentLength][1] bound to: 64'b0000000000000000000000000000000000000000000000000000000000000000 
	Parameter ArianeCfg[NonIdempotentLength][0] bound to: 64'b0000000000000000000000000000000010000000000000000000000000000000 
	Parameter ArianeCfg[NrExecuteRegionRules] bound to: 32'b00000000000000000000000000000011 
	Parameter ArianeCfg[ExecuteRegionAddrBase][15] bound to: 64'b0000000000000000000000000000000000000000000000000000000000000000 
	Parameter ArianeCfg[ExecuteRegionAddrBase][14] bound to: 64'b0000000000000000000000000000000000000000000000000000000000000000 
	Parameter ArianeCfg[ExecuteRegionAddrBase][13] bound to: 64'b0000000000000000000000000000000000000000000000000000000000000000 
	Parameter ArianeCfg[ExecuteRegionAddrBase][12] bound to: 64'b0000000000000000000000000000000000000000000000000000000000000000 
	Parameter ArianeCfg[ExecuteRegionAddrBase][11] bound to: 64'b0000000000000000000000000000000000000000000000000000000000000000 
	Parameter ArianeCfg[ExecuteRegionAddrBase][10] bound to: 64'b0000000000000000000000000000000000000000000000000000000000000000 
	Parameter ArianeCfg[ExecuteRegionAddrBase][9] bound to: 64'b0000000000000000000000000000000000000000000000000000000000000000 
	Parameter ArianeCfg[ExecuteRegionAddrBase][8] bound to: 64'b0000000000000000000000000000000000000000000000000000000000000000 
	Parameter ArianeCfg[ExecuteRegionAddrBase][7] bound to: 64'b0000000000000000000000000000000000000000000000000000000000000000 
	Parameter ArianeCfg[ExecuteRegionAddrBase][6] bound to: 64'b0000000000000000000000000000000000000000000000000000000000000000 
	Parameter ArianeCfg[ExecuteRegionAddrBase][5] bound to: 64'b0000000000000000000000000000000000000000000000000000000000000000 
	Parameter ArianeCfg[ExecuteRegionAddrBase][4] bound to: 64'b0000000000000000000000000000000000000000000000000000000000000000 
	Parameter ArianeCfg[ExecuteRegionAddrBase][3] bound to: 64'b0000000000000000000000000000000000000000000000000000000000000000 
	Parameter ArianeCfg[ExecuteRegionAddrBase][2] bound to: 64'b0000000000000000000000000000000010000000000000000000000000000000 
	Parameter ArianeCfg[ExecuteRegionAddrBase][1] bound to: 64'b0000000000000000000000000000000000000000000000010000000000000000 
	Parameter ArianeCfg[ExecuteRegionAddrBase][0] bound to: 64'b0000000000000000000000000000000000000000000000000000000000000000 
	Parameter ArianeCfg[ExecuteRegionLength][15] bound to: 64'b0000000000000000000000000000000000000000000000000000000000000000 
	Parameter ArianeCfg[ExecuteRegionLength][14] bound to: 64'b0000000000000000000000000000000000000000000000000000000000000000 
	Parameter ArianeCfg[ExecuteRegionLength][13] bound to: 64'b0000000000000000000000000000000000000000000000000000000000000000 
	Parameter ArianeCfg[ExecuteRegionLength][12] bound to: 64'b0000000000000000000000000000000000000000000000000000000000000000 
	Parameter ArianeCfg[ExecuteRegionLength][11] bound to: 64'b0000000000000000000000000000000000000000000000000000000000000000 
	Parameter ArianeCfg[ExecuteRegionLength][10] bound to: 64'b0000000000000000000000000000000000000000000000000000000000000000 
	Parameter ArianeCfg[ExecuteRegionLength][9] bound to: 64'b0000000000000000000000000000000000000000000000000000000000000000 
	Parameter ArianeCfg[ExecuteRegionLength][8] bound to: 64'b0000000000000000000000000000000000000000000000000000000000000000 
	Parameter ArianeCfg[ExecuteRegionLength][7] bound to: 64'b0000000000000000000000000000000000000000000000000000000000000000 
	Parameter ArianeCfg[ExecuteRegionLength][6] bound to: 64'b0000000000000000000000000000000000000000000000000000000000000000 
	Parameter ArianeCfg[ExecuteRegionLength][5] bound to: 64'b0000000000000000000000000000000000000000000000000000000000000000 
	Parameter ArianeCfg[ExecuteRegionLength][4] bound to: 64'b0000000000000000000000000000000000000000000000000000000000000000 
	Parameter ArianeCfg[ExecuteRegionLength][3] bound to: 64'b0000000000000000000000000000000000000000000000000000000000000000 
	Parameter ArianeCfg[ExecuteRegionLength][2] bound to: 64'b0000000000000000000000000000000001000000000000000000000000000000 
	Parameter ArianeCfg[ExecuteRegionLength][1] bound to: 64'b0000000000000000000000000000000000000000000000010000000000000000 
	Parameter ArianeCfg[ExecuteRegionLength][0] bound to: 64'b0000000000000000000000000000000000000000000000000001000000000000 
	Parameter ArianeCfg[NrCachedRegionRules] bound to: 32'b00000000000000000000000000000001 
	Parameter ArianeCfg[CachedRegionAddrBase][15] bound to: 64'b0000000000000000000000000000000000000000000000000000000000000000 
	Parameter ArianeCfg[CachedRegionAddrBase][14] bound to: 64'b0000000000000000000000000000000000000000000000000000000000000000 
	Parameter ArianeCfg[CachedRegionAddrBase][13] bound to: 64'b0000000000000000000000000000000000000000000000000000000000000000 
	Parameter ArianeCfg[CachedRegionAddrBase][12] bound to: 64'b0000000000000000000000000000000000000000000000000000000000000000 
	Parameter ArianeCfg[CachedRegionAddrBase][11] bound to: 64'b0000000000000000000000000000000000000000000000000000000000000000 
	Parameter ArianeCfg[CachedRegionAddrBase][10] bound to: 64'b0000000000000000000000000000000000000000000000000000000000000000 
	Parameter ArianeCfg[CachedRegionAddrBase][9] bound to: 64'b0000000000000000000000000000000000000000000000000000000000000000 
	Parameter ArianeCfg[CachedRegionAddrBase][8] bound to: 64'b0000000000000000000000000000000000000000000000000000000000000000 
	Parameter ArianeCfg[CachedRegionAddrBase][7] bound to: 64'b0000000000000000000000000000000000000000000000000000000000000000 
	Parameter ArianeCfg[CachedRegionAddrBase][6] bound to: 64'b0000000000000000000000000000000000000000000000000000000000000000 
	Parameter ArianeCfg[CachedRegionAddrBase][5] bound to: 64'b0000000000000000000000000000000000000000000000000000000000000000 
	Parameter ArianeCfg[CachedRegionAddrBase][4] bound to: 64'b0000000000000000000000000000000000000000000000000000000000000000 
	Parameter ArianeCfg[CachedRegionAddrBase][3] bound to: 64'b0000000000000000000000000000000000000000000000000000000000000000 
	Parameter ArianeCfg[CachedRegionAddrBase][2] bound to: 64'b0000000000000000000000000000000000000000000000000000000000000000 
	Parameter ArianeCfg[CachedRegionAddrBase][1] bound to: 64'b0000000000000000000000000000000000000000000000000000000000000000 
	Parameter ArianeCfg[CachedRegionAddrBase][0] bound to: 64'b0000000000000000000000000000000010000000000000000000000000000000 
	Parameter ArianeCfg[CachedRegionLength][15] bound to: 64'b0000000000000000000000000000000000000000000000000000000000000000 
	Parameter ArianeCfg[CachedRegionLength][14] bound to: 64'b0000000000000000000000000000000000000000000000000000000000000000 
	Parameter ArianeCfg[CachedRegionLength][13] bound to: 64'b0000000000000000000000000000000000000000000000000000000000000000 
	Parameter ArianeCfg[CachedRegionLength][12] bound to: 64'b0000000000000000000000000000000000000000000000000000000000000000 
	Parameter ArianeCfg[CachedRegionLength][11] bound to: 64'b0000000000000000000000000000000000000000000000000000000000000000 
	Parameter ArianeCfg[CachedRegionLength][10] bound to: 64'b0000000000000000000000000000000000000000000000000000000000000000 
	Parameter ArianeCfg[CachedRegionLength][9] bound to: 64'b0000000000000000000000000000000000000000000000000000000000000000 
	Parameter ArianeCfg[CachedRegionLength][8] bound to: 64'b0000000000000000000000000000000000000000000000000000000000000000 
	Parameter ArianeCfg[CachedRegionLength][7] bound to: 64'b0000000000000000000000000000000000000000000000000000000000000000 
	Parameter ArianeCfg[CachedRegionLength][6] bound to: 64'b0000000000000000000000000000000000000000000000000000000000000000 
	Parameter ArianeCfg[CachedRegionLength][5] bound to: 64'b0000000000000000000000000000000000000000000000000000000000000000 
	Parameter ArianeCfg[CachedRegionLength][4] bound to: 64'b0000000000000000000000000000000000000000000000000000000000000000 
	Parameter ArianeCfg[CachedRegionLength][3] bound to: 64'b0000000000000000000000000000000000000000000000000000000000000000 
	Parameter ArianeCfg[CachedRegionLength][2] bound to: 64'b0000000000000000000000000000000000000000000000000000000000000000 
	Parameter ArianeCfg[CachedRegionLength][1] bound to: 64'b0000000000000000000000000000000000000000000000000000000000000000 
	Parameter ArianeCfg[CachedRegionLength][0] bound to: 64'b0000000000000000000000000000000001000000000000000000000000000000 
	Parameter ArianeCfg[AxiCompliant] bound to: 1'b1 
	Parameter ArianeCfg[SwapEndianess] bound to: 1'b0 
	Parameter ArianeCfg[DmBaseAddress] bound to: 64'b0000000000000000000000000000000000000000000000000000000000000000 
	Parameter ArianeCfg[NrPMPEntries] bound to: 32'b00000000000000000000000000001000 
INFO: [Synth 8-6157] synthesizing module 'ras' [/home/jc/tmp/riscv-iommu-demo/cva6/core/frontend/ras.sv:17]
INFO: [Common 17-14] Message 'Synth 8-6157' appears 100 times and further instances of the messages will be disabled. Use the Tcl command set_msg_config to change the current settings.
	Parameter DEPTH bound to: 32'b00000000000000000000000000000010 
INFO: [Synth 8-6155] done synthesizing module 'ras' (0#1) [/home/jc/tmp/riscv-iommu-demo/cva6/core/frontend/ras.sv:17]
	Parameter NR_ENTRIES bound to: 32'sb00000000000000000000000000100000 
WARNING: [Synth 8-4446] all outputs are unconnected for this instance and logic may be removed [/home/jc/tmp/riscv-iommu-demo/cva6/core/frontend/btb.sv:54]
INFO: [Synth 8-6155] done synthesizing module 'unread' (0#1) [/home/jc/tmp/riscv-iommu-demo/cva6/vendor/pulp-platform/common_cells/src/unread.sv:16]
INFO: [Synth 8-6155] done synthesizing module 'btb' (0#1) [/home/jc/tmp/riscv-iommu-demo/cva6/core/frontend/btb.sv:28]
	Parameter NR_ENTRIES bound to: 32'b00000000000000000000000010000000 
WARNING: [Synth 8-4446] all outputs are unconnected for this instance and logic may be removed [/home/jc/tmp/riscv-iommu-demo/cva6/core/frontend/bht.sv:43]
INFO: [Synth 8-6155] done synthesizing module 'bht' (0#1) [/home/jc/tmp/riscv-iommu-demo/cva6/core/frontend/bht.sv:21]
INFO: [Synth 8-6155] done synthesizing module 'instr_scan' (0#1) [/home/jc/tmp/riscv-iommu-demo/cva6/core/frontend/instr_scan.sv:18]
INFO: [Common 17-14] Message 'Synth 8-6155' appears 100 times and further instances of the messages will be disabled. Use the Tcl command set_msg_config to change the current settings.
INFO: [Synth 8-294] found qualifier unique on case statement: implementing as parallel_case [/home/jc/tmp/riscv-iommu-demo/cva6/core/frontend/frontend.sv:183]
INFO: [Synth 8-294] found qualifier unique on case statement: implementing as parallel_case [/home/jc/tmp/riscv-iommu-demo/cva6/core/frontend/frontend.sv:183]
	Parameter WIDTH bound to: 32'b00000000000000000000000000000010 
	Parameter MODE bound to: 1'b0 
	Parameter INPUT_WIDTH bound to: 32'b00000000000000000000000000000010 
WARNING: [Synth 8-693] zero replication count - replication ignored [/home/jc/tmp/riscv-iommu-demo/cva6/core/frontend/instr_queue.sv:299]
WARNING: [Synth 8-693] zero replication count - replication ignored [/home/jc/tmp/riscv-iommu-demo/cva6/core/frontend/instr_queue.sv:301]
WARNING: [Synth 8-693] zero replication count - replication ignored [/home/jc/tmp/riscv-iommu-demo/cva6/core/frontend/instr_queue.sv:299]
WARNING: [Synth 8-693] zero replication count - replication ignored [/home/jc/tmp/riscv-iommu-demo/cva6/core/frontend/instr_queue.sv:301]
	Parameter DEPTH bound to: 32'b00000000000000000000000000000100 
	Parameter DATA_WIDTH bound to: 32'b00000000000000000000000001000000 
	Parameter DEPTH bound to: 32'b00000000000000000000000000000100 
WARNING: [Synth 8-4446] all outputs are unconnected for this instance and logic may be removed [/home/jc/tmp/riscv-iommu-demo/cva6/core/frontend/instr_queue.sv:413]
WARNING: [Synth 8-4446] all outputs are unconnected for this instance and logic may be removed [/home/jc/tmp/riscv-iommu-demo/cva6/core/frontend/instr_queue.sv:414]
WARNING: [Synth 8-4446] all outputs are unconnected for this instance and logic may be removed [/home/jc/tmp/riscv-iommu-demo/cva6/core/frontend/instr_queue.sv:415]
WARNING: [Synth 8-4446] all outputs are unconnected for this instance and logic may be removed [/home/jc/tmp/riscv-iommu-demo/cva6/core/frontend/instr_queue.sv:416]
WARNING: [Synth 8-4446] all outputs are unconnected for this instance and logic may be removed [/home/jc/tmp/riscv-iommu-demo/cva6/core/frontend/instr_queue.sv:417]
INFO: [Synth 8-294] found qualifier unique on case statement: implementing as parallel_case [/home/jc/tmp/riscv-iommu-demo/cva6/core/compressed_decoder.sv:41]
INFO: [Synth 8-294] found qualifier unique on case statement: implementing as parallel_case [/home/jc/tmp/riscv-iommu-demo/cva6/core/compressed_decoder.sv:44]
INFO: [Synth 8-294] found qualifier unique on case statement: implementing as parallel_case [/home/jc/tmp/riscv-iommu-demo/cva6/core/compressed_decoder.sv:106]
INFO: [Synth 8-294] found qualifier unique on case statement: implementing as parallel_case [/home/jc/tmp/riscv-iommu-demo/cva6/core/compressed_decoder.sv:149]
INFO: [Synth 8-294] found qualifier unique on case statement: implementing as parallel_case [/home/jc/tmp/riscv-iommu-demo/cva6/core/compressed_decoder.sv:163]
INFO: [Synth 8-294] found qualifier unique on case statement: implementing as parallel_case [/home/jc/tmp/riscv-iommu-demo/cva6/core/compressed_decoder.sv:220]
INFO: [Synth 8-226] default block is never used [/home/jc/tmp/riscv-iommu-demo/cva6/core/compressed_decoder.sv:220]
INFO: [Synth 8-294] found qualifier unique on case statement: implementing as parallel_case [/home/jc/tmp/riscv-iommu-demo/cva6/core/decoder.sv:108]
INFO: [Synth 8-226] default block is never used [/home/jc/tmp/riscv-iommu-demo/cva6/core/decoder.sv:108]
INFO: [Synth 8-294] found qualifier unique on case statement: implementing as parallel_case [/home/jc/tmp/riscv-iommu-demo/cva6/core/decoder.sv:251]
INFO: [Synth 8-294] found qualifier unique on case statement: implementing as parallel_case [/home/jc/tmp/riscv-iommu-demo/cva6/core/decoder.sv:608]
INFO: [Synth 8-294] found qualifier unique on case statement: implementing as parallel_case [/home/jc/tmp/riscv-iommu-demo/cva6/core/decoder.sv:678]
INFO: [Synth 8-294] found qualifier unique on case statement: implementing as parallel_case [/home/jc/tmp/riscv-iommu-demo/cva6/core/decoder.sv:719]
INFO: [Synth 8-294] found qualifier unique on case statement: implementing as parallel_case [/home/jc/tmp/riscv-iommu-demo/cva6/core/decoder.sv:795]
INFO: [Synth 8-294] found qualifier unique on case statement: implementing as parallel_case [/home/jc/tmp/riscv-iommu-demo/cva6/core/decoder.sv:848]
INFO: [Synth 8-294] found qualifier unique on case statement: implementing as parallel_case [/home/jc/tmp/riscv-iommu-demo/cva6/core/decoder.sv:868]
INFO: [Synth 8-294] found qualifier unique on case statement: implementing as parallel_case [/home/jc/tmp/riscv-iommu-demo/cva6/core/decoder.sv:895]
INFO: [Synth 8-294] found qualifier unique on case statement: implementing as parallel_case [/home/jc/tmp/riscv-iommu-demo/cva6/core/decoder.sv:922]
INFO: [Synth 8-294] found qualifier unique on case statement: implementing as parallel_case [/home/jc/tmp/riscv-iommu-demo/cva6/core/decoder.sv:957]
INFO: [Synth 8-294] found qualifier unique on case statement: implementing as parallel_case [/home/jc/tmp/riscv-iommu-demo/cva6/core/decoder.sv:965]
INFO: [Synth 8-226] default block is never used [/home/jc/tmp/riscv-iommu-demo/cva6/core/decoder.sv:965]
INFO: [Synth 8-294] found qualifier unique on case statement: implementing as parallel_case [/home/jc/tmp/riscv-iommu-demo/cva6/core/decoder.sv:976]
INFO: [Synth 8-294] found qualifier unique on case statement: implementing as parallel_case [/home/jc/tmp/riscv-iommu-demo/cva6/core/decoder.sv:981]
INFO: [Synth 8-294] found qualifier unique on case statement: implementing as parallel_case [/home/jc/tmp/riscv-iommu-demo/cva6/core/decoder.sv:988]
INFO: [Synth 8-294] found qualifier unique on case statement: implementing as parallel_case [/home/jc/tmp/riscv-iommu-demo/cva6/core/decoder.sv:1009]
INFO: [Synth 8-294] found qualifier unique on case statement: implementing as parallel_case [/home/jc/tmp/riscv-iommu-demo/cva6/core/decoder.sv:1057]
INFO: [Synth 8-294] found qualifier unique on case statement: implementing as parallel_case [/home/jc/tmp/riscv-iommu-demo/cva6/core/decoder.sv:1112]
INFO: [Synth 8-226] default block is never used [/home/jc/tmp/riscv-iommu-demo/cva6/core/decoder.sv:1112]
INFO: [Synth 8-294] found qualifier unique on case statement: implementing as parallel_case [/home/jc/tmp/riscv-iommu-demo/cva6/core/decoder.sv:1123]
INFO: [Synth 8-294] found qualifier unique on case statement: implementing as parallel_case [/home/jc/tmp/riscv-iommu-demo/cva6/core/decoder.sv:1128]
INFO: [Synth 8-294] found qualifier unique on case statement: implementing as parallel_case [/home/jc/tmp/riscv-iommu-demo/cva6/core/decoder.sv:1135]
INFO: [Synth 8-294] found qualifier unique on case statement: implementing as parallel_case [/home/jc/tmp/riscv-iommu-demo/cva6/core/decoder.sv:1160]
INFO: [Synth 8-294] found qualifier unique on case statement: implementing as parallel_case [/home/jc/tmp/riscv-iommu-demo/cva6/core/decoder.sv:1179]
	Parameter NR_ENTRIES bound to: 32'b00000000000000000000000000001000 
	Parameter NR_WB_PORTS bound to: 32'b00000000000000000000000000000101 
	Parameter NR_COMMIT_PORTS bound to: 32'b00000000000000000000000000000010 
INFO: [Synth 8-294] found qualifier unique on case statement: implementing as parallel_case [/home/jc/tmp/riscv-iommu-demo/cva6/core/include/ariane_pkg.sv:634]
INFO: [Synth 8-294] found qualifier unique on case statement: implementing as parallel_case [/home/jc/tmp/riscv-iommu-demo/cva6/core/include/ariane_pkg.sv:588]
INFO: [Synth 8-294] found qualifier unique on case statement: implementing as parallel_case [/home/jc/tmp/riscv-iommu-demo/cva6/core/include/ariane_pkg.sv:605]
INFO: [Synth 8-294] found qualifier unique on case statement: implementing as parallel_case [/home/jc/tmp/riscv-iommu-demo/cva6/core/include/ariane_pkg.sv:622]
	Parameter NR_ENTRIES bound to: 32'b00000000000000000000000000001000 
	Parameter NR_WB_PORTS bound to: 32'b00000000000000000000000000000101 
	Parameter NR_COMMIT_PORTS bound to: 32'b00000000000000000000000000000010 
	Parameter NumIn bound to: 32'b00000000000000000000000000001001 
	Parameter ExtPrio bound to: 1'b1 
	Parameter AxiVldRdy bound to: 1'b1 
INFO: [Synth 8-294] found qualifier unique on case statement: implementing as parallel_case [/home/jc/tmp/riscv-iommu-demo/cva6/core/include/ariane_pkg.sv:588]
INFO: [Synth 8-294] found qualifier unique on case statement: implementing as parallel_case [/home/jc/tmp/riscv-iommu-demo/cva6/core/include/ariane_pkg.sv:605]
INFO: [Synth 8-294] found qualifier unique on case statement: implementing as parallel_case [/home/jc/tmp/riscv-iommu-demo/cva6/core/include/ariane_pkg.sv:622]
INFO: [Synth 8-294] found qualifier unique on case statement: implementing as parallel_case [/home/jc/tmp/riscv-iommu-demo/cva6/core/include/ariane_pkg.sv:588]
INFO: [Synth 8-294] found qualifier unique on case statement: implementing as parallel_case [/home/jc/tmp/riscv-iommu-demo/cva6/core/include/ariane_pkg.sv:605]
INFO: [Synth 8-294] found qualifier unique on case statement: implementing as parallel_case [/home/jc/tmp/riscv-iommu-demo/cva6/core/include/ariane_pkg.sv:622]
INFO: [Synth 8-294] found qualifier unique on case statement: implementing as parallel_case [/home/jc/tmp/riscv-iommu-demo/cva6/core/include/ariane_pkg.sv:588]
INFO: [Synth 8-294] found qualifier unique on case statement: implementing as parallel_case [/home/jc/tmp/riscv-iommu-demo/cva6/core/include/ariane_pkg.sv:605]
INFO: [Synth 8-294] found qualifier unique on case statement: implementing as parallel_case [/home/jc/tmp/riscv-iommu-demo/cva6/core/include/ariane_pkg.sv:622]
INFO: [Synth 8-294] found qualifier unique on case statement: implementing as parallel_case [/home/jc/tmp/riscv-iommu-demo/cva6/core/include/ariane_pkg.sv:588]
INFO: [Synth 8-294] found qualifier unique on case statement: implementing as parallel_case [/home/jc/tmp/riscv-iommu-demo/cva6/core/include/ariane_pkg.sv:605]
INFO: [Synth 8-294] found qualifier unique on case statement: implementing as parallel_case [/home/jc/tmp/riscv-iommu-demo/cva6/core/include/ariane_pkg.sv:622]
INFO: [Synth 8-294] found qualifier unique on case statement: implementing as parallel_case [/home/jc/tmp/riscv-iommu-demo/cva6/core/include/ariane_pkg.sv:588]
INFO: [Synth 8-294] found qualifier unique on case statement: implementing as parallel_case [/home/jc/tmp/riscv-iommu-demo/cva6/core/include/ariane_pkg.sv:605]
INFO: [Synth 8-294] found qualifier unique on case statement: implementing as parallel_case [/home/jc/tmp/riscv-iommu-demo/cva6/core/include/ariane_pkg.sv:622]
INFO: [Synth 8-294] found qualifier unique on case statement: implementing as parallel_case [/home/jc/tmp/riscv-iommu-demo/cva6/core/include/ariane_pkg.sv:588]
INFO: [Synth 8-294] found qualifier unique on case statement: implementing as parallel_case [/home/jc/tmp/riscv-iommu-demo/cva6/core/include/ariane_pkg.sv:605]
INFO: [Synth 8-294] found qualifier unique on case statement: implementing as parallel_case [/home/jc/tmp/riscv-iommu-demo/cva6/core/include/ariane_pkg.sv:622]
INFO: [Synth 8-294] found qualifier unique on case statement: implementing as parallel_case [/home/jc/tmp/riscv-iommu-demo/cva6/core/include/ariane_pkg.sv:588]
INFO: [Synth 8-294] found qualifier unique on case statement: implementing as parallel_case [/home/jc/tmp/riscv-iommu-demo/cva6/core/include/ariane_pkg.sv:605]
INFO: [Synth 8-294] found qualifier unique on case statement: implementing as parallel_case [/home/jc/tmp/riscv-iommu-demo/cva6/core/include/ariane_pkg.sv:622]
INFO: [Synth 8-294] found qualifier unique on case statement: implementing as parallel_case [/home/jc/tmp/riscv-iommu-demo/cva6/core/include/ariane_pkg.sv:588]
INFO: [Synth 8-294] found qualifier unique on case statement: implementing as parallel_case [/home/jc/tmp/riscv-iommu-demo/cva6/core/include/ariane_pkg.sv:605]
INFO: [Synth 8-294] found qualifier unique on case statement: implementing as parallel_case [/home/jc/tmp/riscv-iommu-demo/cva6/core/include/ariane_pkg.sv:622]
INFO: [Synth 8-294] found qualifier unique on case statement: implementing as parallel_case [/home/jc/tmp/riscv-iommu-demo/cva6/core/include/ariane_pkg.sv:588]
INFO: [Synth 8-294] found qualifier unique on case statement: implementing as parallel_case [/home/jc/tmp/riscv-iommu-demo/cva6/core/include/ariane_pkg.sv:605]
INFO: [Synth 8-294] found qualifier unique on case statement: implementing as parallel_case [/home/jc/tmp/riscv-iommu-demo/cva6/core/include/ariane_pkg.sv:622]
INFO: [Synth 8-294] found qualifier unique on case statement: implementing as parallel_case [/home/jc/tmp/riscv-iommu-demo/cva6/core/include/ariane_pkg.sv:588]
INFO: [Synth 8-294] found qualifier unique on case statement: implementing as parallel_case [/home/jc/tmp/riscv-iommu-demo/cva6/core/include/ariane_pkg.sv:605]
INFO: [Synth 8-294] found qualifier unique on case statement: implementing as parallel_case [/home/jc/tmp/riscv-iommu-demo/cva6/core/include/ariane_pkg.sv:622]
INFO: [Synth 8-294] found qualifier unique on case statement: implementing as parallel_case [/home/jc/tmp/riscv-iommu-demo/cva6/core/include/ariane_pkg.sv:588]
INFO: [Synth 8-294] found qualifier unique on case statement: implementing as parallel_case [/home/jc/tmp/riscv-iommu-demo/cva6/core/include/ariane_pkg.sv:605]
INFO: [Synth 8-294] found qualifier unique on case statement: implementing as parallel_case [/home/jc/tmp/riscv-iommu-demo/cva6/core/include/ariane_pkg.sv:622]
INFO: [Synth 8-294] found qualifier unique on case statement: implementing as parallel_case [/home/jc/tmp/riscv-iommu-demo/cva6/core/include/ariane_pkg.sv:588]
INFO: [Common 17-14] Message 'Synth 8-294' appears 100 times and further instances of the messages will be disabled. Use the Tcl command set_msg_config to change the current settings.
	Parameter NumIn bound to: 32'b00000000000000000000000000001101 
	Parameter DataWidth bound to: 32'b00000000000000000000000001000000 
	Parameter ExtPrio bound to: 1'b1 
	Parameter AxiVldRdy bound to: 1'b1 
	Parameter NR_COMMIT_PORTS bound to: 32'b00000000000000000000000000000010 
	Parameter DATA_WIDTH bound to: 32'b00000000000000000000000001000000 
	Parameter NR_READ_PORTS bound to: 32'b00000000000000000000000000000010 
	Parameter NR_WRITE_PORTS bound to: 32'b00000000000000000000000000000010 
	Parameter ZERO_REG_ZERO bound to: 1'b1 
	Parameter DATA_WIDTH bound to: 32'b00000000000000000000000001000000 
	Parameter NR_READ_PORTS bound to: 32'b00000000000000000000000000000011 
	Parameter NR_WRITE_PORTS bound to: 32'b00000000000000000000000000000010 
	Parameter ZERO_REG_ZERO bound to: 1'b0 
WARNING: [Synth 8-693] zero replication count - replication ignored [/home/jc/tmp/riscv-iommu-demo/cva6/core/issue_read_operands.sv:222]
WARNING: [Synth 8-693] zero replication count - replication ignored [/home/jc/tmp/riscv-iommu-demo/cva6/core/issue_read_operands.sv:238]
WARNING: [Synth 8-693] zero replication count - replication ignored [/home/jc/tmp/riscv-iommu-demo/cva6/core/issue_read_operands.sv:243]
WARNING: [Synth 8-693] zero replication count - replication ignored [/home/jc/tmp/riscv-iommu-demo/cva6/core/issue_read_operands.sv:497]
WARNING: [Synth 8-693] zero replication count - replication ignored [/home/jc/tmp/riscv-iommu-demo/cva6/core/issue_read_operands.sv:498]
	Parameter ASID_WIDTH bound to: 32'b00000000000000000000000000010000 
	Parameter VMID_WIDTH bound to: 32'b00000000000000000000000000001110 
	Parameter ArianeCfg[RASDepth] bound to: 32'sb00000000000000000000000000000010 
	Parameter ArianeCfg[BTBEntries] bound to: 32'sb00000000000000000000000000100000 
	Parameter ArianeCfg[BHTEntries] bound to: 32'sb00000000000000000000000010000000 
	Parameter ArianeCfg[NrNonIdempotentRules] bound to: 32'b00000000000000000000000000000001 
	Parameter ArianeCfg[NonIdempotentAddrBase][15] bound to: 64'b0000000000000000000000000000000000000000000000000000000000000000 
	Parameter ArianeCfg[NonIdempotentAddrBase][14] bound to: 64'b0000000000000000000000000000000000000000000000000000000000000000 
	Parameter ArianeCfg[NonIdempotentAddrBase][13] bound to: 64'b0000000000000000000000000000000000000000000000000000000000000000 
	Parameter ArianeCfg[NonIdempotentAddrBase][12] bound to: 64'b0000000000000000000000000000000000000000000000000000000000000000 
	Parameter ArianeCfg[NonIdempotentAddrBase][11] bound to: 64'b0000000000000000000000000000000000000000000000000000000000000000 
	Parameter ArianeCfg[NonIdempotentAddrBase][10] bound to: 64'b0000000000000000000000000000000000000000000000000000000000000000 
	Parameter ArianeCfg[NonIdempotentAddrBase][9] bound to: 64'b0000000000000000000000000000000000000000000000000000000000000000 
	Parameter ArianeCfg[NonIdempotentAddrBase][8] bound to: 64'b0000000000000000000000000000000000000000000000000000000000000000 
	Parameter ArianeCfg[NonIdempotentAddrBase][7] bound to: 64'b0000000000000000000000000000000000000000000000000000000000000000 
	Parameter ArianeCfg[NonIdempotentAddrBase][6] bound to: 64'b0000000000000000000000000000000000000000000000000000000000000000 
	Parameter ArianeCfg[NonIdempotentAddrBase][5] bound to: 64'b0000000000000000000000000000000000000000000000000000000000000000 
	Parameter ArianeCfg[NonIdempotentAddrBase][4] bound to: 64'b0000000000000000000000000000000000000000000000000000000000000000 
	Parameter ArianeCfg[NonIdempotentAddrBase][3] bound to: 64'b0000000000000000000000000000000000000000000000000000000000000000 
	Parameter ArianeCfg[NonIdempotentAddrBase][2] bound to: 64'b0000000000000000000000000000000000000000000000000000000000000000 
	Parameter ArianeCfg[NonIdempotentAddrBase][1] bound to: 64'b0000000000000000000000000000000000000000000000000000000000000000 
	Parameter ArianeCfg[NonIdempotentAddrBase][0] bound to: 64'b0000000000000000000000000000000000000000000000000000000000000000 
	Parameter ArianeCfg[NonIdempotentLength][15] bound to: 64'b0000000000000000000000000000000000000000000000000000000000000000 
	Parameter ArianeCfg[NonIdempotentLength][14] bound to: 64'b0000000000000000000000000000000000000000000000000000000000000000 
	Parameter ArianeCfg[NonIdempotentLength][13] bound to: 64'b0000000000000000000000000000000000000000000000000000000000000000 
	Parameter ArianeCfg[NonIdempotentLength][12] bound to: 64'b0000000000000000000000000000000000000000000000000000000000000000 
	Parameter ArianeCfg[NonIdempotentLength][11] bound to: 64'b0000000000000000000000000000000000000000000000000000000000000000 
	Parameter ArianeCfg[NonIdempotentLength][10] bound to: 64'b0000000000000000000000000000000000000000000000000000000000000000 
	Parameter ArianeCfg[NonIdempotentLength][9] bound to: 64'b0000000000000000000000000000000000000000000000000000000000000000 
	Parameter ArianeCfg[NonIdempotentLength][8] bound to: 64'b0000000000000000000000000000000000000000000000000000000000000000 
	Parameter ArianeCfg[NonIdempotentLength][7] bound to: 64'b0000000000000000000000000000000000000000000000000000000000000000 
	Parameter ArianeCfg[NonIdempotentLength][6] bound to: 64'b0000000000000000000000000000000000000000000000000000000000000000 
	Parameter ArianeCfg[NonIdempotentLength][5] bound to: 64'b0000000000000000000000000000000000000000000000000000000000000000 
	Parameter ArianeCfg[NonIdempotentLength][4] bound to: 64'b0000000000000000000000000000000000000000000000000000000000000000 
	Parameter ArianeCfg[NonIdempotentLength][3] bound to: 64'b0000000000000000000000000000000000000000000000000000000000000000 
	Parameter ArianeCfg[NonIdempotentLength][2] bound to: 64'b0000000000000000000000000000000000000000000000000000000000000000 
	Parameter ArianeCfg[NonIdempotentLength][1] bound to: 64'b0000000000000000000000000000000000000000000000000000000000000000 
	Parameter ArianeCfg[NonIdempotentLength][0] bound to: 64'b0000000000000000000000000000000010000000000000000000000000000000 
	Parameter ArianeCfg[NrExecuteRegionRules] bound to: 32'b00000000000000000000000000000011 
	Parameter ArianeCfg[ExecuteRegionAddrBase][15] bound to: 64'b0000000000000000000000000000000000000000000000000000000000000000 
	Parameter ArianeCfg[ExecuteRegionAddrBase][14] bound to: 64'b0000000000000000000000000000000000000000000000000000000000000000 
	Parameter ArianeCfg[ExecuteRegionAddrBase][13] bound to: 64'b0000000000000000000000000000000000000000000000000000000000000000 
	Parameter ArianeCfg[ExecuteRegionAddrBase][12] bound to: 64'b0000000000000000000000000000000000000000000000000000000000000000 
	Parameter ArianeCfg[ExecuteRegionAddrBase][11] bound to: 64'b0000000000000000000000000000000000000000000000000000000000000000 
	Parameter ArianeCfg[ExecuteRegionAddrBase][10] bound to: 64'b0000000000000000000000000000000000000000000000000000000000000000 
	Parameter ArianeCfg[ExecuteRegionAddrBase][9] bound to: 64'b0000000000000000000000000000000000000000000000000000000000000000 
	Parameter ArianeCfg[ExecuteRegionAddrBase][8] bound to: 64'b0000000000000000000000000000000000000000000000000000000000000000 
	Parameter ArianeCfg[ExecuteRegionAddrBase][7] bound to: 64'b0000000000000000000000000000000000000000000000000000000000000000 
	Parameter ArianeCfg[ExecuteRegionAddrBase][6] bound to: 64'b0000000000000000000000000000000000000000000000000000000000000000 
	Parameter ArianeCfg[ExecuteRegionAddrBase][5] bound to: 64'b0000000000000000000000000000000000000000000000000000000000000000 
	Parameter ArianeCfg[ExecuteRegionAddrBase][4] bound to: 64'b0000000000000000000000000000000000000000000000000000000000000000 
	Parameter ArianeCfg[ExecuteRegionAddrBase][3] bound to: 64'b0000000000000000000000000000000000000000000000000000000000000000 
	Parameter ArianeCfg[ExecuteRegionAddrBase][2] bound to: 64'b0000000000000000000000000000000010000000000000000000000000000000 
	Parameter ArianeCfg[ExecuteRegionAddrBase][1] bound to: 64'b0000000000000000000000000000000000000000000000010000000000000000 
	Parameter ArianeCfg[ExecuteRegionAddrBase][0] bound to: 64'b0000000000000000000000000000000000000000000000000000000000000000 
	Parameter ArianeCfg[ExecuteRegionLength][15] bound to: 64'b0000000000000000000000000000000000000000000000000000000000000000 
	Parameter ArianeCfg[ExecuteRegionLength][14] bound to: 64'b0000000000000000000000000000000000000000000000000000000000000000 
	Parameter ArianeCfg[ExecuteRegionLength][13] bound to: 64'b0000000000000000000000000000000000000000000000000000000000000000 
	Parameter ArianeCfg[ExecuteRegionLength][12] bound to: 64'b0000000000000000000000000000000000000000000000000000000000000000 
	Parameter ArianeCfg[ExecuteRegionLength][11] bound to: 64'b0000000000000000000000000000000000000000000000000000000000000000 
	Parameter ArianeCfg[ExecuteRegionLength][10] bound to: 64'b0000000000000000000000000000000000000000000000000000000000000000 
	Parameter ArianeCfg[ExecuteRegionLength][9] bound to: 64'b0000000000000000000000000000000000000000000000000000000000000000 
	Parameter ArianeCfg[ExecuteRegionLength][8] bound to: 64'b0000000000000000000000000000000000000000000000000000000000000000 
	Parameter ArianeCfg[ExecuteRegionLength][7] bound to: 64'b0000000000000000000000000000000000000000000000000000000000000000 
	Parameter ArianeCfg[ExecuteRegionLength][6] bound to: 64'b0000000000000000000000000000000000000000000000000000000000000000 
	Parameter ArianeCfg[ExecuteRegionLength][5] bound to: 64'b0000000000000000000000000000000000000000000000000000000000000000 
	Parameter ArianeCfg[ExecuteRegionLength][4] bound to: 64'b0000000000000000000000000000000000000000000000000000000000000000 
	Parameter ArianeCfg[ExecuteRegionLength][3] bound to: 64'b0000000000000000000000000000000000000000000000000000000000000000 
	Parameter ArianeCfg[ExecuteRegionLength][2] bound to: 64'b0000000000000000000000000000000001000000000000000000000000000000 
	Parameter ArianeCfg[ExecuteRegionLength][1] bound to: 64'b0000000000000000000000000000000000000000000000010000000000000000 
	Parameter ArianeCfg[ExecuteRegionLength][0] bound to: 64'b0000000000000000000000000000000000000000000000000001000000000000 
	Parameter ArianeCfg[NrCachedRegionRules] bound to: 32'b00000000000000000000000000000001 
	Parameter ArianeCfg[CachedRegionAddrBase][15] bound to: 64'b0000000000000000000000000000000000000000000000000000000000000000 
	Parameter ArianeCfg[CachedRegionAddrBase][14] bound to: 64'b0000000000000000000000000000000000000000000000000000000000000000 
	Parameter ArianeCfg[CachedRegionAddrBase][13] bound to: 64'b0000000000000000000000000000000000000000000000000000000000000000 
	Parameter ArianeCfg[CachedRegionAddrBase][12] bound to: 64'b0000000000000000000000000000000000000000000000000000000000000000 
	Parameter ArianeCfg[CachedRegionAddrBase][11] bound to: 64'b0000000000000000000000000000000000000000000000000000000000000000 
	Parameter ArianeCfg[CachedRegionAddrBase][10] bound to: 64'b0000000000000000000000000000000000000000000000000000000000000000 
	Parameter ArianeCfg[CachedRegionAddrBase][9] bound to: 64'b0000000000000000000000000000000000000000000000000000000000000000 
	Parameter ArianeCfg[CachedRegionAddrBase][8] bound to: 64'b0000000000000000000000000000000000000000000000000000000000000000 
	Parameter ArianeCfg[CachedRegionAddrBase][7] bound to: 64'b0000000000000000000000000000000000000000000000000000000000000000 
	Parameter ArianeCfg[CachedRegionAddrBase][6] bound to: 64'b0000000000000000000000000000000000000000000000000000000000000000 
	Parameter ArianeCfg[CachedRegionAddrBase][5] bound to: 64'b0000000000000000000000000000000000000000000000000000000000000000 
	Parameter ArianeCfg[CachedRegionAddrBase][4] bound to: 64'b0000000000000000000000000000000000000000000000000000000000000000 
	Parameter ArianeCfg[CachedRegionAddrBase][3] bound to: 64'b0000000000000000000000000000000000000000000000000000000000000000 
	Parameter ArianeCfg[CachedRegionAddrBase][2] bound to: 64'b0000000000000000000000000000000000000000000000000000000000000000 
	Parameter ArianeCfg[CachedRegionAddrBase][1] bound to: 64'b0000000000000000000000000000000000000000000000000000000000000000 
	Parameter ArianeCfg[CachedRegionAddrBase][0] bound to: 64'b0000000000000000000000000000000010000000000000000000000000000000 
	Parameter ArianeCfg[CachedRegionLength][15] bound to: 64'b0000000000000000000000000000000000000000000000000000000000000000 
	Parameter ArianeCfg[CachedRegionLength][14] bound to: 64'b0000000000000000000000000000000000000000000000000000000000000000 
	Parameter ArianeCfg[CachedRegionLength][13] bound to: 64'b0000000000000000000000000000000000000000000000000000000000000000 
	Parameter ArianeCfg[CachedRegionLength][12] bound to: 64'b0000000000000000000000000000000000000000000000000000000000000000 
	Parameter ArianeCfg[CachedRegionLength][11] bound to: 64'b0000000000000000000000000000000000000000000000000000000000000000 
	Parameter ArianeCfg[CachedRegionLength][10] bound to: 64'b0000000000000000000000000000000000000000000000000000000000000000 
	Parameter ArianeCfg[CachedRegionLength][9] bound to: 64'b0000000000000000000000000000000000000000000000000000000000000000 
	Parameter ArianeCfg[CachedRegionLength][8] bound to: 64'b0000000000000000000000000000000000000000000000000000000000000000 
	Parameter ArianeCfg[CachedRegionLength][7] bound to: 64'b0000000000000000000000000000000000000000000000000000000000000000 
	Parameter ArianeCfg[CachedRegionLength][6] bound to: 64'b0000000000000000000000000000000000000000000000000000000000000000 
	Parameter ArianeCfg[CachedRegionLength][5] bound to: 64'b0000000000000000000000000000000000000000000000000000000000000000 
	Parameter ArianeCfg[CachedRegionLength][4] bound to: 64'b0000000000000000000000000000000000000000000000000000000000000000 
	Parameter ArianeCfg[CachedRegionLength][3] bound to: 64'b0000000000000000000000000000000000000000000000000000000000000000 
	Parameter ArianeCfg[CachedRegionLength][2] bound to: 64'b0000000000000000000000000000000000000000000000000000000000000000 
	Parameter ArianeCfg[CachedRegionLength][1] bound to: 64'b0000000000000000000000000000000000000000000000000000000000000000 
	Parameter ArianeCfg[CachedRegionLength][0] bound to: 64'b0000000000000000000000000000000001000000000000000000000000000000 
	Parameter ArianeCfg[AxiCompliant] bound to: 1'b1 
	Parameter ArianeCfg[SwapEndianess] bound to: 1'b0 
	Parameter ArianeCfg[DmBaseAddress] bound to: 64'b0000000000000000000000000000000000000000000000000000000000000000 
	Parameter ArianeCfg[NrPMPEntries] bound to: 32'b00000000000000000000000000001000 
INFO: [Synth 8-226] default block is never used [/home/jc/tmp/riscv-iommu-demo/cva6/core/fpu_wrap.sv:421]
	Parameter Features[Width] bound to: 32'b00000000000000000000000001000000 
	Parameter Features[EnableVectors] bound to: 1'b0 
	Parameter Features[EnableNanBox] bound to: 1'b1 
	Parameter Features[FpFmtMask] bound to: 5'b11000 
	Parameter Features[IntFmtMask] bound to: 4'b0011 
	Parameter Implementation[PipeRegs][0][0] bound to: 32'b00000000000000000000000000000010 
	Parameter Implementation[PipeRegs][0][1] bound to: 32'b00000000000000000000000000000011 
	Parameter Implementation[PipeRegs][0][2] bound to: 32'b00000000000000000000000000000001 
	Parameter Implementation[PipeRegs][0][3] bound to: 32'b00000000000000000000000000000001 
	Parameter Implementation[PipeRegs][0][4] bound to: 32'b00000000000000000000000000000001 
	Parameter Implementation[PipeRegs][1][0] bound to: 32'b00000000000000000000000000000010 
	Parameter Implementation[PipeRegs][1][1] bound to: 32'b00000000000000000000000000000010 
	Parameter Implementation[PipeRegs][1][2] bound to: 32'b00000000000000000000000000000010 
	Parameter Implementation[PipeRegs][1][3] bound to: 32'b00000000000000000000000000000010 
	Parameter Implementation[PipeRegs][1][4] bound to: 32'b00000000000000000000000000000010 
	Parameter Implementation[PipeRegs][2][0] bound to: 32'b00000000000000000000000000000001 
	Parameter Implementation[PipeRegs][2][1] bound to: 32'b00000000000000000000000000000001 
	Parameter Implementation[PipeRegs][2][2] bound to: 32'b00000000000000000000000000000001 
	Parameter Implementation[PipeRegs][2][3] bound to: 32'b00000000000000000000000000000001 
	Parameter Implementation[PipeRegs][2][4] bound to: 32'b00000000000000000000000000000001 
	Parameter Implementation[PipeRegs][3][0] bound to: 32'b00000000000000000000000000000010 
	Parameter Implementation[PipeRegs][3][1] bound to: 32'b00000000000000000000000000000010 
	Parameter Implementation[PipeRegs][3][2] bound to: 32'b00000000000000000000000000000010 
	Parameter Implementation[PipeRegs][3][3] bound to: 32'b00000000000000000000000000000010 
	Parameter Implementation[PipeRegs][3][4] bound to: 32'b00000000000000000000000000000010 
	Parameter Implementation[UnitTypes][0][0] bound to: 2'b01 
	Parameter Implementation[UnitTypes][0][1] bound to: 2'b01 
	Parameter Implementation[UnitTypes][0][2] bound to: 2'b01 
	Parameter Implementation[UnitTypes][0][3] bound to: 2'b01 
	Parameter Implementation[UnitTypes][0][4] bound to: 2'b01 
	Parameter Implementation[UnitTypes][1][0] bound to: 2'b10 
	Parameter Implementation[UnitTypes][1][1] bound to: 2'b10 
	Parameter Implementation[UnitTypes][1][2] bound to: 2'b10 
	Parameter Implementation[UnitTypes][1][3] bound to: 2'b10 
	Parameter Implementation[UnitTypes][1][4] bound to: 2'b10 
	Parameter Implementation[UnitTypes][2][0] bound to: 2'b01 
	Parameter Implementation[UnitTypes][2][1] bound to: 2'b01 
	Parameter Implementation[UnitTypes][2][2] bound to: 2'b01 
	Parameter Implementation[UnitTypes][2][3] bound to: 2'b01 
	Parameter Implementation[UnitTypes][2][4] bound to: 2'b01 
	Parameter Implementation[UnitTypes][3][0] bound to: 2'b10 
	Parameter Implementation[UnitTypes][3][1] bound to: 2'b10 
	Parameter Implementation[UnitTypes][3][2] bound to: 2'b10 
	Parameter Implementation[UnitTypes][3][3] bound to: 2'b10 
	Parameter Implementation[UnitTypes][3][4] bound to: 2'b10 
	Parameter Implementation[PipeConfig] bound to: 2'b11 
	Parameter OpGroup bound to: 2'b00 
	Parameter Width bound to: 32'b00000000000000000000000001000000 
	Parameter EnableVectors bound to: 1'b0 
	Parameter FpFmtMask bound to: 5'b11000 
	Parameter IntFmtMask bound to: 4'b0011 
	Parameter FmtPipeRegs bound to: 160'b0000000000000000000000000000001000000000000000000000000000000011000000000000000000000000000000010000000000000000000000000000000100000000000000000000000000000001 
	Parameter FmtUnitTypes bound to: 10'b0101010101 
	Parameter PipeConfig bound to: 2'b11 
	Parameter OpGroup bound to: 2'b00 
	Parameter FpFormat bound to: 3'b000 
	Parameter Width bound to: 32'b00000000000000000000000001000000 
	Parameter EnableVectors bound to: 1'b0 
	Parameter NumPipeRegs bound to: 32'b00000000000000000000000000000010 
	Parameter PipeConfig bound to: 2'b11 
	Parameter FpFormat bound to: 3'b000 
	Parameter NumPipeRegs bound to: 32'b00000000000000000000000000000010 
	Parameter PipeConfig bound to: 2'b11 
	Parameter FpFormat bound to: 3'b000 
	Parameter NumOperands bound to: 32'b00000000000000000000000000000011 
	Parameter WIDTH bound to: 32'b00000000000000000000000000110011 
	Parameter MODE bound to: 1'b1 
	Parameter AbsWidth bound to: 32'b00000000000000000000000000011111 
INFO: [Synth 8-226] default block is never used [/home/jc/tmp/riscv-iommu-demo/cva6/vendor/pulp-platform/fpnew/src/fpnew_rounding.sv:45]
	Parameter OpGroup bound to: 2'b00 
	Parameter FpFormat bound to: 3'b001 
	Parameter Width bound to: 32'b00000000000000000000000001000000 
	Parameter EnableVectors bound to: 1'b0 
	Parameter NumPipeRegs bound to: 32'b00000000000000000000000000000011 
	Parameter PipeConfig bound to: 2'b11 
	Parameter FpFormat bound to: 3'b001 
	Parameter NumPipeRegs bound to: 32'b00000000000000000000000000000011 
	Parameter PipeConfig bound to: 2'b11 
	Parameter FpFormat bound to: 3'b001 
	Parameter NumOperands bound to: 32'b00000000000000000000000000000011 
	Parameter WIDTH bound to: 32'b00000000000000000000000001101101 
	Parameter MODE bound to: 1'b1 
	Parameter AbsWidth bound to: 32'b00000000000000000000000000111111 
INFO: [Synth 8-226] default block is never used [/home/jc/tmp/riscv-iommu-demo/cva6/vendor/pulp-platform/fpnew/src/fpnew_rounding.sv:45]
	Parameter NumIn bound to: 32'b00000000000000000000000000000101 
	Parameter AxiVldRdy bound to: 1'b1 
	Parameter WIDTH bound to: 32'b00000000000000000000000000000101 
	Parameter MODE bound to: 1'b0 
	Parameter OpGroup bound to: 2'b01 
	Parameter Width bound to: 32'b00000000000000000000000001000000 
	Parameter EnableVectors bound to: 1'b0 
	Parameter FpFmtMask bound to: 5'b11000 
	Parameter IntFmtMask bound to: 4'b0011 
	Parameter FmtPipeRegs bound to: 160'b0000000000000000000000000000001000000000000000000000000000000010000000000000000000000000000000100000000000000000000000000000001000000000000000000000000000000010 
	Parameter FmtUnitTypes bound to: 10'b1010101010 
	Parameter PipeConfig bound to: 2'b11 
	Parameter OpGroup bound to: 2'b01 
	Parameter Width bound to: 32'b00000000000000000000000001000000 
	Parameter FpFmtConfig bound to: 5'b11000 
	Parameter IntFmtConfig bound to: 4'b0011 
	Parameter EnableVectors bound to: 1'b0 
	Parameter NumPipeRegs bound to: 32'b00000000000000000000000000000010 
	Parameter PipeConfig bound to: 2'b11 
	Parameter FpFmtConfig bound to: 5'b11000 
	Parameter NumPipeRegs bound to: 32'b00000000000000000000000000000010 
	Parameter PipeConfig bound to: 2'b11 
	Parameter WIDTH bound to: 32'b00000000000000000000000000110101 
	Parameter MODE bound to: 1'b1 
	Parameter WIDTH bound to: 58 - type: integer 
	Parameter OpGroup bound to: 2'b10 
	Parameter Width bound to: 32'b00000000000000000000000001000000 
	Parameter EnableVectors bound to: 1'b0 
	Parameter FpFmtMask bound to: 5'b11000 
	Parameter IntFmtMask bound to: 4'b0011 
	Parameter FmtPipeRegs bound to: 160'b0000000000000000000000000000000100000000000000000000000000000001000000000000000000000000000000010000000000000000000000000000000100000000000000000000000000000001 
	Parameter FmtUnitTypes bound to: 10'b0101010101 
	Parameter PipeConfig bound to: 2'b11 
	Parameter OpGroup bound to: 2'b10 
	Parameter FpFormat bound to: 3'b000 
	Parameter Width bound to: 32'b00000000000000000000000001000000 
	Parameter EnableVectors bound to: 1'b0 
	Parameter NumPipeRegs bound to: 32'b00000000000000000000000000000001 
	Parameter PipeConfig bound to: 2'b11 
	Parameter FpFormat bound to: 3'b000 
	Parameter NumPipeRegs bound to: 32'b00000000000000000000000000000001 
	Parameter PipeConfig bound to: 2'b11 
	Parameter FpFormat bound to: 3'b000 
	Parameter NumOperands bound to: 32'b00000000000000000000000000000010 
	Parameter OpGroup bound to: 2'b10 
	Parameter FpFormat bound to: 3'b001 
	Parameter Width bound to: 32'b00000000000000000000000001000000 
	Parameter EnableVectors bound to: 1'b0 
	Parameter NumPipeRegs bound to: 32'b00000000000000000000000000000001 
	Parameter PipeConfig bound to: 2'b11 
	Parameter FpFormat bound to: 3'b001 
	Parameter NumPipeRegs bound to: 32'b00000000000000000000000000000001 
	Parameter PipeConfig bound to: 2'b11 
	Parameter FpFormat bound to: 3'b001 
	Parameter NumOperands bound to: 32'b00000000000000000000000000000010 
	Parameter OpGroup bound to: 2'b11 
	Parameter Width bound to: 32'b00000000000000000000000001000000 
	Parameter EnableVectors bound to: 1'b0 
	Parameter FpFmtMask bound to: 5'b11000 
	Parameter IntFmtMask bound to: 4'b0011 
	Parameter FmtPipeRegs bound to: 160'b0000000000000000000000000000001000000000000000000000000000000010000000000000000000000000000000100000000000000000000000000000001000000000000000000000000000000010 
	Parameter FmtUnitTypes bound to: 10'b1010101010 
	Parameter PipeConfig bound to: 2'b11 
	Parameter OpGroup bound to: 2'b11 
	Parameter Width bound to: 32'b00000000000000000000000001000000 
	Parameter FpFmtConfig bound to: 5'b11000 
	Parameter IntFmtConfig bound to: 4'b0011 
	Parameter EnableVectors bound to: 1'b0 
	Parameter NumPipeRegs bound to: 32'b00000000000000000000000000000010 
	Parameter PipeConfig bound to: 2'b11 
	Parameter FpFmtConfig bound to: 5'b11000 
	Parameter IntFmtConfig bound to: 4'b0011 
	Parameter NumPipeRegs bound to: 32'b00000000000000000000000000000010 
	Parameter PipeConfig bound to: 2'b11 
	Parameter FpFormat bound to: 3'b000 
	Parameter NumOperands bound to: 32'b00000000000000000000000000000001 
	Parameter FpFormat bound to: 3'b001 
	Parameter NumOperands bound to: 32'b00000000000000000000000000000001 
	Parameter WIDTH bound to: 32'b00000000000000000000000001000000 
	Parameter MODE bound to: 1'b1 
	Parameter AbsWidth bound to: 32'b00000000000000000000000001000000 
INFO: [Synth 8-226] default block is never used [/home/jc/tmp/riscv-iommu-demo/cva6/vendor/pulp-platform/fpnew/src/fpnew_rounding.sv:45]
	Parameter NumIn bound to: 32'b00000000000000000000000000000100 
	Parameter AxiVldRdy bound to: 1'b1 
WARNING: [Synth 8-693] zero replication count - replication ignored [/home/jc/tmp/riscv-iommu-demo/cva6/core/branch_unit.sv:91]
WARNING: [Synth 8-693] zero replication count - replication ignored [/home/jc/tmp/riscv-iommu-demo/cva6/core/ex_stage.sv:234]
	Parameter WIDTH bound to: 64 - type: integer 
	Parameter ASID_WIDTH bound to: 32'b00000000000000000000000000010000 
	Parameter VMID_WIDTH bound to: 32'b00000000000000000000000000001110 
	Parameter ArianeCfg[RASDepth] bound to: 32'sb00000000000000000000000000000010 
	Parameter ArianeCfg[BTBEntries] bound to: 32'sb00000000000000000000000000100000 
	Parameter ArianeCfg[BHTEntries] bound to: 32'sb00000000000000000000000010000000 
	Parameter ArianeCfg[NrNonIdempotentRules] bound to: 32'b00000000000000000000000000000001 
	Parameter ArianeCfg[NonIdempotentAddrBase][15] bound to: 64'b0000000000000000000000000000000000000000000000000000000000000000 
	Parameter ArianeCfg[NonIdempotentAddrBase][14] bound to: 64'b0000000000000000000000000000000000000000000000000000000000000000 
	Parameter ArianeCfg[NonIdempotentAddrBase][13] bound to: 64'b0000000000000000000000000000000000000000000000000000000000000000 
	Parameter ArianeCfg[NonIdempotentAddrBase][12] bound to: 64'b0000000000000000000000000000000000000000000000000000000000000000 
	Parameter ArianeCfg[NonIdempotentAddrBase][11] bound to: 64'b0000000000000000000000000000000000000000000000000000000000000000 
	Parameter ArianeCfg[NonIdempotentAddrBase][10] bound to: 64'b0000000000000000000000000000000000000000000000000000000000000000 
	Parameter ArianeCfg[NonIdempotentAddrBase][9] bound to: 64'b0000000000000000000000000000000000000000000000000000000000000000 
	Parameter ArianeCfg[NonIdempotentAddrBase][8] bound to: 64'b0000000000000000000000000000000000000000000000000000000000000000 
	Parameter ArianeCfg[NonIdempotentAddrBase][7] bound to: 64'b0000000000000000000000000000000000000000000000000000000000000000 
	Parameter ArianeCfg[NonIdempotentAddrBase][6] bound to: 64'b0000000000000000000000000000000000000000000000000000000000000000 
	Parameter ArianeCfg[NonIdempotentAddrBase][5] bound to: 64'b0000000000000000000000000000000000000000000000000000000000000000 
	Parameter ArianeCfg[NonIdempotentAddrBase][4] bound to: 64'b0000000000000000000000000000000000000000000000000000000000000000 
	Parameter ArianeCfg[NonIdempotentAddrBase][3] bound to: 64'b0000000000000000000000000000000000000000000000000000000000000000 
	Parameter ArianeCfg[NonIdempotentAddrBase][2] bound to: 64'b0000000000000000000000000000000000000000000000000000000000000000 
	Parameter ArianeCfg[NonIdempotentAddrBase][1] bound to: 64'b0000000000000000000000000000000000000000000000000000000000000000 
	Parameter ArianeCfg[NonIdempotentAddrBase][0] bound to: 64'b0000000000000000000000000000000000000000000000000000000000000000 
	Parameter ArianeCfg[NonIdempotentLength][15] bound to: 64'b0000000000000000000000000000000000000000000000000000000000000000 
	Parameter ArianeCfg[NonIdempotentLength][14] bound to: 64'b0000000000000000000000000000000000000000000000000000000000000000 
	Parameter ArianeCfg[NonIdempotentLength][13] bound to: 64'b0000000000000000000000000000000000000000000000000000000000000000 
	Parameter ArianeCfg[NonIdempotentLength][12] bound to: 64'b0000000000000000000000000000000000000000000000000000000000000000 
	Parameter ArianeCfg[NonIdempotentLength][11] bound to: 64'b0000000000000000000000000000000000000000000000000000000000000000 
	Parameter ArianeCfg[NonIdempotentLength][10] bound to: 64'b0000000000000000000000000000000000000000000000000000000000000000 
	Parameter ArianeCfg[NonIdempotentLength][9] bound to: 64'b0000000000000000000000000000000000000000000000000000000000000000 
	Parameter ArianeCfg[NonIdempotentLength][8] bound to: 64'b0000000000000000000000000000000000000000000000000000000000000000 
	Parameter ArianeCfg[NonIdempotentLength][7] bound to: 64'b0000000000000000000000000000000000000000000000000000000000000000 
	Parameter ArianeCfg[NonIdempotentLength][6] bound to: 64'b0000000000000000000000000000000000000000000000000000000000000000 
	Parameter ArianeCfg[NonIdempotentLength][5] bound to: 64'b0000000000000000000000000000000000000000000000000000000000000000 
	Parameter ArianeCfg[NonIdempotentLength][4] bound to: 64'b0000000000000000000000000000000000000000000000000000000000000000 
	Parameter ArianeCfg[NonIdempotentLength][3] bound to: 64'b0000000000000000000000000000000000000000000000000000000000000000 
	Parameter ArianeCfg[NonIdempotentLength][2] bound to: 64'b0000000000000000000000000000000000000000000000000000000000000000 
	Parameter ArianeCfg[NonIdempotentLength][1] bound to: 64'b0000000000000000000000000000000000000000000000000000000000000000 
	Parameter ArianeCfg[NonIdempotentLength][0] bound to: 64'b0000000000000000000000000000000010000000000000000000000000000000 
	Parameter ArianeCfg[NrExecuteRegionRules] bound to: 32'b00000000000000000000000000000011 
	Parameter ArianeCfg[ExecuteRegionAddrBase][15] bound to: 64'b0000000000000000000000000000000000000000000000000000000000000000 
	Parameter ArianeCfg[ExecuteRegionAddrBase][14] bound to: 64'b0000000000000000000000000000000000000000000000000000000000000000 
	Parameter ArianeCfg[ExecuteRegionAddrBase][13] bound to: 64'b0000000000000000000000000000000000000000000000000000000000000000 
	Parameter ArianeCfg[ExecuteRegionAddrBase][12] bound to: 64'b0000000000000000000000000000000000000000000000000000000000000000 
	Parameter ArianeCfg[ExecuteRegionAddrBase][11] bound to: 64'b0000000000000000000000000000000000000000000000000000000000000000 
	Parameter ArianeCfg[ExecuteRegionAddrBase][10] bound to: 64'b0000000000000000000000000000000000000000000000000000000000000000 
	Parameter ArianeCfg[ExecuteRegionAddrBase][9] bound to: 64'b0000000000000000000000000000000000000000000000000000000000000000 
	Parameter ArianeCfg[ExecuteRegionAddrBase][8] bound to: 64'b0000000000000000000000000000000000000000000000000000000000000000 
	Parameter ArianeCfg[ExecuteRegionAddrBase][7] bound to: 64'b0000000000000000000000000000000000000000000000000000000000000000 
	Parameter ArianeCfg[ExecuteRegionAddrBase][6] bound to: 64'b0000000000000000000000000000000000000000000000000000000000000000 
	Parameter ArianeCfg[ExecuteRegionAddrBase][5] bound to: 64'b0000000000000000000000000000000000000000000000000000000000000000 
	Parameter ArianeCfg[ExecuteRegionAddrBase][4] bound to: 64'b0000000000000000000000000000000000000000000000000000000000000000 
	Parameter ArianeCfg[ExecuteRegionAddrBase][3] bound to: 64'b0000000000000000000000000000000000000000000000000000000000000000 
	Parameter ArianeCfg[ExecuteRegionAddrBase][2] bound to: 64'b0000000000000000000000000000000010000000000000000000000000000000 
	Parameter ArianeCfg[ExecuteRegionAddrBase][1] bound to: 64'b0000000000000000000000000000000000000000000000010000000000000000 
	Parameter ArianeCfg[ExecuteRegionAddrBase][0] bound to: 64'b0000000000000000000000000000000000000000000000000000000000000000 
	Parameter ArianeCfg[ExecuteRegionLength][15] bound to: 64'b0000000000000000000000000000000000000000000000000000000000000000 
	Parameter ArianeCfg[ExecuteRegionLength][14] bound to: 64'b0000000000000000000000000000000000000000000000000000000000000000 
	Parameter ArianeCfg[ExecuteRegionLength][13] bound to: 64'b0000000000000000000000000000000000000000000000000000000000000000 
	Parameter ArianeCfg[ExecuteRegionLength][12] bound to: 64'b0000000000000000000000000000000000000000000000000000000000000000 
	Parameter ArianeCfg[ExecuteRegionLength][11] bound to: 64'b0000000000000000000000000000000000000000000000000000000000000000 
	Parameter ArianeCfg[ExecuteRegionLength][10] bound to: 64'b0000000000000000000000000000000000000000000000000000000000000000 
	Parameter ArianeCfg[ExecuteRegionLength][9] bound to: 64'b0000000000000000000000000000000000000000000000000000000000000000 
	Parameter ArianeCfg[ExecuteRegionLength][8] bound to: 64'b0000000000000000000000000000000000000000000000000000000000000000 
	Parameter ArianeCfg[ExecuteRegionLength][7] bound to: 64'b0000000000000000000000000000000000000000000000000000000000000000 
	Parameter ArianeCfg[ExecuteRegionLength][6] bound to: 64'b0000000000000000000000000000000000000000000000000000000000000000 
	Parameter ArianeCfg[ExecuteRegionLength][5] bound to: 64'b0000000000000000000000000000000000000000000000000000000000000000 
	Parameter ArianeCfg[ExecuteRegionLength][4] bound to: 64'b0000000000000000000000000000000000000000000000000000000000000000 
	Parameter ArianeCfg[ExecuteRegionLength][3] bound to: 64'b0000000000000000000000000000000000000000000000000000000000000000 
	Parameter ArianeCfg[ExecuteRegionLength][2] bound to: 64'b0000000000000000000000000000000001000000000000000000000000000000 
	Parameter ArianeCfg[ExecuteRegionLength][1] bound to: 64'b0000000000000000000000000000000000000000000000010000000000000000 
	Parameter ArianeCfg[ExecuteRegionLength][0] bound to: 64'b0000000000000000000000000000000000000000000000000001000000000000 
	Parameter ArianeCfg[NrCachedRegionRules] bound to: 32'b00000000000000000000000000000001 
	Parameter ArianeCfg[CachedRegionAddrBase][15] bound to: 64'b0000000000000000000000000000000000000000000000000000000000000000 
	Parameter ArianeCfg[CachedRegionAddrBase][14] bound to: 64'b0000000000000000000000000000000000000000000000000000000000000000 
	Parameter ArianeCfg[CachedRegionAddrBase][13] bound to: 64'b0000000000000000000000000000000000000000000000000000000000000000 
	Parameter ArianeCfg[CachedRegionAddrBase][12] bound to: 64'b0000000000000000000000000000000000000000000000000000000000000000 
	Parameter ArianeCfg[CachedRegionAddrBase][11] bound to: 64'b0000000000000000000000000000000000000000000000000000000000000000 
	Parameter ArianeCfg[CachedRegionAddrBase][10] bound to: 64'b0000000000000000000000000000000000000000000000000000000000000000 
	Parameter ArianeCfg[CachedRegionAddrBase][9] bound to: 64'b0000000000000000000000000000000000000000000000000000000000000000 
	Parameter ArianeCfg[CachedRegionAddrBase][8] bound to: 64'b0000000000000000000000000000000000000000000000000000000000000000 
	Parameter ArianeCfg[CachedRegionAddrBase][7] bound to: 64'b0000000000000000000000000000000000000000000000000000000000000000 
	Parameter ArianeCfg[CachedRegionAddrBase][6] bound to: 64'b0000000000000000000000000000000000000000000000000000000000000000 
	Parameter ArianeCfg[CachedRegionAddrBase][5] bound to: 64'b0000000000000000000000000000000000000000000000000000000000000000 
	Parameter ArianeCfg[CachedRegionAddrBase][4] bound to: 64'b0000000000000000000000000000000000000000000000000000000000000000 
	Parameter ArianeCfg[CachedRegionAddrBase][3] bound to: 64'b0000000000000000000000000000000000000000000000000000000000000000 
	Parameter ArianeCfg[CachedRegionAddrBase][2] bound to: 64'b0000000000000000000000000000000000000000000000000000000000000000 
	Parameter ArianeCfg[CachedRegionAddrBase][1] bound to: 64'b0000000000000000000000000000000000000000000000000000000000000000 
	Parameter ArianeCfg[CachedRegionAddrBase][0] bound to: 64'b0000000000000000000000000000000010000000000000000000000000000000 
	Parameter ArianeCfg[CachedRegionLength][15] bound to: 64'b0000000000000000000000000000000000000000000000000000000000000000 
	Parameter ArianeCfg[CachedRegionLength][14] bound to: 64'b0000000000000000000000000000000000000000000000000000000000000000 
	Parameter ArianeCfg[CachedRegionLength][13] bound to: 64'b0000000000000000000000000000000000000000000000000000000000000000 
	Parameter ArianeCfg[CachedRegionLength][12] bound to: 64'b0000000000000000000000000000000000000000000000000000000000000000 
	Parameter ArianeCfg[CachedRegionLength][11] bound to: 64'b0000000000000000000000000000000000000000000000000000000000000000 
	Parameter ArianeCfg[CachedRegionLength][10] bound to: 64'b0000000000000000000000000000000000000000000000000000000000000000 
	Parameter ArianeCfg[CachedRegionLength][9] bound to: 64'b0000000000000000000000000000000000000000000000000000000000000000 
	Parameter ArianeCfg[CachedRegionLength][8] bound to: 64'b0000000000000000000000000000000000000000000000000000000000000000 
	Parameter ArianeCfg[CachedRegionLength][7] bound to: 64'b0000000000000000000000000000000000000000000000000000000000000000 
	Parameter ArianeCfg[CachedRegionLength][6] bound to: 64'b0000000000000000000000000000000000000000000000000000000000000000 
	Parameter ArianeCfg[CachedRegionLength][5] bound to: 64'b0000000000000000000000000000000000000000000000000000000000000000 
	Parameter ArianeCfg[CachedRegionLength][4] bound to: 64'b0000000000000000000000000000000000000000000000000000000000000000 
	Parameter ArianeCfg[CachedRegionLength][3] bound to: 64'b0000000000000000000000000000000000000000000000000000000000000000 
	Parameter ArianeCfg[CachedRegionLength][2] bound to: 64'b0000000000000000000000000000000000000000000000000000000000000000 
	Parameter ArianeCfg[CachedRegionLength][1] bound to: 64'b0000000000000000000000000000000000000000000000000000000000000000 
	Parameter ArianeCfg[CachedRegionLength][0] bound to: 64'b0000000000000000000000000000000001000000000000000000000000000000 
	Parameter ArianeCfg[AxiCompliant] bound to: 1'b1 
	Parameter ArianeCfg[SwapEndianess] bound to: 1'b0 
	Parameter ArianeCfg[DmBaseAddress] bound to: 64'b0000000000000000000000000000000000000000000000000000000000000000 
	Parameter ArianeCfg[NrPMPEntries] bound to: 32'b00000000000000000000000000001000 
	Parameter INSTR_TLB_ENTRIES bound to: 32'b00000000000000000000000000010000 
	Parameter DATA_TLB_ENTRIES bound to: 32'b00000000000000000000000000010000 
	Parameter ASID_WIDTH bound to: 32'b00000000000000000000000000010000 
	Parameter VMID_WIDTH bound to: 32'b00000000000000000000000000001110 
	Parameter ArianeCfg[RASDepth] bound to: 32'sb00000000000000000000000000000010 
	Parameter ArianeCfg[BTBEntries] bound to: 32'sb00000000000000000000000000100000 
	Parameter ArianeCfg[BHTEntries] bound to: 32'sb00000000000000000000000010000000 
	Parameter ArianeCfg[NrNonIdempotentRules] bound to: 32'b00000000000000000000000000000001 
	Parameter ArianeCfg[NonIdempotentAddrBase][15] bound to: 64'b0000000000000000000000000000000000000000000000000000000000000000 
	Parameter ArianeCfg[NonIdempotentAddrBase][14] bound to: 64'b0000000000000000000000000000000000000000000000000000000000000000 
	Parameter ArianeCfg[NonIdempotentAddrBase][13] bound to: 64'b0000000000000000000000000000000000000000000000000000000000000000 
	Parameter ArianeCfg[NonIdempotentAddrBase][12] bound to: 64'b0000000000000000000000000000000000000000000000000000000000000000 
	Parameter ArianeCfg[NonIdempotentAddrBase][11] bound to: 64'b0000000000000000000000000000000000000000000000000000000000000000 
	Parameter ArianeCfg[NonIdempotentAddrBase][10] bound to: 64'b0000000000000000000000000000000000000000000000000000000000000000 
	Parameter ArianeCfg[NonIdempotentAddrBase][9] bound to: 64'b0000000000000000000000000000000000000000000000000000000000000000 
	Parameter ArianeCfg[NonIdempotentAddrBase][8] bound to: 64'b0000000000000000000000000000000000000000000000000000000000000000 
	Parameter ArianeCfg[NonIdempotentAddrBase][7] bound to: 64'b0000000000000000000000000000000000000000000000000000000000000000 
	Parameter ArianeCfg[NonIdempotentAddrBase][6] bound to: 64'b0000000000000000000000000000000000000000000000000000000000000000 
	Parameter ArianeCfg[NonIdempotentAddrBase][5] bound to: 64'b0000000000000000000000000000000000000000000000000000000000000000 
	Parameter ArianeCfg[NonIdempotentAddrBase][4] bound to: 64'b0000000000000000000000000000000000000000000000000000000000000000 
	Parameter ArianeCfg[NonIdempotentAddrBase][3] bound to: 64'b0000000000000000000000000000000000000000000000000000000000000000 
	Parameter ArianeCfg[NonIdempotentAddrBase][2] bound to: 64'b0000000000000000000000000000000000000000000000000000000000000000 
	Parameter ArianeCfg[NonIdempotentAddrBase][1] bound to: 64'b0000000000000000000000000000000000000000000000000000000000000000 
	Parameter ArianeCfg[NonIdempotentAddrBase][0] bound to: 64'b0000000000000000000000000000000000000000000000000000000000000000 
	Parameter ArianeCfg[NonIdempotentLength][15] bound to: 64'b0000000000000000000000000000000000000000000000000000000000000000 
	Parameter ArianeCfg[NonIdempotentLength][14] bound to: 64'b0000000000000000000000000000000000000000000000000000000000000000 
	Parameter ArianeCfg[NonIdempotentLength][13] bound to: 64'b0000000000000000000000000000000000000000000000000000000000000000 
	Parameter ArianeCfg[NonIdempotentLength][12] bound to: 64'b0000000000000000000000000000000000000000000000000000000000000000 
	Parameter ArianeCfg[NonIdempotentLength][11] bound to: 64'b0000000000000000000000000000000000000000000000000000000000000000 
	Parameter ArianeCfg[NonIdempotentLength][10] bound to: 64'b0000000000000000000000000000000000000000000000000000000000000000 
	Parameter ArianeCfg[NonIdempotentLength][9] bound to: 64'b0000000000000000000000000000000000000000000000000000000000000000 
	Parameter ArianeCfg[NonIdempotentLength][8] bound to: 64'b0000000000000000000000000000000000000000000000000000000000000000 
	Parameter ArianeCfg[NonIdempotentLength][7] bound to: 64'b0000000000000000000000000000000000000000000000000000000000000000 
	Parameter ArianeCfg[NonIdempotentLength][6] bound to: 64'b0000000000000000000000000000000000000000000000000000000000000000 
	Parameter ArianeCfg[NonIdempotentLength][5] bound to: 64'b0000000000000000000000000000000000000000000000000000000000000000 
	Parameter ArianeCfg[NonIdempotentLength][4] bound to: 64'b0000000000000000000000000000000000000000000000000000000000000000 
	Parameter ArianeCfg[NonIdempotentLength][3] bound to: 64'b0000000000000000000000000000000000000000000000000000000000000000 
	Parameter ArianeCfg[NonIdempotentLength][2] bound to: 64'b0000000000000000000000000000000000000000000000000000000000000000 
	Parameter ArianeCfg[NonIdempotentLength][1] bound to: 64'b0000000000000000000000000000000000000000000000000000000000000000 
	Parameter ArianeCfg[NonIdempotentLength][0] bound to: 64'b0000000000000000000000000000000010000000000000000000000000000000 
	Parameter ArianeCfg[NrExecuteRegionRules] bound to: 32'b00000000000000000000000000000011 
	Parameter ArianeCfg[ExecuteRegionAddrBase][15] bound to: 64'b0000000000000000000000000000000000000000000000000000000000000000 
	Parameter ArianeCfg[ExecuteRegionAddrBase][14] bound to: 64'b0000000000000000000000000000000000000000000000000000000000000000 
	Parameter ArianeCfg[ExecuteRegionAddrBase][13] bound to: 64'b0000000000000000000000000000000000000000000000000000000000000000 
	Parameter ArianeCfg[ExecuteRegionAddrBase][12] bound to: 64'b0000000000000000000000000000000000000000000000000000000000000000 
	Parameter ArianeCfg[ExecuteRegionAddrBase][11] bound to: 64'b0000000000000000000000000000000000000000000000000000000000000000 
	Parameter ArianeCfg[ExecuteRegionAddrBase][10] bound to: 64'b0000000000000000000000000000000000000000000000000000000000000000 
	Parameter ArianeCfg[ExecuteRegionAddrBase][9] bound to: 64'b0000000000000000000000000000000000000000000000000000000000000000 
	Parameter ArianeCfg[ExecuteRegionAddrBase][8] bound to: 64'b0000000000000000000000000000000000000000000000000000000000000000 
	Parameter ArianeCfg[ExecuteRegionAddrBase][7] bound to: 64'b0000000000000000000000000000000000000000000000000000000000000000 
	Parameter ArianeCfg[ExecuteRegionAddrBase][6] bound to: 64'b0000000000000000000000000000000000000000000000000000000000000000 
	Parameter ArianeCfg[ExecuteRegionAddrBase][5] bound to: 64'b0000000000000000000000000000000000000000000000000000000000000000 
	Parameter ArianeCfg[ExecuteRegionAddrBase][4] bound to: 64'b0000000000000000000000000000000000000000000000000000000000000000 
	Parameter ArianeCfg[ExecuteRegionAddrBase][3] bound to: 64'b0000000000000000000000000000000000000000000000000000000000000000 
	Parameter ArianeCfg[ExecuteRegionAddrBase][2] bound to: 64'b0000000000000000000000000000000010000000000000000000000000000000 
	Parameter ArianeCfg[ExecuteRegionAddrBase][1] bound to: 64'b0000000000000000000000000000000000000000000000010000000000000000 
	Parameter ArianeCfg[ExecuteRegionAddrBase][0] bound to: 64'b0000000000000000000000000000000000000000000000000000000000000000 
	Parameter ArianeCfg[ExecuteRegionLength][15] bound to: 64'b0000000000000000000000000000000000000000000000000000000000000000 
	Parameter ArianeCfg[ExecuteRegionLength][14] bound to: 64'b0000000000000000000000000000000000000000000000000000000000000000 
	Parameter ArianeCfg[ExecuteRegionLength][13] bound to: 64'b0000000000000000000000000000000000000000000000000000000000000000 
	Parameter ArianeCfg[ExecuteRegionLength][12] bound to: 64'b0000000000000000000000000000000000000000000000000000000000000000 
	Parameter ArianeCfg[ExecuteRegionLength][11] bound to: 64'b0000000000000000000000000000000000000000000000000000000000000000 
	Parameter ArianeCfg[ExecuteRegionLength][10] bound to: 64'b0000000000000000000000000000000000000000000000000000000000000000 
	Parameter ArianeCfg[ExecuteRegionLength][9] bound to: 64'b0000000000000000000000000000000000000000000000000000000000000000 
	Parameter ArianeCfg[ExecuteRegionLength][8] bound to: 64'b0000000000000000000000000000000000000000000000000000000000000000 
	Parameter ArianeCfg[ExecuteRegionLength][7] bound to: 64'b0000000000000000000000000000000000000000000000000000000000000000 
	Parameter ArianeCfg[ExecuteRegionLength][6] bound to: 64'b0000000000000000000000000000000000000000000000000000000000000000 
	Parameter ArianeCfg[ExecuteRegionLength][5] bound to: 64'b0000000000000000000000000000000000000000000000000000000000000000 
	Parameter ArianeCfg[ExecuteRegionLength][4] bound to: 64'b0000000000000000000000000000000000000000000000000000000000000000 
	Parameter ArianeCfg[ExecuteRegionLength][3] bound to: 64'b0000000000000000000000000000000000000000000000000000000000000000 
	Parameter ArianeCfg[ExecuteRegionLength][2] bound to: 64'b0000000000000000000000000000000001000000000000000000000000000000 
	Parameter ArianeCfg[ExecuteRegionLength][1] bound to: 64'b0000000000000000000000000000000000000000000000010000000000000000 
	Parameter ArianeCfg[ExecuteRegionLength][0] bound to: 64'b0000000000000000000000000000000000000000000000000001000000000000 
	Parameter ArianeCfg[NrCachedRegionRules] bound to: 32'b00000000000000000000000000000001 
	Parameter ArianeCfg[CachedRegionAddrBase][15] bound to: 64'b0000000000000000000000000000000000000000000000000000000000000000 
	Parameter ArianeCfg[CachedRegionAddrBase][14] bound to: 64'b0000000000000000000000000000000000000000000000000000000000000000 
	Parameter ArianeCfg[CachedRegionAddrBase][13] bound to: 64'b0000000000000000000000000000000000000000000000000000000000000000 
	Parameter ArianeCfg[CachedRegionAddrBase][12] bound to: 64'b0000000000000000000000000000000000000000000000000000000000000000 
	Parameter ArianeCfg[CachedRegionAddrBase][11] bound to: 64'b0000000000000000000000000000000000000000000000000000000000000000 
	Parameter ArianeCfg[CachedRegionAddrBase][10] bound to: 64'b0000000000000000000000000000000000000000000000000000000000000000 
	Parameter ArianeCfg[CachedRegionAddrBase][9] bound to: 64'b0000000000000000000000000000000000000000000000000000000000000000 
	Parameter ArianeCfg[CachedRegionAddrBase][8] bound to: 64'b0000000000000000000000000000000000000000000000000000000000000000 
	Parameter ArianeCfg[CachedRegionAddrBase][7] bound to: 64'b0000000000000000000000000000000000000000000000000000000000000000 
	Parameter ArianeCfg[CachedRegionAddrBase][6] bound to: 64'b0000000000000000000000000000000000000000000000000000000000000000 
	Parameter ArianeCfg[CachedRegionAddrBase][5] bound to: 64'b0000000000000000000000000000000000000000000000000000000000000000 
	Parameter ArianeCfg[CachedRegionAddrBase][4] bound to: 64'b0000000000000000000000000000000000000000000000000000000000000000 
	Parameter ArianeCfg[CachedRegionAddrBase][3] bound to: 64'b0000000000000000000000000000000000000000000000000000000000000000 
	Parameter ArianeCfg[CachedRegionAddrBase][2] bound to: 64'b0000000000000000000000000000000000000000000000000000000000000000 
	Parameter ArianeCfg[CachedRegionAddrBase][1] bound to: 64'b0000000000000000000000000000000000000000000000000000000000000000 
	Parameter ArianeCfg[CachedRegionAddrBase][0] bound to: 64'b0000000000000000000000000000000010000000000000000000000000000000 
	Parameter ArianeCfg[CachedRegionLength][15] bound to: 64'b0000000000000000000000000000000000000000000000000000000000000000 
	Parameter ArianeCfg[CachedRegionLength][14] bound to: 64'b0000000000000000000000000000000000000000000000000000000000000000 
	Parameter ArianeCfg[CachedRegionLength][13] bound to: 64'b0000000000000000000000000000000000000000000000000000000000000000 
	Parameter ArianeCfg[CachedRegionLength][12] bound to: 64'b0000000000000000000000000000000000000000000000000000000000000000 
	Parameter ArianeCfg[CachedRegionLength][11] bound to: 64'b0000000000000000000000000000000000000000000000000000000000000000 
	Parameter ArianeCfg[CachedRegionLength][10] bound to: 64'b0000000000000000000000000000000000000000000000000000000000000000 
	Parameter ArianeCfg[CachedRegionLength][9] bound to: 64'b0000000000000000000000000000000000000000000000000000000000000000 
	Parameter ArianeCfg[CachedRegionLength][8] bound to: 64'b0000000000000000000000000000000000000000000000000000000000000000 
	Parameter ArianeCfg[CachedRegionLength][7] bound to: 64'b0000000000000000000000000000000000000000000000000000000000000000 
	Parameter ArianeCfg[CachedRegionLength][6] bound to: 64'b0000000000000000000000000000000000000000000000000000000000000000 
	Parameter ArianeCfg[CachedRegionLength][5] bound to: 64'b0000000000000000000000000000000000000000000000000000000000000000 
	Parameter ArianeCfg[CachedRegionLength][4] bound to: 64'b0000000000000000000000000000000000000000000000000000000000000000 
	Parameter ArianeCfg[CachedRegionLength][3] bound to: 64'b0000000000000000000000000000000000000000000000000000000000000000 
	Parameter ArianeCfg[CachedRegionLength][2] bound to: 64'b0000000000000000000000000000000000000000000000000000000000000000 
	Parameter ArianeCfg[CachedRegionLength][1] bound to: 64'b0000000000000000000000000000000000000000000000000000000000000000 
	Parameter ArianeCfg[CachedRegionLength][0] bound to: 64'b0000000000000000000000000000000001000000000000000000000000000000 
	Parameter ArianeCfg[AxiCompliant] bound to: 1'b1 
	Parameter ArianeCfg[SwapEndianess] bound to: 1'b0 
	Parameter ArianeCfg[DmBaseAddress] bound to: 64'b0000000000000000000000000000000000000000000000000000000000000000 
	Parameter ArianeCfg[NrPMPEntries] bound to: 32'b00000000000000000000000000001000 
	Parameter TLB_ENTRIES bound to: 32'b00000000000000000000000000010000 
	Parameter ASID_WIDTH bound to: 32'b00000000000000000000000000010000 
	Parameter VMID_WIDTH bound to: 32'b00000000000000000000000000001110 
	Parameter ASID_WIDTH bound to: 32'sb00000000000000000000000000010000 
	Parameter VMID_WIDTH bound to: 32'sb00000000000000000000000000001110 
	Parameter ArianeCfg[RASDepth] bound to: 32'sb00000000000000000000000000000010 
	Parameter ArianeCfg[BTBEntries] bound to: 32'sb00000000000000000000000000100000 
	Parameter ArianeCfg[BHTEntries] bound to: 32'sb00000000000000000000000010000000 
	Parameter ArianeCfg[NrNonIdempotentRules] bound to: 32'b00000000000000000000000000000001 
	Parameter ArianeCfg[NonIdempotentAddrBase][15] bound to: 64'b0000000000000000000000000000000000000000000000000000000000000000 
	Parameter ArianeCfg[NonIdempotentAddrBase][14] bound to: 64'b0000000000000000000000000000000000000000000000000000000000000000 
	Parameter ArianeCfg[NonIdempotentAddrBase][13] bound to: 64'b0000000000000000000000000000000000000000000000000000000000000000 
	Parameter ArianeCfg[NonIdempotentAddrBase][12] bound to: 64'b0000000000000000000000000000000000000000000000000000000000000000 
	Parameter ArianeCfg[NonIdempotentAddrBase][11] bound to: 64'b0000000000000000000000000000000000000000000000000000000000000000 
	Parameter ArianeCfg[NonIdempotentAddrBase][10] bound to: 64'b0000000000000000000000000000000000000000000000000000000000000000 
	Parameter ArianeCfg[NonIdempotentAddrBase][9] bound to: 64'b0000000000000000000000000000000000000000000000000000000000000000 
	Parameter ArianeCfg[NonIdempotentAddrBase][8] bound to: 64'b0000000000000000000000000000000000000000000000000000000000000000 
	Parameter ArianeCfg[NonIdempotentAddrBase][7] bound to: 64'b0000000000000000000000000000000000000000000000000000000000000000 
	Parameter ArianeCfg[NonIdempotentAddrBase][6] bound to: 64'b0000000000000000000000000000000000000000000000000000000000000000 
	Parameter ArianeCfg[NonIdempotentAddrBase][5] bound to: 64'b0000000000000000000000000000000000000000000000000000000000000000 
	Parameter ArianeCfg[NonIdempotentAddrBase][4] bound to: 64'b0000000000000000000000000000000000000000000000000000000000000000 
	Parameter ArianeCfg[NonIdempotentAddrBase][3] bound to: 64'b0000000000000000000000000000000000000000000000000000000000000000 
	Parameter ArianeCfg[NonIdempotentAddrBase][2] bound to: 64'b0000000000000000000000000000000000000000000000000000000000000000 
	Parameter ArianeCfg[NonIdempotentAddrBase][1] bound to: 64'b0000000000000000000000000000000000000000000000000000000000000000 
	Parameter ArianeCfg[NonIdempotentAddrBase][0] bound to: 64'b0000000000000000000000000000000000000000000000000000000000000000 
	Parameter ArianeCfg[NonIdempotentLength][15] bound to: 64'b0000000000000000000000000000000000000000000000000000000000000000 
	Parameter ArianeCfg[NonIdempotentLength][14] bound to: 64'b0000000000000000000000000000000000000000000000000000000000000000 
	Parameter ArianeCfg[NonIdempotentLength][13] bound to: 64'b0000000000000000000000000000000000000000000000000000000000000000 
	Parameter ArianeCfg[NonIdempotentLength][12] bound to: 64'b0000000000000000000000000000000000000000000000000000000000000000 
	Parameter ArianeCfg[NonIdempotentLength][11] bound to: 64'b0000000000000000000000000000000000000000000000000000000000000000 
	Parameter ArianeCfg[NonIdempotentLength][10] bound to: 64'b0000000000000000000000000000000000000000000000000000000000000000 
	Parameter ArianeCfg[NonIdempotentLength][9] bound to: 64'b0000000000000000000000000000000000000000000000000000000000000000 
	Parameter ArianeCfg[NonIdempotentLength][8] bound to: 64'b0000000000000000000000000000000000000000000000000000000000000000 
	Parameter ArianeCfg[NonIdempotentLength][7] bound to: 64'b0000000000000000000000000000000000000000000000000000000000000000 
	Parameter ArianeCfg[NonIdempotentLength][6] bound to: 64'b0000000000000000000000000000000000000000000000000000000000000000 
	Parameter ArianeCfg[NonIdempotentLength][5] bound to: 64'b0000000000000000000000000000000000000000000000000000000000000000 
	Parameter ArianeCfg[NonIdempotentLength][4] bound to: 64'b0000000000000000000000000000000000000000000000000000000000000000 
	Parameter ArianeCfg[NonIdempotentLength][3] bound to: 64'b0000000000000000000000000000000000000000000000000000000000000000 
	Parameter ArianeCfg[NonIdempotentLength][2] bound to: 64'b0000000000000000000000000000000000000000000000000000000000000000 
	Parameter ArianeCfg[NonIdempotentLength][1] bound to: 64'b0000000000000000000000000000000000000000000000000000000000000000 
	Parameter ArianeCfg[NonIdempotentLength][0] bound to: 64'b0000000000000000000000000000000010000000000000000000000000000000 
	Parameter ArianeCfg[NrExecuteRegionRules] bound to: 32'b00000000000000000000000000000011 
	Parameter ArianeCfg[ExecuteRegionAddrBase][15] bound to: 64'b0000000000000000000000000000000000000000000000000000000000000000 
	Parameter ArianeCfg[ExecuteRegionAddrBase][14] bound to: 64'b0000000000000000000000000000000000000000000000000000000000000000 
	Parameter ArianeCfg[ExecuteRegionAddrBase][13] bound to: 64'b0000000000000000000000000000000000000000000000000000000000000000 
	Parameter ArianeCfg[ExecuteRegionAddrBase][12] bound to: 64'b0000000000000000000000000000000000000000000000000000000000000000 
	Parameter ArianeCfg[ExecuteRegionAddrBase][11] bound to: 64'b0000000000000000000000000000000000000000000000000000000000000000 
	Parameter ArianeCfg[ExecuteRegionAddrBase][10] bound to: 64'b0000000000000000000000000000000000000000000000000000000000000000 
	Parameter ArianeCfg[ExecuteRegionAddrBase][9] bound to: 64'b0000000000000000000000000000000000000000000000000000000000000000 
	Parameter ArianeCfg[ExecuteRegionAddrBase][8] bound to: 64'b0000000000000000000000000000000000000000000000000000000000000000 
	Parameter ArianeCfg[ExecuteRegionAddrBase][7] bound to: 64'b0000000000000000000000000000000000000000000000000000000000000000 
	Parameter ArianeCfg[ExecuteRegionAddrBase][6] bound to: 64'b0000000000000000000000000000000000000000000000000000000000000000 
	Parameter ArianeCfg[ExecuteRegionAddrBase][5] bound to: 64'b0000000000000000000000000000000000000000000000000000000000000000 
	Parameter ArianeCfg[ExecuteRegionAddrBase][4] bound to: 64'b0000000000000000000000000000000000000000000000000000000000000000 
	Parameter ArianeCfg[ExecuteRegionAddrBase][3] bound to: 64'b0000000000000000000000000000000000000000000000000000000000000000 
	Parameter ArianeCfg[ExecuteRegionAddrBase][2] bound to: 64'b0000000000000000000000000000000010000000000000000000000000000000 
	Parameter ArianeCfg[ExecuteRegionAddrBase][1] bound to: 64'b0000000000000000000000000000000000000000000000010000000000000000 
	Parameter ArianeCfg[ExecuteRegionAddrBase][0] bound to: 64'b0000000000000000000000000000000000000000000000000000000000000000 
	Parameter ArianeCfg[ExecuteRegionLength][15] bound to: 64'b0000000000000000000000000000000000000000000000000000000000000000 
	Parameter ArianeCfg[ExecuteRegionLength][14] bound to: 64'b0000000000000000000000000000000000000000000000000000000000000000 
	Parameter ArianeCfg[ExecuteRegionLength][13] bound to: 64'b0000000000000000000000000000000000000000000000000000000000000000 
	Parameter ArianeCfg[ExecuteRegionLength][12] bound to: 64'b0000000000000000000000000000000000000000000000000000000000000000 
	Parameter ArianeCfg[ExecuteRegionLength][11] bound to: 64'b0000000000000000000000000000000000000000000000000000000000000000 
	Parameter ArianeCfg[ExecuteRegionLength][10] bound to: 64'b0000000000000000000000000000000000000000000000000000000000000000 
	Parameter ArianeCfg[ExecuteRegionLength][9] bound to: 64'b0000000000000000000000000000000000000000000000000000000000000000 
	Parameter ArianeCfg[ExecuteRegionLength][8] bound to: 64'b0000000000000000000000000000000000000000000000000000000000000000 
	Parameter ArianeCfg[ExecuteRegionLength][7] bound to: 64'b0000000000000000000000000000000000000000000000000000000000000000 
	Parameter ArianeCfg[ExecuteRegionLength][6] bound to: 64'b0000000000000000000000000000000000000000000000000000000000000000 
	Parameter ArianeCfg[ExecuteRegionLength][5] bound to: 64'b0000000000000000000000000000000000000000000000000000000000000000 
	Parameter ArianeCfg[ExecuteRegionLength][4] bound to: 64'b0000000000000000000000000000000000000000000000000000000000000000 
	Parameter ArianeCfg[ExecuteRegionLength][3] bound to: 64'b0000000000000000000000000000000000000000000000000000000000000000 
	Parameter ArianeCfg[ExecuteRegionLength][2] bound to: 64'b0000000000000000000000000000000001000000000000000000000000000000 
	Parameter ArianeCfg[ExecuteRegionLength][1] bound to: 64'b0000000000000000000000000000000000000000000000010000000000000000 
	Parameter ArianeCfg[ExecuteRegionLength][0] bound to: 64'b0000000000000000000000000000000000000000000000000001000000000000 
	Parameter ArianeCfg[NrCachedRegionRules] bound to: 32'b00000000000000000000000000000001 
	Parameter ArianeCfg[CachedRegionAddrBase][15] bound to: 64'b0000000000000000000000000000000000000000000000000000000000000000 
	Parameter ArianeCfg[CachedRegionAddrBase][14] bound to: 64'b0000000000000000000000000000000000000000000000000000000000000000 
	Parameter ArianeCfg[CachedRegionAddrBase][13] bound to: 64'b0000000000000000000000000000000000000000000000000000000000000000 
	Parameter ArianeCfg[CachedRegionAddrBase][12] bound to: 64'b0000000000000000000000000000000000000000000000000000000000000000 
	Parameter ArianeCfg[CachedRegionAddrBase][11] bound to: 64'b0000000000000000000000000000000000000000000000000000000000000000 
	Parameter ArianeCfg[CachedRegionAddrBase][10] bound to: 64'b0000000000000000000000000000000000000000000000000000000000000000 
	Parameter ArianeCfg[CachedRegionAddrBase][9] bound to: 64'b0000000000000000000000000000000000000000000000000000000000000000 
	Parameter ArianeCfg[CachedRegionAddrBase][8] bound to: 64'b0000000000000000000000000000000000000000000000000000000000000000 
	Parameter ArianeCfg[CachedRegionAddrBase][7] bound to: 64'b0000000000000000000000000000000000000000000000000000000000000000 
	Parameter ArianeCfg[CachedRegionAddrBase][6] bound to: 64'b0000000000000000000000000000000000000000000000000000000000000000 
	Parameter ArianeCfg[CachedRegionAddrBase][5] bound to: 64'b0000000000000000000000000000000000000000000000000000000000000000 
	Parameter ArianeCfg[CachedRegionAddrBase][4] bound to: 64'b0000000000000000000000000000000000000000000000000000000000000000 
	Parameter ArianeCfg[CachedRegionAddrBase][3] bound to: 64'b0000000000000000000000000000000000000000000000000000000000000000 
	Parameter ArianeCfg[CachedRegionAddrBase][2] bound to: 64'b0000000000000000000000000000000000000000000000000000000000000000 
	Parameter ArianeCfg[CachedRegionAddrBase][1] bound to: 64'b0000000000000000000000000000000000000000000000000000000000000000 
	Parameter ArianeCfg[CachedRegionAddrBase][0] bound to: 64'b0000000000000000000000000000000010000000000000000000000000000000 
	Parameter ArianeCfg[CachedRegionLength][15] bound to: 64'b0000000000000000000000000000000000000000000000000000000000000000 
	Parameter ArianeCfg[CachedRegionLength][14] bound to: 64'b0000000000000000000000000000000000000000000000000000000000000000 
	Parameter ArianeCfg[CachedRegionLength][13] bound to: 64'b0000000000000000000000000000000000000000000000000000000000000000 
	Parameter ArianeCfg[CachedRegionLength][12] bound to: 64'b0000000000000000000000000000000000000000000000000000000000000000 
	Parameter ArianeCfg[CachedRegionLength][11] bound to: 64'b0000000000000000000000000000000000000000000000000000000000000000 
	Parameter ArianeCfg[CachedRegionLength][10] bound to: 64'b0000000000000000000000000000000000000000000000000000000000000000 
	Parameter ArianeCfg[CachedRegionLength][9] bound to: 64'b0000000000000000000000000000000000000000000000000000000000000000 
	Parameter ArianeCfg[CachedRegionLength][8] bound to: 64'b0000000000000000000000000000000000000000000000000000000000000000 
	Parameter ArianeCfg[CachedRegionLength][7] bound to: 64'b0000000000000000000000000000000000000000000000000000000000000000 
	Parameter ArianeCfg[CachedRegionLength][6] bound to: 64'b0000000000000000000000000000000000000000000000000000000000000000 
	Parameter ArianeCfg[CachedRegionLength][5] bound to: 64'b0000000000000000000000000000000000000000000000000000000000000000 
	Parameter ArianeCfg[CachedRegionLength][4] bound to: 64'b0000000000000000000000000000000000000000000000000000000000000000 
	Parameter ArianeCfg[CachedRegionLength][3] bound to: 64'b0000000000000000000000000000000000000000000000000000000000000000 
	Parameter ArianeCfg[CachedRegionLength][2] bound to: 64'b0000000000000000000000000000000000000000000000000000000000000000 
	Parameter ArianeCfg[CachedRegionLength][1] bound to: 64'b0000000000000000000000000000000000000000000000000000000000000000 
	Parameter ArianeCfg[CachedRegionLength][0] bound to: 64'b0000000000000000000000000000000001000000000000000000000000000000 
	Parameter ArianeCfg[AxiCompliant] bound to: 1'b1 
	Parameter ArianeCfg[SwapEndianess] bound to: 1'b0 
	Parameter ArianeCfg[DmBaseAddress] bound to: 64'b0000000000000000000000000000000000000000000000000000000000000000 
	Parameter ArianeCfg[NrPMPEntries] bound to: 32'b00000000000000000000000000001000 
WARNING: [Synth 8-693] zero replication count - replication ignored [/home/jc/tmp/riscv-iommu-demo/cva6/core/mmu_sv39x4/cva6_ptw_sv39x4.sv:155]
WARNING: [Synth 8-693] zero replication count - replication ignored [/home/jc/tmp/riscv-iommu-demo/cva6/core/mmu_sv39x4/cva6_ptw_sv39x4.sv:156]
	Parameter PLEN bound to: 32'b00000000000000000000000000111000 
	Parameter PMP_LEN bound to: 32'b00000000000000000000000000110110 
	Parameter NR_ENTRIES bound to: 32'b00000000000000000000000000001000 
	Parameter PLEN bound to: 32'b00000000000000000000000000111000 
	Parameter PMP_LEN bound to: 32'b00000000000000000000000000110110 
	Parameter WIDTH bound to: 32'b00000000000000000000000000111000 
	Parameter MODE bound to: 1'b0 
INFO: [Synth 8-226] default block is never used [/home/jc/tmp/riscv-iommu-demo/cva6/core/pmp/src/pmp_entry.sv:40]
INFO: [Synth 8-155] case statement is not full and has no default [/home/jc/tmp/riscv-iommu-demo/cva6/core/mmu_sv39x4/cva6_ptw_sv39x4.sv:483]
WARNING: [Synth 8-693] zero replication count - replication ignored [/home/jc/tmp/riscv-iommu-demo/cva6/core/mmu_sv39x4/cva6_mmu_sv39x4.sv:286]
WARNING: [Synth 8-693] zero replication count - replication ignored [/home/jc/tmp/riscv-iommu-demo/cva6/core/mmu_sv39x4/cva6_mmu_sv39x4.sv:315]
WARNING: [Synth 8-693] zero replication count - replication ignored [/home/jc/tmp/riscv-iommu-demo/cva6/core/mmu_sv39x4/cva6_mmu_sv39x4.sv:326]
WARNING: [Synth 8-693] zero replication count - replication ignored [/home/jc/tmp/riscv-iommu-demo/cva6/core/mmu_sv39x4/cva6_mmu_sv39x4.sv:353]
WARNING: [Synth 8-693] zero replication count - replication ignored [/home/jc/tmp/riscv-iommu-demo/cva6/core/mmu_sv39x4/cva6_mmu_sv39x4.sv:362]
WARNING: [Synth 8-693] zero replication count - replication ignored [/home/jc/tmp/riscv-iommu-demo/cva6/core/mmu_sv39x4/cva6_mmu_sv39x4.sv:373]
WARNING: [Synth 8-693] zero replication count - replication ignored [/home/jc/tmp/riscv-iommu-demo/cva6/core/mmu_sv39x4/cva6_mmu_sv39x4.sv:502]
WARNING: [Synth 8-693] zero replication count - replication ignored [/home/jc/tmp/riscv-iommu-demo/cva6/core/mmu_sv39x4/cva6_mmu_sv39x4.sv:511]
WARNING: [Synth 8-693] zero replication count - replication ignored [/home/jc/tmp/riscv-iommu-demo/cva6/core/mmu_sv39x4/cva6_mmu_sv39x4.sv:534]
WARNING: [Synth 8-693] zero replication count - replication ignored [/home/jc/tmp/riscv-iommu-demo/cva6/core/mmu_sv39x4/cva6_mmu_sv39x4.sv:544]
WARNING: [Synth 8-693] zero replication count - replication ignored [/home/jc/tmp/riscv-iommu-demo/cva6/core/mmu_sv39x4/cva6_mmu_sv39x4.sv:554]
WARNING: [Synth 8-693] zero replication count - replication ignored [/home/jc/tmp/riscv-iommu-demo/cva6/core/mmu_sv39x4/cva6_mmu_sv39x4.sv:578]
WARNING: [Synth 8-693] zero replication count - replication ignored [/home/jc/tmp/riscv-iommu-demo/cva6/core/mmu_sv39x4/cva6_mmu_sv39x4.sv:587]
WARNING: [Synth 8-693] zero replication count - replication ignored [/home/jc/tmp/riscv-iommu-demo/cva6/core/mmu_sv39x4/cva6_mmu_sv39x4.sv:598]
WARNING: [Synth 8-693] zero replication count - replication ignored [/home/jc/tmp/riscv-iommu-demo/cva6/core/mmu_sv39x4/cva6_mmu_sv39x4.sv:607]
WARNING: [Synth 8-693] zero replication count - replication ignored [/home/jc/tmp/riscv-iommu-demo/cva6/core/mmu_sv39x4/cva6_mmu_sv39x4.sv:623]
WARNING: [Synth 8-693] zero replication count - replication ignored [/home/jc/tmp/riscv-iommu-demo/cva6/core/mmu_sv39x4/cva6_mmu_sv39x4.sv:637]
WARNING: [Synth 8-693] zero replication count - replication ignored [/home/jc/tmp/riscv-iommu-demo/cva6/core/mmu_sv39x4/cva6_mmu_sv39x4.sv:646]
INFO: [Synth 8-155] case statement is not full and has no default [/home/jc/tmp/riscv-iommu-demo/cva6/core/include/ariane_pkg.sv:974]
WARNING: [Synth 8-693] zero replication count - replication ignored [/home/jc/tmp/riscv-iommu-demo/cva6/core/amo_buffer.sv:52]
	Parameter DEPTH bound to: 32'b00000000000000000000000000000001 
	Parameter ArianeCfg[RASDepth] bound to: 32'sb00000000000000000000000000000010 
	Parameter ArianeCfg[BTBEntries] bound to: 32'sb00000000000000000000000000100000 
	Parameter ArianeCfg[BHTEntries] bound to: 32'sb00000000000000000000000010000000 
	Parameter ArianeCfg[NrNonIdempotentRules] bound to: 32'b00000000000000000000000000000001 
	Parameter ArianeCfg[NonIdempotentAddrBase][15] bound to: 64'b0000000000000000000000000000000000000000000000000000000000000000 
	Parameter ArianeCfg[NonIdempotentAddrBase][14] bound to: 64'b0000000000000000000000000000000000000000000000000000000000000000 
	Parameter ArianeCfg[NonIdempotentAddrBase][13] bound to: 64'b0000000000000000000000000000000000000000000000000000000000000000 
	Parameter ArianeCfg[NonIdempotentAddrBase][12] bound to: 64'b0000000000000000000000000000000000000000000000000000000000000000 
	Parameter ArianeCfg[NonIdempotentAddrBase][11] bound to: 64'b0000000000000000000000000000000000000000000000000000000000000000 
	Parameter ArianeCfg[NonIdempotentAddrBase][10] bound to: 64'b0000000000000000000000000000000000000000000000000000000000000000 
	Parameter ArianeCfg[NonIdempotentAddrBase][9] bound to: 64'b0000000000000000000000000000000000000000000000000000000000000000 
	Parameter ArianeCfg[NonIdempotentAddrBase][8] bound to: 64'b0000000000000000000000000000000000000000000000000000000000000000 
	Parameter ArianeCfg[NonIdempotentAddrBase][7] bound to: 64'b0000000000000000000000000000000000000000000000000000000000000000 
	Parameter ArianeCfg[NonIdempotentAddrBase][6] bound to: 64'b0000000000000000000000000000000000000000000000000000000000000000 
	Parameter ArianeCfg[NonIdempotentAddrBase][5] bound to: 64'b0000000000000000000000000000000000000000000000000000000000000000 
	Parameter ArianeCfg[NonIdempotentAddrBase][4] bound to: 64'b0000000000000000000000000000000000000000000000000000000000000000 
	Parameter ArianeCfg[NonIdempotentAddrBase][3] bound to: 64'b0000000000000000000000000000000000000000000000000000000000000000 
	Parameter ArianeCfg[NonIdempotentAddrBase][2] bound to: 64'b0000000000000000000000000000000000000000000000000000000000000000 
	Parameter ArianeCfg[NonIdempotentAddrBase][1] bound to: 64'b0000000000000000000000000000000000000000000000000000000000000000 
	Parameter ArianeCfg[NonIdempotentAddrBase][0] bound to: 64'b0000000000000000000000000000000000000000000000000000000000000000 
	Parameter ArianeCfg[NonIdempotentLength][15] bound to: 64'b0000000000000000000000000000000000000000000000000000000000000000 
	Parameter ArianeCfg[NonIdempotentLength][14] bound to: 64'b0000000000000000000000000000000000000000000000000000000000000000 
	Parameter ArianeCfg[NonIdempotentLength][13] bound to: 64'b0000000000000000000000000000000000000000000000000000000000000000 
	Parameter ArianeCfg[NonIdempotentLength][12] bound to: 64'b0000000000000000000000000000000000000000000000000000000000000000 
	Parameter ArianeCfg[NonIdempotentLength][11] bound to: 64'b0000000000000000000000000000000000000000000000000000000000000000 
	Parameter ArianeCfg[NonIdempotentLength][10] bound to: 64'b0000000000000000000000000000000000000000000000000000000000000000 
	Parameter ArianeCfg[NonIdempotentLength][9] bound to: 64'b0000000000000000000000000000000000000000000000000000000000000000 
	Parameter ArianeCfg[NonIdempotentLength][8] bound to: 64'b0000000000000000000000000000000000000000000000000000000000000000 
	Parameter ArianeCfg[NonIdempotentLength][7] bound to: 64'b0000000000000000000000000000000000000000000000000000000000000000 
	Parameter ArianeCfg[NonIdempotentLength][6] bound to: 64'b0000000000000000000000000000000000000000000000000000000000000000 
	Parameter ArianeCfg[NonIdempotentLength][5] bound to: 64'b0000000000000000000000000000000000000000000000000000000000000000 
	Parameter ArianeCfg[NonIdempotentLength][4] bound to: 64'b0000000000000000000000000000000000000000000000000000000000000000 
	Parameter ArianeCfg[NonIdempotentLength][3] bound to: 64'b0000000000000000000000000000000000000000000000000000000000000000 
	Parameter ArianeCfg[NonIdempotentLength][2] bound to: 64'b0000000000000000000000000000000000000000000000000000000000000000 
	Parameter ArianeCfg[NonIdempotentLength][1] bound to: 64'b0000000000000000000000000000000000000000000000000000000000000000 
	Parameter ArianeCfg[NonIdempotentLength][0] bound to: 64'b0000000000000000000000000000000010000000000000000000000000000000 
	Parameter ArianeCfg[NrExecuteRegionRules] bound to: 32'b00000000000000000000000000000011 
	Parameter ArianeCfg[ExecuteRegionAddrBase][15] bound to: 64'b0000000000000000000000000000000000000000000000000000000000000000 
	Parameter ArianeCfg[ExecuteRegionAddrBase][14] bound to: 64'b0000000000000000000000000000000000000000000000000000000000000000 
	Parameter ArianeCfg[ExecuteRegionAddrBase][13] bound to: 64'b0000000000000000000000000000000000000000000000000000000000000000 
	Parameter ArianeCfg[ExecuteRegionAddrBase][12] bound to: 64'b0000000000000000000000000000000000000000000000000000000000000000 
	Parameter ArianeCfg[ExecuteRegionAddrBase][11] bound to: 64'b0000000000000000000000000000000000000000000000000000000000000000 
	Parameter ArianeCfg[ExecuteRegionAddrBase][10] bound to: 64'b0000000000000000000000000000000000000000000000000000000000000000 
	Parameter ArianeCfg[ExecuteRegionAddrBase][9] bound to: 64'b0000000000000000000000000000000000000000000000000000000000000000 
	Parameter ArianeCfg[ExecuteRegionAddrBase][8] bound to: 64'b0000000000000000000000000000000000000000000000000000000000000000 
	Parameter ArianeCfg[ExecuteRegionAddrBase][7] bound to: 64'b0000000000000000000000000000000000000000000000000000000000000000 
	Parameter ArianeCfg[ExecuteRegionAddrBase][6] bound to: 64'b0000000000000000000000000000000000000000000000000000000000000000 
	Parameter ArianeCfg[ExecuteRegionAddrBase][5] bound to: 64'b0000000000000000000000000000000000000000000000000000000000000000 
	Parameter ArianeCfg[ExecuteRegionAddrBase][4] bound to: 64'b0000000000000000000000000000000000000000000000000000000000000000 
	Parameter ArianeCfg[ExecuteRegionAddrBase][3] bound to: 64'b0000000000000000000000000000000000000000000000000000000000000000 
	Parameter ArianeCfg[ExecuteRegionAddrBase][2] bound to: 64'b0000000000000000000000000000000010000000000000000000000000000000 
	Parameter ArianeCfg[ExecuteRegionAddrBase][1] bound to: 64'b0000000000000000000000000000000000000000000000010000000000000000 
	Parameter ArianeCfg[ExecuteRegionAddrBase][0] bound to: 64'b0000000000000000000000000000000000000000000000000000000000000000 
	Parameter ArianeCfg[ExecuteRegionLength][15] bound to: 64'b0000000000000000000000000000000000000000000000000000000000000000 
	Parameter ArianeCfg[ExecuteRegionLength][14] bound to: 64'b0000000000000000000000000000000000000000000000000000000000000000 
	Parameter ArianeCfg[ExecuteRegionLength][13] bound to: 64'b0000000000000000000000000000000000000000000000000000000000000000 
	Parameter ArianeCfg[ExecuteRegionLength][12] bound to: 64'b0000000000000000000000000000000000000000000000000000000000000000 
	Parameter ArianeCfg[ExecuteRegionLength][11] bound to: 64'b0000000000000000000000000000000000000000000000000000000000000000 
	Parameter ArianeCfg[ExecuteRegionLength][10] bound to: 64'b0000000000000000000000000000000000000000000000000000000000000000 
	Parameter ArianeCfg[ExecuteRegionLength][9] bound to: 64'b0000000000000000000000000000000000000000000000000000000000000000 
	Parameter ArianeCfg[ExecuteRegionLength][8] bound to: 64'b0000000000000000000000000000000000000000000000000000000000000000 
	Parameter ArianeCfg[ExecuteRegionLength][7] bound to: 64'b0000000000000000000000000000000000000000000000000000000000000000 
	Parameter ArianeCfg[ExecuteRegionLength][6] bound to: 64'b0000000000000000000000000000000000000000000000000000000000000000 
	Parameter ArianeCfg[ExecuteRegionLength][5] bound to: 64'b0000000000000000000000000000000000000000000000000000000000000000 
	Parameter ArianeCfg[ExecuteRegionLength][4] bound to: 64'b0000000000000000000000000000000000000000000000000000000000000000 
	Parameter ArianeCfg[ExecuteRegionLength][3] bound to: 64'b0000000000000000000000000000000000000000000000000000000000000000 
	Parameter ArianeCfg[ExecuteRegionLength][2] bound to: 64'b0000000000000000000000000000000001000000000000000000000000000000 
	Parameter ArianeCfg[ExecuteRegionLength][1] bound to: 64'b0000000000000000000000000000000000000000000000010000000000000000 
	Parameter ArianeCfg[ExecuteRegionLength][0] bound to: 64'b0000000000000000000000000000000000000000000000000001000000000000 
	Parameter ArianeCfg[NrCachedRegionRules] bound to: 32'b00000000000000000000000000000001 
	Parameter ArianeCfg[CachedRegionAddrBase][15] bound to: 64'b0000000000000000000000000000000000000000000000000000000000000000 
	Parameter ArianeCfg[CachedRegionAddrBase][14] bound to: 64'b0000000000000000000000000000000000000000000000000000000000000000 
	Parameter ArianeCfg[CachedRegionAddrBase][13] bound to: 64'b0000000000000000000000000000000000000000000000000000000000000000 
	Parameter ArianeCfg[CachedRegionAddrBase][12] bound to: 64'b0000000000000000000000000000000000000000000000000000000000000000 
	Parameter ArianeCfg[CachedRegionAddrBase][11] bound to: 64'b0000000000000000000000000000000000000000000000000000000000000000 
	Parameter ArianeCfg[CachedRegionAddrBase][10] bound to: 64'b0000000000000000000000000000000000000000000000000000000000000000 
	Parameter ArianeCfg[CachedRegionAddrBase][9] bound to: 64'b0000000000000000000000000000000000000000000000000000000000000000 
	Parameter ArianeCfg[CachedRegionAddrBase][8] bound to: 64'b0000000000000000000000000000000000000000000000000000000000000000 
	Parameter ArianeCfg[CachedRegionAddrBase][7] bound to: 64'b0000000000000000000000000000000000000000000000000000000000000000 
	Parameter ArianeCfg[CachedRegionAddrBase][6] bound to: 64'b0000000000000000000000000000000000000000000000000000000000000000 
	Parameter ArianeCfg[CachedRegionAddrBase][5] bound to: 64'b0000000000000000000000000000000000000000000000000000000000000000 
	Parameter ArianeCfg[CachedRegionAddrBase][4] bound to: 64'b0000000000000000000000000000000000000000000000000000000000000000 
	Parameter ArianeCfg[CachedRegionAddrBase][3] bound to: 64'b0000000000000000000000000000000000000000000000000000000000000000 
	Parameter ArianeCfg[CachedRegionAddrBase][2] bound to: 64'b0000000000000000000000000000000000000000000000000000000000000000 
	Parameter ArianeCfg[CachedRegionAddrBase][1] bound to: 64'b0000000000000000000000000000000000000000000000000000000000000000 
	Parameter ArianeCfg[CachedRegionAddrBase][0] bound to: 64'b0000000000000000000000000000000010000000000000000000000000000000 
	Parameter ArianeCfg[CachedRegionLength][15] bound to: 64'b0000000000000000000000000000000000000000000000000000000000000000 
	Parameter ArianeCfg[CachedRegionLength][14] bound to: 64'b0000000000000000000000000000000000000000000000000000000000000000 
	Parameter ArianeCfg[CachedRegionLength][13] bound to: 64'b0000000000000000000000000000000000000000000000000000000000000000 
	Parameter ArianeCfg[CachedRegionLength][12] bound to: 64'b0000000000000000000000000000000000000000000000000000000000000000 
	Parameter ArianeCfg[CachedRegionLength][11] bound to: 64'b0000000000000000000000000000000000000000000000000000000000000000 
	Parameter ArianeCfg[CachedRegionLength][10] bound to: 64'b0000000000000000000000000000000000000000000000000000000000000000 
	Parameter ArianeCfg[CachedRegionLength][9] bound to: 64'b0000000000000000000000000000000000000000000000000000000000000000 
	Parameter ArianeCfg[CachedRegionLength][8] bound to: 64'b0000000000000000000000000000000000000000000000000000000000000000 
	Parameter ArianeCfg[CachedRegionLength][7] bound to: 64'b0000000000000000000000000000000000000000000000000000000000000000 
	Parameter ArianeCfg[CachedRegionLength][6] bound to: 64'b0000000000000000000000000000000000000000000000000000000000000000 
	Parameter ArianeCfg[CachedRegionLength][5] bound to: 64'b0000000000000000000000000000000000000000000000000000000000000000 
	Parameter ArianeCfg[CachedRegionLength][4] bound to: 64'b0000000000000000000000000000000000000000000000000000000000000000 
	Parameter ArianeCfg[CachedRegionLength][3] bound to: 64'b0000000000000000000000000000000000000000000000000000000000000000 
	Parameter ArianeCfg[CachedRegionLength][2] bound to: 64'b0000000000000000000000000000000000000000000000000000000000000000 
	Parameter ArianeCfg[CachedRegionLength][1] bound to: 64'b0000000000000000000000000000000000000000000000000000000000000000 
	Parameter ArianeCfg[CachedRegionLength][0] bound to: 64'b0000000000000000000000000000000001000000000000000000000000000000 
	Parameter ArianeCfg[AxiCompliant] bound to: 1'b1 
	Parameter ArianeCfg[SwapEndianess] bound to: 1'b0 
	Parameter ArianeCfg[DmBaseAddress] bound to: 64'b0000000000000000000000000000000000000000000000000000000000000000 
	Parameter ArianeCfg[NrPMPEntries] bound to: 32'b00000000000000000000000000001000 
INFO: [Synth 8-155] case statement is not full and has no default [/home/jc/tmp/riscv-iommu-demo/cva6/core/include/ariane_pkg.sv:974]
INFO: [Synth 8-155] case statement is not full and has no default [/home/jc/tmp/riscv-iommu-demo/cva6/core/load_unit.sv:116]
	Parameter Depth bound to: 32'b00000000000000000000000000000001 
	Parameter Depth bound to: 32'b00000000000000000000000000000000 
INFO: [Synth 8-155] case statement is not full and has no default [/home/jc/tmp/riscv-iommu-demo/cva6/core/include/ariane_pkg.sv:974]
INFO: [Synth 8-155] case statement is not full and has no default [/home/jc/tmp/riscv-iommu-demo/cva6/core/include/ariane_pkg.sv:909]
INFO: [Synth 8-155] case statement is not full and has no default [/home/jc/tmp/riscv-iommu-demo/cva6/core/include/ariane_pkg.sv:918]
WARNING: [Synth 8-693] zero replication count - replication ignored [/home/jc/tmp/riscv-iommu-demo/cva6/core/load_store_unit.sv:540]
WARNING: [Synth 8-693] zero replication count - replication ignored [/home/jc/tmp/riscv-iommu-demo/cva6/core/load_store_unit.sv:550]
WARNING: [Synth 8-693] zero replication count - replication ignored [/home/jc/tmp/riscv-iommu-demo/cva6/core/load_store_unit.sv:564]
WARNING: [Synth 8-693] zero replication count - replication ignored [/home/jc/tmp/riscv-iommu-demo/cva6/core/load_store_unit.sv:574]
WARNING: [Synth 8-693] zero replication count - replication ignored [/home/jc/tmp/riscv-iommu-demo/cva6/core/load_store_unit.sv:588]
WARNING: [Synth 8-693] zero replication count - replication ignored [/home/jc/tmp/riscv-iommu-demo/cva6/core/load_store_unit.sv:598]
WARNING: [Synth 8-693] zero replication count - replication ignored [/home/jc/tmp/riscv-iommu-demo/cva6/core/load_store_unit.sv:614]
	Parameter NR_COMMIT_PORTS bound to: 32'b00000000000000000000000000000010 
	Parameter DmBaseAddress bound to: 64'b0000000000000000000000000000000000000000000000000000000000000000 
	Parameter AsidWidth bound to: 32'sb00000000000000000000000000010000 
	Parameter VmidWidth bound to: 32'sb00000000000000000000000000001110 
	Parameter NrCommitPorts bound to: 32'b00000000000000000000000000000010 
	Parameter NrPMPEntries bound to: 32'b00000000000000000000000000001000 
WARNING: [Synth 8-693] zero replication count - replication ignored [/home/jc/tmp/riscv-iommu-demo/cva6/core/csr_regfile.sv:573]
WARNING: [Synth 8-693] zero replication count - replication ignored [/home/jc/tmp/riscv-iommu-demo/cva6/core/csr_regfile.sv:703]
WARNING: [Synth 8-693] zero replication count - replication ignored [/home/jc/tmp/riscv-iommu-demo/cva6/core/csr_regfile.sv:703]
WARNING: [Synth 8-693] zero replication count - replication ignored [/home/jc/tmp/riscv-iommu-demo/cva6/core/csr_regfile.sv:774]
WARNING: [Synth 8-693] zero replication count - replication ignored [/home/jc/tmp/riscv-iommu-demo/cva6/core/csr_regfile.sv:785]
WARNING: [Synth 8-693] zero replication count - replication ignored [/home/jc/tmp/riscv-iommu-demo/cva6/core/csr_regfile.sv:785]
WARNING: [Synth 8-693] zero replication count - replication ignored [/home/jc/tmp/riscv-iommu-demo/cva6/core/csr_regfile.sv:827]
WARNING: [Synth 8-693] zero replication count - replication ignored [/home/jc/tmp/riscv-iommu-demo/cva6/core/csr_regfile.sv:848]
WARNING: [Synth 8-693] zero replication count - replication ignored [/home/jc/tmp/riscv-iommu-demo/cva6/core/csr_regfile.sv:848]
WARNING: [Synth 8-693] zero replication count - replication ignored [/home/jc/tmp/riscv-iommu-demo/cva6/core/csr_regfile.sv:942]
WARNING: [Synth 8-693] zero replication count - replication ignored [/home/jc/tmp/riscv-iommu-demo/cva6/core/csr_regfile.sv:964]
WARNING: [Synth 8-693] zero replication count - replication ignored [/home/jc/tmp/riscv-iommu-demo/cva6/core/csr_regfile.sv:1222]
WARNING: [Synth 8-693] zero replication count - replication ignored [/home/jc/tmp/riscv-iommu-demo/cva6/core/csr_regfile.sv:1239]
WARNING: [Synth 8-693] zero replication count - replication ignored [/home/jc/tmp/riscv-iommu-demo/cva6/core/csr_regfile.sv:1277]
WARNING: [Synth 8-693] zero replication count - replication ignored [/home/jc/tmp/riscv-iommu-demo/cva6/core/csr_regfile.sv:1352]
WARNING: [Synth 8-693] zero replication count - replication ignored [/home/jc/tmp/riscv-iommu-demo/cva6/core/csr_regfile.sv:1362]
WARNING: [Synth 8-693] zero replication count - replication ignored [/home/jc/tmp/riscv-iommu-demo/cva6/core/csr_regfile.sv:1379]
WARNING: [Synth 8-693] zero replication count - replication ignored [/home/jc/tmp/riscv-iommu-demo/cva6/core/csr_regfile.sv:1382]
WARNING: [Synth 8-693] zero replication count - replication ignored [/home/jc/tmp/riscv-iommu-demo/cva6/core/csr_regfile.sv:1388]
	Parameter ArianeCfg[RASDepth] bound to: 32'sb00000000000000000000000000000010 
	Parameter ArianeCfg[BTBEntries] bound to: 32'sb00000000000000000000000000100000 
	Parameter ArianeCfg[BHTEntries] bound to: 32'sb00000000000000000000000010000000 
	Parameter ArianeCfg[NrNonIdempotentRules] bound to: 32'b00000000000000000000000000000001 
	Parameter ArianeCfg[NonIdempotentAddrBase][15] bound to: 64'b0000000000000000000000000000000000000000000000000000000000000000 
	Parameter ArianeCfg[NonIdempotentAddrBase][14] bound to: 64'b0000000000000000000000000000000000000000000000000000000000000000 
	Parameter ArianeCfg[NonIdempotentAddrBase][13] bound to: 64'b0000000000000000000000000000000000000000000000000000000000000000 
	Parameter ArianeCfg[NonIdempotentAddrBase][12] bound to: 64'b0000000000000000000000000000000000000000000000000000000000000000 
	Parameter ArianeCfg[NonIdempotentAddrBase][11] bound to: 64'b0000000000000000000000000000000000000000000000000000000000000000 
	Parameter ArianeCfg[NonIdempotentAddrBase][10] bound to: 64'b0000000000000000000000000000000000000000000000000000000000000000 
	Parameter ArianeCfg[NonIdempotentAddrBase][9] bound to: 64'b0000000000000000000000000000000000000000000000000000000000000000 
	Parameter ArianeCfg[NonIdempotentAddrBase][8] bound to: 64'b0000000000000000000000000000000000000000000000000000000000000000 
	Parameter ArianeCfg[NonIdempotentAddrBase][7] bound to: 64'b0000000000000000000000000000000000000000000000000000000000000000 
	Parameter ArianeCfg[NonIdempotentAddrBase][6] bound to: 64'b0000000000000000000000000000000000000000000000000000000000000000 
	Parameter ArianeCfg[NonIdempotentAddrBase][5] bound to: 64'b0000000000000000000000000000000000000000000000000000000000000000 
	Parameter ArianeCfg[NonIdempotentAddrBase][4] bound to: 64'b0000000000000000000000000000000000000000000000000000000000000000 
	Parameter ArianeCfg[NonIdempotentAddrBase][3] bound to: 64'b0000000000000000000000000000000000000000000000000000000000000000 
	Parameter ArianeCfg[NonIdempotentAddrBase][2] bound to: 64'b0000000000000000000000000000000000000000000000000000000000000000 
	Parameter ArianeCfg[NonIdempotentAddrBase][1] bound to: 64'b0000000000000000000000000000000000000000000000000000000000000000 
	Parameter ArianeCfg[NonIdempotentAddrBase][0] bound to: 64'b0000000000000000000000000000000000000000000000000000000000000000 
	Parameter ArianeCfg[NonIdempotentLength][15] bound to: 64'b0000000000000000000000000000000000000000000000000000000000000000 
	Parameter ArianeCfg[NonIdempotentLength][14] bound to: 64'b0000000000000000000000000000000000000000000000000000000000000000 
	Parameter ArianeCfg[NonIdempotentLength][13] bound to: 64'b0000000000000000000000000000000000000000000000000000000000000000 
	Parameter ArianeCfg[NonIdempotentLength][12] bound to: 64'b0000000000000000000000000000000000000000000000000000000000000000 
	Parameter ArianeCfg[NonIdempotentLength][11] bound to: 64'b0000000000000000000000000000000000000000000000000000000000000000 
	Parameter ArianeCfg[NonIdempotentLength][10] bound to: 64'b0000000000000000000000000000000000000000000000000000000000000000 
	Parameter ArianeCfg[NonIdempotentLength][9] bound to: 64'b0000000000000000000000000000000000000000000000000000000000000000 
	Parameter ArianeCfg[NonIdempotentLength][8] bound to: 64'b0000000000000000000000000000000000000000000000000000000000000000 
	Parameter ArianeCfg[NonIdempotentLength][7] bound to: 64'b0000000000000000000000000000000000000000000000000000000000000000 
	Parameter ArianeCfg[NonIdempotentLength][6] bound to: 64'b0000000000000000000000000000000000000000000000000000000000000000 
	Parameter ArianeCfg[NonIdempotentLength][5] bound to: 64'b0000000000000000000000000000000000000000000000000000000000000000 
	Parameter ArianeCfg[NonIdempotentLength][4] bound to: 64'b0000000000000000000000000000000000000000000000000000000000000000 
	Parameter ArianeCfg[NonIdempotentLength][3] bound to: 64'b0000000000000000000000000000000000000000000000000000000000000000 
	Parameter ArianeCfg[NonIdempotentLength][2] bound to: 64'b0000000000000000000000000000000000000000000000000000000000000000 
	Parameter ArianeCfg[NonIdempotentLength][1] bound to: 64'b0000000000000000000000000000000000000000000000000000000000000000 
	Parameter ArianeCfg[NonIdempotentLength][0] bound to: 64'b0000000000000000000000000000000010000000000000000000000000000000 
	Parameter ArianeCfg[NrExecuteRegionRules] bound to: 32'b00000000000000000000000000000011 
	Parameter ArianeCfg[ExecuteRegionAddrBase][15] bound to: 64'b0000000000000000000000000000000000000000000000000000000000000000 
	Parameter ArianeCfg[ExecuteRegionAddrBase][14] bound to: 64'b0000000000000000000000000000000000000000000000000000000000000000 
	Parameter ArianeCfg[ExecuteRegionAddrBase][13] bound to: 64'b0000000000000000000000000000000000000000000000000000000000000000 
	Parameter ArianeCfg[ExecuteRegionAddrBase][12] bound to: 64'b0000000000000000000000000000000000000000000000000000000000000000 
	Parameter ArianeCfg[ExecuteRegionAddrBase][11] bound to: 64'b0000000000000000000000000000000000000000000000000000000000000000 
	Parameter ArianeCfg[ExecuteRegionAddrBase][10] bound to: 64'b0000000000000000000000000000000000000000000000000000000000000000 
	Parameter ArianeCfg[ExecuteRegionAddrBase][9] bound to: 64'b0000000000000000000000000000000000000000000000000000000000000000 
	Parameter ArianeCfg[ExecuteRegionAddrBase][8] bound to: 64'b0000000000000000000000000000000000000000000000000000000000000000 
	Parameter ArianeCfg[ExecuteRegionAddrBase][7] bound to: 64'b0000000000000000000000000000000000000000000000000000000000000000 
	Parameter ArianeCfg[ExecuteRegionAddrBase][6] bound to: 64'b0000000000000000000000000000000000000000000000000000000000000000 
	Parameter ArianeCfg[ExecuteRegionAddrBase][5] bound to: 64'b0000000000000000000000000000000000000000000000000000000000000000 
	Parameter ArianeCfg[ExecuteRegionAddrBase][4] bound to: 64'b0000000000000000000000000000000000000000000000000000000000000000 
	Parameter ArianeCfg[ExecuteRegionAddrBase][3] bound to: 64'b0000000000000000000000000000000000000000000000000000000000000000 
	Parameter ArianeCfg[ExecuteRegionAddrBase][2] bound to: 64'b0000000000000000000000000000000010000000000000000000000000000000 
	Parameter ArianeCfg[ExecuteRegionAddrBase][1] bound to: 64'b0000000000000000000000000000000000000000000000010000000000000000 
	Parameter ArianeCfg[ExecuteRegionAddrBase][0] bound to: 64'b0000000000000000000000000000000000000000000000000000000000000000 
	Parameter ArianeCfg[ExecuteRegionLength][15] bound to: 64'b0000000000000000000000000000000000000000000000000000000000000000 
	Parameter ArianeCfg[ExecuteRegionLength][14] bound to: 64'b0000000000000000000000000000000000000000000000000000000000000000 
	Parameter ArianeCfg[ExecuteRegionLength][13] bound to: 64'b0000000000000000000000000000000000000000000000000000000000000000 
	Parameter ArianeCfg[ExecuteRegionLength][12] bound to: 64'b0000000000000000000000000000000000000000000000000000000000000000 
	Parameter ArianeCfg[ExecuteRegionLength][11] bound to: 64'b0000000000000000000000000000000000000000000000000000000000000000 
	Parameter ArianeCfg[ExecuteRegionLength][10] bound to: 64'b0000000000000000000000000000000000000000000000000000000000000000 
	Parameter ArianeCfg[ExecuteRegionLength][9] bound to: 64'b0000000000000000000000000000000000000000000000000000000000000000 
	Parameter ArianeCfg[ExecuteRegionLength][8] bound to: 64'b0000000000000000000000000000000000000000000000000000000000000000 
	Parameter ArianeCfg[ExecuteRegionLength][7] bound to: 64'b0000000000000000000000000000000000000000000000000000000000000000 
	Parameter ArianeCfg[ExecuteRegionLength][6] bound to: 64'b0000000000000000000000000000000000000000000000000000000000000000 
	Parameter ArianeCfg[ExecuteRegionLength][5] bound to: 64'b0000000000000000000000000000000000000000000000000000000000000000 
	Parameter ArianeCfg[ExecuteRegionLength][4] bound to: 64'b0000000000000000000000000000000000000000000000000000000000000000 
	Parameter ArianeCfg[ExecuteRegionLength][3] bound to: 64'b0000000000000000000000000000000000000000000000000000000000000000 
	Parameter ArianeCfg[ExecuteRegionLength][2] bound to: 64'b0000000000000000000000000000000001000000000000000000000000000000 
	Parameter ArianeCfg[ExecuteRegionLength][1] bound to: 64'b0000000000000000000000000000000000000000000000010000000000000000 
	Parameter ArianeCfg[ExecuteRegionLength][0] bound to: 64'b0000000000000000000000000000000000000000000000000001000000000000 
	Parameter ArianeCfg[NrCachedRegionRules] bound to: 32'b00000000000000000000000000000001 
	Parameter ArianeCfg[CachedRegionAddrBase][15] bound to: 64'b0000000000000000000000000000000000000000000000000000000000000000 
	Parameter ArianeCfg[CachedRegionAddrBase][14] bound to: 64'b0000000000000000000000000000000000000000000000000000000000000000 
	Parameter ArianeCfg[CachedRegionAddrBase][13] bound to: 64'b0000000000000000000000000000000000000000000000000000000000000000 
	Parameter ArianeCfg[CachedRegionAddrBase][12] bound to: 64'b0000000000000000000000000000000000000000000000000000000000000000 
	Parameter ArianeCfg[CachedRegionAddrBase][11] bound to: 64'b0000000000000000000000000000000000000000000000000000000000000000 
	Parameter ArianeCfg[CachedRegionAddrBase][10] bound to: 64'b0000000000000000000000000000000000000000000000000000000000000000 
	Parameter ArianeCfg[CachedRegionAddrBase][9] bound to: 64'b0000000000000000000000000000000000000000000000000000000000000000 
	Parameter ArianeCfg[CachedRegionAddrBase][8] bound to: 64'b0000000000000000000000000000000000000000000000000000000000000000 
	Parameter ArianeCfg[CachedRegionAddrBase][7] bound to: 64'b0000000000000000000000000000000000000000000000000000000000000000 
	Parameter ArianeCfg[CachedRegionAddrBase][6] bound to: 64'b0000000000000000000000000000000000000000000000000000000000000000 
	Parameter ArianeCfg[CachedRegionAddrBase][5] bound to: 64'b0000000000000000000000000000000000000000000000000000000000000000 
	Parameter ArianeCfg[CachedRegionAddrBase][4] bound to: 64'b0000000000000000000000000000000000000000000000000000000000000000 
	Parameter ArianeCfg[CachedRegionAddrBase][3] bound to: 64'b0000000000000000000000000000000000000000000000000000000000000000 
	Parameter ArianeCfg[CachedRegionAddrBase][2] bound to: 64'b0000000000000000000000000000000000000000000000000000000000000000 
	Parameter ArianeCfg[CachedRegionAddrBase][1] bound to: 64'b0000000000000000000000000000000000000000000000000000000000000000 
	Parameter ArianeCfg[CachedRegionAddrBase][0] bound to: 64'b0000000000000000000000000000000010000000000000000000000000000000 
	Parameter ArianeCfg[CachedRegionLength][15] bound to: 64'b0000000000000000000000000000000000000000000000000000000000000000 
	Parameter ArianeCfg[CachedRegionLength][14] bound to: 64'b0000000000000000000000000000000000000000000000000000000000000000 
	Parameter ArianeCfg[CachedRegionLength][13] bound to: 64'b0000000000000000000000000000000000000000000000000000000000000000 
	Parameter ArianeCfg[CachedRegionLength][12] bound to: 64'b0000000000000000000000000000000000000000000000000000000000000000 
	Parameter ArianeCfg[CachedRegionLength][11] bound to: 64'b0000000000000000000000000000000000000000000000000000000000000000 
	Parameter ArianeCfg[CachedRegionLength][10] bound to: 64'b0000000000000000000000000000000000000000000000000000000000000000 
	Parameter ArianeCfg[CachedRegionLength][9] bound to: 64'b0000000000000000000000000000000000000000000000000000000000000000 
	Parameter ArianeCfg[CachedRegionLength][8] bound to: 64'b0000000000000000000000000000000000000000000000000000000000000000 
	Parameter ArianeCfg[CachedRegionLength][7] bound to: 64'b0000000000000000000000000000000000000000000000000000000000000000 
	Parameter ArianeCfg[CachedRegionLength][6] bound to: 64'b0000000000000000000000000000000000000000000000000000000000000000 
	Parameter ArianeCfg[CachedRegionLength][5] bound to: 64'b0000000000000000000000000000000000000000000000000000000000000000 
	Parameter ArianeCfg[CachedRegionLength][4] bound to: 64'b0000000000000000000000000000000000000000000000000000000000000000 
	Parameter ArianeCfg[CachedRegionLength][3] bound to: 64'b0000000000000000000000000000000000000000000000000000000000000000 
	Parameter ArianeCfg[CachedRegionLength][2] bound to: 64'b0000000000000000000000000000000000000000000000000000000000000000 
	Parameter ArianeCfg[CachedRegionLength][1] bound to: 64'b0000000000000000000000000000000000000000000000000000000000000000 
	Parameter ArianeCfg[CachedRegionLength][0] bound to: 64'b0000000000000000000000000000000001000000000000000000000000000000 
	Parameter ArianeCfg[AxiCompliant] bound to: 1'b1 
	Parameter ArianeCfg[SwapEndianess] bound to: 1'b0 
	Parameter ArianeCfg[DmBaseAddress] bound to: 64'b0000000000000000000000000000000000000000000000000000000000000000 
	Parameter ArianeCfg[NrPMPEntries] bound to: 32'b00000000000000000000000000001000 
	Parameter AxiAddrWidth bound to: 32'b00000000000000000000000001000000 
	Parameter AxiDataWidth bound to: 32'b00000000000000000000000001000000 
	Parameter AxiIdWidth bound to: 32'b00000000000000000000000000000100 
	Parameter RdTxId bound to: 2'b00 
	Parameter ArianeCfg[RASDepth] bound to: 32'sb00000000000000000000000000000010 
	Parameter ArianeCfg[BTBEntries] bound to: 32'sb00000000000000000000000000100000 
	Parameter ArianeCfg[BHTEntries] bound to: 32'sb00000000000000000000000010000000 
	Parameter ArianeCfg[NrNonIdempotentRules] bound to: 32'b00000000000000000000000000000001 
	Parameter ArianeCfg[NonIdempotentAddrBase][15] bound to: 64'b0000000000000000000000000000000000000000000000000000000000000000 
	Parameter ArianeCfg[NonIdempotentAddrBase][14] bound to: 64'b0000000000000000000000000000000000000000000000000000000000000000 
	Parameter ArianeCfg[NonIdempotentAddrBase][13] bound to: 64'b0000000000000000000000000000000000000000000000000000000000000000 
	Parameter ArianeCfg[NonIdempotentAddrBase][12] bound to: 64'b0000000000000000000000000000000000000000000000000000000000000000 
	Parameter ArianeCfg[NonIdempotentAddrBase][11] bound to: 64'b0000000000000000000000000000000000000000000000000000000000000000 
	Parameter ArianeCfg[NonIdempotentAddrBase][10] bound to: 64'b0000000000000000000000000000000000000000000000000000000000000000 
	Parameter ArianeCfg[NonIdempotentAddrBase][9] bound to: 64'b0000000000000000000000000000000000000000000000000000000000000000 
	Parameter ArianeCfg[NonIdempotentAddrBase][8] bound to: 64'b0000000000000000000000000000000000000000000000000000000000000000 
	Parameter ArianeCfg[NonIdempotentAddrBase][7] bound to: 64'b0000000000000000000000000000000000000000000000000000000000000000 
	Parameter ArianeCfg[NonIdempotentAddrBase][6] bound to: 64'b0000000000000000000000000000000000000000000000000000000000000000 
	Parameter ArianeCfg[NonIdempotentAddrBase][5] bound to: 64'b0000000000000000000000000000000000000000000000000000000000000000 
	Parameter ArianeCfg[NonIdempotentAddrBase][4] bound to: 64'b0000000000000000000000000000000000000000000000000000000000000000 
	Parameter ArianeCfg[NonIdempotentAddrBase][3] bound to: 64'b0000000000000000000000000000000000000000000000000000000000000000 
	Parameter ArianeCfg[NonIdempotentAddrBase][2] bound to: 64'b0000000000000000000000000000000000000000000000000000000000000000 
	Parameter ArianeCfg[NonIdempotentAddrBase][1] bound to: 64'b0000000000000000000000000000000000000000000000000000000000000000 
	Parameter ArianeCfg[NonIdempotentAddrBase][0] bound to: 64'b0000000000000000000000000000000000000000000000000000000000000000 
	Parameter ArianeCfg[NonIdempotentLength][15] bound to: 64'b0000000000000000000000000000000000000000000000000000000000000000 
	Parameter ArianeCfg[NonIdempotentLength][14] bound to: 64'b0000000000000000000000000000000000000000000000000000000000000000 
	Parameter ArianeCfg[NonIdempotentLength][13] bound to: 64'b0000000000000000000000000000000000000000000000000000000000000000 
	Parameter ArianeCfg[NonIdempotentLength][12] bound to: 64'b0000000000000000000000000000000000000000000000000000000000000000 
	Parameter ArianeCfg[NonIdempotentLength][11] bound to: 64'b0000000000000000000000000000000000000000000000000000000000000000 
	Parameter ArianeCfg[NonIdempotentLength][10] bound to: 64'b0000000000000000000000000000000000000000000000000000000000000000 
	Parameter ArianeCfg[NonIdempotentLength][9] bound to: 64'b0000000000000000000000000000000000000000000000000000000000000000 
	Parameter ArianeCfg[NonIdempotentLength][8] bound to: 64'b0000000000000000000000000000000000000000000000000000000000000000 
	Parameter ArianeCfg[NonIdempotentLength][7] bound to: 64'b0000000000000000000000000000000000000000000000000000000000000000 
	Parameter ArianeCfg[NonIdempotentLength][6] bound to: 64'b0000000000000000000000000000000000000000000000000000000000000000 
	Parameter ArianeCfg[NonIdempotentLength][5] bound to: 64'b0000000000000000000000000000000000000000000000000000000000000000 
	Parameter ArianeCfg[NonIdempotentLength][4] bound to: 64'b0000000000000000000000000000000000000000000000000000000000000000 
	Parameter ArianeCfg[NonIdempotentLength][3] bound to: 64'b0000000000000000000000000000000000000000000000000000000000000000 
	Parameter ArianeCfg[NonIdempotentLength][2] bound to: 64'b0000000000000000000000000000000000000000000000000000000000000000 
	Parameter ArianeCfg[NonIdempotentLength][1] bound to: 64'b0000000000000000000000000000000000000000000000000000000000000000 
	Parameter ArianeCfg[NonIdempotentLength][0] bound to: 64'b0000000000000000000000000000000010000000000000000000000000000000 
	Parameter ArianeCfg[NrExecuteRegionRules] bound to: 32'b00000000000000000000000000000011 
	Parameter ArianeCfg[ExecuteRegionAddrBase][15] bound to: 64'b0000000000000000000000000000000000000000000000000000000000000000 
	Parameter ArianeCfg[ExecuteRegionAddrBase][14] bound to: 64'b0000000000000000000000000000000000000000000000000000000000000000 
	Parameter ArianeCfg[ExecuteRegionAddrBase][13] bound to: 64'b0000000000000000000000000000000000000000000000000000000000000000 
	Parameter ArianeCfg[ExecuteRegionAddrBase][12] bound to: 64'b0000000000000000000000000000000000000000000000000000000000000000 
	Parameter ArianeCfg[ExecuteRegionAddrBase][11] bound to: 64'b0000000000000000000000000000000000000000000000000000000000000000 
	Parameter ArianeCfg[ExecuteRegionAddrBase][10] bound to: 64'b0000000000000000000000000000000000000000000000000000000000000000 
	Parameter ArianeCfg[ExecuteRegionAddrBase][9] bound to: 64'b0000000000000000000000000000000000000000000000000000000000000000 
	Parameter ArianeCfg[ExecuteRegionAddrBase][8] bound to: 64'b0000000000000000000000000000000000000000000000000000000000000000 
	Parameter ArianeCfg[ExecuteRegionAddrBase][7] bound to: 64'b0000000000000000000000000000000000000000000000000000000000000000 
	Parameter ArianeCfg[ExecuteRegionAddrBase][6] bound to: 64'b0000000000000000000000000000000000000000000000000000000000000000 
	Parameter ArianeCfg[ExecuteRegionAddrBase][5] bound to: 64'b0000000000000000000000000000000000000000000000000000000000000000 
	Parameter ArianeCfg[ExecuteRegionAddrBase][4] bound to: 64'b0000000000000000000000000000000000000000000000000000000000000000 
	Parameter ArianeCfg[ExecuteRegionAddrBase][3] bound to: 64'b0000000000000000000000000000000000000000000000000000000000000000 
	Parameter ArianeCfg[ExecuteRegionAddrBase][2] bound to: 64'b0000000000000000000000000000000010000000000000000000000000000000 
	Parameter ArianeCfg[ExecuteRegionAddrBase][1] bound to: 64'b0000000000000000000000000000000000000000000000010000000000000000 
	Parameter ArianeCfg[ExecuteRegionAddrBase][0] bound to: 64'b0000000000000000000000000000000000000000000000000000000000000000 
	Parameter ArianeCfg[ExecuteRegionLength][15] bound to: 64'b0000000000000000000000000000000000000000000000000000000000000000 
	Parameter ArianeCfg[ExecuteRegionLength][14] bound to: 64'b0000000000000000000000000000000000000000000000000000000000000000 
	Parameter ArianeCfg[ExecuteRegionLength][13] bound to: 64'b0000000000000000000000000000000000000000000000000000000000000000 
	Parameter ArianeCfg[ExecuteRegionLength][12] bound to: 64'b0000000000000000000000000000000000000000000000000000000000000000 
	Parameter ArianeCfg[ExecuteRegionLength][11] bound to: 64'b0000000000000000000000000000000000000000000000000000000000000000 
	Parameter ArianeCfg[ExecuteRegionLength][10] bound to: 64'b0000000000000000000000000000000000000000000000000000000000000000 
	Parameter ArianeCfg[ExecuteRegionLength][9] bound to: 64'b0000000000000000000000000000000000000000000000000000000000000000 
	Parameter ArianeCfg[ExecuteRegionLength][8] bound to: 64'b0000000000000000000000000000000000000000000000000000000000000000 
	Parameter ArianeCfg[ExecuteRegionLength][7] bound to: 64'b0000000000000000000000000000000000000000000000000000000000000000 
	Parameter ArianeCfg[ExecuteRegionLength][6] bound to: 64'b0000000000000000000000000000000000000000000000000000000000000000 
	Parameter ArianeCfg[ExecuteRegionLength][5] bound to: 64'b0000000000000000000000000000000000000000000000000000000000000000 
	Parameter ArianeCfg[ExecuteRegionLength][4] bound to: 64'b0000000000000000000000000000000000000000000000000000000000000000 
	Parameter ArianeCfg[ExecuteRegionLength][3] bound to: 64'b0000000000000000000000000000000000000000000000000000000000000000 
	Parameter ArianeCfg[ExecuteRegionLength][2] bound to: 64'b0000000000000000000000000000000001000000000000000000000000000000 
	Parameter ArianeCfg[ExecuteRegionLength][1] bound to: 64'b0000000000000000000000000000000000000000000000010000000000000000 
	Parameter ArianeCfg[ExecuteRegionLength][0] bound to: 64'b0000000000000000000000000000000000000000000000000001000000000000 
	Parameter ArianeCfg[NrCachedRegionRules] bound to: 32'b00000000000000000000000000000001 
	Parameter ArianeCfg[CachedRegionAddrBase][15] bound to: 64'b0000000000000000000000000000000000000000000000000000000000000000 
	Parameter ArianeCfg[CachedRegionAddrBase][14] bound to: 64'b0000000000000000000000000000000000000000000000000000000000000000 
	Parameter ArianeCfg[CachedRegionAddrBase][13] bound to: 64'b0000000000000000000000000000000000000000000000000000000000000000 
	Parameter ArianeCfg[CachedRegionAddrBase][12] bound to: 64'b0000000000000000000000000000000000000000000000000000000000000000 
	Parameter ArianeCfg[CachedRegionAddrBase][11] bound to: 64'b0000000000000000000000000000000000000000000000000000000000000000 
	Parameter ArianeCfg[CachedRegionAddrBase][10] bound to: 64'b0000000000000000000000000000000000000000000000000000000000000000 
	Parameter ArianeCfg[CachedRegionAddrBase][9] bound to: 64'b0000000000000000000000000000000000000000000000000000000000000000 
	Parameter ArianeCfg[CachedRegionAddrBase][8] bound to: 64'b0000000000000000000000000000000000000000000000000000000000000000 
	Parameter ArianeCfg[CachedRegionAddrBase][7] bound to: 64'b0000000000000000000000000000000000000000000000000000000000000000 
	Parameter ArianeCfg[CachedRegionAddrBase][6] bound to: 64'b0000000000000000000000000000000000000000000000000000000000000000 
	Parameter ArianeCfg[CachedRegionAddrBase][5] bound to: 64'b0000000000000000000000000000000000000000000000000000000000000000 
	Parameter ArianeCfg[CachedRegionAddrBase][4] bound to: 64'b0000000000000000000000000000000000000000000000000000000000000000 
	Parameter ArianeCfg[CachedRegionAddrBase][3] bound to: 64'b0000000000000000000000000000000000000000000000000000000000000000 
	Parameter ArianeCfg[CachedRegionAddrBase][2] bound to: 64'b0000000000000000000000000000000000000000000000000000000000000000 
	Parameter ArianeCfg[CachedRegionAddrBase][1] bound to: 64'b0000000000000000000000000000000000000000000000000000000000000000 
	Parameter ArianeCfg[CachedRegionAddrBase][0] bound to: 64'b0000000000000000000000000000000010000000000000000000000000000000 
	Parameter ArianeCfg[CachedRegionLength][15] bound to: 64'b0000000000000000000000000000000000000000000000000000000000000000 
	Parameter ArianeCfg[CachedRegionLength][14] bound to: 64'b0000000000000000000000000000000000000000000000000000000000000000 
	Parameter ArianeCfg[CachedRegionLength][13] bound to: 64'b0000000000000000000000000000000000000000000000000000000000000000 
	Parameter ArianeCfg[CachedRegionLength][12] bound to: 64'b0000000000000000000000000000000000000000000000000000000000000000 
	Parameter ArianeCfg[CachedRegionLength][11] bound to: 64'b0000000000000000000000000000000000000000000000000000000000000000 
	Parameter ArianeCfg[CachedRegionLength][10] bound to: 64'b0000000000000000000000000000000000000000000000000000000000000000 
	Parameter ArianeCfg[CachedRegionLength][9] bound to: 64'b0000000000000000000000000000000000000000000000000000000000000000 
	Parameter ArianeCfg[CachedRegionLength][8] bound to: 64'b0000000000000000000000000000000000000000000000000000000000000000 
	Parameter ArianeCfg[CachedRegionLength][7] bound to: 64'b0000000000000000000000000000000000000000000000000000000000000000 
	Parameter ArianeCfg[CachedRegionLength][6] bound to: 64'b0000000000000000000000000000000000000000000000000000000000000000 
	Parameter ArianeCfg[CachedRegionLength][5] bound to: 64'b0000000000000000000000000000000000000000000000000000000000000000 
	Parameter ArianeCfg[CachedRegionLength][4] bound to: 64'b0000000000000000000000000000000000000000000000000000000000000000 
	Parameter ArianeCfg[CachedRegionLength][3] bound to: 64'b0000000000000000000000000000000000000000000000000000000000000000 
	Parameter ArianeCfg[CachedRegionLength][2] bound to: 64'b0000000000000000000000000000000000000000000000000000000000000000 
	Parameter ArianeCfg[CachedRegionLength][1] bound to: 64'b0000000000000000000000000000000000000000000000000000000000000000 
	Parameter ArianeCfg[CachedRegionLength][0] bound to: 64'b0000000000000000000000000000000001000000000000000000000000000000 
	Parameter ArianeCfg[AxiCompliant] bound to: 1'b1 
	Parameter ArianeCfg[SwapEndianess] bound to: 1'b0 
	Parameter ArianeCfg[DmBaseAddress] bound to: 64'b0000000000000000000000000000000000000000000000000000000000000000 
	Parameter ArianeCfg[NrPMPEntries] bound to: 32'b00000000000000000000000000001000 
	Parameter DATA_WIDTH bound to: 45 - type: integer 
	Parameter NUM_WORDS bound to: 256 - type: integer 
	Parameter NumWords bound to: 256 - type: integer 
	Parameter DataWidth bound to: 32'b00000000000000000000000001000000 
	Parameter ByteWidth bound to: 8 - type: integer 
	Parameter NumPorts bound to: 1 - type: integer 
	Parameter Latency bound to: 1 - type: integer 
	Parameter SimInit bound to: none - type: string 
	Parameter PrintSimCfg bound to: 1'b0 
	Parameter ADDR_WIDTH bound to: 8 - type: integer 
	Parameter DATA_DEPTH bound to: 256 - type: integer 
	Parameter OUT_REGS bound to: 0 - type: integer 
	Parameter SIM_INIT bound to: 1 - type: integer 
	Parameter DATA_WIDTH bound to: 128 - type: integer 
	Parameter USER_WIDTH bound to: 4 - type: integer 
	Parameter USER_EN bound to: 0 - type: integer 
	Parameter NUM_WORDS bound to: 256 - type: integer 
	Parameter LfsrWidth bound to: 32'b00000000000000000000000000001000 
	Parameter OutWidth bound to: 32'b00000000000000000000000000000010 
	Parameter AxiDataWidth bound to: 32'b00000000000000000000000001000000 
	Parameter RdAmoTxId bound to: 2'b01 
	Parameter ArianeCfg[RASDepth] bound to: 32'sb00000000000000000000000000000010 
	Parameter ArianeCfg[BTBEntries] bound to: 32'sb00000000000000000000000000100000 
	Parameter ArianeCfg[BHTEntries] bound to: 32'sb00000000000000000000000010000000 
	Parameter ArianeCfg[NrNonIdempotentRules] bound to: 32'b00000000000000000000000000000001 
	Parameter ArianeCfg[NonIdempotentAddrBase][15] bound to: 64'b0000000000000000000000000000000000000000000000000000000000000000 
	Parameter ArianeCfg[NonIdempotentAddrBase][14] bound to: 64'b0000000000000000000000000000000000000000000000000000000000000000 
	Parameter ArianeCfg[NonIdempotentAddrBase][13] bound to: 64'b0000000000000000000000000000000000000000000000000000000000000000 
	Parameter ArianeCfg[NonIdempotentAddrBase][12] bound to: 64'b0000000000000000000000000000000000000000000000000000000000000000 
	Parameter ArianeCfg[NonIdempotentAddrBase][11] bound to: 64'b0000000000000000000000000000000000000000000000000000000000000000 
	Parameter ArianeCfg[NonIdempotentAddrBase][10] bound to: 64'b0000000000000000000000000000000000000000000000000000000000000000 
	Parameter ArianeCfg[NonIdempotentAddrBase][9] bound to: 64'b0000000000000000000000000000000000000000000000000000000000000000 
	Parameter ArianeCfg[NonIdempotentAddrBase][8] bound to: 64'b0000000000000000000000000000000000000000000000000000000000000000 
	Parameter ArianeCfg[NonIdempotentAddrBase][7] bound to: 64'b0000000000000000000000000000000000000000000000000000000000000000 
	Parameter ArianeCfg[NonIdempotentAddrBase][6] bound to: 64'b0000000000000000000000000000000000000000000000000000000000000000 
	Parameter ArianeCfg[NonIdempotentAddrBase][5] bound to: 64'b0000000000000000000000000000000000000000000000000000000000000000 
	Parameter ArianeCfg[NonIdempotentAddrBase][4] bound to: 64'b0000000000000000000000000000000000000000000000000000000000000000 
	Parameter ArianeCfg[NonIdempotentAddrBase][3] bound to: 64'b0000000000000000000000000000000000000000000000000000000000000000 
	Parameter ArianeCfg[NonIdempotentAddrBase][2] bound to: 64'b0000000000000000000000000000000000000000000000000000000000000000 
	Parameter ArianeCfg[NonIdempotentAddrBase][1] bound to: 64'b0000000000000000000000000000000000000000000000000000000000000000 
	Parameter ArianeCfg[NonIdempotentAddrBase][0] bound to: 64'b0000000000000000000000000000000000000000000000000000000000000000 
	Parameter ArianeCfg[NonIdempotentLength][15] bound to: 64'b0000000000000000000000000000000000000000000000000000000000000000 
	Parameter ArianeCfg[NonIdempotentLength][14] bound to: 64'b0000000000000000000000000000000000000000000000000000000000000000 
	Parameter ArianeCfg[NonIdempotentLength][13] bound to: 64'b0000000000000000000000000000000000000000000000000000000000000000 
	Parameter ArianeCfg[NonIdempotentLength][12] bound to: 64'b0000000000000000000000000000000000000000000000000000000000000000 
	Parameter ArianeCfg[NonIdempotentLength][11] bound to: 64'b0000000000000000000000000000000000000000000000000000000000000000 
	Parameter ArianeCfg[NonIdempotentLength][10] bound to: 64'b0000000000000000000000000000000000000000000000000000000000000000 
	Parameter ArianeCfg[NonIdempotentLength][9] bound to: 64'b0000000000000000000000000000000000000000000000000000000000000000 
	Parameter ArianeCfg[NonIdempotentLength][8] bound to: 64'b0000000000000000000000000000000000000000000000000000000000000000 
	Parameter ArianeCfg[NonIdempotentLength][7] bound to: 64'b0000000000000000000000000000000000000000000000000000000000000000 
	Parameter ArianeCfg[NonIdempotentLength][6] bound to: 64'b0000000000000000000000000000000000000000000000000000000000000000 
	Parameter ArianeCfg[NonIdempotentLength][5] bound to: 64'b0000000000000000000000000000000000000000000000000000000000000000 
	Parameter ArianeCfg[NonIdempotentLength][4] bound to: 64'b0000000000000000000000000000000000000000000000000000000000000000 
	Parameter ArianeCfg[NonIdempotentLength][3] bound to: 64'b0000000000000000000000000000000000000000000000000000000000000000 
	Parameter ArianeCfg[NonIdempotentLength][2] bound to: 64'b0000000000000000000000000000000000000000000000000000000000000000 
	Parameter ArianeCfg[NonIdempotentLength][1] bound to: 64'b0000000000000000000000000000000000000000000000000000000000000000 
	Parameter ArianeCfg[NonIdempotentLength][0] bound to: 64'b0000000000000000000000000000000010000000000000000000000000000000 
	Parameter ArianeCfg[NrExecuteRegionRules] bound to: 32'b00000000000000000000000000000011 
	Parameter ArianeCfg[ExecuteRegionAddrBase][15] bound to: 64'b0000000000000000000000000000000000000000000000000000000000000000 
	Parameter ArianeCfg[ExecuteRegionAddrBase][14] bound to: 64'b0000000000000000000000000000000000000000000000000000000000000000 
	Parameter ArianeCfg[ExecuteRegionAddrBase][13] bound to: 64'b0000000000000000000000000000000000000000000000000000000000000000 
	Parameter ArianeCfg[ExecuteRegionAddrBase][12] bound to: 64'b0000000000000000000000000000000000000000000000000000000000000000 
	Parameter ArianeCfg[ExecuteRegionAddrBase][11] bound to: 64'b0000000000000000000000000000000000000000000000000000000000000000 
	Parameter ArianeCfg[ExecuteRegionAddrBase][10] bound to: 64'b0000000000000000000000000000000000000000000000000000000000000000 
	Parameter ArianeCfg[ExecuteRegionAddrBase][9] bound to: 64'b0000000000000000000000000000000000000000000000000000000000000000 
	Parameter ArianeCfg[ExecuteRegionAddrBase][8] bound to: 64'b0000000000000000000000000000000000000000000000000000000000000000 
	Parameter ArianeCfg[ExecuteRegionAddrBase][7] bound to: 64'b0000000000000000000000000000000000000000000000000000000000000000 
	Parameter ArianeCfg[ExecuteRegionAddrBase][6] bound to: 64'b0000000000000000000000000000000000000000000000000000000000000000 
	Parameter ArianeCfg[ExecuteRegionAddrBase][5] bound to: 64'b0000000000000000000000000000000000000000000000000000000000000000 
	Parameter ArianeCfg[ExecuteRegionAddrBase][4] bound to: 64'b0000000000000000000000000000000000000000000000000000000000000000 
	Parameter ArianeCfg[ExecuteRegionAddrBase][3] bound to: 64'b0000000000000000000000000000000000000000000000000000000000000000 
	Parameter ArianeCfg[ExecuteRegionAddrBase][2] bound to: 64'b0000000000000000000000000000000010000000000000000000000000000000 
	Parameter ArianeCfg[ExecuteRegionAddrBase][1] bound to: 64'b0000000000000000000000000000000000000000000000010000000000000000 
	Parameter ArianeCfg[ExecuteRegionAddrBase][0] bound to: 64'b0000000000000000000000000000000000000000000000000000000000000000 
	Parameter ArianeCfg[ExecuteRegionLength][15] bound to: 64'b0000000000000000000000000000000000000000000000000000000000000000 
	Parameter ArianeCfg[ExecuteRegionLength][14] bound to: 64'b0000000000000000000000000000000000000000000000000000000000000000 
	Parameter ArianeCfg[ExecuteRegionLength][13] bound to: 64'b0000000000000000000000000000000000000000000000000000000000000000 
	Parameter ArianeCfg[ExecuteRegionLength][12] bound to: 64'b0000000000000000000000000000000000000000000000000000000000000000 
	Parameter ArianeCfg[ExecuteRegionLength][11] bound to: 64'b0000000000000000000000000000000000000000000000000000000000000000 
	Parameter ArianeCfg[ExecuteRegionLength][10] bound to: 64'b0000000000000000000000000000000000000000000000000000000000000000 
	Parameter ArianeCfg[ExecuteRegionLength][9] bound to: 64'b0000000000000000000000000000000000000000000000000000000000000000 
	Parameter ArianeCfg[ExecuteRegionLength][8] bound to: 64'b0000000000000000000000000000000000000000000000000000000000000000 
	Parameter ArianeCfg[ExecuteRegionLength][7] bound to: 64'b0000000000000000000000000000000000000000000000000000000000000000 
	Parameter ArianeCfg[ExecuteRegionLength][6] bound to: 64'b0000000000000000000000000000000000000000000000000000000000000000 
	Parameter ArianeCfg[ExecuteRegionLength][5] bound to: 64'b0000000000000000000000000000000000000000000000000000000000000000 
	Parameter ArianeCfg[ExecuteRegionLength][4] bound to: 64'b0000000000000000000000000000000000000000000000000000000000000000 
	Parameter ArianeCfg[ExecuteRegionLength][3] bound to: 64'b0000000000000000000000000000000000000000000000000000000000000000 
	Parameter ArianeCfg[ExecuteRegionLength][2] bound to: 64'b0000000000000000000000000000000001000000000000000000000000000000 
	Parameter ArianeCfg[ExecuteRegionLength][1] bound to: 64'b0000000000000000000000000000000000000000000000010000000000000000 
	Parameter ArianeCfg[ExecuteRegionLength][0] bound to: 64'b0000000000000000000000000000000000000000000000000001000000000000 
	Parameter ArianeCfg[NrCachedRegionRules] bound to: 32'b00000000000000000000000000000001 
	Parameter ArianeCfg[CachedRegionAddrBase][15] bound to: 64'b0000000000000000000000000000000000000000000000000000000000000000 
	Parameter ArianeCfg[CachedRegionAddrBase][14] bound to: 64'b0000000000000000000000000000000000000000000000000000000000000000 
	Parameter ArianeCfg[CachedRegionAddrBase][13] bound to: 64'b0000000000000000000000000000000000000000000000000000000000000000 
	Parameter ArianeCfg[CachedRegionAddrBase][12] bound to: 64'b0000000000000000000000000000000000000000000000000000000000000000 
	Parameter ArianeCfg[CachedRegionAddrBase][11] bound to: 64'b0000000000000000000000000000000000000000000000000000000000000000 
	Parameter ArianeCfg[CachedRegionAddrBase][10] bound to: 64'b0000000000000000000000000000000000000000000000000000000000000000 
	Parameter ArianeCfg[CachedRegionAddrBase][9] bound to: 64'b0000000000000000000000000000000000000000000000000000000000000000 
	Parameter ArianeCfg[CachedRegionAddrBase][8] bound to: 64'b0000000000000000000000000000000000000000000000000000000000000000 
	Parameter ArianeCfg[CachedRegionAddrBase][7] bound to: 64'b0000000000000000000000000000000000000000000000000000000000000000 
	Parameter ArianeCfg[CachedRegionAddrBase][6] bound to: 64'b0000000000000000000000000000000000000000000000000000000000000000 
	Parameter ArianeCfg[CachedRegionAddrBase][5] bound to: 64'b0000000000000000000000000000000000000000000000000000000000000000 
	Parameter ArianeCfg[CachedRegionAddrBase][4] bound to: 64'b0000000000000000000000000000000000000000000000000000000000000000 
	Parameter ArianeCfg[CachedRegionAddrBase][3] bound to: 64'b0000000000000000000000000000000000000000000000000000000000000000 
	Parameter ArianeCfg[CachedRegionAddrBase][2] bound to: 64'b0000000000000000000000000000000000000000000000000000000000000000 
	Parameter ArianeCfg[CachedRegionAddrBase][1] bound to: 64'b0000000000000000000000000000000000000000000000000000000000000000 
	Parameter ArianeCfg[CachedRegionAddrBase][0] bound to: 64'b0000000000000000000000000000000010000000000000000000000000000000 
	Parameter ArianeCfg[CachedRegionLength][15] bound to: 64'b0000000000000000000000000000000000000000000000000000000000000000 
	Parameter ArianeCfg[CachedRegionLength][14] bound to: 64'b0000000000000000000000000000000000000000000000000000000000000000 
	Parameter ArianeCfg[CachedRegionLength][13] bound to: 64'b0000000000000000000000000000000000000000000000000000000000000000 
	Parameter ArianeCfg[CachedRegionLength][12] bound to: 64'b0000000000000000000000000000000000000000000000000000000000000000 
	Parameter ArianeCfg[CachedRegionLength][11] bound to: 64'b0000000000000000000000000000000000000000000000000000000000000000 
	Parameter ArianeCfg[CachedRegionLength][10] bound to: 64'b0000000000000000000000000000000000000000000000000000000000000000 
	Parameter ArianeCfg[CachedRegionLength][9] bound to: 64'b0000000000000000000000000000000000000000000000000000000000000000 
	Parameter ArianeCfg[CachedRegionLength][8] bound to: 64'b0000000000000000000000000000000000000000000000000000000000000000 
	Parameter ArianeCfg[CachedRegionLength][7] bound to: 64'b0000000000000000000000000000000000000000000000000000000000000000 
	Parameter ArianeCfg[CachedRegionLength][6] bound to: 64'b0000000000000000000000000000000000000000000000000000000000000000 
	Parameter ArianeCfg[CachedRegionLength][5] bound to: 64'b0000000000000000000000000000000000000000000000000000000000000000 
	Parameter ArianeCfg[CachedRegionLength][4] bound to: 64'b0000000000000000000000000000000000000000000000000000000000000000 
	Parameter ArianeCfg[CachedRegionLength][3] bound to: 64'b0000000000000000000000000000000000000000000000000000000000000000 
	Parameter ArianeCfg[CachedRegionLength][2] bound to: 64'b0000000000000000000000000000000000000000000000000000000000000000 
	Parameter ArianeCfg[CachedRegionLength][1] bound to: 64'b0000000000000000000000000000000000000000000000000000000000000000 
	Parameter ArianeCfg[CachedRegionLength][0] bound to: 64'b0000000000000000000000000000000001000000000000000000000000000000 
	Parameter ArianeCfg[AxiCompliant] bound to: 1'b1 
	Parameter ArianeCfg[SwapEndianess] bound to: 1'b0 
	Parameter ArianeCfg[DmBaseAddress] bound to: 64'b0000000000000000000000000000000000000000000000000000000000000000 
	Parameter ArianeCfg[NrPMPEntries] bound to: 32'b00000000000000000000000000001000 
	Parameter RdTxId bound to: 2'b01 
	Parameter ArianeCfg[RASDepth] bound to: 32'sb00000000000000000000000000000010 
	Parameter ArianeCfg[BTBEntries] bound to: 32'sb00000000000000000000000000100000 
	Parameter ArianeCfg[BHTEntries] bound to: 32'sb00000000000000000000000010000000 
	Parameter ArianeCfg[NrNonIdempotentRules] bound to: 32'b00000000000000000000000000000001 
	Parameter ArianeCfg[NonIdempotentAddrBase][15] bound to: 64'b0000000000000000000000000000000000000000000000000000000000000000 
	Parameter ArianeCfg[NonIdempotentAddrBase][14] bound to: 64'b0000000000000000000000000000000000000000000000000000000000000000 
	Parameter ArianeCfg[NonIdempotentAddrBase][13] bound to: 64'b0000000000000000000000000000000000000000000000000000000000000000 
	Parameter ArianeCfg[NonIdempotentAddrBase][12] bound to: 64'b0000000000000000000000000000000000000000000000000000000000000000 
	Parameter ArianeCfg[NonIdempotentAddrBase][11] bound to: 64'b0000000000000000000000000000000000000000000000000000000000000000 
	Parameter ArianeCfg[NonIdempotentAddrBase][10] bound to: 64'b0000000000000000000000000000000000000000000000000000000000000000 
	Parameter ArianeCfg[NonIdempotentAddrBase][9] bound to: 64'b0000000000000000000000000000000000000000000000000000000000000000 
	Parameter ArianeCfg[NonIdempotentAddrBase][8] bound to: 64'b0000000000000000000000000000000000000000000000000000000000000000 
	Parameter ArianeCfg[NonIdempotentAddrBase][7] bound to: 64'b0000000000000000000000000000000000000000000000000000000000000000 
	Parameter ArianeCfg[NonIdempotentAddrBase][6] bound to: 64'b0000000000000000000000000000000000000000000000000000000000000000 
	Parameter ArianeCfg[NonIdempotentAddrBase][5] bound to: 64'b0000000000000000000000000000000000000000000000000000000000000000 
	Parameter ArianeCfg[NonIdempotentAddrBase][4] bound to: 64'b0000000000000000000000000000000000000000000000000000000000000000 
	Parameter ArianeCfg[NonIdempotentAddrBase][3] bound to: 64'b0000000000000000000000000000000000000000000000000000000000000000 
	Parameter ArianeCfg[NonIdempotentAddrBase][2] bound to: 64'b0000000000000000000000000000000000000000000000000000000000000000 
	Parameter ArianeCfg[NonIdempotentAddrBase][1] bound to: 64'b0000000000000000000000000000000000000000000000000000000000000000 
	Parameter ArianeCfg[NonIdempotentAddrBase][0] bound to: 64'b0000000000000000000000000000000000000000000000000000000000000000 
	Parameter ArianeCfg[NonIdempotentLength][15] bound to: 64'b0000000000000000000000000000000000000000000000000000000000000000 
	Parameter ArianeCfg[NonIdempotentLength][14] bound to: 64'b0000000000000000000000000000000000000000000000000000000000000000 
	Parameter ArianeCfg[NonIdempotentLength][13] bound to: 64'b0000000000000000000000000000000000000000000000000000000000000000 
	Parameter ArianeCfg[NonIdempotentLength][12] bound to: 64'b0000000000000000000000000000000000000000000000000000000000000000 
	Parameter ArianeCfg[NonIdempotentLength][11] bound to: 64'b0000000000000000000000000000000000000000000000000000000000000000 
	Parameter ArianeCfg[NonIdempotentLength][10] bound to: 64'b0000000000000000000000000000000000000000000000000000000000000000 
	Parameter ArianeCfg[NonIdempotentLength][9] bound to: 64'b0000000000000000000000000000000000000000000000000000000000000000 
	Parameter ArianeCfg[NonIdempotentLength][8] bound to: 64'b0000000000000000000000000000000000000000000000000000000000000000 
	Parameter ArianeCfg[NonIdempotentLength][7] bound to: 64'b0000000000000000000000000000000000000000000000000000000000000000 
	Parameter ArianeCfg[NonIdempotentLength][6] bound to: 64'b0000000000000000000000000000000000000000000000000000000000000000 
	Parameter ArianeCfg[NonIdempotentLength][5] bound to: 64'b0000000000000000000000000000000000000000000000000000000000000000 
	Parameter ArianeCfg[NonIdempotentLength][4] bound to: 64'b0000000000000000000000000000000000000000000000000000000000000000 
	Parameter ArianeCfg[NonIdempotentLength][3] bound to: 64'b0000000000000000000000000000000000000000000000000000000000000000 
	Parameter ArianeCfg[NonIdempotentLength][2] bound to: 64'b0000000000000000000000000000000000000000000000000000000000000000 
	Parameter ArianeCfg[NonIdempotentLength][1] bound to: 64'b0000000000000000000000000000000000000000000000000000000000000000 
	Parameter ArianeCfg[NonIdempotentLength][0] bound to: 64'b0000000000000000000000000000000010000000000000000000000000000000 
	Parameter ArianeCfg[NrExecuteRegionRules] bound to: 32'b00000000000000000000000000000011 
	Parameter ArianeCfg[ExecuteRegionAddrBase][15] bound to: 64'b0000000000000000000000000000000000000000000000000000000000000000 
	Parameter ArianeCfg[ExecuteRegionAddrBase][14] bound to: 64'b0000000000000000000000000000000000000000000000000000000000000000 
	Parameter ArianeCfg[ExecuteRegionAddrBase][13] bound to: 64'b0000000000000000000000000000000000000000000000000000000000000000 
	Parameter ArianeCfg[ExecuteRegionAddrBase][12] bound to: 64'b0000000000000000000000000000000000000000000000000000000000000000 
	Parameter ArianeCfg[ExecuteRegionAddrBase][11] bound to: 64'b0000000000000000000000000000000000000000000000000000000000000000 
	Parameter ArianeCfg[ExecuteRegionAddrBase][10] bound to: 64'b0000000000000000000000000000000000000000000000000000000000000000 
	Parameter ArianeCfg[ExecuteRegionAddrBase][9] bound to: 64'b0000000000000000000000000000000000000000000000000000000000000000 
	Parameter ArianeCfg[ExecuteRegionAddrBase][8] bound to: 64'b0000000000000000000000000000000000000000000000000000000000000000 
	Parameter ArianeCfg[ExecuteRegionAddrBase][7] bound to: 64'b0000000000000000000000000000000000000000000000000000000000000000 
	Parameter ArianeCfg[ExecuteRegionAddrBase][6] bound to: 64'b0000000000000000000000000000000000000000000000000000000000000000 
	Parameter ArianeCfg[ExecuteRegionAddrBase][5] bound to: 64'b0000000000000000000000000000000000000000000000000000000000000000 
	Parameter ArianeCfg[ExecuteRegionAddrBase][4] bound to: 64'b0000000000000000000000000000000000000000000000000000000000000000 
	Parameter ArianeCfg[ExecuteRegionAddrBase][3] bound to: 64'b0000000000000000000000000000000000000000000000000000000000000000 
	Parameter ArianeCfg[ExecuteRegionAddrBase][2] bound to: 64'b0000000000000000000000000000000010000000000000000000000000000000 
	Parameter ArianeCfg[ExecuteRegionAddrBase][1] bound to: 64'b0000000000000000000000000000000000000000000000010000000000000000 
	Parameter ArianeCfg[ExecuteRegionAddrBase][0] bound to: 64'b0000000000000000000000000000000000000000000000000000000000000000 
	Parameter ArianeCfg[ExecuteRegionLength][15] bound to: 64'b0000000000000000000000000000000000000000000000000000000000000000 
	Parameter ArianeCfg[ExecuteRegionLength][14] bound to: 64'b0000000000000000000000000000000000000000000000000000000000000000 
	Parameter ArianeCfg[ExecuteRegionLength][13] bound to: 64'b0000000000000000000000000000000000000000000000000000000000000000 
	Parameter ArianeCfg[ExecuteRegionLength][12] bound to: 64'b0000000000000000000000000000000000000000000000000000000000000000 
	Parameter ArianeCfg[ExecuteRegionLength][11] bound to: 64'b0000000000000000000000000000000000000000000000000000000000000000 
	Parameter ArianeCfg[ExecuteRegionLength][10] bound to: 64'b0000000000000000000000000000000000000000000000000000000000000000 
	Parameter ArianeCfg[ExecuteRegionLength][9] bound to: 64'b0000000000000000000000000000000000000000000000000000000000000000 
	Parameter ArianeCfg[ExecuteRegionLength][8] bound to: 64'b0000000000000000000000000000000000000000000000000000000000000000 
	Parameter ArianeCfg[ExecuteRegionLength][7] bound to: 64'b0000000000000000000000000000000000000000000000000000000000000000 
	Parameter ArianeCfg[ExecuteRegionLength][6] bound to: 64'b0000000000000000000000000000000000000000000000000000000000000000 
	Parameter ArianeCfg[ExecuteRegionLength][5] bound to: 64'b0000000000000000000000000000000000000000000000000000000000000000 
	Parameter ArianeCfg[ExecuteRegionLength][4] bound to: 64'b0000000000000000000000000000000000000000000000000000000000000000 
	Parameter ArianeCfg[ExecuteRegionLength][3] bound to: 64'b0000000000000000000000000000000000000000000000000000000000000000 
	Parameter ArianeCfg[ExecuteRegionLength][2] bound to: 64'b0000000000000000000000000000000001000000000000000000000000000000 
	Parameter ArianeCfg[ExecuteRegionLength][1] bound to: 64'b0000000000000000000000000000000000000000000000010000000000000000 
	Parameter ArianeCfg[ExecuteRegionLength][0] bound to: 64'b0000000000000000000000000000000000000000000000000001000000000000 
	Parameter ArianeCfg[NrCachedRegionRules] bound to: 32'b00000000000000000000000000000001 
	Parameter ArianeCfg[CachedRegionAddrBase][15] bound to: 64'b0000000000000000000000000000000000000000000000000000000000000000 
	Parameter ArianeCfg[CachedRegionAddrBase][14] bound to: 64'b0000000000000000000000000000000000000000000000000000000000000000 
	Parameter ArianeCfg[CachedRegionAddrBase][13] bound to: 64'b0000000000000000000000000000000000000000000000000000000000000000 
	Parameter ArianeCfg[CachedRegionAddrBase][12] bound to: 64'b0000000000000000000000000000000000000000000000000000000000000000 
	Parameter ArianeCfg[CachedRegionAddrBase][11] bound to: 64'b0000000000000000000000000000000000000000000000000000000000000000 
	Parameter ArianeCfg[CachedRegionAddrBase][10] bound to: 64'b0000000000000000000000000000000000000000000000000000000000000000 
	Parameter ArianeCfg[CachedRegionAddrBase][9] bound to: 64'b0000000000000000000000000000000000000000000000000000000000000000 
	Parameter ArianeCfg[CachedRegionAddrBase][8] bound to: 64'b0000000000000000000000000000000000000000000000000000000000000000 
	Parameter ArianeCfg[CachedRegionAddrBase][7] bound to: 64'b0000000000000000000000000000000000000000000000000000000000000000 
	Parameter ArianeCfg[CachedRegionAddrBase][6] bound to: 64'b0000000000000000000000000000000000000000000000000000000000000000 
	Parameter ArianeCfg[CachedRegionAddrBase][5] bound to: 64'b0000000000000000000000000000000000000000000000000000000000000000 
	Parameter ArianeCfg[CachedRegionAddrBase][4] bound to: 64'b0000000000000000000000000000000000000000000000000000000000000000 
	Parameter ArianeCfg[CachedRegionAddrBase][3] bound to: 64'b0000000000000000000000000000000000000000000000000000000000000000 
	Parameter ArianeCfg[CachedRegionAddrBase][2] bound to: 64'b0000000000000000000000000000000000000000000000000000000000000000 
	Parameter ArianeCfg[CachedRegionAddrBase][1] bound to: 64'b0000000000000000000000000000000000000000000000000000000000000000 
	Parameter ArianeCfg[CachedRegionAddrBase][0] bound to: 64'b0000000000000000000000000000000010000000000000000000000000000000 
	Parameter ArianeCfg[CachedRegionLength][15] bound to: 64'b0000000000000000000000000000000000000000000000000000000000000000 
	Parameter ArianeCfg[CachedRegionLength][14] bound to: 64'b0000000000000000000000000000000000000000000000000000000000000000 
	Parameter ArianeCfg[CachedRegionLength][13] bound to: 64'b0000000000000000000000000000000000000000000000000000000000000000 
	Parameter ArianeCfg[CachedRegionLength][12] bound to: 64'b0000000000000000000000000000000000000000000000000000000000000000 
	Parameter ArianeCfg[CachedRegionLength][11] bound to: 64'b0000000000000000000000000000000000000000000000000000000000000000 
	Parameter ArianeCfg[CachedRegionLength][10] bound to: 64'b0000000000000000000000000000000000000000000000000000000000000000 
	Parameter ArianeCfg[CachedRegionLength][9] bound to: 64'b0000000000000000000000000000000000000000000000000000000000000000 
	Parameter ArianeCfg[CachedRegionLength][8] bound to: 64'b0000000000000000000000000000000000000000000000000000000000000000 
	Parameter ArianeCfg[CachedRegionLength][7] bound to: 64'b0000000000000000000000000000000000000000000000000000000000000000 
	Parameter ArianeCfg[CachedRegionLength][6] bound to: 64'b0000000000000000000000000000000000000000000000000000000000000000 
	Parameter ArianeCfg[CachedRegionLength][5] bound to: 64'b0000000000000000000000000000000000000000000000000000000000000000 
	Parameter ArianeCfg[CachedRegionLength][4] bound to: 64'b0000000000000000000000000000000000000000000000000000000000000000 
	Parameter ArianeCfg[CachedRegionLength][3] bound to: 64'b0000000000000000000000000000000000000000000000000000000000000000 
	Parameter ArianeCfg[CachedRegionLength][2] bound to: 64'b0000000000000000000000000000000000000000000000000000000000000000 
	Parameter ArianeCfg[CachedRegionLength][1] bound to: 64'b0000000000000000000000000000000000000000000000000000000000000000 
	Parameter ArianeCfg[CachedRegionLength][0] bound to: 64'b0000000000000000000000000000000001000000000000000000000000000000 
	Parameter ArianeCfg[AxiCompliant] bound to: 1'b1 
	Parameter ArianeCfg[SwapEndianess] bound to: 1'b0 
	Parameter ArianeCfg[DmBaseAddress] bound to: 64'b0000000000000000000000000000000000000000000000000000000000000000 
	Parameter ArianeCfg[NrPMPEntries] bound to: 32'b00000000000000000000000000001000 
INFO: [Synth 8-226] default block is never used [/home/jc/tmp/riscv-iommu-demo/cva6/core/cache_subsystem/wt_dcache_ctrl.sv:113]
	Parameter AxiCompliant bound to: 1'b1 
	Parameter AmoTxId bound to: 2'b01 
	Parameter NumPorts bound to: 3 - type: integer 
	Parameter AxiDataWidth bound to: 32'sb00000000000000000000000001000000 
	Parameter WIDTH bound to: 3 - type: integer 
	Parameter WIDTH bound to: 32'b00000000000000000000000000001000 
	Parameter LfsrWidth bound to: 32'b00000000000000000000000000001000 
	Parameter OutWidth bound to: 32'b00000000000000000000000000000011 
	Parameter Seed bound to: 32'b00000000000000000000000000000011 
	Parameter MaxExp bound to: 32'b00000000000000000000000000010000 
WARNING: [Synth 8-693] zero replication count - replication ignored [/home/jc/tmp/riscv-iommu-demo/cva6/vendor/pulp-platform/common_cells/src/exp_backoff.sv:59]
	Parameter ArianeCfg[RASDepth] bound to: 32'sb00000000000000000000000000000010 
	Parameter ArianeCfg[BTBEntries] bound to: 32'sb00000000000000000000000000100000 
	Parameter ArianeCfg[BHTEntries] bound to: 32'sb00000000000000000000000010000000 
	Parameter ArianeCfg[NrNonIdempotentRules] bound to: 32'b00000000000000000000000000000001 
	Parameter ArianeCfg[NonIdempotentAddrBase][15] bound to: 64'b0000000000000000000000000000000000000000000000000000000000000000 
	Parameter ArianeCfg[NonIdempotentAddrBase][14] bound to: 64'b0000000000000000000000000000000000000000000000000000000000000000 
	Parameter ArianeCfg[NonIdempotentAddrBase][13] bound to: 64'b0000000000000000000000000000000000000000000000000000000000000000 
	Parameter ArianeCfg[NonIdempotentAddrBase][12] bound to: 64'b0000000000000000000000000000000000000000000000000000000000000000 
	Parameter ArianeCfg[NonIdempotentAddrBase][11] bound to: 64'b0000000000000000000000000000000000000000000000000000000000000000 
	Parameter ArianeCfg[NonIdempotentAddrBase][10] bound to: 64'b0000000000000000000000000000000000000000000000000000000000000000 
	Parameter ArianeCfg[NonIdempotentAddrBase][9] bound to: 64'b0000000000000000000000000000000000000000000000000000000000000000 
	Parameter ArianeCfg[NonIdempotentAddrBase][8] bound to: 64'b0000000000000000000000000000000000000000000000000000000000000000 
	Parameter ArianeCfg[NonIdempotentAddrBase][7] bound to: 64'b0000000000000000000000000000000000000000000000000000000000000000 
	Parameter ArianeCfg[NonIdempotentAddrBase][6] bound to: 64'b0000000000000000000000000000000000000000000000000000000000000000 
	Parameter ArianeCfg[NonIdempotentAddrBase][5] bound to: 64'b0000000000000000000000000000000000000000000000000000000000000000 
	Parameter ArianeCfg[NonIdempotentAddrBase][4] bound to: 64'b0000000000000000000000000000000000000000000000000000000000000000 
	Parameter ArianeCfg[NonIdempotentAddrBase][3] bound to: 64'b0000000000000000000000000000000000000000000000000000000000000000 
	Parameter ArianeCfg[NonIdempotentAddrBase][2] bound to: 64'b0000000000000000000000000000000000000000000000000000000000000000 
	Parameter ArianeCfg[NonIdempotentAddrBase][1] bound to: 64'b0000000000000000000000000000000000000000000000000000000000000000 
	Parameter ArianeCfg[NonIdempotentAddrBase][0] bound to: 64'b0000000000000000000000000000000000000000000000000000000000000000 
	Parameter ArianeCfg[NonIdempotentLength][15] bound to: 64'b0000000000000000000000000000000000000000000000000000000000000000 
	Parameter ArianeCfg[NonIdempotentLength][14] bound to: 64'b0000000000000000000000000000000000000000000000000000000000000000 
	Parameter ArianeCfg[NonIdempotentLength][13] bound to: 64'b0000000000000000000000000000000000000000000000000000000000000000 
	Parameter ArianeCfg[NonIdempotentLength][12] bound to: 64'b0000000000000000000000000000000000000000000000000000000000000000 
	Parameter ArianeCfg[NonIdempotentLength][11] bound to: 64'b0000000000000000000000000000000000000000000000000000000000000000 
	Parameter ArianeCfg[NonIdempotentLength][10] bound to: 64'b0000000000000000000000000000000000000000000000000000000000000000 
	Parameter ArianeCfg[NonIdempotentLength][9] bound to: 64'b0000000000000000000000000000000000000000000000000000000000000000 
	Parameter ArianeCfg[NonIdempotentLength][8] bound to: 64'b0000000000000000000000000000000000000000000000000000000000000000 
	Parameter ArianeCfg[NonIdempotentLength][7] bound to: 64'b0000000000000000000000000000000000000000000000000000000000000000 
	Parameter ArianeCfg[NonIdempotentLength][6] bound to: 64'b0000000000000000000000000000000000000000000000000000000000000000 
	Parameter ArianeCfg[NonIdempotentLength][5] bound to: 64'b0000000000000000000000000000000000000000000000000000000000000000 
	Parameter ArianeCfg[NonIdempotentLength][4] bound to: 64'b0000000000000000000000000000000000000000000000000000000000000000 
	Parameter ArianeCfg[NonIdempotentLength][3] bound to: 64'b0000000000000000000000000000000000000000000000000000000000000000 
	Parameter ArianeCfg[NonIdempotentLength][2] bound to: 64'b0000000000000000000000000000000000000000000000000000000000000000 
	Parameter ArianeCfg[NonIdempotentLength][1] bound to: 64'b0000000000000000000000000000000000000000000000000000000000000000 
	Parameter ArianeCfg[NonIdempotentLength][0] bound to: 64'b0000000000000000000000000000000010000000000000000000000000000000 
	Parameter ArianeCfg[NrExecuteRegionRules] bound to: 32'b00000000000000000000000000000011 
	Parameter ArianeCfg[ExecuteRegionAddrBase][15] bound to: 64'b0000000000000000000000000000000000000000000000000000000000000000 
	Parameter ArianeCfg[ExecuteRegionAddrBase][14] bound to: 64'b0000000000000000000000000000000000000000000000000000000000000000 
	Parameter ArianeCfg[ExecuteRegionAddrBase][13] bound to: 64'b0000000000000000000000000000000000000000000000000000000000000000 
	Parameter ArianeCfg[ExecuteRegionAddrBase][12] bound to: 64'b0000000000000000000000000000000000000000000000000000000000000000 
	Parameter ArianeCfg[ExecuteRegionAddrBase][11] bound to: 64'b0000000000000000000000000000000000000000000000000000000000000000 
	Parameter ArianeCfg[ExecuteRegionAddrBase][10] bound to: 64'b0000000000000000000000000000000000000000000000000000000000000000 
	Parameter ArianeCfg[ExecuteRegionAddrBase][9] bound to: 64'b0000000000000000000000000000000000000000000000000000000000000000 
	Parameter ArianeCfg[ExecuteRegionAddrBase][8] bound to: 64'b0000000000000000000000000000000000000000000000000000000000000000 
	Parameter ArianeCfg[ExecuteRegionAddrBase][7] bound to: 64'b0000000000000000000000000000000000000000000000000000000000000000 
	Parameter ArianeCfg[ExecuteRegionAddrBase][6] bound to: 64'b0000000000000000000000000000000000000000000000000000000000000000 
	Parameter ArianeCfg[ExecuteRegionAddrBase][5] bound to: 64'b0000000000000000000000000000000000000000000000000000000000000000 
	Parameter ArianeCfg[ExecuteRegionAddrBase][4] bound to: 64'b0000000000000000000000000000000000000000000000000000000000000000 
	Parameter ArianeCfg[ExecuteRegionAddrBase][3] bound to: 64'b0000000000000000000000000000000000000000000000000000000000000000 
	Parameter ArianeCfg[ExecuteRegionAddrBase][2] bound to: 64'b0000000000000000000000000000000010000000000000000000000000000000 
	Parameter ArianeCfg[ExecuteRegionAddrBase][1] bound to: 64'b0000000000000000000000000000000000000000000000010000000000000000 
	Parameter ArianeCfg[ExecuteRegionAddrBase][0] bound to: 64'b0000000000000000000000000000000000000000000000000000000000000000 
	Parameter ArianeCfg[ExecuteRegionLength][15] bound to: 64'b0000000000000000000000000000000000000000000000000000000000000000 
	Parameter ArianeCfg[ExecuteRegionLength][14] bound to: 64'b0000000000000000000000000000000000000000000000000000000000000000 
	Parameter ArianeCfg[ExecuteRegionLength][13] bound to: 64'b0000000000000000000000000000000000000000000000000000000000000000 
	Parameter ArianeCfg[ExecuteRegionLength][12] bound to: 64'b0000000000000000000000000000000000000000000000000000000000000000 
	Parameter ArianeCfg[ExecuteRegionLength][11] bound to: 64'b0000000000000000000000000000000000000000000000000000000000000000 
	Parameter ArianeCfg[ExecuteRegionLength][10] bound to: 64'b0000000000000000000000000000000000000000000000000000000000000000 
	Parameter ArianeCfg[ExecuteRegionLength][9] bound to: 64'b0000000000000000000000000000000000000000000000000000000000000000 
	Parameter ArianeCfg[ExecuteRegionLength][8] bound to: 64'b0000000000000000000000000000000000000000000000000000000000000000 
	Parameter ArianeCfg[ExecuteRegionLength][7] bound to: 64'b0000000000000000000000000000000000000000000000000000000000000000 
	Parameter ArianeCfg[ExecuteRegionLength][6] bound to: 64'b0000000000000000000000000000000000000000000000000000000000000000 
	Parameter ArianeCfg[ExecuteRegionLength][5] bound to: 64'b0000000000000000000000000000000000000000000000000000000000000000 
	Parameter ArianeCfg[ExecuteRegionLength][4] bound to: 64'b0000000000000000000000000000000000000000000000000000000000000000 
	Parameter ArianeCfg[ExecuteRegionLength][3] bound to: 64'b0000000000000000000000000000000000000000000000000000000000000000 
	Parameter ArianeCfg[ExecuteRegionLength][2] bound to: 64'b0000000000000000000000000000000001000000000000000000000000000000 
	Parameter ArianeCfg[ExecuteRegionLength][1] bound to: 64'b0000000000000000000000000000000000000000000000010000000000000000 
	Parameter ArianeCfg[ExecuteRegionLength][0] bound to: 64'b0000000000000000000000000000000000000000000000000001000000000000 
	Parameter ArianeCfg[NrCachedRegionRules] bound to: 32'b00000000000000000000000000000001 
	Parameter ArianeCfg[CachedRegionAddrBase][15] bound to: 64'b0000000000000000000000000000000000000000000000000000000000000000 
	Parameter ArianeCfg[CachedRegionAddrBase][14] bound to: 64'b0000000000000000000000000000000000000000000000000000000000000000 
	Parameter ArianeCfg[CachedRegionAddrBase][13] bound to: 64'b0000000000000000000000000000000000000000000000000000000000000000 
	Parameter ArianeCfg[CachedRegionAddrBase][12] bound to: 64'b0000000000000000000000000000000000000000000000000000000000000000 
	Parameter ArianeCfg[CachedRegionAddrBase][11] bound to: 64'b0000000000000000000000000000000000000000000000000000000000000000 
	Parameter ArianeCfg[CachedRegionAddrBase][10] bound to: 64'b0000000000000000000000000000000000000000000000000000000000000000 
	Parameter ArianeCfg[CachedRegionAddrBase][9] bound to: 64'b0000000000000000000000000000000000000000000000000000000000000000 
	Parameter ArianeCfg[CachedRegionAddrBase][8] bound to: 64'b0000000000000000000000000000000000000000000000000000000000000000 
	Parameter ArianeCfg[CachedRegionAddrBase][7] bound to: 64'b0000000000000000000000000000000000000000000000000000000000000000 
	Parameter ArianeCfg[CachedRegionAddrBase][6] bound to: 64'b0000000000000000000000000000000000000000000000000000000000000000 
	Parameter ArianeCfg[CachedRegionAddrBase][5] bound to: 64'b0000000000000000000000000000000000000000000000000000000000000000 
	Parameter ArianeCfg[CachedRegionAddrBase][4] bound to: 64'b0000000000000000000000000000000000000000000000000000000000000000 
	Parameter ArianeCfg[CachedRegionAddrBase][3] bound to: 64'b0000000000000000000000000000000000000000000000000000000000000000 
	Parameter ArianeCfg[CachedRegionAddrBase][2] bound to: 64'b0000000000000000000000000000000000000000000000000000000000000000 
	Parameter ArianeCfg[CachedRegionAddrBase][1] bound to: 64'b0000000000000000000000000000000000000000000000000000000000000000 
	Parameter ArianeCfg[CachedRegionAddrBase][0] bound to: 64'b0000000000000000000000000000000010000000000000000000000000000000 
	Parameter ArianeCfg[CachedRegionLength][15] bound to: 64'b0000000000000000000000000000000000000000000000000000000000000000 
	Parameter ArianeCfg[CachedRegionLength][14] bound to: 64'b0000000000000000000000000000000000000000000000000000000000000000 
	Parameter ArianeCfg[CachedRegionLength][13] bound to: 64'b0000000000000000000000000000000000000000000000000000000000000000 
	Parameter ArianeCfg[CachedRegionLength][12] bound to: 64'b0000000000000000000000000000000000000000000000000000000000000000 
	Parameter ArianeCfg[CachedRegionLength][11] bound to: 64'b0000000000000000000000000000000000000000000000000000000000000000 
	Parameter ArianeCfg[CachedRegionLength][10] bound to: 64'b0000000000000000000000000000000000000000000000000000000000000000 
	Parameter ArianeCfg[CachedRegionLength][9] bound to: 64'b0000000000000000000000000000000000000000000000000000000000000000 
	Parameter ArianeCfg[CachedRegionLength][8] bound to: 64'b0000000000000000000000000000000000000000000000000000000000000000 
	Parameter ArianeCfg[CachedRegionLength][7] bound to: 64'b0000000000000000000000000000000000000000000000000000000000000000 
	Parameter ArianeCfg[CachedRegionLength][6] bound to: 64'b0000000000000000000000000000000000000000000000000000000000000000 
	Parameter ArianeCfg[CachedRegionLength][5] bound to: 64'b0000000000000000000000000000000000000000000000000000000000000000 
	Parameter ArianeCfg[CachedRegionLength][4] bound to: 64'b0000000000000000000000000000000000000000000000000000000000000000 
	Parameter ArianeCfg[CachedRegionLength][3] bound to: 64'b0000000000000000000000000000000000000000000000000000000000000000 
	Parameter ArianeCfg[CachedRegionLength][2] bound to: 64'b0000000000000000000000000000000000000000000000000000000000000000 
	Parameter ArianeCfg[CachedRegionLength][1] bound to: 64'b0000000000000000000000000000000000000000000000000000000000000000 
	Parameter ArianeCfg[CachedRegionLength][0] bound to: 64'b0000000000000000000000000000000001000000000000000000000000000000 
	Parameter ArianeCfg[AxiCompliant] bound to: 1'b1 
	Parameter ArianeCfg[SwapEndianess] bound to: 1'b0 
	Parameter ArianeCfg[DmBaseAddress] bound to: 64'b0000000000000000000000000000000000000000000000000000000000000000 
	Parameter ArianeCfg[NrPMPEntries] bound to: 32'b00000000000000000000000000001000 
	Parameter FALL_THROUGH bound to: 1'b0 
	Parameter DATA_WIDTH bound to: 32'b00000000000000000000000000000010 
	Parameter DEPTH bound to: 32'b00000000000000000000000000000100 
	Parameter NumIn bound to: 32'b00000000000000000000000000000100 
	Parameter DataWidth bound to: 32'b00000000000000000000000000000001 
	Parameter LockIn bound to: 1'b1 
	Parameter NumIn bound to: 32'b00000000000000000000000000001000 
	Parameter LockIn bound to: 1'b1 
	Parameter NumIn bound to: 32'b00000000000000000000000000001000 
	Parameter AxiCompliant bound to: 1'b1 
	Parameter AxiDataWidth bound to: 32'b00000000000000000000000001000000 
	Parameter NumPorts bound to: 3 - type: integer 
	Parameter DATA_WIDTH bound to: 512 - type: integer 
	Parameter USER_WIDTH bound to: 8 - type: integer 
	Parameter USER_EN bound to: 0 - type: integer 
	Parameter NUM_WORDS bound to: 256 - type: integer 
	Parameter NumIn bound to: 3 - type: integer 
	Parameter DataWidth bound to: 32'b00000000000000000000000000000001 
	Parameter AxiAddrWidth bound to: 32'b00000000000000000000000001000000 
	Parameter AxiDataWidth bound to: 32'b00000000000000000000000001000000 
	Parameter AxiIdWidth bound to: 32'b00000000000000000000000000000100 
	Parameter NumIn bound to: 32'b00000000000000000000000000000010 
	Parameter DataWidth bound to: 32'b00000000000000000000000000000001 
	Parameter AxiVldRdy bound to: 1'b1 
	Parameter LockIn bound to: 1'b1 
	Parameter DEPTH bound to: 32'b00000000000000000000000000000010 
	Parameter DEPTH bound to: 32'b00000000000000000000000000000010 
	Parameter FALL_THROUGH bound to: 1'b1 
	Parameter DATA_WIDTH bound to: 32'b00000000000000000000000000000101 
	Parameter DEPTH bound to: 32'b00000000000000000000000000000100 
	Parameter AxiUserWidth bound to: 32'b00000000000000000000000000000001 
	Parameter AxiNumWords bound to: 2 - type: integer 
	Parameter AxiAddrWidth bound to: 32'b00000000000000000000000001000000 
	Parameter AxiDataWidth bound to: 32'b00000000000000000000000001000000 
	Parameter AxiIdWidth bound to: 32'b00000000000000000000000000000100 
	Parameter AXI_ADDR_WIDTH bound to: 64 - type: integer 
	Parameter AXI_DATA_WIDTH bound to: 64 - type: integer 
	Parameter AXI_ID_WIDTH bound to: 6 - type: integer 
	Parameter NR_CORES bound to: 32'b00000000000000000000000000000001 
	Parameter AXI_ADDR_WIDTH bound to: 64 - type: integer 
	Parameter AXI_DATA_WIDTH bound to: 64 - type: integer 
	Parameter AXI_ID_WIDTH bound to: 6 - type: integer 
INFO: [Synth 8-226] default block is never used [/home/jc/tmp/riscv-iommu-demo/cva6/corev_apu/clint/axi_lite_interface.sv:78]
	Parameter STAGES bound to: 32'b00000000000000000000000000000010 
	Parameter AXI_ID_WIDTH bound to: 6 - type: integer 
	Parameter AXI_ADDR_WIDTH bound to: 64 - type: integer 
	Parameter AXI_DATA_WIDTH bound to: 64 - type: integer 
	Parameter AXI_USER_WIDTH bound to: 1 - type: integer 
INFO: [Synth 8-155] case statement is not full and has no default [/home/jc/tmp/riscv-iommu-demo/cva6/corev_apu/axi_mem_if/src/axi2mem.sv:192]
INFO: [Synth 8-155] case statement is not full and has no default [/home/jc/tmp/riscv-iommu-demo/cva6/corev_apu/axi_mem_if/src/axi2mem.sv:234]
INFO: [Synth 8-155] case statement is not full and has no default [/home/jc/tmp/riscv-iommu-demo/cva6/corev_apu/axi_mem_if/src/axi2mem.sv:122]
	Parameter AxiAddrWidth bound to: 64 - type: integer 
	Parameter AxiDataWidth bound to: 64 - type: integer 
	Parameter AxiIdWidth bound to: 6 - type: integer 
	Parameter AxiUserWidth bound to: 1 - type: integer 
	Parameter InclUART bound to: 1'b1 
	Parameter InclSPI bound to: 1'b1 
	Parameter InclEthernet bound to: 1'b1 
	Parameter InclGPIO bound to: 1'b1 
	Parameter InclHWICAP bound to: 1'b1 
	Parameter InclDMA bound to: 1'b1 
	Parameter InclDMA2 bound to: 1'b1 
	Parameter InclIOMMU bound to: 1'b1 
INFO: [Synth 8-638] synthesizing module 'apb_uart' [/home/jc/tmp/riscv-iommu-demo/cva6/corev_apu/fpga/src/apb_uart/src/apb_uart.vhd:66]
INFO: [Synth 8-3491] module 'slib_input_sync' declared at '/home/jc/tmp/riscv-iommu-demo/cva6/corev_apu/fpga/src/apb_uart/src/slib_input_sync.vhd:28' bound to instance 'UART_IS_SIN' of component 'slib_input_sync' [/home/jc/tmp/riscv-iommu-demo/cva6/corev_apu/fpga/src/apb_uart/src/apb_uart.vhd:396]
INFO: [Synth 8-638] synthesizing module 'slib_input_sync' [/home/jc/tmp/riscv-iommu-demo/cva6/corev_apu/fpga/src/apb_uart/src/slib_input_sync.vhd:37]
INFO: [Synth 8-256] done synthesizing module 'slib_input_sync' (0#1) [/home/jc/tmp/riscv-iommu-demo/cva6/corev_apu/fpga/src/apb_uart/src/slib_input_sync.vhd:37]
INFO: [Synth 8-3491] module 'slib_input_sync' declared at '/home/jc/tmp/riscv-iommu-demo/cva6/corev_apu/fpga/src/apb_uart/src/slib_input_sync.vhd:28' bound to instance 'UART_IS_CTS' of component 'slib_input_sync' [/home/jc/tmp/riscv-iommu-demo/cva6/corev_apu/fpga/src/apb_uart/src/apb_uart.vhd:397]
INFO: [Synth 8-3491] module 'slib_input_sync' declared at '/home/jc/tmp/riscv-iommu-demo/cva6/corev_apu/fpga/src/apb_uart/src/slib_input_sync.vhd:28' bound to instance 'UART_IS_DSR' of component 'slib_input_sync' [/home/jc/tmp/riscv-iommu-demo/cva6/corev_apu/fpga/src/apb_uart/src/apb_uart.vhd:398]
INFO: [Synth 8-3491] module 'slib_input_sync' declared at '/home/jc/tmp/riscv-iommu-demo/cva6/corev_apu/fpga/src/apb_uart/src/slib_input_sync.vhd:28' bound to instance 'UART_IS_DCD' of component 'slib_input_sync' [/home/jc/tmp/riscv-iommu-demo/cva6/corev_apu/fpga/src/apb_uart/src/apb_uart.vhd:399]
INFO: [Synth 8-3491] module 'slib_input_sync' declared at '/home/jc/tmp/riscv-iommu-demo/cva6/corev_apu/fpga/src/apb_uart/src/slib_input_sync.vhd:28' bound to instance 'UART_IS_RI' of component 'slib_input_sync' [/home/jc/tmp/riscv-iommu-demo/cva6/corev_apu/fpga/src/apb_uart/src/apb_uart.vhd:400]
	Parameter SIZE bound to: 2 - type: integer 
INFO: [Synth 8-3491] module 'slib_input_filter' declared at '/home/jc/tmp/riscv-iommu-demo/cva6/corev_apu/fpga/src/apb_uart/src/slib_input_filter.vhd:28' bound to instance 'UART_IF_CTS' of component 'slib_input_filter' [/home/jc/tmp/riscv-iommu-demo/cva6/corev_apu/fpga/src/apb_uart/src/apb_uart.vhd:403]
INFO: [Synth 8-638] synthesizing module 'slib_input_filter' [/home/jc/tmp/riscv-iommu-demo/cva6/corev_apu/fpga/src/apb_uart/src/slib_input_filter.vhd:41]
	Parameter SIZE bound to: 2 - type: integer 
INFO: [Synth 8-256] done synthesizing module 'slib_input_filter' (0#1) [/home/jc/tmp/riscv-iommu-demo/cva6/corev_apu/fpga/src/apb_uart/src/slib_input_filter.vhd:41]
	Parameter SIZE bound to: 2 - type: integer 
INFO: [Synth 8-3491] module 'slib_input_filter' declared at '/home/jc/tmp/riscv-iommu-demo/cva6/corev_apu/fpga/src/apb_uart/src/slib_input_filter.vhd:28' bound to instance 'UART_IF_DSR' of component 'slib_input_filter' [/home/jc/tmp/riscv-iommu-demo/cva6/corev_apu/fpga/src/apb_uart/src/apb_uart.vhd:404]
	Parameter SIZE bound to: 2 - type: integer 
INFO: [Synth 8-3491] module 'slib_input_filter' declared at '/home/jc/tmp/riscv-iommu-demo/cva6/corev_apu/fpga/src/apb_uart/src/slib_input_filter.vhd:28' bound to instance 'UART_IF_DCD' of component 'slib_input_filter' [/home/jc/tmp/riscv-iommu-demo/cva6/corev_apu/fpga/src/apb_uart/src/apb_uart.vhd:405]
	Parameter SIZE bound to: 2 - type: integer 
INFO: [Synth 8-3491] module 'slib_input_filter' declared at '/home/jc/tmp/riscv-iommu-demo/cva6/corev_apu/fpga/src/apb_uart/src/slib_input_filter.vhd:28' bound to instance 'UART_IF_RI' of component 'slib_input_filter' [/home/jc/tmp/riscv-iommu-demo/cva6/corev_apu/fpga/src/apb_uart/src/apb_uart.vhd:406]
INFO: [Synth 8-3491] module 'uart_interrupt' declared at '/home/jc/tmp/riscv-iommu-demo/cva6/corev_apu/fpga/src/apb_uart/src/uart_interrupt.vhd:33' bound to instance 'UART_IIC' of component 'uart_interrupt' [/home/jc/tmp/riscv-iommu-demo/cva6/corev_apu/fpga/src/apb_uart/src/apb_uart.vhd:444]
INFO: [Synth 8-638] synthesizing module 'uart_interrupt' [/home/jc/tmp/riscv-iommu-demo/cva6/corev_apu/fpga/src/apb_uart/src/uart_interrupt.vhd:49]
INFO: [Synth 8-256] done synthesizing module 'uart_interrupt' (0#1) [/home/jc/tmp/riscv-iommu-demo/cva6/corev_apu/fpga/src/apb_uart/src/uart_interrupt.vhd:49]
INFO: [Synth 8-3491] module 'slib_edge_detect' declared at '/home/jc/tmp/riscv-iommu-demo/cva6/corev_apu/fpga/src/apb_uart/src/slib_edge_detect.vhd:28' bound to instance 'UART_IIC_THRE_ED' of component 'slib_edge_detect' [/home/jc/tmp/riscv-iommu-demo/cva6/corev_apu/fpga/src/apb_uart/src/apb_uart.vhd:457]
INFO: [Synth 8-638] synthesizing module 'slib_edge_detect' [/home/jc/tmp/riscv-iommu-demo/cva6/corev_apu/fpga/src/apb_uart/src/slib_edge_detect.vhd:38]
INFO: [Synth 8-256] done synthesizing module 'slib_edge_detect' (0#1) [/home/jc/tmp/riscv-iommu-demo/cva6/corev_apu/fpga/src/apb_uart/src/slib_edge_detect.vhd:38]
INFO: [Synth 8-3491] module 'slib_edge_detect' declared at '/home/jc/tmp/riscv-iommu-demo/cva6/corev_apu/fpga/src/apb_uart/src/slib_edge_detect.vhd:28' bound to instance 'UART_PEDET' of component 'slib_edge_detect' [/home/jc/tmp/riscv-iommu-demo/cva6/corev_apu/fpga/src/apb_uart/src/apb_uart.vhd:657]
INFO: [Synth 8-3491] module 'slib_edge_detect' declared at '/home/jc/tmp/riscv-iommu-demo/cva6/corev_apu/fpga/src/apb_uart/src/slib_edge_detect.vhd:28' bound to instance 'UART_FEDET' of component 'slib_edge_detect' [/home/jc/tmp/riscv-iommu-demo/cva6/corev_apu/fpga/src/apb_uart/src/apb_uart.vhd:658]
INFO: [Synth 8-3491] module 'slib_edge_detect' declared at '/home/jc/tmp/riscv-iommu-demo/cva6/corev_apu/fpga/src/apb_uart/src/slib_edge_detect.vhd:28' bound to instance 'UART_BIDET' of component 'slib_edge_detect' [/home/jc/tmp/riscv-iommu-demo/cva6/corev_apu/fpga/src/apb_uart/src/apb_uart.vhd:659]
INFO: [Synth 8-3491] module 'slib_edge_detect' declared at '/home/jc/tmp/riscv-iommu-demo/cva6/corev_apu/fpga/src/apb_uart/src/slib_edge_detect.vhd:28' bound to instance 'UART_ED_CTS' of component 'slib_edge_detect' [/home/jc/tmp/riscv-iommu-demo/cva6/corev_apu/fpga/src/apb_uart/src/apb_uart.vhd:683]
INFO: [Synth 8-3491] module 'slib_edge_detect' declared at '/home/jc/tmp/riscv-iommu-demo/cva6/corev_apu/fpga/src/apb_uart/src/slib_edge_detect.vhd:28' bound to instance 'UART_ED_DSR' of component 'slib_edge_detect' [/home/jc/tmp/riscv-iommu-demo/cva6/corev_apu/fpga/src/apb_uart/src/apb_uart.vhd:684]
INFO: [Synth 8-3491] module 'slib_edge_detect' declared at '/home/jc/tmp/riscv-iommu-demo/cva6/corev_apu/fpga/src/apb_uart/src/slib_edge_detect.vhd:28' bound to instance 'UART_ED_RI' of component 'slib_edge_detect' [/home/jc/tmp/riscv-iommu-demo/cva6/corev_apu/fpga/src/apb_uart/src/apb_uart.vhd:685]
INFO: [Synth 8-3491] module 'slib_edge_detect' declared at '/home/jc/tmp/riscv-iommu-demo/cva6/corev_apu/fpga/src/apb_uart/src/slib_edge_detect.vhd:28' bound to instance 'UART_ED_DCD' of component 'slib_edge_detect' [/home/jc/tmp/riscv-iommu-demo/cva6/corev_apu/fpga/src/apb_uart/src/apb_uart.vhd:686]
INFO: [Synth 8-3491] module 'uart_baudgen' declared at '/home/jc/tmp/riscv-iommu-demo/cva6/corev_apu/fpga/src/apb_uart/src/uart_baudgen.vhd:29' bound to instance 'UART_BG16' of component 'uart_baudgen' [/home/jc/tmp/riscv-iommu-demo/cva6/corev_apu/fpga/src/apb_uart/src/apb_uart.vhd:747]
INFO: [Synth 8-638] synthesizing module 'uart_baudgen' [/home/jc/tmp/riscv-iommu-demo/cva6/corev_apu/fpga/src/apb_uart/src/uart_baudgen.vhd:40]
INFO: [Synth 8-256] done synthesizing module 'uart_baudgen' (0#1) [/home/jc/tmp/riscv-iommu-demo/cva6/corev_apu/fpga/src/apb_uart/src/uart_baudgen.vhd:40]
	Parameter RATIO bound to: 8 - type: integer 
INFO: [Synth 8-3491] module 'slib_clock_div' declared at '/home/jc/tmp/riscv-iommu-demo/cva6/corev_apu/fpga/src/apb_uart/src/slib_clock_div.vhd:29' bound to instance 'UART_BG2' of component 'slib_clock_div' [/home/jc/tmp/riscv-iommu-demo/cva6/corev_apu/fpga/src/apb_uart/src/apb_uart.vhd:754]
INFO: [Synth 8-638] synthesizing module 'slib_clock_div' [/home/jc/tmp/riscv-iommu-demo/cva6/corev_apu/fpga/src/apb_uart/src/slib_clock_div.vhd:41]
	Parameter RATIO bound to: 8 - type: integer 
INFO: [Synth 8-256] done synthesizing module 'slib_clock_div' (0#1) [/home/jc/tmp/riscv-iommu-demo/cva6/corev_apu/fpga/src/apb_uart/src/slib_clock_div.vhd:41]
INFO: [Synth 8-3491] module 'slib_edge_detect' declared at '/home/jc/tmp/riscv-iommu-demo/cva6/corev_apu/fpga/src/apb_uart/src/slib_edge_detect.vhd:28' bound to instance 'UART_RCLK' of component 'slib_edge_detect' [/home/jc/tmp/riscv-iommu-demo/cva6/corev_apu/fpga/src/apb_uart/src/apb_uart.vhd:760]
	Parameter WIDTH bound to: 8 - type: integer 
	Parameter SIZE_E bound to: 6 - type: integer 
INFO: [Synth 8-3491] module 'slib_fifo' declared at '/home/jc/tmp/riscv-iommu-demo/cva6/corev_apu/fpga/src/apb_uart/src/slib_fifo.vhd:29' bound to instance 'UART_TXFF' of component 'slib_fifo' [/home/jc/tmp/riscv-iommu-demo/cva6/corev_apu/fpga/src/apb_uart/src/apb_uart.vhd:767]
INFO: [Synth 8-638] synthesizing module 'slib_fifo' [/home/jc/tmp/riscv-iommu-demo/cva6/corev_apu/fpga/src/apb_uart/src/slib_fifo.vhd:48]
	Parameter WIDTH bound to: 8 - type: integer 
	Parameter SIZE_E bound to: 6 - type: integer 
INFO: [Synth 8-256] done synthesizing module 'slib_fifo' (0#1) [/home/jc/tmp/riscv-iommu-demo/cva6/corev_apu/fpga/src/apb_uart/src/slib_fifo.vhd:48]
	Parameter WIDTH bound to: 11 - type: integer 
	Parameter SIZE_E bound to: 6 - type: integer 
INFO: [Synth 8-3491] module 'slib_fifo' declared at '/home/jc/tmp/riscv-iommu-demo/cva6/corev_apu/fpga/src/apb_uart/src/slib_fifo.vhd:29' bound to instance 'UART_RXFF' of component 'slib_fifo' [/home/jc/tmp/riscv-iommu-demo/cva6/corev_apu/fpga/src/apb_uart/src/apb_uart.vhd:786]
INFO: [Synth 8-638] synthesizing module 'slib_fifo__parameterized1' [/home/jc/tmp/riscv-iommu-demo/cva6/corev_apu/fpga/src/apb_uart/src/slib_fifo.vhd:48]
	Parameter WIDTH bound to: 11 - type: integer 
	Parameter SIZE_E bound to: 6 - type: integer 
INFO: [Synth 8-256] done synthesizing module 'slib_fifo__parameterized1' (0#1) [/home/jc/tmp/riscv-iommu-demo/cva6/corev_apu/fpga/src/apb_uart/src/slib_fifo.vhd:48]
INFO: [Synth 8-3491] module 'uart_transmitter' declared at '/home/jc/tmp/riscv-iommu-demo/cva6/corev_apu/fpga/src/apb_uart/src/uart_transmitter.vhd:29' bound to instance 'UART_TX' of component 'uart_transmitter' [/home/jc/tmp/riscv-iommu-demo/cva6/corev_apu/fpga/src/apb_uart/src/apb_uart.vhd:822]
INFO: [Synth 8-638] synthesizing module 'uart_transmitter' [/home/jc/tmp/riscv-iommu-demo/cva6/corev_apu/fpga/src/apb_uart/src/uart_transmitter.vhd:48]
INFO: [Synth 8-256] done synthesizing module 'uart_transmitter' (0#1) [/home/jc/tmp/riscv-iommu-demo/cva6/corev_apu/fpga/src/apb_uart/src/uart_transmitter.vhd:48]
INFO: [Synth 8-3491] module 'uart_receiver' declared at '/home/jc/tmp/riscv-iommu-demo/cva6/corev_apu/fpga/src/apb_uart/src/uart_receiver.vhd:29' bound to instance 'UART_RX' of component 'uart_receiver' [/home/jc/tmp/riscv-iommu-demo/cva6/corev_apu/fpga/src/apb_uart/src/apb_uart.vhd:840]
INFO: [Synth 8-638] synthesizing module 'uart_receiver' [/home/jc/tmp/riscv-iommu-demo/cva6/corev_apu/fpga/src/apb_uart/src/uart_receiver.vhd:49]
	Parameter WIDTH bound to: 4 - type: integer 
INFO: [Synth 8-3491] module 'slib_counter' declared at '/home/jc/tmp/riscv-iommu-demo/cva6/corev_apu/fpga/src/apb_uart/src/slib_counter.vhd:29' bound to instance 'RX_BRC' of component 'slib_counter' [/home/jc/tmp/riscv-iommu-demo/cva6/corev_apu/fpga/src/apb_uart/src/uart_receiver.vhd:122]
INFO: [Synth 8-638] synthesizing module 'slib_counter' [/home/jc/tmp/riscv-iommu-demo/cva6/corev_apu/fpga/src/apb_uart/src/slib_counter.vhd:46]
	Parameter WIDTH bound to: 4 - type: integer 
INFO: [Synth 8-256] done synthesizing module 'slib_counter' (0#1) [/home/jc/tmp/riscv-iommu-demo/cva6/corev_apu/fpga/src/apb_uart/src/slib_counter.vhd:46]
	Parameter WIDTH bound to: 4 - type: integer 
	Parameter THRESHOLD bound to: 10 - type: integer 
INFO: [Synth 8-3491] module 'slib_mv_filter' declared at '/home/jc/tmp/riscv-iommu-demo/cva6/corev_apu/fpga/src/apb_uart/src/slib_mv_filter.vhd:29' bound to instance 'RX_MVF' of component 'slib_mv_filter' [/home/jc/tmp/riscv-iommu-demo/cva6/corev_apu/fpga/src/apb_uart/src/uart_receiver.vhd:137]
INFO: [Synth 8-638] synthesizing module 'slib_mv_filter' [/home/jc/tmp/riscv-iommu-demo/cva6/corev_apu/fpga/src/apb_uart/src/slib_mv_filter.vhd:44]
	Parameter WIDTH bound to: 4 - type: integer 
	Parameter THRESHOLD bound to: 10 - type: integer 
INFO: [Synth 8-256] done synthesizing module 'slib_mv_filter' (0#1) [/home/jc/tmp/riscv-iommu-demo/cva6/corev_apu/fpga/src/apb_uart/src/slib_mv_filter.vhd:44]
	Parameter SIZE bound to: 4 - type: integer 
INFO: [Synth 8-3491] module 'slib_input_filter' declared at '/home/jc/tmp/riscv-iommu-demo/cva6/corev_apu/fpga/src/apb_uart/src/slib_input_filter.vhd:28' bound to instance 'RX_IFSB' of component 'slib_input_filter' [/home/jc/tmp/riscv-iommu-demo/cva6/corev_apu/fpga/src/apb_uart/src/uart_receiver.vhd:150]
INFO: [Synth 8-638] synthesizing module 'slib_input_filter__parameterized2' [/home/jc/tmp/riscv-iommu-demo/cva6/corev_apu/fpga/src/apb_uart/src/slib_input_filter.vhd:41]
	Parameter SIZE bound to: 4 - type: integer 
INFO: [Synth 8-256] done synthesizing module 'slib_input_filter__parameterized2' (0#1) [/home/jc/tmp/riscv-iommu-demo/cva6/corev_apu/fpga/src/apb_uart/src/slib_input_filter.vhd:41]
INFO: [Synth 8-256] done synthesizing module 'uart_receiver' (0#1) [/home/jc/tmp/riscv-iommu-demo/cva6/corev_apu/fpga/src/apb_uart/src/uart_receiver.vhd:49]
INFO: [Synth 8-226] default block is never used [/home/jc/tmp/riscv-iommu-demo/cva6/corev_apu/fpga/src/apb_uart/src/apb_uart.vhd:880]
INFO: [Synth 8-226] default block is never used [/home/jc/tmp/riscv-iommu-demo/cva6/corev_apu/fpga/src/apb_uart/src/apb_uart.vhd:919]
INFO: [Synth 8-226] default block is never used [/home/jc/tmp/riscv-iommu-demo/cva6/corev_apu/fpga/src/apb_uart/src/apb_uart.vhd:1006]
INFO: [Synth 8-256] done synthesizing module 'apb_uart' (0#1) [/home/jc/tmp/riscv-iommu-demo/cva6/corev_apu/fpga/src/apb_uart/src/apb_uart.vhd:66]
WARNING: [Synth 8-689] width (4) of port connection 'm_axi_awprot' does not match port width (3) of module 'xlnx_axi_dwidth_converter' [/home/jc/tmp/riscv-iommu-demo/cva6/corev_apu/fpga/src/ariane_peripherals_xilinx.sv:265]
WARNING: [Synth 8-689] width (4) of port connection 'm_axi_arprot' does not match port width (3) of module 'xlnx_axi_dwidth_converter' [/home/jc/tmp/riscv-iommu-demo/cva6/corev_apu/fpga/src/ariane_peripherals_xilinx.sv:274]
WARNING: [Synth 8-689] width (4) of port connection 's_axi4_awprot' does not match port width (3) of module 'xlnx_axi_quad_spi' [/home/jc/tmp/riscv-iommu-demo/cva6/corev_apu/fpga/src/ariane_peripherals_xilinx.sv:287]
WARNING: [Synth 8-689] width (4) of port connection 's_axi4_arprot' does not match port width (3) of module 'xlnx_axi_quad_spi' [/home/jc/tmp/riscv-iommu-demo/cva6/corev_apu/fpga/src/ariane_peripherals_xilinx.sv:296]
	Parameter AXI_ID_WIDTH bound to: 6 - type: integer 
	Parameter AXI_ADDR_WIDTH bound to: 64 - type: integer 
	Parameter AXI_DATA_WIDTH bound to: 64 - type: integer 
	Parameter AXI_USER_WIDTH bound to: 1 - type: integer 
INFO: [Synth 8-155] case statement is not full and has no default [/home/jc/tmp/riscv-iommu-demo/cva6/corev_apu/axi_mem_if/src/axi2mem.sv:192]
INFO: [Synth 8-155] case statement is not full and has no default [/home/jc/tmp/riscv-iommu-demo/cva6/corev_apu/axi_mem_if/src/axi2mem.sv:234]
INFO: [Synth 8-155] case statement is not full and has no default [/home/jc/tmp/riscv-iommu-demo/cva6/corev_apu/axi_mem_if/src/axi2mem.sv:122]
WARNING: [Synth 8-4446] all outputs are unconnected for this instance and logic may be removed [/home/jc/tmp/riscv-iommu-demo/cva6/corev_apu/fpga/src/ariane-ethernet/rgmii_soc.sv:86]
	Parameter IDELAY_TYPE bound to: FIXED - type: string 
	Parameter TARGET bound to: XILINX - type: string 
	Parameter IODDR_STYLE bound to: IODDR - type: string 
	Parameter CLOCK_INPUT_STYLE bound to: BUFR - type: string 
	Parameter USE_CLK90 bound to: TRUE - type: string 
	Parameter ENABLE_PADDING bound to: 1 - type: integer 
	Parameter MIN_FRAME_LENGTH bound to: 64 - type: integer 
	Parameter TX_FIFO_ADDR_WIDTH bound to: 12 - type: integer 
	Parameter TX_FRAME_FIFO bound to: 1 - type: integer 
	Parameter RX_FIFO_ADDR_WIDTH bound to: 12 - type: integer 
	Parameter RX_FRAME_FIFO bound to: 1 - type: integer 
	Parameter TARGET bound to: XILINX - type: string 
	Parameter IODDR_STYLE bound to: IODDR - type: string 
	Parameter CLOCK_INPUT_STYLE bound to: BUFR - type: string 
	Parameter USE_CLK90 bound to: TRUE - type: string 
	Parameter ENABLE_PADDING bound to: 1 - type: integer 
	Parameter MIN_FRAME_LENGTH bound to: 64 - type: integer 
	Parameter TARGET bound to: XILINX - type: string 
	Parameter IODDR_STYLE bound to: IODDR - type: string 
	Parameter CLOCK_INPUT_STYLE bound to: BUFR - type: string 
	Parameter USE_CLK90 bound to: TRUE - type: string 
	Parameter TARGET bound to: XILINX - type: string 
	Parameter IODDR_STYLE bound to: IODDR - type: string 
	Parameter CLOCK_INPUT_STYLE bound to: BUFR - type: string 
	Parameter WIDTH bound to: 5 - type: integer 
	Parameter BUFR_DIVIDE bound to: BYPASS - type: string 
	Parameter TARGET bound to: XILINX - type: string 
	Parameter IODDR_STYLE bound to: IODDR - type: string 
	Parameter WIDTH bound to: 5 - type: integer 
	Parameter DDR_CLK_EDGE bound to: SAME_EDGE_PIPELINED - type: string 
	Parameter SRTYPE bound to: ASYNC - type: string 
	Parameter TARGET bound to: XILINX - type: string 
	Parameter IODDR_STYLE bound to: IODDR - type: string 
	Parameter WIDTH bound to: 1 - type: integer 
	Parameter DDR_CLK_EDGE bound to: SAME_EDGE - type: string 
	Parameter SRTYPE bound to: ASYNC - type: string 
	Parameter TARGET bound to: XILINX - type: string 
	Parameter IODDR_STYLE bound to: IODDR - type: string 
	Parameter WIDTH bound to: 5 - type: integer 
	Parameter ENABLE_PADDING bound to: 1 - type: integer 
	Parameter MIN_FRAME_LENGTH bound to: 64 - type: integer 
	Parameter LFSR_WIDTH bound to: 32 - type: integer 
	Parameter LFSR_POLY bound to: 79764919 - type: integer 
	Parameter LFSR_CONFIG bound to: GALOIS - type: string 
	Parameter LFSR_FEED_FORWARD bound to: 0 - type: integer 
	Parameter REVERSE bound to: 1 - type: integer 
	Parameter DATA_WIDTH bound to: 8 - type: integer 
	Parameter STYLE bound to: AUTO - type: string 
	Parameter ENABLE_PADDING bound to: 1 - type: integer 
	Parameter MIN_FRAME_LENGTH bound to: 64 - type: integer 
	Parameter DRIVE bound to: 12 - type: integer 
	Parameter IBUF_LOW_PWR bound to: TRUE - type: string 
	Parameter IOSTANDARD bound to: DEFAULT - type: string 
	Parameter SLEW bound to: SLOW - type: string 
	Parameter AXI4_ADDRESS_WIDTH bound to: 64 - type: integer 
	Parameter AXI4_RDATA_WIDTH bound to: 64 - type: integer 
	Parameter AXI4_WDATA_WIDTH bound to: 64 - type: integer 
	Parameter AXI4_ID_WIDTH bound to: 6 - type: integer 
	Parameter AXI4_USER_WIDTH bound to: 1 - type: integer 
	Parameter BUFF_DEPTH_SLAVE bound to: 32'b00000000000000000000000000000010 
	Parameter APB_ADDR_WIDTH bound to: 32'b00000000000000000000000000100000 
	Parameter ID_WIDTH bound to: 6 - type: integer 
	Parameter ADDR_WIDTH bound to: 64 - type: integer 
	Parameter USER_WIDTH bound to: 1 - type: integer 
	Parameter BUFFER_DEPTH bound to: 32'sb00000000000000000000000000000010 
	Parameter BUFFER_DEPTH bound to: 32'sb00000000000000000000000000000010 
	Parameter DATA_WIDTH bound to: 32'sb00000000000000000000000001100100 
	Parameter FALL_THROUGH bound to: 1'b0 
	Parameter DATA_WIDTH bound to: 32'b00000000000000000000000001100100 
	Parameter DEPTH bound to: 32'b00000000000000000000000000000010 
	Parameter FALL_THROUGH bound to: 1'b0 
	Parameter DATA_WIDTH bound to: 32'b00000000000000000000000001100100 
	Parameter DEPTH bound to: 32'b00000000000000000000000000000010 
	Parameter ALM_FULL_TH bound to: 32'b00000000000000000000000000000001 
	Parameter FALL_THROUGH bound to: 1'b0 
	Parameter DATA_WIDTH bound to: 32'b00000000000000000000000001100100 
	Parameter DEPTH bound to: 32'b00000000000000000000000000000010 
	Parameter ID_WIDTH bound to: 6 - type: integer 
	Parameter ADDR_WIDTH bound to: 64 - type: integer 
	Parameter USER_WIDTH bound to: 1 - type: integer 
	Parameter BUFFER_DEPTH bound to: 32'sb00000000000000000000000000000010 
	Parameter DATA_WIDTH bound to: 64 - type: integer 
	Parameter USER_WIDTH bound to: 1 - type: integer 
	Parameter BUFFER_DEPTH bound to: 32'sb00000000000000000000000000000010 
	Parameter BUFFER_DEPTH bound to: 32'sb00000000000000000000000000000010 
	Parameter DATA_WIDTH bound to: 32'sb00000000000000000000000001001010 
	Parameter FALL_THROUGH bound to: 1'b0 
	Parameter DATA_WIDTH bound to: 32'b00000000000000000000000001001010 
	Parameter DEPTH bound to: 32'b00000000000000000000000000000010 
	Parameter FALL_THROUGH bound to: 1'b0 
	Parameter DATA_WIDTH bound to: 32'b00000000000000000000000001001010 
	Parameter DEPTH bound to: 32'b00000000000000000000000000000010 
	Parameter ALM_FULL_TH bound to: 32'b00000000000000000000000000000001 
	Parameter FALL_THROUGH bound to: 1'b0 
	Parameter DATA_WIDTH bound to: 32'b00000000000000000000000001001010 
	Parameter DEPTH bound to: 32'b00000000000000000000000000000010 
	Parameter ID_WIDTH bound to: 6 - type: integer 
	Parameter DATA_WIDTH bound to: 64 - type: integer 
	Parameter USER_WIDTH bound to: 1 - type: integer 
	Parameter BUFFER_DEPTH bound to: 2 - type: integer 
	Parameter ID_WIDTH bound to: 6 - type: integer 
	Parameter USER_WIDTH bound to: 1 - type: integer 
	Parameter BUFFER_DEPTH bound to: 32'sb00000000000000000000000000000010 
	Parameter BUFFER_DEPTH bound to: 32'sb00000000000000000000000000000010 
	Parameter DATA_WIDTH bound to: 32'sb00000000000000000000000000001001 
	Parameter FALL_THROUGH bound to: 1'b0 
	Parameter DATA_WIDTH bound to: 32'b00000000000000000000000000001001 
	Parameter DEPTH bound to: 32'b00000000000000000000000000000010 
	Parameter FALL_THROUGH bound to: 1'b0 
	Parameter DATA_WIDTH bound to: 32'b00000000000000000000000000001001 
	Parameter DEPTH bound to: 32'b00000000000000000000000000000010 
	Parameter ALM_FULL_TH bound to: 32'b00000000000000000000000000000001 
	Parameter FALL_THROUGH bound to: 1'b0 
	Parameter DATA_WIDTH bound to: 32'b00000000000000000000000000001001 
	Parameter DEPTH bound to: 32'b00000000000000000000000000000010 
	Parameter APB_ADDR_WIDTH bound to: 32 - type: integer 
	Parameter TIMER_CNT bound to: 2 - type: integer 
	Parameter APB_ADDR_WIDTH bound to: 32 - type: integer 
INFO: [Synth 8-155] case statement is not full and has no default [/home/jc/tmp/riscv-iommu-demo/cva6/corev_apu/fpga/src/apb_timer/timer.sv:92]
INFO: [Synth 8-155] case statement is not full and has no default [/home/jc/tmp/riscv-iommu-demo/cva6/corev_apu/fpga/src/apb_timer/timer.sv:116]
	Parameter AXI_ADDR_WIDTH bound to: 64 - type: integer 
	Parameter AXI_DATA_WIDTH bound to: 64 - type: integer 
	Parameter AXI_ID_WIDTH bound to: 32'b00000000000000000000000000000110 
	Parameter AXI_USER_WIDTH bound to: 1 - type: integer 
	Parameter AXI_ADDR_WIDTH bound to: 64 - type: integer 
	Parameter AXI_DATA_WIDTH bound to: 64 - type: integer 
	Parameter AXI_ID_WIDTH bound to: 3 - type: integer 
	Parameter AXI_USER_WIDTH bound to: 1 - type: integer 
	Parameter AXI_ADDR_WIDTH bound to: 64 - type: integer 
	Parameter AXI_DATA_WIDTH bound to: 64 - type: integer 
	Parameter AXI_ID_WIDTH bound to: 3 - type: integer 
	Parameter AXI_USER_WIDTH bound to: 1 - type: integer 
	Parameter AXI_ADDR_WIDTH bound to: 64 - type: integer 
	Parameter AXI_DATA_WIDTH bound to: 64 - type: integer 
	Parameter AXI_ID_WIDTH bound to: 3 - type: integer 
	Parameter AXI_USER_WIDTH bound to: 1 - type: integer 
	Parameter AXI_ADDR_WIDTH bound to: 64 - type: integer 
	Parameter AXI_DATA_WIDTH bound to: 64 - type: integer 
	Parameter AXI_ID_WIDTH bound to: 32'b00000000000000000000000000000110 
	Parameter AXI_USER_WIDTH bound to: 1 - type: integer 
	Parameter PASS_THROUGH bound to: 1'b0 
	Parameter AXI_ADDR_WIDTH bound to: 64 - type: integer 
	Parameter AXI_DATA_WIDTH bound to: 64 - type: integer 
	Parameter AXI_ID_WIDTH bound to: 32'b00000000000000000000000000000011 
	Parameter AXI_USER_WIDTH bound to: 1 - type: integer 
	Parameter PASS_THROUGH bound to: 1'b0 
	Parameter AXI_ADDR_WIDTH bound to: 64 - type: integer 
	Parameter AXI_DATA_WIDTH bound to: 64 - type: integer 
	Parameter AXI_ID_WIDTH bound to: 32'b00000000000000000000000000000011 
	Parameter AXI_USER_WIDTH bound to: 1 - type: integer 
	Parameter AXI_SLV_ID_WIDTH bound to: 32'b00000000000000000000000000000110 
	Parameter STREAM_ID bound to: 24'b000000000000000000000010 
	Parameter IdWidth bound to: 3 - type: integer 
	Parameter IdWidthSlv bound to: 6 - type: integer 
	Parameter AddrWidth bound to: 64 - type: integer 
	Parameter UserWidth bound to: 1 - type: integer 
	Parameter DevIDWidth bound to: 24 - type: integer 
	Parameter ProcIDWidth bound to: 20 - type: integer 
	Parameter DataWidth bound to: 64 - type: integer 
	Parameter StrbWidth bound to: 8 - type: integer 
	Parameter DevIDWidth bound to: 24 - type: integer 
	Parameter AddrWidth bound to: 64 - type: integer 
	Parameter AddrWidth bound to: 64 - type: integer 
	Parameter DevIDWidth bound to: 24 - type: integer 
	Parameter MAX_FAILURES bound to: 3 - type: integer 
	Parameter BLOCK_DURATION bound to: 100000 - type: integer 
	Parameter WINDOW_CYCLES bound to: 100 - type: integer 
	Parameter MAX_REQ_PER_WINDOW bound to: 8 - type: integer 
	Parameter BLOCK_CYCLES bound to: 4 - type: integer 
	Parameter MAX_OUTSTANDING bound to: 16 - type: integer 
	Parameter BLOCK_CYCLES bound to: 10 - type: integer 
	Parameter WINDOW_CYCLES bound to: 32'b00000000000000000000010000000000 
	Parameter MAX_MSI_PER_WINDOW bound to: 32'b00000000000000000000000000100000 
	Parameter MAX_RATIO_MSI_DMA bound to: 32'b00000000000000000000000000000010 
	Parameter MAX_DELAY bound to: 32'b00000000000000000000000000010000 
WARNING: [Synth 8-639] system function call 'urandom_range' not supported [/home/jc/tmp/riscv-iommu-demo/cva6/corev_apu/fpga/src/armor/SRC/Delay_inserter.sv:36]
	Parameter AXI_ADDR_WIDTH bound to: 64 - type: integer 
	Parameter AXI_DATA_WIDTH bound to: 64 - type: integer 
	Parameter AXI_ID_WIDTH bound to: 32'b00000000000000000000000000000011 
	Parameter AXI_USER_WIDTH bound to: 1 - type: integer 
	Parameter AXI_ADDR_WIDTH bound to: 64 - type: integer 
	Parameter AXI_DATA_WIDTH bound to: 64 - type: integer 
	Parameter AXI_ID_WIDTH bound to: 32'b00000000000000000000000000000011 
	Parameter AXI_USER_WIDTH bound to: 1 - type: integer 
	Parameter AXI_ADDR_WIDTH bound to: 64 - type: integer 
	Parameter AXI_DATA_WIDTH bound to: 64 - type: integer 
	Parameter AXI_ID_WIDTH bound to: 3 - type: integer 
	Parameter AXI_USER_WIDTH bound to: 1 - type: integer 
	Parameter AXI_ADDR_WIDTH bound to: 64 - type: integer 
	Parameter AXI_DATA_WIDTH bound to: 64 - type: integer 
	Parameter AXI_ID_WIDTH bound to: 32'b00000000000000000000000000000100 
	Parameter AXI_USER_WIDTH bound to: 1 - type: integer 
	Parameter SLV_AXI_ID_WIDTH bound to: 32'b00000000000000000000000000000011 
	Parameter MST_AXI_ID_WIDTH bound to: 32'b00000000000000000000000000000100 
	Parameter AXI_ADDR_WIDTH bound to: 64 - type: integer 
	Parameter AXI_DATA_WIDTH bound to: 64 - type: integer 
	Parameter AXI_USER_WIDTH bound to: 1 - type: integer 
	Parameter NO_SLV_PORTS bound to: 32'b00000000000000000000000000000010 
	Parameter MAX_W_TRANS bound to: 32'b00000000000000000000000000000100 
	Parameter FALL_THROUGH bound to: 1'b0 
	Parameter SPILL_AW bound to: 1'b1 
	Parameter SPILL_AR bound to: 1'b1 
	Parameter SlvAxiIDWidth bound to: 32'b00000000000000000000000000000011 
	Parameter NoSlvPorts bound to: 32'b00000000000000000000000000000010 
	Parameter MaxWTrans bound to: 32'b00000000000000000000000000000100 
	Parameter FallThrough bound to: 1'b0 
	Parameter SpillAw bound to: 1'b1 
	Parameter SpillW bound to: 1'b0 
	Parameter SpillB bound to: 1'b0 
	Parameter SpillAr bound to: 1'b1 
	Parameter SpillR bound to: 1'b0 
	Parameter NoBus bound to: 1 - type: integer 
	Parameter AxiIdWidthSlvPort bound to: 32'b00000000000000000000000000000011 
	Parameter AxiIdWidthMstPort bound to: 32'b00000000000000000000000000000100 
	Parameter NumIn bound to: 32'b00000000000000000000000000000010 
	Parameter AxiVldRdy bound to: 1'b1 
	Parameter LockIn bound to: 1'b1 
	Parameter FALL_THROUGH bound to: 1'b0 
	Parameter DEPTH bound to: 32'b00000000000000000000000000000100 
	Parameter Bypass bound to: 1'b0 
	Parameter Bypass bound to: 1'b0 
	Parameter Bypass bound to: 1'b1 
	Parameter Bypass bound to: 1'b1 
	Parameter Bypass bound to: 1'b1 
	Parameter Bypass bound to: 1'b1 
	Parameter NumIn bound to: 32'b00000000000000000000000000000010 
	Parameter AxiVldRdy bound to: 1'b1 
	Parameter LockIn bound to: 1'b1 
	Parameter Bypass bound to: 1'b0 
	Parameter Bypass bound to: 1'b0 
	Parameter Bypass bound to: 1'b1 
	Parameter Bypass bound to: 1'b1 
	Parameter AXI_ADDR_WIDTH bound to: 64 - type: integer 
	Parameter AXI_DATA_WIDTH bound to: 64 - type: integer 
	Parameter AXI_ID_WIDTH bound to: 32'b00000000000000000000000000000110 
	Parameter AXI_USER_WIDTH bound to: 1 - type: integer 
	Parameter AXI_ADDR_WIDTH bound to: 64 - type: integer 
	Parameter AXI_DATA_WIDTH bound to: 64 - type: integer 
	Parameter AXI_ID_WIDTH bound to: 3 - type: integer 
	Parameter AXI_USER_WIDTH bound to: 1 - type: integer 
	Parameter AXI_ADDR_WIDTH bound to: 64 - type: integer 
	Parameter AXI_DATA_WIDTH bound to: 64 - type: integer 
	Parameter AXI_ID_WIDTH bound to: 3 - type: integer 
	Parameter AXI_USER_WIDTH bound to: 1 - type: integer 
	Parameter AXI_ADDR_WIDTH bound to: 64 - type: integer 
	Parameter AXI_DATA_WIDTH bound to: 64 - type: integer 
	Parameter AXI_ID_WIDTH bound to: 32'b00000000000000000000000000000110 
	Parameter AXI_USER_WIDTH bound to: 1 - type: integer 
	Parameter PASS_THROUGH bound to: 1'b0 
	Parameter AXI_ADDR_WIDTH bound to: 64 - type: integer 
	Parameter AXI_DATA_WIDTH bound to: 64 - type: integer 
	Parameter AXI_ID_WIDTH bound to: 32'b00000000000000000000000000000011 
	Parameter AXI_USER_WIDTH bound to: 1 - type: integer 
	Parameter PASS_THROUGH bound to: 1'b0 
	Parameter AXI_ADDR_WIDTH bound to: 64 - type: integer 
	Parameter AXI_DATA_WIDTH bound to: 64 - type: integer 
	Parameter AXI_ID_WIDTH bound to: 32'b00000000000000000000000000000011 
	Parameter AXI_USER_WIDTH bound to: 1 - type: integer 
	Parameter AXI_SLV_ID_WIDTH bound to: 32'b00000000000000000000000000000110 
	Parameter STREAM_ID bound to: 24'b000000000000000000000001 
	Parameter IOTLB_ENTRIES bound to: 32'b00000000000000000000000000001000 
	Parameter DDTC_ENTRIES bound to: 32'b00000000000000000000000000000100 
	Parameter PDTC_ENTRIES bound to: 32'b00000000000000000000000000000100 
	Parameter MRIFC_ENTRIES bound to: 32'b00000000000000000000000000000100 
	Parameter InclPC bound to: 1'b0 
	Parameter InclBC bound to: 1'b1 
	Parameter InclDBG bound to: 1'b0 
	Parameter MSITrans bound to: 2'b10 
	Parameter IGS bound to: 2'b10 
	Parameter N_INT_VEC bound to: 32'b00000000000000000000000000000100 
	Parameter N_IOHPMCTR bound to: 32'b00000000000000000000000000001000 
	Parameter ADDR_WIDTH bound to: 64 - type: integer 
	Parameter DATA_WIDTH bound to: 64 - type: integer 
	Parameter ID_WIDTH bound to: 32'sb00000000000000000000000000000100 
	Parameter ID_SLV_WIDTH bound to: 32'sb00000000000000000000000000000110 
	Parameter USER_WIDTH bound to: 1 - type: integer 
	Parameter AxiIdWidth bound to: 32'b00000000000000000000000000000100 
	Parameter Resp bound to: 2'b00 
	Parameter RespWidth bound to: 64 - type: integer 
	Parameter RespData bound to: 64'b0000000000000000000000000000000000000000000000000000000000000000 
	Parameter AxiIdWidth bound to: 32'b00000000000000000000000000000100 
	Parameter NoMstPorts bound to: 32'b00000000000000000000000000000011 
	Parameter AxiLookBits bound to: 32'b00000000000000000000000000000100 
	Parameter FallThrough bound to: 1'b0 
	Parameter SpillAw bound to: 1'b0 
	Parameter SpillW bound to: 1'b0 
	Parameter SpillB bound to: 1'b0 
	Parameter SpillAr bound to: 1'b0 
	Parameter SpillR bound to: 1'b0 
	Parameter AxiIdBits bound to: 32'b00000000000000000000000000000100 
	Parameter CounterWidth bound to: 32'b00000000000000000000000000000011 
	Parameter Bypass bound to: 1'b1 
	Parameter Bypass bound to: 1'b1 
	Parameter NumIn bound to: 32'b00000000000000000000000000000011 
	Parameter AxiVldRdy bound to: 1'b1 
	Parameter LockIn bound to: 1'b1 
	Parameter Bypass bound to: 1'b1 
	Parameter Bypass bound to: 1'b1 
	Parameter NumIn bound to: 32'b00000000000000000000000000000011 
	Parameter AxiVldRdy bound to: 1'b1 
	Parameter LockIn bound to: 1'b1 
	Parameter ADDR_WIDTH bound to: 64 - type: integer 
	Parameter DATA_WIDTH bound to: 64 - type: integer 
	Parameter ID_WIDTH bound to: 32'sb00000000000000000000000000000110 
	Parameter USER_WIDTH bound to: 1 - type: integer 
	Parameter ADDR_WIDTH bound to: 64 - type: integer 
	Parameter DATA_WIDTH bound to: 32'sb00000000000000000000000000100000 
	Parameter AXI4_ADDRESS_WIDTH bound to: 64 - type: integer 
	Parameter AXI4_RDATA_WIDTH bound to: 64 - type: integer 
	Parameter AXI4_WDATA_WIDTH bound to: 64 - type: integer 
	Parameter AXI4_ID_WIDTH bound to: 32'b00000000000000000000000000000110 
	Parameter AXI4_USER_WIDTH bound to: 1 - type: integer 
	Parameter BUFF_DEPTH_SLAVE bound to: 32'b00000000000000000000000000000010 
	Parameter APB_ADDR_WIDTH bound to: 64 - type: integer 
WARNING: [Synth 8-689] width (64) of port connection 'paddr_i' does not match port width (32) of module 'apb_to_reg' [/home/jc/tmp/riscv-iommu-demo/cva6/corev_apu/rv_iommu/rtl/ext_interfaces/rv_iommu_prog_if.sv:150]
	Parameter N_INP bound to: 5 - type: integer 
	Parameter N_INP bound to: 5 - type: integer 
	Parameter ARBITER bound to: rr - type: string 
	Parameter NumIn bound to: 5 - type: integer 
	Parameter ExtPrio bound to: 1'b0 
	Parameter AxiVldRdy bound to: 1'b1 
	Parameter LockIn bound to: 1'b1 
	Parameter N_INP bound to: 4 - type: integer 
	Parameter N_INP bound to: 4 - type: integer 
	Parameter ARBITER bound to: rr - type: string 
	Parameter NumIn bound to: 4 - type: integer 
	Parameter ExtPrio bound to: 1'b0 
	Parameter AxiVldRdy bound to: 1'b1 
	Parameter LockIn bound to: 1'b1 
	Parameter DATA_WIDTH bound to: 32'b00000000000000000000000000000010 
	Parameter DEPTH bound to: 32'b00000000000000000000000000000010 
	Parameter N_INP bound to: 4 - type: integer 
	Parameter N_OUP bound to: 32'b00000000000000000000000000000101 
	Parameter N_OUP bound to: 32'b00000000000000000000000000000100 
	Parameter IOTLB_ENTRIES bound to: 32'b00000000000000000000000000001000 
	Parameter DDTC_ENTRIES bound to: 32'b00000000000000000000000000000100 
	Parameter PDTC_ENTRIES bound to: 32'b00000000000000000000000000000100 
	Parameter MRIFC_ENTRIES bound to: 32'b00000000000000000000000000000100 
	Parameter InclPC bound to: 1'b0 
	Parameter MSITrans bound to: 2'b10 
	Parameter IOTLB_ENTRIES bound to: 32'b00000000000000000000000000001000 
	Parameter DDTC_ENTRIES bound to: 32'b00000000000000000000000000000100 
	Parameter MRIFC_ENTRIES bound to: 32'b00000000000000000000000000000100 
	Parameter MSITrans bound to: 2'b10 
	Parameter DC_WIDTH bound to: 32'sb00000000000000000000001000000000 
	Parameter MSITrans bound to: 2'b10 
	Parameter MRIFC_ENTRIES bound to: 32'b00000000000000000000000000000100 
	Parameter DDTC_ENTRIES bound to: 32'b00000000000000000000000000000100 
	Parameter DC_WIDTH bound to: 32'sb00000000000000000000001000000000 
	Parameter IOTLB_ENTRIES bound to: 32'b00000000000000000000000000001000 
	Parameter MSITrans bound to: 2'b10 
	Parameter MSITrans bound to: 2'b10 
	Parameter DC_WIDTH bound to: 32'sb00000000000000000000001000000000 
	Parameter MSITrans bound to: 2'b10 
	Parameter IGS bound to: 2'b10 
	Parameter N_INT_VEC bound to: 32'b00000000000000000000000000000100 
	Parameter N_IOHPMCTR bound to: 32'b00000000000000000000000000001000 
	Parameter InclPC bound to: 1'b0 
	Parameter InclDBG bound to: 1'b0 
	Parameter N_INT_VEC bound to: 32'b00000000000000000000000000000100 
	Parameter N_INT_SRCS bound to: 32'b00000000000000000000000000000011 
	Parameter N_IOHPMCTR bound to: 32'b00000000000000000000000000001000 
	Parameter N_INT_VEC bound to: 32'b00000000000000000000000000000100 
	Parameter N_INT_SRCS bound to: 32'b00000000000000000000000000000011 
	Parameter DATA_WIDTH bound to: 32'sb00000000000000000000000000100000 
	Parameter MSITrans bound to: 2'b10 
	Parameter IGS bound to: 2'b10 
	Parameter N_INT_VEC bound to: 32'b00000000000000000000000000000100 
	Parameter N_IOHPMCTR bound to: 32'b00000000000000000000000000001000 
	Parameter InclPC bound to: 1'b0 
	Parameter InclDBG bound to: 1'b0 
	Parameter DATA_WIDTH bound to: 32'sb00000000000000000000000000100000 
	Parameter SwAccess bound to: 3'b000 
	Parameter RESVAL bound to: 0 - type: integer 
	Parameter DATA_WIDTH bound to: 32'sb00000000000000000000000000100000 
	Parameter SwAccess bound to: 3'b000 
	Parameter DATA_WIDTH bound to: 32'sb00000000000000000000000000001111 
	Parameter SwAccess bound to: 3'b000 
	Parameter RESVAL bound to: 15'b000000000000000 
	Parameter DATA_WIDTH bound to: 32'sb00000000000000000000000000001111 
	Parameter SwAccess bound to: 3'b000 
	Parameter DATA_WIDTH bound to: 32'sb00000000000000000000000000000001 
	Parameter SwAccess bound to: 3'b000 
	Parameter RESVAL bound to: 1'b0 
	Parameter DATA_WIDTH bound to: 32'sb00000000000000000000000000000001 
	Parameter SwAccess bound to: 3'b000 
	Parameter DATA_WIDTH bound to: 32'sb00000000000000000000000000010000 
	Parameter SwAccess bound to: 3'b000 
	Parameter RESVAL bound to: 16'b0000000000000000 
	Parameter DATA_WIDTH bound to: 32'sb00000000000000000000000000010000 
	Parameter SwAccess bound to: 3'b000 
	Parameter DATA_WIDTH bound to: 32'sb00000000000000000000000000000100 
	Parameter SwAccess bound to: 3'b000 
	Parameter RESVAL bound to: 4'b0000 
	Parameter DATA_WIDTH bound to: 32'sb00000000000000000000000000000100 
	Parameter SwAccess bound to: 3'b000 
	Parameter DATA_WIDTH bound to: 32'sb00000000000000000000000000011000 
	Parameter SwAccess bound to: 3'b000 
	Parameter RESVAL bound to: 24'b000000000000000000000000 
	Parameter DATA_WIDTH bound to: 32'sb00000000000000000000000000011000 
	Parameter SwAccess bound to: 3'b000 
	Parameter DATA_WIDTH bound to: 32'sb00000000000000000000000000000001 
	Parameter SwAccess bound to: 3'b000 
	Parameter RESVAL bound to: 1'b1 
	Parameter DATA_WIDTH bound to: 32'sb00000000000000000000000000011111 
	Parameter SwAccess bound to: 3'b000 
	Parameter RESVAL bound to: 31'b0000000000000000000000000000000 
	Parameter DATA_WIDTH bound to: 32'sb00000000000000000000000000011111 
	Parameter SwAccess bound to: 3'b000 
	Parameter DATA_WIDTH bound to: 32'sb00000000000000000000000000011110 
	Parameter SwAccess bound to: 3'b000 
	Parameter RESVAL bound to: 30'b000000000000000000000000000000 
	Parameter DATA_WIDTH bound to: 32'sb00000000000000000000000000011110 
	Parameter SwAccess bound to: 3'b000 
	Parameter DATA_WIDTH bound to: 32'sb00000000000000000000000000000001 
	Parameter SwAccess bound to: 3'b001 
	Parameter RESVAL bound to: 1'b0 
	Parameter DATA_WIDTH bound to: 32'sb00000000000000000000000000000001 
	Parameter SwAccess bound to: 3'b001 
	Parameter DATA_WIDTH bound to: 32'sb00000000000000000000000000010110 
	Parameter SwAccess bound to: 3'b000 
	Parameter RESVAL bound to: 22'b0000000000000000000000 
	Parameter DATA_WIDTH bound to: 32'sb00000000000000000000000000010110 
	Parameter SwAccess bound to: 3'b000 
	Parameter DATA_WIDTH bound to: 32'sb00000000000000000000000000000101 
	Parameter SwAccess bound to: 3'b000 
	Parameter RESVAL bound to: 5'b00000 
	Parameter DATA_WIDTH bound to: 32'sb00000000000000000000000000000101 
	Parameter SwAccess bound to: 3'b000 
	Parameter DATA_WIDTH bound to: 32'sb00000000000000000000000000100000 
	Parameter SwAccess bound to: 3'b001 
	Parameter RESVAL bound to: 0 - type: integer 
	Parameter DATA_WIDTH bound to: 32'sb00000000000000000000000000100000 
	Parameter SwAccess bound to: 3'b001 
	Parameter DATA_WIDTH bound to: 32'sb00000000000000000000000000000001 
	Parameter SwAccess bound to: 3'b011 
	Parameter RESVAL bound to: 1'b0 
	Parameter DATA_WIDTH bound to: 32'sb00000000000000000000000000000001 
	Parameter SwAccess bound to: 3'b011 
	Parameter FALL_THROUGH bound to: 1'b1 
	Parameter DATA_WIDTH bound to: 32'b00000000000000000000000010101011 
	Parameter DEPTH bound to: 32'b00000000000000000000000000000100 
	Parameter AxiIdWidth bound to: 32'b00000000000000000000000000000100 
	Parameter Resp bound to: 2'b10 
	Parameter RespWidth bound to: 64 - type: integer 
	Parameter RespData bound to: 64'b1100101000010001101010110001111010111010110111001010101100011110 
	Parameter ATOPs bound to: 1'b1 
	Parameter MaxTrans bound to: 32'b00000000000000000000000000000001 
	Parameter AxiIdWidth bound to: 32'b00000000000000000000000000000100 
	Parameter AxiMaxWriteTxns bound to: 32'b00000000000000000000000000000001 
	Parameter FALL_THROUGH bound to: 1'b1 
	Parameter DEPTH bound to: 32'b00000000000000000000000000000001 
	Parameter FALL_THROUGH bound to: 1'b0 
	Parameter DEPTH bound to: 32'b00000000000000000000000000000001 
	Parameter ADDR_WIDTH bound to: 32'sb00000000000000000000000000100000 
	Parameter DATA_WIDTH bound to: 32'sb00000000000000000000000000100000 
	Parameter N_SOURCE bound to: 32'sb00000000000000000000000000011110 
	Parameter N_TARGET bound to: 32'sb00000000000000000000000000000010 
	Parameter MAX_PRIO bound to: 32'sb00000000000000000000000000000111 
	Parameter N_SOURCE bound to: 32'sb00000000000000000000000000011110 
	Parameter MAX_PRIO bound to: 32'sb00000000000000000000000000000111 
	Parameter ALGORITHM bound to: SEQUENTIAL - type: string 
	Parameter N_SOURCE bound to: 32'sb00000000000000000000000000011110 
	Parameter AXI_ADDR_WIDTH bound to: 64 - type: integer 
	Parameter AXI_DATA_WIDTH bound to: 64 - type: integer 
	Parameter AXI_ID_WIDTH bound to: 6 - type: integer 
	Parameter AXI_USER_WIDTH bound to: 1 - type: integer 
	Parameter AXI_ADDR_WIDTH bound to: 64 - type: integer 
	Parameter AXI_DATA_WIDTH bound to: 64 - type: integer 
	Parameter AXI_ID_WIDTH bound to: 6 - type: integer 
	Parameter AXI_USER_WIDTH bound to: 1 - type: integer 
	Parameter AXI_MAX_WRITE_TXNS bound to: 32'b00000000000000000000000000000001 
	Parameter RISCV_WORD_WIDTH bound to: 32'b00000000000000000000000001000000 
	Parameter AXI_ADDR_WIDTH bound to: 64 - type: integer 
	Parameter AXI_DATA_WIDTH bound to: 64 - type: integer 
	Parameter AXI_ID_WIDTH bound to: 6 - type: integer 
	Parameter AXI_USER_WIDTH bound to: 1 - type: integer 
	Parameter AXI_MAX_WRITE_TXNS bound to: 32'b00000000000000000000000000000001 
	Parameter RISCV_WORD_WIDTH bound to: 32'b00000000000000000000000001000000 
	Parameter AXI_ADDR_WIDTH bound to: 64 - type: integer 
	Parameter AXI_DATA_WIDTH bound to: 64 - type: integer 
	Parameter AXI_ID_WIDTH bound to: 6 - type: integer 
	Parameter AXI_USER_WIDTH bound to: 1 - type: integer 
	Parameter AXI_MAX_WRITE_TXNS bound to: 32'b00000000000000000000000000000001 
	Parameter RISCV_WORD_WIDTH bound to: 32'b00000000000000000000000001000000 
INFO: [Synth 8-226] default block is never used [/home/jc/tmp/riscv-iommu-demo/cva6/corev_apu/src/axi_riscv_atomics/src/axi_riscv_amos.sv:580]
INFO: [Synth 8-226] default block is never used [/home/jc/tmp/riscv-iommu-demo/cva6/corev_apu/src/axi_riscv_atomics/src/axi_riscv_amos.sv:809]
	Parameter DATA_WIDTH bound to: 32'b00000000000000000000000001000000 
INFO: [Synth 8-226] default block is never used [/home/jc/tmp/riscv-iommu-demo/cva6/corev_apu/src/axi_riscv_atomics/src/axi_riscv_amos_alu.sv:39]
	Parameter ADDR_BEGIN bound to: 64'b0000000000000000000000000000000000000000000000000000000000000000 
	Parameter ADDR_END bound to: 64'b1111111111111111111111111111111111111111111111111111111111111111 
	Parameter AXI_ADDR_WIDTH bound to: 64 - type: integer 
	Parameter AXI_DATA_WIDTH bound to: 64 - type: integer 
	Parameter AXI_ID_WIDTH bound to: 6 - type: integer 
	Parameter AXI_USER_WIDTH bound to: 1 - type: integer 
	Parameter AXI_ADDR_WIDTH bound to: 64 - type: integer 
	Parameter AXI_ID_WIDTH bound to: 6 - type: integer 
	Parameter N_INP bound to: 2 - type: integer 
	Parameter N_INP bound to: 2 - type: integer 
	Parameter ARBITER bound to: rr - type: string 
	Parameter NumIn bound to: 2 - type: integer 
	Parameter ExtPrio bound to: 1'b0 
	Parameter AxiVldRdy bound to: 1'b1 
	Parameter LockIn bound to: 1'b1 
WARNING: [Synth 8-6014] Unused sequential element read_pointer_q_reg was removed.  [/home/jc/tmp/riscv-iommu-demo/cva6/vendor/pulp-platform/common_cells/src/fifo_v3.sv:136]
WARNING: [Synth 8-3936] Found unconnected internal register 'havereset_d_aligned_reg' and it is trimmed from '2' to '1' bits. [/home/jc/tmp/riscv-iommu-demo/cva6/corev_apu/riscv-dbg/src/dm_csrs.sv:204]
WARNING: [Synth 8-6014] Unused sequential element word_enable32_q_reg was removed.  [/home/jc/tmp/riscv-iommu-demo/cva6/corev_apu/riscv-dbg/src/dm_mem.sv:504]
WARNING: [Synth 8-3936] Found unconnected internal register 'resuming_d_aligned_reg' and it is trimmed from '2' to '1' bits. [/home/jc/tmp/riscv-iommu-demo/cva6/corev_apu/riscv-dbg/src/dm_mem.sv:116]
WARNING: [Synth 8-3936] Found unconnected internal register 'halted_d_aligned_reg' and it is trimmed from '2' to '1' bits. [/home/jc/tmp/riscv-iommu-demo/cva6/corev_apu/riscv-dbg/src/dm_mem.sv:114]
WARNING: [Synth 8-6014] Unused sequential element ax_req_q_reg[size] was removed.  [/home/jc/tmp/riscv-iommu-demo/cva6/corev_apu/axi_mem_if/src/axi2mem.sv:289]
WARNING: [Synth 8-3848] Net x_mem_valid_o in module/entity cvxif_example_coprocessor does not have driver. [/home/jc/tmp/riscv-iommu-demo/cva6/core/cvxif_example/cvxif_example_coprocessor.sv:34]
WARNING: [Synth 8-3848] Net x_mem_req_o[id] in module/entity cvxif_example_coprocessor does not have driver. [/home/jc/tmp/riscv-iommu-demo/cva6/core/cvxif_example/cvxif_example_coprocessor.sv:36]
WARNING: [Synth 8-3848] Net x_mem_req_o[addr] in module/entity cvxif_example_coprocessor does not have driver. [/home/jc/tmp/riscv-iommu-demo/cva6/core/cvxif_example/cvxif_example_coprocessor.sv:36]
WARNING: [Synth 8-3848] Net x_mem_req_o[mode] in module/entity cvxif_example_coprocessor does not have driver. [/home/jc/tmp/riscv-iommu-demo/cva6/core/cvxif_example/cvxif_example_coprocessor.sv:36]
WARNING: [Synth 8-3848] Net x_mem_req_o[we] in module/entity cvxif_example_coprocessor does not have driver. [/home/jc/tmp/riscv-iommu-demo/cva6/core/cvxif_example/cvxif_example_coprocessor.sv:36]
WARNING: [Synth 8-3848] Net x_mem_req_o[size] in module/entity cvxif_example_coprocessor does not have driver. [/home/jc/tmp/riscv-iommu-demo/cva6/core/cvxif_example/cvxif_example_coprocessor.sv:36]
WARNING: [Synth 8-3848] Net x_mem_req_o[wdata] in module/entity cvxif_example_coprocessor does not have driver. [/home/jc/tmp/riscv-iommu-demo/cva6/core/cvxif_example/cvxif_example_coprocessor.sv:36]
WARNING: [Synth 8-3848] Net x_mem_req_o[last] in module/entity cvxif_example_coprocessor does not have driver. [/home/jc/tmp/riscv-iommu-demo/cva6/core/cvxif_example/cvxif_example_coprocessor.sv:36]
WARNING: [Synth 8-3848] Net x_mem_req_o[spec] in module/entity cvxif_example_coprocessor does not have driver. [/home/jc/tmp/riscv-iommu-demo/cva6/core/cvxif_example/cvxif_example_coprocessor.sv:36]
WARNING: [Synth 8-6014] Unused sequential element mem_q_reg[7][sbe][trans_id] was removed.  [/home/jc/tmp/riscv-iommu-demo/cva6/core/scoreboard.sv:394]
WARNING: [Synth 8-6014] Unused sequential element mem_q_reg[6][sbe][trans_id] was removed.  [/home/jc/tmp/riscv-iommu-demo/cva6/core/scoreboard.sv:394]
WARNING: [Synth 8-6014] Unused sequential element mem_q_reg[5][sbe][trans_id] was removed.  [/home/jc/tmp/riscv-iommu-demo/cva6/core/scoreboard.sv:394]
WARNING: [Synth 8-6014] Unused sequential element mem_q_reg[4][sbe][trans_id] was removed.  [/home/jc/tmp/riscv-iommu-demo/cva6/core/scoreboard.sv:394]
WARNING: [Synth 8-6014] Unused sequential element mem_q_reg[3][sbe][trans_id] was removed.  [/home/jc/tmp/riscv-iommu-demo/cva6/core/scoreboard.sv:394]
WARNING: [Synth 8-6014] Unused sequential element mem_q_reg[2][sbe][trans_id] was removed.  [/home/jc/tmp/riscv-iommu-demo/cva6/core/scoreboard.sv:394]
WARNING: [Synth 8-6014] Unused sequential element mem_q_reg[1][sbe][trans_id] was removed.  [/home/jc/tmp/riscv-iommu-demo/cva6/core/scoreboard.sv:394]
WARNING: [Synth 8-6014] Unused sequential element mem_q_reg[0][sbe][trans_id] was removed.  [/home/jc/tmp/riscv-iommu-demo/cva6/core/scoreboard.sv:394]
WARNING: [Synth 8-3936] Found unconnected internal register 'final_mantissa_reg' and it is trimmed from '25' to '24' bits. [/home/jc/tmp/riscv-iommu-demo/cva6/vendor/pulp-platform/fpnew/src/fpnew_fma.sv:533]
WARNING: [Synth 8-3936] Found unconnected internal register 'final_mantissa_reg' and it is trimmed from '54' to '53' bits. [/home/jc/tmp/riscv-iommu-demo/cva6/vendor/pulp-platform/fpnew/src/fpnew_fma.sv:533]
WARNING: [Synth 8-3848] Net Iteration_cell_sum_AMASK_D[3] in module/entity control_mvp does not have driver. [/home/jc/tmp/riscv-iommu-demo/cva6/vendor/pulp-platform/fpnew/src/fpu_div_sqrt_mvp/hdl/control_mvp.sv:842]
WARNING: [Synth 8-3848] Net Iteration_cell_carry_D[3] in module/entity control_mvp does not have driver. [/home/jc/tmp/riscv-iommu-demo/cva6/vendor/pulp-platform/fpnew/src/fpu_div_sqrt_mvp/hdl/control_mvp.sv:840]
WARNING: [Synth 8-6014] Unused sequential element gen_inside_pipeline[0].mid_pipe_info_q_reg[1][is_normal] was removed.  [/home/jc/tmp/riscv-iommu-demo/cva6/vendor/pulp-platform/fpnew/src/fpnew_cast_multi.sv:375]
WARNING: [Synth 8-6014] Unused sequential element gen_inside_pipeline[0].mid_pipe_info_q_reg[1][is_subnormal] was removed.  [/home/jc/tmp/riscv-iommu-demo/cva6/vendor/pulp-platform/fpnew/src/fpnew_cast_multi.sv:375]
WARNING: [Synth 8-6014] Unused sequential element gen_inside_pipeline[0].mid_pipe_info_q_reg[1][is_quiet] was removed.  [/home/jc/tmp/riscv-iommu-demo/cva6/vendor/pulp-platform/fpnew/src/fpnew_cast_multi.sv:375]
WARNING: [Synth 8-6014] Unused sequential element gen_inside_pipeline[0].mid_pipe_src_fmt_q_reg[1] was removed.  [/home/jc/tmp/riscv-iommu-demo/cva6/vendor/pulp-platform/fpnew/src/fpnew_cast_multi.sv:379]
WARNING: [Synth 8-6014] Unused sequential element target_regs.gen_bypass_pipeline[0].byp_pipe_valid_q_reg was removed.  [/home/jc/tmp/riscv-iommu-demo/cva6/vendor/pulp-platform/fpnew/src/fpnew_opgroup_multifmt_slice.sv:370]
WARNING: [Synth 8-6014] Unused sequential element target_regs.gen_bypass_pipeline[0].byp_pipe_target_q_reg[1] was removed.  [/home/jc/tmp/riscv-iommu-demo/cva6/vendor/pulp-platform/fpnew/src/fpnew_opgroup_multifmt_slice.sv:376]
WARNING: [Synth 8-6014] Unused sequential element target_regs.gen_bypass_pipeline[0].byp_pipe_aux_q_reg[1] was removed.  [/home/jc/tmp/riscv-iommu-demo/cva6/vendor/pulp-platform/fpnew/src/fpnew_opgroup_multifmt_slice.sv:377]
WARNING: [Synth 8-6014] Unused sequential element target_regs.gen_bypass_pipeline[1].byp_pipe_valid_q_reg was removed.  [/home/jc/tmp/riscv-iommu-demo/cva6/vendor/pulp-platform/fpnew/src/fpnew_opgroup_multifmt_slice.sv:370]
WARNING: [Synth 8-6014] Unused sequential element target_regs.gen_bypass_pipeline[1].byp_pipe_target_q_reg[2] was removed.  [/home/jc/tmp/riscv-iommu-demo/cva6/vendor/pulp-platform/fpnew/src/fpnew_opgroup_multifmt_slice.sv:376]
WARNING: [Synth 8-6014] Unused sequential element target_regs.gen_bypass_pipeline[1].byp_pipe_aux_q_reg[2] was removed.  [/home/jc/tmp/riscv-iommu-demo/cva6/vendor/pulp-platform/fpnew/src/fpnew_opgroup_multifmt_slice.sv:377]
WARNING: [Synth 8-3848] Net ifmt_slice_result[1] in module/entity fpnew_opgroup_multifmt_slice__parameterized0 does not have driver. [/home/jc/tmp/riscv-iommu-demo/cva6/vendor/pulp-platform/fpnew/src/fpnew_opgroup_multifmt_slice.sv:80]
WARNING: [Synth 8-3848] Net ifmt_slice_result[0] in module/entity fpnew_opgroup_multifmt_slice__parameterized0 does not have driver. [/home/jc/tmp/riscv-iommu-demo/cva6/vendor/pulp-platform/fpnew/src/fpnew_opgroup_multifmt_slice.sv:80]
WARNING: [Synth 8-3848] Net fpu_exception_o[tval] in module/entity fpu_wrap does not have driver. [/home/jc/tmp/riscv-iommu-demo/cva6/core/fpu_wrap.sv:31]
WARNING: [Synth 8-3848] Net fpu_exception_o[tval2] in module/entity fpu_wrap does not have driver. [/home/jc/tmp/riscv-iommu-demo/cva6/core/fpu_wrap.sv:31]
WARNING: [Synth 8-3848] Net fpu_exception_o[tinst] in module/entity fpu_wrap does not have driver. [/home/jc/tmp/riscv-iommu-demo/cva6/core/fpu_wrap.sv:31]
WARNING: [Synth 8-3848] Net fpu_exception_o[gva] in module/entity fpu_wrap does not have driver. [/home/jc/tmp/riscv-iommu-demo/cva6/core/fpu_wrap.sv:31]
WARNING: [Synth 8-3848] Net x_exception_o[tval2] in module/entity cvxif_fu does not have driver. [/home/jc/tmp/riscv-iommu-demo/cva6/core/cvxif_fu.sv:23]
WARNING: [Synth 8-3848] Net x_exception_o[tinst] in module/entity cvxif_fu does not have driver. [/home/jc/tmp/riscv-iommu-demo/cva6/core/cvxif_fu.sv:23]
WARNING: [Synth 8-3848] Net x_exception_o[gva] in module/entity cvxif_fu does not have driver. [/home/jc/tmp/riscv-iommu-demo/cva6/core/cvxif_fu.sv:23]
WARNING: [Synth 8-3848] Net clmul_q in module/entity multiplier does not have driver. [/home/jc/tmp/riscv-iommu-demo/cva6/core/multiplier.sv:32]
WARNING: [Synth 8-3848] Net clmulr_q in module/entity multiplier does not have driver. [/home/jc/tmp/riscv-iommu-demo/cva6/core/multiplier.sv:32]
WARNING: [Synth 8-3848] Net req_port_o[data_wuser] in module/entity cva6_ptw_sv39x4 does not have driver. [/home/jc/tmp/riscv-iommu-demo/cva6/core/mmu_sv39x4/cva6_ptw_sv39x4.sv:49]
WARNING: [Synth 8-6014] Unused sequential element dtlb_pte_q_reg[reserved] was removed.  [/home/jc/tmp/riscv-iommu-demo/cva6/core/mmu_sv39x4/cva6_mmu_sv39x4.sv:682]
WARNING: [Synth 8-6014] Unused sequential element dtlb_pte_q_reg[rsw] was removed.  [/home/jc/tmp/riscv-iommu-demo/cva6/core/mmu_sv39x4/cva6_mmu_sv39x4.sv:682]
WARNING: [Synth 8-6014] Unused sequential element dtlb_pte_q_reg[a] was removed.  [/home/jc/tmp/riscv-iommu-demo/cva6/core/mmu_sv39x4/cva6_mmu_sv39x4.sv:682]
WARNING: [Synth 8-6014] Unused sequential element dtlb_pte_q_reg[g] was removed.  [/home/jc/tmp/riscv-iommu-demo/cva6/core/mmu_sv39x4/cva6_mmu_sv39x4.sv:682]
WARNING: [Synth 8-6014] Unused sequential element dtlb_pte_q_reg[x] was removed.  [/home/jc/tmp/riscv-iommu-demo/cva6/core/mmu_sv39x4/cva6_mmu_sv39x4.sv:682]
WARNING: [Synth 8-6014] Unused sequential element dtlb_pte_q_reg[r] was removed.  [/home/jc/tmp/riscv-iommu-demo/cva6/core/mmu_sv39x4/cva6_mmu_sv39x4.sv:682]
WARNING: [Synth 8-6014] Unused sequential element dtlb_pte_q_reg[v] was removed.  [/home/jc/tmp/riscv-iommu-demo/cva6/core/mmu_sv39x4/cva6_mmu_sv39x4.sv:682]
WARNING: [Synth 8-6014] Unused sequential element dtlb_gpte_q_reg[reserved] was removed.  [/home/jc/tmp/riscv-iommu-demo/cva6/core/mmu_sv39x4/cva6_mmu_sv39x4.sv:683]
WARNING: [Synth 8-6014] Unused sequential element dtlb_gpte_q_reg[rsw] was removed.  [/home/jc/tmp/riscv-iommu-demo/cva6/core/mmu_sv39x4/cva6_mmu_sv39x4.sv:683]
WARNING: [Synth 8-6014] Unused sequential element dtlb_gpte_q_reg[a] was removed.  [/home/jc/tmp/riscv-iommu-demo/cva6/core/mmu_sv39x4/cva6_mmu_sv39x4.sv:683]
WARNING: [Synth 8-6014] Unused sequential element dtlb_gpte_q_reg[g] was removed.  [/home/jc/tmp/riscv-iommu-demo/cva6/core/mmu_sv39x4/cva6_mmu_sv39x4.sv:683]
WARNING: [Synth 8-6014] Unused sequential element dtlb_gpte_q_reg[x] was removed.  [/home/jc/tmp/riscv-iommu-demo/cva6/core/mmu_sv39x4/cva6_mmu_sv39x4.sv:683]
WARNING: [Synth 8-6014] Unused sequential element dtlb_gpte_q_reg[r] was removed.  [/home/jc/tmp/riscv-iommu-demo/cva6/core/mmu_sv39x4/cva6_mmu_sv39x4.sv:683]
WARNING: [Synth 8-6014] Unused sequential element dtlb_gpte_q_reg[v] was removed.  [/home/jc/tmp/riscv-iommu-demo/cva6/core/mmu_sv39x4/cva6_mmu_sv39x4.sv:683]
WARNING: [Synth 8-3848] Net req_port_o[data_wuser] in module/entity store_buffer does not have driver. [/home/jc/tmp/riscv-iommu-demo/cva6/core/store_buffer.sv:44]
WARNING: [Synth 8-6014] Unused sequential element read_pointer_q_reg was removed.  [/home/jc/tmp/riscv-iommu-demo/cva6/vendor/pulp-platform/common_cells/src/fifo_v3.sv:136]
WARNING: [Synth 8-3848] Net req_port_o[data_wuser] in module/entity load_unit does not have driver. [/home/jc/tmp/riscv-iommu-demo/cva6/core/load_unit.sv:48]
WARNING: [Synth 8-6014] Unused sequential element hgeie_q_reg was removed.  [/home/jc/tmp/riscv-iommu-demo/cva6/core/csr_regfile.sv:1866]
WARNING: [Synth 8-3848] Net ruser_aligned in module/entity sram does not have driver. [/home/jc/tmp/riscv-iommu-demo/cva6/common/local/util/sram.sv:50]
WARNING: [Synth 8-3848] Net ruser_aligned in module/entity sram__parameterized0 does not have driver. [/home/jc/tmp/riscv-iommu-demo/cva6/common/local/util/sram.sv:50]
WARNING: [Synth 8-6014] Unused sequential element mshr_q_reg[size] was removed.  [/home/jc/tmp/riscv-iommu-demo/cva6/core/cache_subsystem/wt_dcache_missunit.sv:343]
WARNING: [Synth 8-6014] Unused sequential element mshr_q_reg[vld_bits] was removed.  [/home/jc/tmp/riscv-iommu-demo/cva6/core/cache_subsystem/wt_dcache_missunit.sv:343]
WARNING: [Synth 8-6014] Unused sequential element mshr_q_reg[id] was removed.  [/home/jc/tmp/riscv-iommu-demo/cva6/core/cache_subsystem/wt_dcache_missunit.sv:343]
WARNING: [Synth 8-3936] Found unconnected internal register 'amo_user_reg' and it is trimmed from '64' to '1' bits. [/home/jc/tmp/riscv-iommu-demo/cva6/core/cache_subsystem/wt_dcache_missunit.sv:212]
WARNING: [Synth 8-3848] Net ruser_aligned in module/entity sram__parameterized1 does not have driver. [/home/jc/tmp/riscv-iommu-demo/cva6/common/local/util/sram.sv:50]
WARNING: [Synth 8-3848] Net rd_user_o in module/entity wt_dcache_mem does not have driver. [/home/jc/tmp/riscv-iommu-demo/cva6/core/cache_subsystem/wt_dcache_mem.sv:48]
WARNING: [Synth 8-3848] Net axi_resp_o[b][user] in module/entity axi_lite_interface does not have driver. [/home/jc/tmp/riscv-iommu-demo/cva6/corev_apu/clint/axi_lite_interface.sv:27]
WARNING: [Synth 8-3848] Net axi_resp_o[r][user] in module/entity axi_lite_interface does not have driver. [/home/jc/tmp/riscv-iommu-demo/cva6/corev_apu/clint/axi_lite_interface.sv:27]
WARNING: [Synth 8-6014] Unused sequential element ax_req_q_reg[size] was removed.  [/home/jc/tmp/riscv-iommu-demo/cva6/corev_apu/axi_mem_if/src/axi2mem.sv:289]
WARNING: [Synth 8-6014] Unused sequential element iFCR_DMAMode_reg was removed.  [/home/jc/tmp/riscv-iommu-demo/cva6/corev_apu/fpga/src/apb_uart/src/apb_uart.vhd:516]
WARNING: [Synth 8-6014] Unused sequential element ax_req_q_reg[size] was removed.  [/home/jc/tmp/riscv-iommu-demo/cva6/corev_apu/axi_mem_if/src/axi2mem.sv:289]
WARNING: [Synth 8-6014] Unused sequential element rgmii_tx_clk_rise_reg was removed.  [/home/jc/tmp/riscv-iommu-demo/cva6/corev_apu/fpga/src/ariane-ethernet/rgmii_phy_if.sv:118]
WARNING: [Synth 8-3848] Net tx_fifo_overflow in module/entity eth_mac_1g_rgmii_fifo does not have driver. [/home/jc/tmp/riscv-iommu-demo/cva6/corev_apu/fpga/src/ariane-ethernet/eth_mac_1g_rgmii_fifo.sv:95]
WARNING: [Synth 8-3848] Net tx_fifo_bad_frame in module/entity eth_mac_1g_rgmii_fifo does not have driver. [/home/jc/tmp/riscv-iommu-demo/cva6/corev_apu/fpga/src/ariane-ethernet/eth_mac_1g_rgmii_fifo.sv:96]
WARNING: [Synth 8-3848] Net tx_fifo_good_frame in module/entity eth_mac_1g_rgmii_fifo does not have driver. [/home/jc/tmp/riscv-iommu-demo/cva6/corev_apu/fpga/src/ariane-ethernet/eth_mac_1g_rgmii_fifo.sv:97]
WARNING: [Synth 8-3848] Net rx_fifo_overflow in module/entity eth_mac_1g_rgmii_fifo does not have driver. [/home/jc/tmp/riscv-iommu-demo/cva6/corev_apu/fpga/src/ariane-ethernet/eth_mac_1g_rgmii_fifo.sv:100]
WARNING: [Synth 8-3848] Net rx_fifo_bad_frame in module/entity eth_mac_1g_rgmii_fifo does not have driver. [/home/jc/tmp/riscv-iommu-demo/cva6/corev_apu/fpga/src/ariane-ethernet/eth_mac_1g_rgmii_fifo.sv:101]
WARNING: [Synth 8-3848] Net rx_fifo_good_frame in module/entity eth_mac_1g_rgmii_fifo does not have driver. [/home/jc/tmp/riscv-iommu-demo/cva6/corev_apu/fpga/src/ariane-ethernet/eth_mac_1g_rgmii_fifo.sv:102]
WARNING: [Synth 8-7137] Register gen_registered.m\.aw_id_reg in module rp_boundary_regs has both Set and reset with same priority. This may cause simulation mismatches. Consider rewriting code  [/home/jc/tmp/riscv-iommu-demo/dpr/src/rp_boundary_regs.sv:78]
WARNING: [Synth 8-7137] Register gen_registered.m\.aw_addr_reg in module rp_boundary_regs has both Set and reset with same priority. This may cause simulation mismatches. Consider rewriting code  [/home/jc/tmp/riscv-iommu-demo/dpr/src/rp_boundary_regs.sv:79]
WARNING: [Synth 8-7137] Register gen_registered.m\.aw_len_reg in module rp_boundary_regs has both Set and reset with same priority. This may cause simulation mismatches. Consider rewriting code  [/home/jc/tmp/riscv-iommu-demo/dpr/src/rp_boundary_regs.sv:80]
WARNING: [Synth 8-7137] Register gen_registered.m\.aw_size_reg in module rp_boundary_regs has both Set and reset with same priority. This may cause simulation mismatches. Consider rewriting code  [/home/jc/tmp/riscv-iommu-demo/dpr/src/rp_boundary_regs.sv:81]
WARNING: [Synth 8-7137] Register gen_registered.m\.aw_burst_reg in module rp_boundary_regs has both Set and reset with same priority. This may cause simulation mismatches. Consider rewriting code  [/home/jc/tmp/riscv-iommu-demo/dpr/src/rp_boundary_regs.sv:82]
WARNING: [Synth 8-7137] Register gen_registered.m\.aw_lock_reg in module rp_boundary_regs has both Set and reset with same priority. This may cause simulation mismatches. Consider rewriting code  [/home/jc/tmp/riscv-iommu-demo/dpr/src/rp_boundary_regs.sv:83]
WARNING: [Synth 8-7137] Register gen_registered.m\.aw_cache_reg in module rp_boundary_regs has both Set and reset with same priority. This may cause simulation mismatches. Consider rewriting code  [/home/jc/tmp/riscv-iommu-demo/dpr/src/rp_boundary_regs.sv:84]
WARNING: [Synth 8-7137] Register gen_registered.m\.aw_prot_reg in module rp_boundary_regs has both Set and reset with same priority. This may cause simulation mismatches. Consider rewriting code  [/home/jc/tmp/riscv-iommu-demo/dpr/src/rp_boundary_regs.sv:85]
WARNING: [Synth 8-7137] Register gen_registered.m\.aw_qos_reg in module rp_boundary_regs has both Set and reset with same priority. This may cause simulation mismatches. Consider rewriting code  [/home/jc/tmp/riscv-iommu-demo/dpr/src/rp_boundary_regs.sv:86]
WARNING: [Synth 8-7137] Register gen_registered.m\.aw_region_reg in module rp_boundary_regs has both Set and reset with same priority. This may cause simulation mismatches. Consider rewriting code  [/home/jc/tmp/riscv-iommu-demo/dpr/src/rp_boundary_regs.sv:87]
WARNING: [Synth 8-7137] Register gen_registered.m\.aw_atop_reg in module rp_boundary_regs has both Set and reset with same priority. This may cause simulation mismatches. Consider rewriting code  [/home/jc/tmp/riscv-iommu-demo/dpr/src/rp_boundary_regs.sv:88]
WARNING: [Synth 8-7137] Register gen_registered.m\.aw_user_reg in module rp_boundary_regs has both Set and reset with same priority. This may cause simulation mismatches. Consider rewriting code  [/home/jc/tmp/riscv-iommu-demo/dpr/src/rp_boundary_regs.sv:89]
WARNING: [Synth 8-7137] Register gen_registered.m\.ar_id_reg in module rp_boundary_regs has both Set and reset with same priority. This may cause simulation mismatches. Consider rewriting code  [/home/jc/tmp/riscv-iommu-demo/dpr/src/rp_boundary_regs.sv:99]
WARNING: [Synth 8-7137] Register gen_registered.m\.ar_addr_reg in module rp_boundary_regs has both Set and reset with same priority. This may cause simulation mismatches. Consider rewriting code  [/home/jc/tmp/riscv-iommu-demo/dpr/src/rp_boundary_regs.sv:100]
WARNING: [Synth 8-7137] Register gen_registered.m\.ar_len_reg in module rp_boundary_regs has both Set and reset with same priority. This may cause simulation mismatches. Consider rewriting code  [/home/jc/tmp/riscv-iommu-demo/dpr/src/rp_boundary_regs.sv:101]
WARNING: [Synth 8-7137] Register gen_registered.m\.ar_size_reg in module rp_boundary_regs has both Set and reset with same priority. This may cause simulation mismatches. Consider rewriting code  [/home/jc/tmp/riscv-iommu-demo/dpr/src/rp_boundary_regs.sv:102]
WARNING: [Synth 8-7137] Register gen_registered.m\.ar_burst_reg in module rp_boundary_regs has both Set and reset with same priority. This may cause simulation mismatches. Consider rewriting code  [/home/jc/tmp/riscv-iommu-demo/dpr/src/rp_boundary_regs.sv:103]
WARNING: [Synth 8-7137] Register gen_registered.m\.ar_lock_reg in module rp_boundary_regs has both Set and reset with same priority. This may cause simulation mismatches. Consider rewriting code  [/home/jc/tmp/riscv-iommu-demo/dpr/src/rp_boundary_regs.sv:104]
WARNING: [Synth 8-7137] Register gen_registered.m\.ar_cache_reg in module rp_boundary_regs has both Set and reset with same priority. This may cause simulation mismatches. Consider rewriting code  [/home/jc/tmp/riscv-iommu-demo/dpr/src/rp_boundary_regs.sv:105]
WARNING: [Synth 8-7137] Register gen_registered.m\.ar_prot_reg in module rp_boundary_regs has both Set and reset with same priority. This may cause simulation mismatches. Consider rewriting code  [/home/jc/tmp/riscv-iommu-demo/dpr/src/rp_boundary_regs.sv:106]
WARNING: [Synth 8-7137] Register gen_registered.m\.ar_qos_reg in module rp_boundary_regs has both Set and reset with same priority. This may cause simulation mismatches. Consider rewriting code  [/home/jc/tmp/riscv-iommu-demo/dpr/src/rp_boundary_regs.sv:107]
WARNING: [Synth 8-7137] Register gen_registered.m\.ar_region_reg in module rp_boundary_regs has both Set and reset with same priority. This may cause simulation mismatches. Consider rewriting code  [/home/jc/tmp/riscv-iommu-demo/dpr/src/rp_boundary_regs.sv:108]
WARNING: [Synth 8-7137] Register gen_registered.m\.ar_user_reg in module rp_boundary_regs has both Set and reset with same priority. This may cause simulation mismatches. Consider rewriting code  [/home/jc/tmp/riscv-iommu-demo/dpr/src/rp_boundary_regs.sv:109]
WARNING: [Synth 8-7137] Register gen_registered.m\.w_data_reg in module rp_boundary_regs has both Set and reset with same priority. This may cause simulation mismatches. Consider rewriting code  [/home/jc/tmp/riscv-iommu-demo/dpr/src/rp_boundary_regs.sv:119]
WARNING: [Synth 8-7137] Register gen_registered.m\.w_strb_reg in module rp_boundary_regs has both Set and reset with same priority. This may cause simulation mismatches. Consider rewriting code  [/home/jc/tmp/riscv-iommu-demo/dpr/src/rp_boundary_regs.sv:120]
WARNING: [Synth 8-7137] Register gen_registered.m\.w_last_reg in module rp_boundary_regs has both Set and reset with same priority. This may cause simulation mismatches. Consider rewriting code  [/home/jc/tmp/riscv-iommu-demo/dpr/src/rp_boundary_regs.sv:121]
WARNING: [Synth 8-7137] Register gen_registered.m\.w_user_reg in module rp_boundary_regs has both Set and reset with same priority. This may cause simulation mismatches. Consider rewriting code  [/home/jc/tmp/riscv-iommu-demo/dpr/src/rp_boundary_regs.sv:122]
WARNING: [Synth 8-7137] Register gen_registered.s\.b_id_reg in module rp_boundary_regs has both Set and reset with same priority. This may cause simulation mismatches. Consider rewriting code  [/home/jc/tmp/riscv-iommu-demo/dpr/src/rp_boundary_regs.sv:132]
WARNING: [Synth 8-7137] Register gen_registered.s\.b_resp_reg in module rp_boundary_regs has both Set and reset with same priority. This may cause simulation mismatches. Consider rewriting code  [/home/jc/tmp/riscv-iommu-demo/dpr/src/rp_boundary_regs.sv:133]
WARNING: [Synth 8-7137] Register gen_registered.s\.b_user_reg in module rp_boundary_regs has both Set and reset with same priority. This may cause simulation mismatches. Consider rewriting code  [/home/jc/tmp/riscv-iommu-demo/dpr/src/rp_boundary_regs.sv:134]
WARNING: [Synth 8-7137] Register gen_registered.s\.r_id_reg in module rp_boundary_regs has both Set and reset with same priority. This may cause simulation mismatches. Consider rewriting code  [/home/jc/tmp/riscv-iommu-demo/dpr/src/rp_boundary_regs.sv:144]
WARNING: [Synth 8-7137] Register gen_registered.s\.r_data_reg in module rp_boundary_regs has both Set and reset with same priority. This may cause simulation mismatches. Consider rewriting code  [/home/jc/tmp/riscv-iommu-demo/dpr/src/rp_boundary_regs.sv:145]
WARNING: [Synth 8-7137] Register gen_registered.s\.r_resp_reg in module rp_boundary_regs has both Set and reset with same priority. This may cause simulation mismatches. Consider rewriting code  [/home/jc/tmp/riscv-iommu-demo/dpr/src/rp_boundary_regs.sv:146]
WARNING: [Synth 8-7137] Register gen_registered.s\.r_last_reg in module rp_boundary_regs has both Set and reset with same priority. This may cause simulation mismatches. Consider rewriting code  [/home/jc/tmp/riscv-iommu-demo/dpr/src/rp_boundary_regs.sv:147]
WARNING: [Synth 8-7137] Register gen_registered.s\.r_user_reg in module rp_boundary_regs has both Set and reset with same priority. This may cause simulation mismatches. Consider rewriting code  [/home/jc/tmp/riscv-iommu-demo/dpr/src/rp_boundary_regs.sv:148]
WARNING: [Synth 8-7137] Register gen_registered.m\.aw_id_reg in module rp_boundary_regs_mmu has both Set and reset with same priority. This may cause simulation mismatches. Consider rewriting code  [/home/jc/tmp/riscv-iommu-demo/dpr/src/rp_boundary_regs_mmu.sv:93]
WARNING: [Synth 8-7137] Register gen_registered.m\.aw_addr_reg in module rp_boundary_regs_mmu has both Set and reset with same priority. This may cause simulation mismatches. Consider rewriting code  [/home/jc/tmp/riscv-iommu-demo/dpr/src/rp_boundary_regs_mmu.sv:94]
WARNING: [Synth 8-7137] Register gen_registered.m\.aw_len_reg in module rp_boundary_regs_mmu has both Set and reset with same priority. This may cause simulation mismatches. Consider rewriting code  [/home/jc/tmp/riscv-iommu-demo/dpr/src/rp_boundary_regs_mmu.sv:95]
WARNING: [Synth 8-7137] Register gen_registered.m\.aw_size_reg in module rp_boundary_regs_mmu has both Set and reset with same priority. This may cause simulation mismatches. Consider rewriting code  [/home/jc/tmp/riscv-iommu-demo/dpr/src/rp_boundary_regs_mmu.sv:96]
WARNING: [Synth 8-7137] Register gen_registered.m\.aw_burst_reg in module rp_boundary_regs_mmu has both Set and reset with same priority. This may cause simulation mismatches. Consider rewriting code  [/home/jc/tmp/riscv-iommu-demo/dpr/src/rp_boundary_regs_mmu.sv:97]
WARNING: [Synth 8-7137] Register gen_registered.m\.aw_lock_reg in module rp_boundary_regs_mmu has both Set and reset with same priority. This may cause simulation mismatches. Consider rewriting code  [/home/jc/tmp/riscv-iommu-demo/dpr/src/rp_boundary_regs_mmu.sv:98]
WARNING: [Synth 8-7137] Register gen_registered.m\.aw_cache_reg in module rp_boundary_regs_mmu has both Set and reset with same priority. This may cause simulation mismatches. Consider rewriting code  [/home/jc/tmp/riscv-iommu-demo/dpr/src/rp_boundary_regs_mmu.sv:99]
WARNING: [Synth 8-7137] Register gen_registered.m\.aw_prot_reg in module rp_boundary_regs_mmu has both Set and reset with same priority. This may cause simulation mismatches. Consider rewriting code  [/home/jc/tmp/riscv-iommu-demo/dpr/src/rp_boundary_regs_mmu.sv:100]
WARNING: [Synth 8-7137] Register gen_registered.m\.aw_qos_reg in module rp_boundary_regs_mmu has both Set and reset with same priority. This may cause simulation mismatches. Consider rewriting code  [/home/jc/tmp/riscv-iommu-demo/dpr/src/rp_boundary_regs_mmu.sv:101]
WARNING: [Synth 8-7137] Register gen_registered.m\.aw_atop_reg in module rp_boundary_regs_mmu has both Set and reset with same priority. This may cause simulation mismatches. Consider rewriting code  [/home/jc/tmp/riscv-iommu-demo/dpr/src/rp_boundary_regs_mmu.sv:102]
WARNING: [Synth 8-7137] Register gen_registered.m\.aw_region_reg in module rp_boundary_regs_mmu has both Set and reset with same priority. This may cause simulation mismatches. Consider rewriting code  [/home/jc/tmp/riscv-iommu-demo/dpr/src/rp_boundary_regs_mmu.sv:103]
WARNING: [Synth 8-7137] Register gen_registered.m\.aw_user_reg in module rp_boundary_regs_mmu has both Set and reset with same priority. This may cause simulation mismatches. Consider rewriting code  [/home/jc/tmp/riscv-iommu-demo/dpr/src/rp_boundary_regs_mmu.sv:104]
WARNING: [Synth 8-7137] Register gen_registered.m\.aw_stream_id_reg in module rp_boundary_regs_mmu has both Set and reset with same priority. This may cause simulation mismatches. Consider rewriting code  [/home/jc/tmp/riscv-iommu-demo/dpr/src/rp_boundary_regs_mmu.sv:105]
WARNING: [Synth 8-7137] Register gen_registered.m\.aw_ss_id_valid_reg in module rp_boundary_regs_mmu has both Set and reset with same priority. This may cause simulation mismatches. Consider rewriting code  [/home/jc/tmp/riscv-iommu-demo/dpr/src/rp_boundary_regs_mmu.sv:106]
WARNING: [Synth 8-7137] Register gen_registered.m\.aw_substream_id_reg in module rp_boundary_regs_mmu has both Set and reset with same priority. This may cause simulation mismatches. Consider rewriting code  [/home/jc/tmp/riscv-iommu-demo/dpr/src/rp_boundary_regs_mmu.sv:107]
WARNING: [Synth 8-7137] Register gen_registered.m\.ar_id_reg in module rp_boundary_regs_mmu has both Set and reset with same priority. This may cause simulation mismatches. Consider rewriting code  [/home/jc/tmp/riscv-iommu-demo/dpr/src/rp_boundary_regs_mmu.sv:118]
WARNING: [Synth 8-7137] Register gen_registered.m\.ar_addr_reg in module rp_boundary_regs_mmu has both Set and reset with same priority. This may cause simulation mismatches. Consider rewriting code  [/home/jc/tmp/riscv-iommu-demo/dpr/src/rp_boundary_regs_mmu.sv:119]
WARNING: [Synth 8-7137] Register gen_registered.m\.ar_len_reg in module rp_boundary_regs_mmu has both Set and reset with same priority. This may cause simulation mismatches. Consider rewriting code  [/home/jc/tmp/riscv-iommu-demo/dpr/src/rp_boundary_regs_mmu.sv:120]
WARNING: [Synth 8-7137] Register gen_registered.m\.ar_size_reg in module rp_boundary_regs_mmu has both Set and reset with same priority. This may cause simulation mismatches. Consider rewriting code  [/home/jc/tmp/riscv-iommu-demo/dpr/src/rp_boundary_regs_mmu.sv:121]
WARNING: [Synth 8-7137] Register gen_registered.m\.ar_burst_reg in module rp_boundary_regs_mmu has both Set and reset with same priority. This may cause simulation mismatches. Consider rewriting code  [/home/jc/tmp/riscv-iommu-demo/dpr/src/rp_boundary_regs_mmu.sv:122]
WARNING: [Synth 8-7137] Register gen_registered.m\.ar_lock_reg in module rp_boundary_regs_mmu has both Set and reset with same priority. This may cause simulation mismatches. Consider rewriting code  [/home/jc/tmp/riscv-iommu-demo/dpr/src/rp_boundary_regs_mmu.sv:123]
WARNING: [Synth 8-7137] Register gen_registered.m\.ar_cache_reg in module rp_boundary_regs_mmu has both Set and reset with same priority. This may cause simulation mismatches. Consider rewriting code  [/home/jc/tmp/riscv-iommu-demo/dpr/src/rp_boundary_regs_mmu.sv:124]
WARNING: [Synth 8-7137] Register gen_registered.m\.ar_prot_reg in module rp_boundary_regs_mmu has both Set and reset with same priority. This may cause simulation mismatches. Consider rewriting code  [/home/jc/tmp/riscv-iommu-demo/dpr/src/rp_boundary_regs_mmu.sv:125]
WARNING: [Synth 8-7137] Register gen_registered.m\.ar_qos_reg in module rp_boundary_regs_mmu has both Set and reset with same priority. This may cause simulation mismatches. Consider rewriting code  [/home/jc/tmp/riscv-iommu-demo/dpr/src/rp_boundary_regs_mmu.sv:126]
WARNING: [Synth 8-7137] Register gen_registered.m\.ar_region_reg in module rp_boundary_regs_mmu has both Set and reset with same priority. This may cause simulation mismatches. Consider rewriting code  [/home/jc/tmp/riscv-iommu-demo/dpr/src/rp_boundary_regs_mmu.sv:127]
WARNING: [Synth 8-7137] Register gen_registered.m\.ar_user_reg in module rp_boundary_regs_mmu has both Set and reset with same priority. This may cause simulation mismatches. Consider rewriting code  [/home/jc/tmp/riscv-iommu-demo/dpr/src/rp_boundary_regs_mmu.sv:128]
WARNING: [Synth 8-7137] Register gen_registered.m\.ar_stream_id_reg in module rp_boundary_regs_mmu has both Set and reset with same priority. This may cause simulation mismatches. Consider rewriting code  [/home/jc/tmp/riscv-iommu-demo/dpr/src/rp_boundary_regs_mmu.sv:129]
WARNING: [Synth 8-7137] Register gen_registered.m\.ar_ss_id_valid_reg in module rp_boundary_regs_mmu has both Set and reset with same priority. This may cause simulation mismatches. Consider rewriting code  [/home/jc/tmp/riscv-iommu-demo/dpr/src/rp_boundary_regs_mmu.sv:130]
WARNING: [Synth 8-7137] Register gen_registered.m\.ar_substream_id_reg in module rp_boundary_regs_mmu has both Set and reset with same priority. This may cause simulation mismatches. Consider rewriting code  [/home/jc/tmp/riscv-iommu-demo/dpr/src/rp_boundary_regs_mmu.sv:131]
WARNING: [Synth 8-7137] Register gen_registered.m\.w_data_reg in module rp_boundary_regs_mmu has both Set and reset with same priority. This may cause simulation mismatches. Consider rewriting code  [/home/jc/tmp/riscv-iommu-demo/dpr/src/rp_boundary_regs_mmu.sv:142]
WARNING: [Synth 8-7137] Register gen_registered.m\.w_strb_reg in module rp_boundary_regs_mmu has both Set and reset with same priority. This may cause simulation mismatches. Consider rewriting code  [/home/jc/tmp/riscv-iommu-demo/dpr/src/rp_boundary_regs_mmu.sv:143]
WARNING: [Synth 8-7137] Register gen_registered.m\.w_last_reg in module rp_boundary_regs_mmu has both Set and reset with same priority. This may cause simulation mismatches. Consider rewriting code  [/home/jc/tmp/riscv-iommu-demo/dpr/src/rp_boundary_regs_mmu.sv:144]
WARNING: [Synth 8-7137] Register gen_registered.m\.w_user_reg in module rp_boundary_regs_mmu has both Set and reset with same priority. This may cause simulation mismatches. Consider rewriting code  [/home/jc/tmp/riscv-iommu-demo/dpr/src/rp_boundary_regs_mmu.sv:145]
WARNING: [Synth 8-7137] Register gen_registered.s\.b_id_reg in module rp_boundary_regs_mmu has both Set and reset with same priority. This may cause simulation mismatches. Consider rewriting code  [/home/jc/tmp/riscv-iommu-demo/dpr/src/rp_boundary_regs_mmu.sv:156]
WARNING: [Synth 8-7137] Register gen_registered.s\.b_resp_reg in module rp_boundary_regs_mmu has both Set and reset with same priority. This may cause simulation mismatches. Consider rewriting code  [/home/jc/tmp/riscv-iommu-demo/dpr/src/rp_boundary_regs_mmu.sv:157]
WARNING: [Synth 8-7137] Register gen_registered.s\.b_user_reg in module rp_boundary_regs_mmu has both Set and reset with same priority. This may cause simulation mismatches. Consider rewriting code  [/home/jc/tmp/riscv-iommu-demo/dpr/src/rp_boundary_regs_mmu.sv:158]
WARNING: [Synth 8-7137] Register gen_registered.s\.r_id_reg in module rp_boundary_regs_mmu has both Set and reset with same priority. This may cause simulation mismatches. Consider rewriting code  [/home/jc/tmp/riscv-iommu-demo/dpr/src/rp_boundary_regs_mmu.sv:169]
WARNING: [Synth 8-7137] Register gen_registered.s\.r_data_reg in module rp_boundary_regs_mmu has both Set and reset with same priority. This may cause simulation mismatches. Consider rewriting code  [/home/jc/tmp/riscv-iommu-demo/dpr/src/rp_boundary_regs_mmu.sv:170]
WARNING: [Synth 8-7137] Register gen_registered.s\.r_resp_reg in module rp_boundary_regs_mmu has both Set and reset with same priority. This may cause simulation mismatches. Consider rewriting code  [/home/jc/tmp/riscv-iommu-demo/dpr/src/rp_boundary_regs_mmu.sv:171]
WARNING: [Synth 8-7137] Register gen_registered.s\.r_last_reg in module rp_boundary_regs_mmu has both Set and reset with same priority. This may cause simulation mismatches. Consider rewriting code  [/home/jc/tmp/riscv-iommu-demo/dpr/src/rp_boundary_regs_mmu.sv:172]
WARNING: [Synth 8-7137] Register gen_registered.s\.r_user_reg in module rp_boundary_regs_mmu has both Set and reset with same priority. This may cause simulation mismatches. Consider rewriting code  [/home/jc/tmp/riscv-iommu-demo/dpr/src/rp_boundary_regs_mmu.sv:173]
WARNING: [Synth 8-6014] Unused sequential element aw_prev_reg was removed.  [/home/jc/tmp/riscv-iommu-demo/cva6/corev_apu/fpga/src/armor/SRC/request_flow_monitor.sv:37]
WARNING: [Synth 8-6014] Unused sequential element ar_prev_reg was removed.  [/home/jc/tmp/riscv-iommu-demo/cva6/corev_apu/fpga/src/armor/SRC/request_flow_monitor.sv:38]
WARNING: [Synth 8-7137] Register aw_id_prev_reg in module request_flow_monitor has both Set and reset with same priority. This may cause simulation mismatches. Consider rewriting code  [/home/jc/tmp/riscv-iommu-demo/cva6/corev_apu/fpga/src/armor/SRC/request_flow_monitor.sv:47]
WARNING: [Synth 8-7137] Register ar_id_prev_reg in module request_flow_monitor has both Set and reset with same priority. This may cause simulation mismatches. Consider rewriting code  [/home/jc/tmp/riscv-iommu-demo/cva6/corev_apu/fpga/src/armor/SRC/request_flow_monitor.sv:51]
WARNING: [Synth 8-3848] Net resp_CPU_Wrapper_o[aw_ready] in module/entity wrapper does not have driver. [/home/jc/tmp/riscv-iommu-demo/cva6/corev_apu/fpga/src/armor/SRC/wrapper.sv:63]
WARNING: [Synth 8-3848] Net resp_CPU_Wrapper_o[ar_ready] in module/entity wrapper does not have driver. [/home/jc/tmp/riscv-iommu-demo/cva6/corev_apu/fpga/src/armor/SRC/wrapper.sv:63]
WARNING: [Synth 8-3848] Net resp_CPU_Wrapper_o[w_ready] in module/entity wrapper does not have driver. [/home/jc/tmp/riscv-iommu-demo/cva6/corev_apu/fpga/src/armor/SRC/wrapper.sv:63]
WARNING: [Synth 8-3848] Net resp_CPU_Wrapper_o[b_valid] in module/entity wrapper does not have driver. [/home/jc/tmp/riscv-iommu-demo/cva6/corev_apu/fpga/src/armor/SRC/wrapper.sv:63]
WARNING: [Synth 8-3848] Net resp_CPU_Wrapper_o[b][id] in module/entity wrapper does not have driver. [/home/jc/tmp/riscv-iommu-demo/cva6/corev_apu/fpga/src/armor/SRC/wrapper.sv:63]
WARNING: [Synth 8-3848] Net resp_CPU_Wrapper_o[b][resp] in module/entity wrapper does not have driver. [/home/jc/tmp/riscv-iommu-demo/cva6/corev_apu/fpga/src/armor/SRC/wrapper.sv:63]
WARNING: [Synth 8-3848] Net resp_CPU_Wrapper_o[b][user] in module/entity wrapper does not have driver. [/home/jc/tmp/riscv-iommu-demo/cva6/corev_apu/fpga/src/armor/SRC/wrapper.sv:63]
WARNING: [Synth 8-3848] Net resp_CPU_Wrapper_o[r_valid] in module/entity wrapper does not have driver. [/home/jc/tmp/riscv-iommu-demo/cva6/corev_apu/fpga/src/armor/SRC/wrapper.sv:63]
WARNING: [Synth 8-3848] Net resp_CPU_Wrapper_o[r][id] in module/entity wrapper does not have driver. [/home/jc/tmp/riscv-iommu-demo/cva6/corev_apu/fpga/src/armor/SRC/wrapper.sv:63]
WARNING: [Synth 8-3848] Net resp_CPU_Wrapper_o[r][data] in module/entity wrapper does not have driver. [/home/jc/tmp/riscv-iommu-demo/cva6/corev_apu/fpga/src/armor/SRC/wrapper.sv:63]
WARNING: [Synth 8-3848] Net resp_CPU_Wrapper_o[r][resp] in module/entity wrapper does not have driver. [/home/jc/tmp/riscv-iommu-demo/cva6/corev_apu/fpga/src/armor/SRC/wrapper.sv:63]
WARNING: [Synth 8-3848] Net resp_CPU_Wrapper_o[r][last] in module/entity wrapper does not have driver. [/home/jc/tmp/riscv-iommu-demo/cva6/corev_apu/fpga/src/armor/SRC/wrapper.sv:63]
WARNING: [Synth 8-3848] Net resp_CPU_Wrapper_o[r][user] in module/entity wrapper does not have driver. [/home/jc/tmp/riscv-iommu-demo/cva6/corev_apu/fpga/src/armor/SRC/wrapper.sv:63]
WARNING: [Synth 8-3848] Net fixed_ID_reg in module/entity wrapper does not have driver. [/home/jc/tmp/riscv-iommu-demo/cva6/corev_apu/fpga/src/armor/SRC/wrapper.sv:76]
WARNING: [Synth 8-3848] Net msi_address_config in module/entity wrapper does not have driver. [/home/jc/tmp/riscv-iommu-demo/cva6/corev_apu/fpga/src/armor/SRC/wrapper.sv:90]
WARNING: [Synth 8-7137] Register gen_registered.m\.aw_id_reg in module rp_boundary_regs__parameterized0 has both Set and reset with same priority. This may cause simulation mismatches. Consider rewriting code  [/home/jc/tmp/riscv-iommu-demo/dpr/src/rp_boundary_regs.sv:78]
WARNING: [Synth 8-7137] Register gen_registered.m\.aw_addr_reg in module rp_boundary_regs__parameterized0 has both Set and reset with same priority. This may cause simulation mismatches. Consider rewriting code  [/home/jc/tmp/riscv-iommu-demo/dpr/src/rp_boundary_regs.sv:79]
WARNING: [Synth 8-7137] Register gen_registered.m\.aw_len_reg in module rp_boundary_regs__parameterized0 has both Set and reset with same priority. This may cause simulation mismatches. Consider rewriting code  [/home/jc/tmp/riscv-iommu-demo/dpr/src/rp_boundary_regs.sv:80]
WARNING: [Synth 8-7137] Register gen_registered.m\.aw_size_reg in module rp_boundary_regs__parameterized0 has both Set and reset with same priority. This may cause simulation mismatches. Consider rewriting code  [/home/jc/tmp/riscv-iommu-demo/dpr/src/rp_boundary_regs.sv:81]
WARNING: [Synth 8-7137] Register gen_registered.m\.aw_burst_reg in module rp_boundary_regs__parameterized0 has both Set and reset with same priority. This may cause simulation mismatches. Consider rewriting code  [/home/jc/tmp/riscv-iommu-demo/dpr/src/rp_boundary_regs.sv:82]
WARNING: [Synth 8-7137] Register gen_registered.m\.aw_lock_reg in module rp_boundary_regs__parameterized0 has both Set and reset with same priority. This may cause simulation mismatches. Consider rewriting code  [/home/jc/tmp/riscv-iommu-demo/dpr/src/rp_boundary_regs.sv:83]
WARNING: [Synth 8-7137] Register gen_registered.m\.aw_cache_reg in module rp_boundary_regs__parameterized0 has both Set and reset with same priority. This may cause simulation mismatches. Consider rewriting code  [/home/jc/tmp/riscv-iommu-demo/dpr/src/rp_boundary_regs.sv:84]
WARNING: [Synth 8-7137] Register gen_registered.m\.aw_prot_reg in module rp_boundary_regs__parameterized0 has both Set and reset with same priority. This may cause simulation mismatches. Consider rewriting code  [/home/jc/tmp/riscv-iommu-demo/dpr/src/rp_boundary_regs.sv:85]
WARNING: [Synth 8-7137] Register gen_registered.m\.aw_qos_reg in module rp_boundary_regs__parameterized0 has both Set and reset with same priority. This may cause simulation mismatches. Consider rewriting code  [/home/jc/tmp/riscv-iommu-demo/dpr/src/rp_boundary_regs.sv:86]
WARNING: [Synth 8-7137] Register gen_registered.m\.aw_region_reg in module rp_boundary_regs__parameterized0 has both Set and reset with same priority. This may cause simulation mismatches. Consider rewriting code  [/home/jc/tmp/riscv-iommu-demo/dpr/src/rp_boundary_regs.sv:87]
WARNING: [Synth 8-7137] Register gen_registered.m\.aw_atop_reg in module rp_boundary_regs__parameterized0 has both Set and reset with same priority. This may cause simulation mismatches. Consider rewriting code  [/home/jc/tmp/riscv-iommu-demo/dpr/src/rp_boundary_regs.sv:88]
WARNING: [Synth 8-7137] Register gen_registered.m\.aw_user_reg in module rp_boundary_regs__parameterized0 has both Set and reset with same priority. This may cause simulation mismatches. Consider rewriting code  [/home/jc/tmp/riscv-iommu-demo/dpr/src/rp_boundary_regs.sv:89]
WARNING: [Synth 8-7137] Register gen_registered.m\.ar_id_reg in module rp_boundary_regs__parameterized0 has both Set and reset with same priority. This may cause simulation mismatches. Consider rewriting code  [/home/jc/tmp/riscv-iommu-demo/dpr/src/rp_boundary_regs.sv:99]
WARNING: [Synth 8-7137] Register gen_registered.m\.ar_addr_reg in module rp_boundary_regs__parameterized0 has both Set and reset with same priority. This may cause simulation mismatches. Consider rewriting code  [/home/jc/tmp/riscv-iommu-demo/dpr/src/rp_boundary_regs.sv:100]
WARNING: [Synth 8-7137] Register gen_registered.m\.ar_len_reg in module rp_boundary_regs__parameterized0 has both Set and reset with same priority. This may cause simulation mismatches. Consider rewriting code  [/home/jc/tmp/riscv-iommu-demo/dpr/src/rp_boundary_regs.sv:101]
WARNING: [Synth 8-7137] Register gen_registered.m\.ar_size_reg in module rp_boundary_regs__parameterized0 has both Set and reset with same priority. This may cause simulation mismatches. Consider rewriting code  [/home/jc/tmp/riscv-iommu-demo/dpr/src/rp_boundary_regs.sv:102]
WARNING: [Synth 8-7137] Register gen_registered.m\.ar_burst_reg in module rp_boundary_regs__parameterized0 has both Set and reset with same priority. This may cause simulation mismatches. Consider rewriting code  [/home/jc/tmp/riscv-iommu-demo/dpr/src/rp_boundary_regs.sv:103]
WARNING: [Synth 8-7137] Register gen_registered.m\.ar_lock_reg in module rp_boundary_regs__parameterized0 has both Set and reset with same priority. This may cause simulation mismatches. Consider rewriting code  [/home/jc/tmp/riscv-iommu-demo/dpr/src/rp_boundary_regs.sv:104]
WARNING: [Synth 8-7137] Register gen_registered.m\.ar_cache_reg in module rp_boundary_regs__parameterized0 has both Set and reset with same priority. This may cause simulation mismatches. Consider rewriting code  [/home/jc/tmp/riscv-iommu-demo/dpr/src/rp_boundary_regs.sv:105]
WARNING: [Synth 8-7137] Register gen_registered.m\.ar_prot_reg in module rp_boundary_regs__parameterized0 has both Set and reset with same priority. This may cause simulation mismatches. Consider rewriting code  [/home/jc/tmp/riscv-iommu-demo/dpr/src/rp_boundary_regs.sv:106]
WARNING: [Synth 8-7137] Register gen_registered.m\.ar_qos_reg in module rp_boundary_regs__parameterized0 has both Set and reset with same priority. This may cause simulation mismatches. Consider rewriting code  [/home/jc/tmp/riscv-iommu-demo/dpr/src/rp_boundary_regs.sv:107]
WARNING: [Synth 8-7137] Register gen_registered.m\.ar_region_reg in module rp_boundary_regs__parameterized0 has both Set and reset with same priority. This may cause simulation mismatches. Consider rewriting code  [/home/jc/tmp/riscv-iommu-demo/dpr/src/rp_boundary_regs.sv:108]
INFO: [Common 17-14] Message 'Synth 8-7137' appears 100 times and further instances of the messages will be disabled. Use the Tcl command set_msg_config to change the current settings.
WARNING: [Synth 8-3848] Net reg2hw[tr_req_ctl][nw][q] in module/entity rv_iommu_regmap does not have driver. [/home/jc/tmp/riscv-iommu-demo/cva6/corev_apu/rv_iommu/rtl/software_interface/regmap/rv_iommu_regmap.sv:51]
WARNING: [Synth 8-6014] Unused sequential element read_pointer_q_reg was removed.  [/home/jc/tmp/riscv-iommu-demo/cva6/vendor/pulp-platform/common_cells/src/fifo_v3.sv:136]
WARNING: [Synth 8-6014] Unused sequential element read_pointer_q_reg was removed.  [/home/jc/tmp/riscv-iommu-demo/cva6/vendor/pulp-platform/common_cells/src/fifo_v3.sv:136]
WARNING: [Synth 8-87] always_comb on 'ip_re_o_reg' did not result in combinational logic [/home/jc/tmp/riscv-iommu-demo/cva6/corev_apu/rv_plic/rtl/plic_regmap.sv:325]
CRITICAL WARNING: [Synth 8-6859] multi-driven net on pin /home/jc/tmp/riscv-iommu-demo/cva6/corev_apu/fpga/src/ariane_peripherals_xilinx.sv-159.6 with 1st driver pin 'ariane_peripherals:/gen_iommu.i_riscv_iommu/wsi_wires_o[3]' [/home/jc/tmp/riscv-iommu-demo/cva6/corev_apu/fpga/src/ariane_peripherals_xilinx.sv:159]
CRITICAL WARNING: [Synth 8-6859] multi-driven net on pin /home/jc/tmp/riscv-iommu-demo/cva6/corev_apu/fpga/src/ariane_peripherals_xilinx.sv-159.6 with 2nd driver pin 'GND' [/home/jc/tmp/riscv-iommu-demo/cva6/corev_apu/fpga/src/ariane_peripherals_xilinx.sv:159]
CRITICAL WARNING: [Synth 8-6858] multi-driven net /home/jc/tmp/riscv-iommu-demo/cva6/corev_apu/fpga/src/ariane_peripherals_xilinx.sv-159.6 is connected to at least one constant driver which has been preserved, other driver is ignored [/home/jc/tmp/riscv-iommu-demo/cva6/corev_apu/fpga/src/ariane_peripherals_xilinx.sv:159]
WARNING: [Synth 8-3848] Net gen_ethernet.eth_int_n in module/entity ariane_peripherals does not have driver. [/home/jc/tmp/riscv-iommu-demo/cva6/corev_apu/fpga/src/ariane_peripherals_xilinx.sv:320]
WARNING: [Synth 8-3848] Net gen_ethernet.eth_pme_n in module/entity ariane_peripherals does not have driver. [/home/jc/tmp/riscv-iommu-demo/cva6/corev_apu/fpga/src/ariane_peripherals_xilinx.sv:320]
WARNING: [Synth 8-3848] Net master\.aw_ready in module/entity ariane_xilinx does not have driver. [/home/jc/tmp/riscv-iommu-demo/cva6/corev_apu/fpga/src/armor/SRC/axi_intf.sv:49]
WARNING: [Synth 8-3848] Net master\.w_ready in module/entity ariane_xilinx does not have driver. [/home/jc/tmp/riscv-iommu-demo/cva6/corev_apu/fpga/src/armor/SRC/axi_intf.sv:56]
WARNING: [Synth 8-3848] Net master\.b_id in module/entity ariane_xilinx does not have driver. [/home/jc/tmp/riscv-iommu-demo/cva6/corev_apu/fpga/src/armor/SRC/axi_intf.sv:58]
WARNING: [Synth 8-3848] Net master\.b_resp in module/entity ariane_xilinx does not have driver. [/home/jc/tmp/riscv-iommu-demo/cva6/corev_apu/fpga/src/armor/SRC/axi_intf.sv:59]
WARNING: [Synth 8-3848] Net master\.b_user in module/entity ariane_xilinx does not have driver. [/home/jc/tmp/riscv-iommu-demo/cva6/corev_apu/fpga/src/armor/SRC/axi_intf.sv:60]
WARNING: [Synth 8-3848] Net master\.b_valid in module/entity ariane_xilinx does not have driver. [/home/jc/tmp/riscv-iommu-demo/cva6/corev_apu/fpga/src/armor/SRC/axi_intf.sv:61]
WARNING: [Synth 8-3848] Net master\.ar_ready in module/entity ariane_xilinx does not have driver. [/home/jc/tmp/riscv-iommu-demo/cva6/corev_apu/fpga/src/armor/SRC/axi_intf.sv:76]
WARNING: [Synth 8-3848] Net master\.r_id in module/entity ariane_xilinx does not have driver. [/home/jc/tmp/riscv-iommu-demo/cva6/corev_apu/fpga/src/armor/SRC/axi_intf.sv:78]
WARNING: [Synth 8-3848] Net master\.r_data in module/entity ariane_xilinx does not have driver. [/home/jc/tmp/riscv-iommu-demo/cva6/corev_apu/fpga/src/armor/SRC/axi_intf.sv:79]
WARNING: [Synth 8-3848] Net master\.r_resp in module/entity ariane_xilinx does not have driver. [/home/jc/tmp/riscv-iommu-demo/cva6/corev_apu/fpga/src/armor/SRC/axi_intf.sv:80]
WARNING: [Synth 8-3848] Net master\.r_last in module/entity ariane_xilinx does not have driver. [/home/jc/tmp/riscv-iommu-demo/cva6/corev_apu/fpga/src/armor/SRC/axi_intf.sv:81]
WARNING: [Synth 8-3848] Net master\.r_user in module/entity ariane_xilinx does not have driver. [/home/jc/tmp/riscv-iommu-demo/cva6/corev_apu/fpga/src/armor/SRC/axi_intf.sv:82]
WARNING: [Synth 8-3848] Net master\.r_valid in module/entity ariane_xilinx does not have driver. [/home/jc/tmp/riscv-iommu-demo/cva6/corev_apu/fpga/src/armor/SRC/axi_intf.sv:83]
WARNING: [Synth 8-3848] Net master_to_dm\.aw_id in module/entity ariane_xilinx does not have driver. [/home/jc/tmp/riscv-iommu-demo/cva6/corev_apu/fpga/src/armor/SRC/axi_intf.sv:36]
WARNING: [Synth 8-3848] Net master_to_dm\.aw_addr in module/entity ariane_xilinx does not have driver. [/home/jc/tmp/riscv-iommu-demo/cva6/corev_apu/fpga/src/armor/SRC/axi_intf.sv:37]
WARNING: [Synth 8-3848] Net master_to_dm\.aw_len in module/entity ariane_xilinx does not have driver. [/home/jc/tmp/riscv-iommu-demo/cva6/corev_apu/fpga/src/armor/SRC/axi_intf.sv:38]
WARNING: [Synth 8-3848] Net master_to_dm\.aw_size in module/entity ariane_xilinx does not have driver. [/home/jc/tmp/riscv-iommu-demo/cva6/corev_apu/fpga/src/armor/SRC/axi_intf.sv:39]
WARNING: [Synth 8-3848] Net master_to_dm\.aw_burst in module/entity ariane_xilinx does not have driver. [/home/jc/tmp/riscv-iommu-demo/cva6/corev_apu/fpga/src/armor/SRC/axi_intf.sv:40]
WARNING: [Synth 8-3848] Net master_to_dm\.aw_lock in module/entity ariane_xilinx does not have driver. [/home/jc/tmp/riscv-iommu-demo/cva6/corev_apu/fpga/src/armor/SRC/axi_intf.sv:41]
WARNING: [Synth 8-3848] Net master_to_dm\.aw_cache in module/entity ariane_xilinx does not have driver. [/home/jc/tmp/riscv-iommu-demo/cva6/corev_apu/fpga/src/armor/SRC/axi_intf.sv:42]
WARNING: [Synth 8-3848] Net master_to_dm\.aw_prot in module/entity ariane_xilinx does not have driver. [/home/jc/tmp/riscv-iommu-demo/cva6/corev_apu/fpga/src/armor/SRC/axi_intf.sv:43]
WARNING: [Synth 8-3848] Net master_to_dm\.aw_qos in module/entity ariane_xilinx does not have driver. [/home/jc/tmp/riscv-iommu-demo/cva6/corev_apu/fpga/src/armor/SRC/axi_intf.sv:44]
WARNING: [Synth 8-3848] Net master_to_dm\.aw_region in module/entity ariane_xilinx does not have driver. [/home/jc/tmp/riscv-iommu-demo/cva6/corev_apu/fpga/src/armor/SRC/axi_intf.sv:45]
WARNING: [Synth 8-3848] Net master_to_dm\.aw_atop in module/entity ariane_xilinx does not have driver. [/home/jc/tmp/riscv-iommu-demo/cva6/corev_apu/fpga/src/armor/SRC/axi_intf.sv:46]
WARNING: [Synth 8-3848] Net master_to_dm\.aw_user in module/entity ariane_xilinx does not have driver. [/home/jc/tmp/riscv-iommu-demo/cva6/corev_apu/fpga/src/armor/SRC/axi_intf.sv:47]
WARNING: [Synth 8-3848] Net master_to_dm\.aw_valid in module/entity ariane_xilinx does not have driver. [/home/jc/tmp/riscv-iommu-demo/cva6/corev_apu/fpga/src/armor/SRC/axi_intf.sv:48]
WARNING: [Synth 8-3848] Net master_to_dm\.w_data in module/entity ariane_xilinx does not have driver. [/home/jc/tmp/riscv-iommu-demo/cva6/corev_apu/fpga/src/armor/SRC/axi_intf.sv:51]
WARNING: [Synth 8-3848] Net master_to_dm\.w_strb in module/entity ariane_xilinx does not have driver. [/home/jc/tmp/riscv-iommu-demo/cva6/corev_apu/fpga/src/armor/SRC/axi_intf.sv:52]
WARNING: [Synth 8-3848] Net master_to_dm\.w_last in module/entity ariane_xilinx does not have driver. [/home/jc/tmp/riscv-iommu-demo/cva6/corev_apu/fpga/src/armor/SRC/axi_intf.sv:53]
WARNING: [Synth 8-3848] Net master_to_dm\.w_user in module/entity ariane_xilinx does not have driver. [/home/jc/tmp/riscv-iommu-demo/cva6/corev_apu/fpga/src/armor/SRC/axi_intf.sv:54]
WARNING: [Synth 8-3848] Net master_to_dm\.w_valid in module/entity ariane_xilinx does not have driver. [/home/jc/tmp/riscv-iommu-demo/cva6/corev_apu/fpga/src/armor/SRC/axi_intf.sv:55]
WARNING: [Synth 8-3848] Net master_to_dm\.b_ready in module/entity ariane_xilinx does not have driver. [/home/jc/tmp/riscv-iommu-demo/cva6/corev_apu/fpga/src/armor/SRC/axi_intf.sv:62]
WARNING: [Synth 8-3848] Net master_to_dm\.ar_id in module/entity ariane_xilinx does not have driver. [/home/jc/tmp/riscv-iommu-demo/cva6/corev_apu/fpga/src/armor/SRC/axi_intf.sv:64]
WARNING: [Synth 8-3848] Net master_to_dm\.ar_addr in module/entity ariane_xilinx does not have driver. [/home/jc/tmp/riscv-iommu-demo/cva6/corev_apu/fpga/src/armor/SRC/axi_intf.sv:65]
WARNING: [Synth 8-3848] Net master_to_dm\.ar_len in module/entity ariane_xilinx does not have driver. [/home/jc/tmp/riscv-iommu-demo/cva6/corev_apu/fpga/src/armor/SRC/axi_intf.sv:66]
WARNING: [Synth 8-3848] Net master_to_dm\.ar_size in module/entity ariane_xilinx does not have driver. [/home/jc/tmp/riscv-iommu-demo/cva6/corev_apu/fpga/src/armor/SRC/axi_intf.sv:67]
WARNING: [Synth 8-3848] Net master_to_dm\.ar_burst in module/entity ariane_xilinx does not have driver. [/home/jc/tmp/riscv-iommu-demo/cva6/corev_apu/fpga/src/armor/SRC/axi_intf.sv:68]
WARNING: [Synth 8-3848] Net master_to_dm\.ar_lock in module/entity ariane_xilinx does not have driver. [/home/jc/tmp/riscv-iommu-demo/cva6/corev_apu/fpga/src/armor/SRC/axi_intf.sv:69]
WARNING: [Synth 8-3848] Net master_to_dm\.ar_cache in module/entity ariane_xilinx does not have driver. [/home/jc/tmp/riscv-iommu-demo/cva6/corev_apu/fpga/src/armor/SRC/axi_intf.sv:70]
WARNING: [Synth 8-3848] Net master_to_dm\.ar_prot in module/entity ariane_xilinx does not have driver. [/home/jc/tmp/riscv-iommu-demo/cva6/corev_apu/fpga/src/armor/SRC/axi_intf.sv:71]
WARNING: [Synth 8-3848] Net master_to_dm\.ar_qos in module/entity ariane_xilinx does not have driver. [/home/jc/tmp/riscv-iommu-demo/cva6/corev_apu/fpga/src/armor/SRC/axi_intf.sv:72]
WARNING: [Synth 8-3848] Net master_to_dm\.ar_region in module/entity ariane_xilinx does not have driver. [/home/jc/tmp/riscv-iommu-demo/cva6/corev_apu/fpga/src/armor/SRC/axi_intf.sv:73]
WARNING: [Synth 8-3848] Net master_to_dm\.ar_user in module/entity ariane_xilinx does not have driver. [/home/jc/tmp/riscv-iommu-demo/cva6/corev_apu/fpga/src/armor/SRC/axi_intf.sv:74]
WARNING: [Synth 8-3848] Net master_to_dm\.ar_valid in module/entity ariane_xilinx does not have driver. [/home/jc/tmp/riscv-iommu-demo/cva6/corev_apu/fpga/src/armor/SRC/axi_intf.sv:75]
WARNING: [Synth 8-3848] Net master_to_dm\.r_ready in module/entity ariane_xilinx does not have driver. [/home/jc/tmp/riscv-iommu-demo/cva6/corev_apu/fpga/src/armor/SRC/axi_intf.sv:84]
INFO: [Common 17-14] Message 'Synth 8-3848' appears 100 times and further instances of the messages will be disabled. Use the Tcl command set_msg_config to change the current settings.
WARNING: [Synth 8-7129] Port rr_i[0] in module rr_arb_tree__parameterized18 is either unconnected or has no load
WARNING: [Synth 8-7129] Port testmode_i in module fifo_v3__parameterized16 is either unconnected or has no load
WARNING: [Synth 8-7129] Port testmode_i in module fifo_v3__parameterized15 is either unconnected or has no load
WARNING: [Synth 8-7129] Port testmode_i in module fifo_v3__parameterized14 is either unconnected or has no load
WARNING: [Synth 8-7129] Port PSLVERR in module axi2apb_64_32 is either unconnected or has no load
WARNING: [Synth 8-7129] Port req_i[wdata][31] in module plic_regs is either unconnected or has no load
WARNING: [Synth 8-7129] Port req_i[wstrb][3] in module plic_regs is either unconnected or has no load
WARNING: [Synth 8-7129] Port req_i[wstrb][2] in module plic_regs is either unconnected or has no load
WARNING: [Synth 8-7129] Port req_i[wstrb][1] in module plic_regs is either unconnected or has no load
WARNING: [Synth 8-7129] Port req_i[wstrb][0] in module plic_regs is either unconnected or has no load
WARNING: [Synth 8-7129] Port reg_o\.clk_i in module apb_to_reg__parameterized0 is either unconnected or has no load
WARNING: [Synth 8-7129] Port clk_i in module apb_to_reg__parameterized0 is either unconnected or has no load
WARNING: [Synth 8-7129] Port rst_ni in module apb_to_reg__parameterized0 is either unconnected or has no load
WARNING: [Synth 8-7129] Port testmode_i in module fifo_v3__parameterized21 is either unconnected or has no load
WARNING: [Synth 8-7129] Port testmode_i in module fifo_v3__parameterized2 is either unconnected or has no load
WARNING: [Synth 8-7129] Port testmode_i in module fifo_v3__parameterized20 is either unconnected or has no load
WARNING: [Synth 8-7129] Port testmode_i in module fifo_v3__parameterized0 is either unconnected or has no load
WARNING: [Synth 8-7129] Port slv_req_i[aw][atop][3] in module axi_atop_filter__parameterized0 is either unconnected or has no load
WARNING: [Synth 8-7129] Port slv_req_i[aw][atop][2] in module axi_atop_filter__parameterized0 is either unconnected or has no load
WARNING: [Synth 8-7129] Port slv_req_i[aw][atop][1] in module axi_atop_filter__parameterized0 is either unconnected or has no load
WARNING: [Synth 8-7129] Port slv_req_i[aw][atop][0] in module axi_atop_filter__parameterized0 is either unconnected or has no load
WARNING: [Synth 8-7129] Port testmode_i in module fifo_v3__parameterized19 is either unconnected or has no load
WARNING: [Synth 8-7129] Port mem_resp_i[ar_ready] in module rv_iommu_fq_handler is either unconnected or has no load
WARNING: [Synth 8-7129] Port mem_resp_i[b][id][3] in module rv_iommu_fq_handler is either unconnected or has no load
WARNING: [Synth 8-7129] Port mem_resp_i[b][id][2] in module rv_iommu_fq_handler is either unconnected or has no load
WARNING: [Synth 8-7129] Port mem_resp_i[b][id][1] in module rv_iommu_fq_handler is either unconnected or has no load
WARNING: [Synth 8-7129] Port mem_resp_i[b][id][0] in module rv_iommu_fq_handler is either unconnected or has no load
WARNING: [Synth 8-7129] Port mem_resp_i[b][user][0] in module rv_iommu_fq_handler is either unconnected or has no load
WARNING: [Synth 8-7129] Port mem_resp_i[r_valid] in module rv_iommu_fq_handler is either unconnected or has no load
WARNING: [Synth 8-7129] Port mem_resp_i[r][id][3] in module rv_iommu_fq_handler is either unconnected or has no load
WARNING: [Synth 8-7129] Port mem_resp_i[r][id][2] in module rv_iommu_fq_handler is either unconnected or has no load
WARNING: [Synth 8-7129] Port mem_resp_i[r][id][1] in module rv_iommu_fq_handler is either unconnected or has no load
WARNING: [Synth 8-7129] Port mem_resp_i[r][id][0] in module rv_iommu_fq_handler is either unconnected or has no load
WARNING: [Synth 8-7129] Port mem_resp_i[r][data][63] in module rv_iommu_fq_handler is either unconnected or has no load
WARNING: [Synth 8-7129] Port mem_resp_i[r][data][62] in module rv_iommu_fq_handler is either unconnected or has no load
WARNING: [Synth 8-7129] Port mem_resp_i[r][data][61] in module rv_iommu_fq_handler is either unconnected or has no load
WARNING: [Synth 8-7129] Port mem_resp_i[r][data][60] in module rv_iommu_fq_handler is either unconnected or has no load
WARNING: [Synth 8-7129] Port mem_resp_i[r][data][59] in module rv_iommu_fq_handler is either unconnected or has no load
WARNING: [Synth 8-7129] Port mem_resp_i[r][data][58] in module rv_iommu_fq_handler is either unconnected or has no load
WARNING: [Synth 8-7129] Port mem_resp_i[r][data][57] in module rv_iommu_fq_handler is either unconnected or has no load
WARNING: [Synth 8-7129] Port mem_resp_i[r][data][56] in module rv_iommu_fq_handler is either unconnected or has no load
WARNING: [Synth 8-7129] Port mem_resp_i[r][data][55] in module rv_iommu_fq_handler is either unconnected or has no load
WARNING: [Synth 8-7129] Port mem_resp_i[r][data][54] in module rv_iommu_fq_handler is either unconnected or has no load
WARNING: [Synth 8-7129] Port mem_resp_i[r][data][53] in module rv_iommu_fq_handler is either unconnected or has no load
WARNING: [Synth 8-7129] Port mem_resp_i[r][data][52] in module rv_iommu_fq_handler is either unconnected or has no load
WARNING: [Synth 8-7129] Port mem_resp_i[r][data][51] in module rv_iommu_fq_handler is either unconnected or has no load
WARNING: [Synth 8-7129] Port mem_resp_i[r][data][50] in module rv_iommu_fq_handler is either unconnected or has no load
WARNING: [Synth 8-7129] Port mem_resp_i[r][data][49] in module rv_iommu_fq_handler is either unconnected or has no load
WARNING: [Synth 8-7129] Port mem_resp_i[r][data][48] in module rv_iommu_fq_handler is either unconnected or has no load
WARNING: [Synth 8-7129] Port mem_resp_i[r][data][47] in module rv_iommu_fq_handler is either unconnected or has no load
WARNING: [Synth 8-7129] Port mem_resp_i[r][data][46] in module rv_iommu_fq_handler is either unconnected or has no load
WARNING: [Synth 8-7129] Port mem_resp_i[r][data][45] in module rv_iommu_fq_handler is either unconnected or has no load
WARNING: [Synth 8-7129] Port mem_resp_i[r][data][44] in module rv_iommu_fq_handler is either unconnected or has no load
WARNING: [Synth 8-7129] Port mem_resp_i[r][data][43] in module rv_iommu_fq_handler is either unconnected or has no load
WARNING: [Synth 8-7129] Port mem_resp_i[r][data][42] in module rv_iommu_fq_handler is either unconnected or has no load
WARNING: [Synth 8-7129] Port mem_resp_i[r][data][41] in module rv_iommu_fq_handler is either unconnected or has no load
WARNING: [Synth 8-7129] Port mem_resp_i[r][data][40] in module rv_iommu_fq_handler is either unconnected or has no load
WARNING: [Synth 8-7129] Port mem_resp_i[r][data][39] in module rv_iommu_fq_handler is either unconnected or has no load
WARNING: [Synth 8-7129] Port mem_resp_i[r][data][38] in module rv_iommu_fq_handler is either unconnected or has no load
WARNING: [Synth 8-7129] Port mem_resp_i[r][data][37] in module rv_iommu_fq_handler is either unconnected or has no load
WARNING: [Synth 8-7129] Port mem_resp_i[r][data][36] in module rv_iommu_fq_handler is either unconnected or has no load
WARNING: [Synth 8-7129] Port mem_resp_i[r][data][35] in module rv_iommu_fq_handler is either unconnected or has no load
WARNING: [Synth 8-7129] Port mem_resp_i[r][data][34] in module rv_iommu_fq_handler is either unconnected or has no load
WARNING: [Synth 8-7129] Port mem_resp_i[r][data][33] in module rv_iommu_fq_handler is either unconnected or has no load
WARNING: [Synth 8-7129] Port mem_resp_i[r][data][32] in module rv_iommu_fq_handler is either unconnected or has no load
WARNING: [Synth 8-7129] Port mem_resp_i[r][data][31] in module rv_iommu_fq_handler is either unconnected or has no load
WARNING: [Synth 8-7129] Port mem_resp_i[r][data][30] in module rv_iommu_fq_handler is either unconnected or has no load
WARNING: [Synth 8-7129] Port mem_resp_i[r][data][29] in module rv_iommu_fq_handler is either unconnected or has no load
WARNING: [Synth 8-7129] Port mem_resp_i[r][data][28] in module rv_iommu_fq_handler is either unconnected or has no load
WARNING: [Synth 8-7129] Port mem_resp_i[r][data][27] in module rv_iommu_fq_handler is either unconnected or has no load
WARNING: [Synth 8-7129] Port mem_resp_i[r][data][26] in module rv_iommu_fq_handler is either unconnected or has no load
WARNING: [Synth 8-7129] Port mem_resp_i[r][data][25] in module rv_iommu_fq_handler is either unconnected or has no load
WARNING: [Synth 8-7129] Port mem_resp_i[r][data][24] in module rv_iommu_fq_handler is either unconnected or has no load
WARNING: [Synth 8-7129] Port mem_resp_i[r][data][23] in module rv_iommu_fq_handler is either unconnected or has no load
WARNING: [Synth 8-7129] Port mem_resp_i[r][data][22] in module rv_iommu_fq_handler is either unconnected or has no load
WARNING: [Synth 8-7129] Port mem_resp_i[r][data][21] in module rv_iommu_fq_handler is either unconnected or has no load
WARNING: [Synth 8-7129] Port mem_resp_i[r][data][20] in module rv_iommu_fq_handler is either unconnected or has no load
WARNING: [Synth 8-7129] Port mem_resp_i[r][data][19] in module rv_iommu_fq_handler is either unconnected or has no load
WARNING: [Synth 8-7129] Port mem_resp_i[r][data][18] in module rv_iommu_fq_handler is either unconnected or has no load
WARNING: [Synth 8-7129] Port mem_resp_i[r][data][17] in module rv_iommu_fq_handler is either unconnected or has no load
WARNING: [Synth 8-7129] Port mem_resp_i[r][data][16] in module rv_iommu_fq_handler is either unconnected or has no load
WARNING: [Synth 8-7129] Port mem_resp_i[r][data][15] in module rv_iommu_fq_handler is either unconnected or has no load
WARNING: [Synth 8-7129] Port mem_resp_i[r][data][14] in module rv_iommu_fq_handler is either unconnected or has no load
WARNING: [Synth 8-7129] Port mem_resp_i[r][data][13] in module rv_iommu_fq_handler is either unconnected or has no load
WARNING: [Synth 8-7129] Port mem_resp_i[r][data][12] in module rv_iommu_fq_handler is either unconnected or has no load
WARNING: [Synth 8-7129] Port mem_resp_i[r][data][11] in module rv_iommu_fq_handler is either unconnected or has no load
WARNING: [Synth 8-7129] Port mem_resp_i[r][data][10] in module rv_iommu_fq_handler is either unconnected or has no load
WARNING: [Synth 8-7129] Port mem_resp_i[r][data][9] in module rv_iommu_fq_handler is either unconnected or has no load
WARNING: [Synth 8-7129] Port mem_resp_i[r][data][8] in module rv_iommu_fq_handler is either unconnected or has no load
WARNING: [Synth 8-7129] Port mem_resp_i[r][data][7] in module rv_iommu_fq_handler is either unconnected or has no load
WARNING: [Synth 8-7129] Port mem_resp_i[r][data][6] in module rv_iommu_fq_handler is either unconnected or has no load
WARNING: [Synth 8-7129] Port mem_resp_i[r][data][5] in module rv_iommu_fq_handler is either unconnected or has no load
WARNING: [Synth 8-7129] Port mem_resp_i[r][data][4] in module rv_iommu_fq_handler is either unconnected or has no load
WARNING: [Synth 8-7129] Port mem_resp_i[r][data][3] in module rv_iommu_fq_handler is either unconnected or has no load
WARNING: [Synth 8-7129] Port mem_resp_i[r][data][2] in module rv_iommu_fq_handler is either unconnected or has no load
WARNING: [Synth 8-7129] Port mem_resp_i[r][data][1] in module rv_iommu_fq_handler is either unconnected or has no load
WARNING: [Synth 8-7129] Port mem_resp_i[r][data][0] in module rv_iommu_fq_handler is either unconnected or has no load
WARNING: [Synth 8-7129] Port mem_resp_i[r][resp][1] in module rv_iommu_fq_handler is either unconnected or has no load
WARNING: [Synth 8-7129] Port mem_resp_i[r][resp][0] in module rv_iommu_fq_handler is either unconnected or has no load
WARNING: [Synth 8-7129] Port mem_resp_i[r][last] in module rv_iommu_fq_handler is either unconnected or has no load
INFO: [Common 17-14] Message 'Synth 8-7129' appears 100 times and further instances of the messages will be disabled. Use the Tcl command set_msg_config to change the current settings.
---------------------------------------------------------------------------------
Finished RTL Elaboration : Time (s): cpu = 00:00:09 ; elapsed = 00:00:21 . Memory (MB): peak = 3128.355 ; gain = 1333.105 ; free physical = 8528 ; free virtual = 16585
Synthesis current peak Physical Memory [PSS] (MB): peak = 2399.279; parent = 2194.739; children = 204.540
Synthesis current peak Virtual Memory [VSS] (MB): peak = 4110.879; parent = 3128.359; children = 982.520
---------------------------------------------------------------------------------
---------------------------------------------------------------------------------
Start Handling Custom Attributes
---------------------------------------------------------------------------------
---------------------------------------------------------------------------------
Finished Handling Custom Attributes : Time (s): cpu = 00:00:10 ; elapsed = 00:00:22 . Memory (MB): peak = 3143.199 ; gain = 1347.949 ; free physical = 8556 ; free virtual = 16613
Synthesis current peak Physical Memory [PSS] (MB): peak = 2399.279; parent = 2194.739; children = 204.540
Synthesis current peak Virtual Memory [VSS] (MB): peak = 4125.723; parent = 3143.203; children = 982.520
---------------------------------------------------------------------------------
---------------------------------------------------------------------------------
Finished RTL Optimization Phase 1 : Time (s): cpu = 00:00:10 ; elapsed = 00:00:22 . Memory (MB): peak = 3143.199 ; gain = 1347.949 ; free physical = 8556 ; free virtual = 16613
Synthesis current peak Physical Memory [PSS] (MB): peak = 2399.279; parent = 2194.739; children = 204.540
Synthesis current peak Virtual Memory [VSS] (MB): peak = 4125.723; parent = 3143.203; children = 982.520
---------------------------------------------------------------------------------
Netlist sorting complete. Time (s): cpu = 00:00:01 ; elapsed = 00:00:01 . Memory (MB): peak = 3177.121 ; gain = 0.000 ; free physical = 8355 ; free virtual = 16412
INFO: [Netlist 29-17] Analyzing 28 Unisim elements for replacement
INFO: [Netlist 29-28] Unisim Transformation completed in 0 CPU seconds
INFO: [Project 1-570] Preparing netlist for logic optimization

Processing XDC Constraints
Initializing timing engine
Parsing XDC File [/home/jc/tmp/riscv-iommu-demo/cva6/corev_apu/fpga/xilinx/xlnx_mig_7_ddr3/xlnx_mig_7_ddr3.gen/sources_1/ip/xlnx_mig_7_ddr3/xlnx_mig_7_ddr3/xlnx_mig_7_ddr3_in_context.xdc] for cell 'i_ddr'
Finished Parsing XDC File [/home/jc/tmp/riscv-iommu-demo/cva6/corev_apu/fpga/xilinx/xlnx_mig_7_ddr3/xlnx_mig_7_ddr3.gen/sources_1/ip/xlnx_mig_7_ddr3/xlnx_mig_7_ddr3/xlnx_mig_7_ddr3_in_context.xdc] for cell 'i_ddr'
Parsing XDC File [/home/jc/tmp/riscv-iommu-demo/cva6/corev_apu/fpga/xilinx/xlnx_clk_gen/xlnx_clk_gen.gen/sources_1/ip/xlnx_clk_gen/xlnx_clk_gen/xlnx_clk_gen_in_context.xdc] for cell 'i_xlnx_clk_gen'
Finished Parsing XDC File [/home/jc/tmp/riscv-iommu-demo/cva6/corev_apu/fpga/xilinx/xlnx_clk_gen/xlnx_clk_gen.gen/sources_1/ip/xlnx_clk_gen/xlnx_clk_gen/xlnx_clk_gen_in_context.xdc] for cell 'i_xlnx_clk_gen'
Parsing XDC File [/home/jc/tmp/riscv-iommu-demo/cva6/corev_apu/fpga/xilinx/xlnx_axi_clock_converter/xlnx_axi_clock_converter.gen/sources_1/ip/xlnx_axi_clock_converter/xlnx_axi_clock_converter/xlnx_axi_clock_converter_in_context.xdc] for cell 'i_xlnx_axi_clock_converter_ddr'
Finished Parsing XDC File [/home/jc/tmp/riscv-iommu-demo/cva6/corev_apu/fpga/xilinx/xlnx_axi_clock_converter/xlnx_axi_clock_converter.gen/sources_1/ip/xlnx_axi_clock_converter/xlnx_axi_clock_converter/xlnx_axi_clock_converter_in_context.xdc] for cell 'i_xlnx_axi_clock_converter_ddr'
Parsing XDC File [/home/jc/tmp/riscv-iommu-demo/cva6/corev_apu/fpga/xilinx/xlnx_axi_hwicap/xlnx_axi_hwicap.gen/sources_1/ip/xlnx_axi_hwicap/xlnx_axi_hwicap/xlnx_axi_hwicap_in_context.xdc] for cell 'i_ariane_peripherals/gen_hwicap.i_hwicap'
Finished Parsing XDC File [/home/jc/tmp/riscv-iommu-demo/cva6/corev_apu/fpga/xilinx/xlnx_axi_hwicap/xlnx_axi_hwicap.gen/sources_1/ip/xlnx_axi_hwicap/xlnx_axi_hwicap/xlnx_axi_hwicap_in_context.xdc] for cell 'i_ariane_peripherals/gen_hwicap.i_hwicap'
Parsing XDC File [/home/jc/tmp/riscv-iommu-demo/cva6/corev_apu/fpga/xilinx/xlnx_axi_gpio/xlnx_axi_gpio.gen/sources_1/ip/xlnx_axi_gpio/xlnx_axi_gpio/xlnx_axi_gpio_in_context.xdc] for cell 'i_ariane_peripherals/gen_gpio.i_xlnx_axi_gpio'
Finished Parsing XDC File [/home/jc/tmp/riscv-iommu-demo/cva6/corev_apu/fpga/xilinx/xlnx_axi_gpio/xlnx_axi_gpio.gen/sources_1/ip/xlnx_axi_gpio/xlnx_axi_gpio/xlnx_axi_gpio_in_context.xdc] for cell 'i_ariane_peripherals/gen_gpio.i_xlnx_axi_gpio'
Parsing XDC File [/home/jc/tmp/riscv-iommu-demo/cva6/corev_apu/fpga/xilinx/xlnx_axi_dwidth_converter/xlnx_axi_dwidth_converter.gen/sources_1/ip/xlnx_axi_dwidth_converter/xlnx_axi_dwidth_converter/xlnx_axi_dwidth_converter_in_context.xdc] for cell 'i_ariane_peripherals/gen_spi.i_xlnx_axi_dwidth_converter_spi'
Finished Parsing XDC File [/home/jc/tmp/riscv-iommu-demo/cva6/corev_apu/fpga/xilinx/xlnx_axi_dwidth_converter/xlnx_axi_dwidth_converter.gen/sources_1/ip/xlnx_axi_dwidth_converter/xlnx_axi_dwidth_converter/xlnx_axi_dwidth_converter_in_context.xdc] for cell 'i_ariane_peripherals/gen_spi.i_xlnx_axi_dwidth_converter_spi'
Parsing XDC File [/home/jc/tmp/riscv-iommu-demo/cva6/corev_apu/fpga/xilinx/xlnx_axi_dwidth_converter/xlnx_axi_dwidth_converter.gen/sources_1/ip/xlnx_axi_dwidth_converter/xlnx_axi_dwidth_converter/xlnx_axi_dwidth_converter_in_context.xdc] for cell 'i_ariane_peripherals/gen_gpio.i_xlnx_axi_dwidth_converter_gpio'
Finished Parsing XDC File [/home/jc/tmp/riscv-iommu-demo/cva6/corev_apu/fpga/xilinx/xlnx_axi_dwidth_converter/xlnx_axi_dwidth_converter.gen/sources_1/ip/xlnx_axi_dwidth_converter/xlnx_axi_dwidth_converter/xlnx_axi_dwidth_converter_in_context.xdc] for cell 'i_ariane_peripherals/gen_gpio.i_xlnx_axi_dwidth_converter_gpio'
Parsing XDC File [/home/jc/tmp/riscv-iommu-demo/cva6/corev_apu/fpga/xilinx/xlnx_axi_quad_spi/xlnx_axi_quad_spi.gen/sources_1/ip/xlnx_axi_quad_spi/xlnx_axi_quad_spi/xlnx_axi_quad_spi_in_context.xdc] for cell 'i_ariane_peripherals/gen_spi.i_xlnx_axi_quad_spi'
Finished Parsing XDC File [/home/jc/tmp/riscv-iommu-demo/cva6/corev_apu/fpga/xilinx/xlnx_axi_quad_spi/xlnx_axi_quad_spi.gen/sources_1/ip/xlnx_axi_quad_spi/xlnx_axi_quad_spi/xlnx_axi_quad_spi_in_context.xdc] for cell 'i_ariane_peripherals/gen_spi.i_xlnx_axi_quad_spi'
Parsing XDC File [/home/jc/tmp/riscv-iommu-demo/cva6/corev_apu/fpga/constraints/genesys-2.xdc]
WARNING: [Vivado 12-627] No clocks matched 'clk_out2_xlnx_clk_gen'. [/home/jc/tmp/riscv-iommu-demo/cva6/corev_apu/fpga/constraints/genesys-2.xdc:72]
INFO: [Vivado 12-626] No clocks found. Please use 'create_clock' or 'create_generated_clock' command to create clocks. [/home/jc/tmp/riscv-iommu-demo/cva6/corev_apu/fpga/constraints/genesys-2.xdc:72]
CRITICAL WARNING: [Vivado 12-4739] set_clock_groups:No valid object(s) found for '-group [get_clocks clk_out2_xlnx_clk_gen]'. [/home/jc/tmp/riscv-iommu-demo/cva6/corev_apu/fpga/constraints/genesys-2.xdc:72]
Resolution: Check if the specified object(s) exists in the current design. If it does, ensure that the correct design hierarchy was specified for the object. If you are working with clocks, make sure create_clock was used to create the clock object before it is referenced.
CRITICAL WARNING: [Vivado 12-4739] set_clock_groups:No valid object(s) found for '-group '. [/home/jc/tmp/riscv-iommu-demo/cva6/corev_apu/fpga/constraints/genesys-2.xdc:72]
Resolution: Check if the specified object(s) exists in the current design. If it does, ensure that the correct design hierarchy was specified for the object. If you are working with clocks, make sure create_clock was used to create the clock object before it is referenced.
WARNING: [Vivado 12-508] No pins matched 'i_ddr/u_xlnx_mig_7_ddr3_mig/u_ddr3_infrastructure/rstdiv0_sync_r1_reg_rep/C'. [/home/jc/tmp/riscv-iommu-demo/cva6/corev_apu/fpga/constraints/genesys-2.xdc:132]
Finished Parsing XDC File [/home/jc/tmp/riscv-iommu-demo/cva6/corev_apu/fpga/constraints/genesys-2.xdc]
WARNING: [Project 1-498] One or more constraints failed evaluation while reading constraint file [/home/jc/tmp/riscv-iommu-demo/cva6/corev_apu/fpga/constraints/genesys-2.xdc] and the design contains unresolved black boxes. These constraints will be read post-synthesis (as long as their source constraint file is marked as used_in_implementation) and should be applied correctly then. You should review the constraints listed in the file [.Xil/ariane_xilinx_propImpl.xdc] and check the run log file to verify that these constraints were correctly applied.
INFO: [Project 1-236] Implementation specific constraints were found while reading constraint file [/home/jc/tmp/riscv-iommu-demo/cva6/corev_apu/fpga/constraints/genesys-2.xdc]. These constraints will be ignored for synthesis but will be used in implementation. Impacted constraints are listed in the file [.Xil/ariane_xilinx_propImpl.xdc].
Resolution: To avoid this warning, move constraints listed in [.Xil/ariane_xilinx_propImpl.xdc] to another XDC file and exclude this new file from synthesis with the used_in_synthesis property (File Properties dialog in GUI) and re-run elaboration/synthesis.
Parsing XDC File [/home/jc/tmp/riscv-iommu-demo/cva6/corev_apu/fpga/constraints/ariane.xdc]
WARNING: [Designutils 20-1567] Use of 'set_multicycle_path' with '-hold' is not supported by synthesis. The constraint will not be passed to synthesis. [/home/jc/tmp/riscv-iommu-demo/cva6/corev_apu/fpga/constraints/ariane.xdc:19]
Finished Parsing XDC File [/home/jc/tmp/riscv-iommu-demo/cva6/corev_apu/fpga/constraints/ariane.xdc]
INFO: [Project 1-236] Implementation specific constraints were found while reading constraint file [/home/jc/tmp/riscv-iommu-demo/cva6/corev_apu/fpga/constraints/ariane.xdc]. These constraints will be ignored for synthesis but will be used in implementation. Impacted constraints are listed in the file [.Xil/ariane_xilinx_propImpl.xdc].
Resolution: To avoid this warning, move constraints listed in [.Xil/ariane_xilinx_propImpl.xdc] to another XDC file and exclude this new file from synthesis with the used_in_synthesis property (File Properties dialog in GUI) and re-run elaboration/synthesis.
Parsing XDC File [/home/jc/tmp/riscv-iommu-demo/cva6/corev_apu/fpga/ariane.runs/synth_1/dont_touch.xdc]
Finished Parsing XDC File [/home/jc/tmp/riscv-iommu-demo/cva6/corev_apu/fpga/ariane.runs/synth_1/dont_touch.xdc]
Completed Processing XDC Constraints

Netlist sorting complete. Time (s): cpu = 00:00:00.02 ; elapsed = 00:00:00.01 . Memory (MB): peak = 3668.434 ; gain = 0.000 ; free physical = 7949 ; free virtual = 16007
INFO: [Project 1-111] Unisim Transformation Summary:
  A total of 11 instances were transformed.
  IOBUF => IOBUF (IBUF, OBUFT): 1 instance 
  RAMB16_S9_S36 => RAMB36E1: 10 instances

Constraint Validation Runtime : Time (s): cpu = 00:00:00.28 ; elapsed = 00:00:00.28 . Memory (MB): peak = 3668.434 ; gain = 0.000 ; free physical = 7949 ; free virtual = 16007
WARNING: [Timing 38-316] Clock period '100.000' specified during out-of-context synthesis of instance 'i_xlnx_axi_clock_converter_ddr' at clock pin 'm_axi_aclk' is different from the actual clock period '5.000', this can lead to different synthesis results.
WARNING: [Timing 38-316] Clock period '100.000' specified during out-of-context synthesis of instance 'i_ariane_peripherals/gen_gpio.i_xlnx_axi_dwidth_converter_gpio' at clock pin 's_axi_aclk' is different from the actual clock period '20.000', this can lead to different synthesis results.
WARNING: [Timing 38-316] Clock period '100.000' specified during out-of-context synthesis of instance 'i_ariane_peripherals/gen_spi.i_xlnx_axi_dwidth_converter_spi' at clock pin 's_axi_aclk' is different from the actual clock period '20.000', this can lead to different synthesis results.
INFO: [Synth 8-11241] undeclared symbol 'REGCCE', assumed default net type 'wire' [/tools/Xilinx/Vivado/2022.2/data/verilog/src/unimacro/BRAM_SINGLE_MACRO.v:2170]
---------------------------------------------------------------------------------
Finished Constraint Validation : Time (s): cpu = 00:00:38 ; elapsed = 00:00:43 . Memory (MB): peak = 3668.434 ; gain = 1873.184 ; free physical = 8805 ; free virtual = 16862
Synthesis current peak Physical Memory [PSS] (MB): peak = 2744.506; parent = 2539.997; children = 204.540
Synthesis current peak Virtual Memory [VSS] (MB): peak = 4618.941; parent = 3636.422; children = 982.520
---------------------------------------------------------------------------------
