CMD: make -C /home/jc/tmp/riscv-iommu-demo/dpr dpr-partial RM=accel_default WORK_DPR=/home/jc/tmp/riscv-iommu-demo/cva6/corev_apu/fpga/work-dpr/3_build_B_dpr
DATE: ven. 10 avril 2026 00:04:29 CEST
---
make : on entre dans le répertoire « /home/jc/tmp/riscv-iommu-demo/dpr »
==> Implémentation du module PARTIEL : accel_default
cp /home/jc/tmp/riscv-iommu-demo/dpr/rm/accel_default/accel_*.sv /home/jc/tmp/riscv-iommu-demo/cva6/corev_apu/fpga/src/accel_wrap.sv
vivado -mode batch -nojournal -nolog -source /home/jc/tmp/riscv-iommu-demo/dpr/scripts/run_partial.tcl \
	-tclargs /home/jc/tmp/riscv-iommu-demo/cva6/corev_apu/fpga/work-dpr/3_build_B_dpr /home/jc/tmp/riscv-iommu-demo/dpr/rm/accel_default accel_default /home/jc/tmp/riscv-iommu-demo/dpr

****** Vivado v2022.2 (64-bit)
  **** SW Build 3671981 on Fri Oct 14 04:59:54 MDT 2022
  **** IP Build 3669848 on Fri Oct 14 08:30:02 MDT 2022
    ** Copyright 1986-2022 Xilinx, Inc. All Rights Reserved.

source /home/jc/tmp/riscv-iommu-demo/dpr/scripts/run_partial.tcl
# set work_dpr [lindex $argv 0]
# set rm_dir   [lindex $argv 1]
# set rm_name  [lindex $argv 2]
# set dpr_dir   [lindex $argv 3]
# set project_root [file normalize [file join $dpr_dir ".."]]
# set cva6_fpga [file join $project_root "cva6" "corev_apu" "fpga"]
# set cva6_root [file join $project_root "cva6"]
# set rm_synth1 $work_dpr/${rm_name}_accel1_synth.dcp
# set rm_synth2 $work_dpr/${rm_name}_accel2_synth.dcp
# if {![file exists $rm_synth1] || ![file exists $rm_synth2]} {
#     puts "==> Synthèse du RM $rm_name dans le projet ariane..."
# 
#     # Copie du RM dans le projet CVA6
#     set rm_sv [lindex [glob $rm_dir/*.sv] 0]
#     file copy -force $rm_sv $cva6_fpga/src/accel_wrap.sv
#     puts "  -> RM copié : [file tail $rm_sv] -> accel_wrap.sv"
# 
#     open_project $cva6_fpga/ariane.xpr
# 
#     set_property -name {STEPS.SYNTH_DESIGN.ARGS.FLATTEN_HIERARCHY} \
#         -value {none} -objects [get_runs synth_1]
# 
#     puts "==> Lancement synthèse..."
#     reset_run synth_1
#     launch_runs synth_1 -jobs 8
#     wait_on_run synth_1
#     if {[get_property PROGRESS [get_runs synth_1]] != "100%"} {
#         puts "ERROR: Synthèse échouée."
#         exit 1
#     }
# 
#     open_run synth_1 -name synth_1
# 
#     # Extraire le checkpoint de i_accel1 (STREAM_ID=1)
#     puts "==> Extraction checkpoint accel1 (STREAM_ID=1)..."
#     set cell1_synth [get_cells -quiet i_ariane_peripherals/gen_dma.i_accel1]
#     if {[llength $cell1_synth] == 0} {
#         puts "ERROR: i_accel1 non trouvé dans le netlist"
#         exit 1
#     }
#     write_checkpoint -force -cell $cell1_synth $rm_synth1
#     puts "  -> checkpoint accel1 : $rm_synth1"
# 
#     # Extraire le checkpoint de i_accel2 (STREAM_ID=2)
#     puts "==> Extraction checkpoint accel2 (STREAM_ID=2)..."
#     set cell2_synth [get_cells -quiet i_ariane_peripherals/gen_dma.gen_accel2.i_accel2]
#     if {[llength $cell2_synth] == 0} {
#         puts "ERROR: i_accel2 non trouvé dans le netlist"
#         exit 1
#     }
#     write_checkpoint -force -cell $cell2_synth $rm_synth2
#     puts "  -> checkpoint accel2 : $rm_synth2"
# 
#     close_project
# } else {
#     puts "==> RMs en cache :"
#     puts "    $rm_synth1"
#     puts "    $rm_synth2"
# }
==> Synthèse du RM accel_default dans le projet ariane...
  -> RM copié : accel_blank.sv -> accel_wrap.sv
INFO: [filemgmt 56-3] Default IP Output Path : Could not find the directory '/home/jc/tmp/riscv-iommu-demo/cva6/corev_apu/fpga/ariane.gen/sources_1'.
Scanning sources...
Finished scanning sources
INFO: [IP_Flow 19-234] Refreshing IP repositories
INFO: [IP_Flow 19-1704] No user IP repositories specified
INFO: [IP_Flow 19-2313] Loaded Vivado IP repository '/tools/Xilinx/Vivado/2022.2/data/ip'.
==> Lancement synthèse...
INFO: [Project 1-1161] Replacing file /home/jc/tmp/riscv-iommu-demo/cva6/corev_apu/fpga/ariane.srcs/utils_1/imports/synth_1/ariane_xilinx.dcp with file /home/jc/tmp/riscv-iommu-demo/cva6/corev_apu/fpga/ariane.runs/synth_1/ariane_xilinx.dcp
INFO: [Vivado 12-4149] The synthesis checkpoint for IP '/home/jc/tmp/riscv-iommu-demo/cva6/corev_apu/fpga/xilinx/xlnx_axi_dwidth_converter_dm_master/xlnx_axi_dwidth_converter_dm_master.srcs/sources_1/ip/xlnx_axi_dwidth_converter_dm_master/xlnx_axi_dwidth_converter_dm_master.xci' is already up-to-date
INFO: [Vivado 12-4149] The synthesis checkpoint for IP '/home/jc/tmp/riscv-iommu-demo/cva6/corev_apu/fpga/xilinx/xlnx_axi_dwidth_converter_dm_slave/xlnx_axi_dwidth_converter_dm_slave.srcs/sources_1/ip/xlnx_axi_dwidth_converter_dm_slave/xlnx_axi_dwidth_converter_dm_slave.xci' is already up-to-date
INFO: [Vivado 12-4149] The synthesis checkpoint for IP '/home/jc/tmp/riscv-iommu-demo/cva6/corev_apu/fpga/xilinx/xlnx_mig_7_ddr3/xlnx_mig_7_ddr3.srcs/sources_1/ip/xlnx_mig_7_ddr3/xlnx_mig_7_ddr3.xci' is already up-to-date
INFO: [Vivado 12-4149] The synthesis checkpoint for IP '/home/jc/tmp/riscv-iommu-demo/cva6/corev_apu/fpga/xilinx/xlnx_clk_gen/xlnx_clk_gen.srcs/sources_1/ip/xlnx_clk_gen/xlnx_clk_gen.xci' is already up-to-date
INFO: [Vivado 12-4149] The synthesis checkpoint for IP '/home/jc/tmp/riscv-iommu-demo/cva6/corev_apu/fpga/xilinx/xlnx_axi_clock_converter/xlnx_axi_clock_converter.srcs/sources_1/ip/xlnx_axi_clock_converter/xlnx_axi_clock_converter.xci' is already up-to-date
INFO: [Vivado 12-4149] The synthesis checkpoint for IP '/home/jc/tmp/riscv-iommu-demo/cva6/corev_apu/fpga/xilinx/xlnx_axi_hwicap/xlnx_axi_hwicap.srcs/sources_1/ip/xlnx_axi_hwicap/xlnx_axi_hwicap.xci' is already up-to-date
INFO: [Vivado 12-4149] The synthesis checkpoint for IP '/home/jc/tmp/riscv-iommu-demo/cva6/corev_apu/fpga/xilinx/xlnx_axi_gpio/xlnx_axi_gpio.srcs/sources_1/ip/xlnx_axi_gpio/xlnx_axi_gpio.xci' is already up-to-date
INFO: [Vivado 12-4149] The synthesis checkpoint for IP '/home/jc/tmp/riscv-iommu-demo/cva6/corev_apu/fpga/xilinx/xlnx_axi_dwidth_converter/xlnx_axi_dwidth_converter.srcs/sources_1/ip/xlnx_axi_dwidth_converter/xlnx_axi_dwidth_converter.xci' is already up-to-date
INFO: [Vivado 12-4149] The synthesis checkpoint for IP '/home/jc/tmp/riscv-iommu-demo/cva6/corev_apu/fpga/xilinx/xlnx_axi_quad_spi/xlnx_axi_quad_spi.srcs/sources_1/ip/xlnx_axi_quad_spi/xlnx_axi_quad_spi.xci' is already up-to-date
[Fri Apr 10 00:04:41 2026] Launched synth_1...
Run output will be captured here: /home/jc/tmp/riscv-iommu-demo/cva6/corev_apu/fpga/ariane.runs/synth_1/runme.log
[Fri Apr 10 00:04:41 2026] Waiting for synth_1 to finish...

*** Running vivado
    with args -log ariane_xilinx.vds -m64 -product Vivado -mode batch -messageDb vivado.pb -notrace -source ariane_xilinx.tcl


****** Vivado v2022.2 (64-bit)
  **** SW Build 3671981 on Fri Oct 14 04:59:54 MDT 2022
  **** IP Build 3669848 on Fri Oct 14 08:30:02 MDT 2022
    ** Copyright 1986-2022 Xilinx, Inc. All Rights Reserved.

source ariane_xilinx.tcl -notrace
Command: read_checkpoint -auto_incremental -incremental /home/jc/tmp/riscv-iommu-demo/cva6/corev_apu/fpga/ariane.srcs/utils_1/imports/synth_1/ariane_xilinx.dcp
INFO: [Vivado 12-5825] Read reference checkpoint from /home/jc/tmp/riscv-iommu-demo/cva6/corev_apu/fpga/ariane.srcs/utils_1/imports/synth_1/ariane_xilinx.dcp for incremental synthesis
INFO: [Vivado 12-7989] Please ensure there are no constraint changes
Command: synth_design -top ariane_xilinx -part xc7k325tffg900-2 -flatten_hierarchy none
Starting synth_design
Attempting to get a license for feature 'Synthesis' and/or device 'xc7k325t'
INFO: [Common 17-349] Got license for feature 'Synthesis' and/or device 'xc7k325t'
INFO: [Common 17-1540] The version limit for your license is '2025.10' and has expired for new software. A version limit expiration means that, although you may be able to continue to use the current version of tools or IP with this license, you will not be eligible for new releases.
INFO: [Device 21-403] Loading part xc7k325tffg900-2
INFO: [Synth 8-7079] Multithreading enabled for synth_design using a maximum of 4 processes.
INFO: [Synth 8-7078] Launching helper process for spawning children vivado processes
INFO: [Synth 8-7075] Helper process launched with PID 78595
INFO: [Synth 8-11241] undeclared symbol 'REGCCE', assumed default net type 'wire' [/tools/Xilinx/Vivado/2022.2/data/verilog/src/unimacro/BRAM_SINGLE_MACRO.v:2170]
WARNING: [Synth 8-11067] parameter 'BurstWidth' declared inside package 'axi_pkg' shall be treated as localparam [/home/jc/tmp/riscv-iommu-demo/cva6/corev_apu/fpga/src/armor/SRC/axi_pkg.sv:27]
WARNING: [Synth 8-11067] parameter 'RespWidth' declared inside package 'axi_pkg' shall be treated as localparam [/home/jc/tmp/riscv-iommu-demo/cva6/corev_apu/fpga/src/armor/SRC/axi_pkg.sv:29]
WARNING: [Synth 8-11067] parameter 'CacheWidth' declared inside package 'axi_pkg' shall be treated as localparam [/home/jc/tmp/riscv-iommu-demo/cva6/corev_apu/fpga/src/armor/SRC/axi_pkg.sv:31]
WARNING: [Synth 8-11067] parameter 'ProtWidth' declared inside package 'axi_pkg' shall be treated as localparam [/home/jc/tmp/riscv-iommu-demo/cva6/corev_apu/fpga/src/armor/SRC/axi_pkg.sv:33]
WARNING: [Synth 8-11067] parameter 'QosWidth' declared inside package 'axi_pkg' shall be treated as localparam [/home/jc/tmp/riscv-iommu-demo/cva6/corev_apu/fpga/src/armor/SRC/axi_pkg.sv:35]
WARNING: [Synth 8-11067] parameter 'RegionWidth' declared inside package 'axi_pkg' shall be treated as localparam [/home/jc/tmp/riscv-iommu-demo/cva6/corev_apu/fpga/src/armor/SRC/axi_pkg.sv:37]
WARNING: [Synth 8-11067] parameter 'LenWidth' declared inside package 'axi_pkg' shall be treated as localparam [/home/jc/tmp/riscv-iommu-demo/cva6/corev_apu/fpga/src/armor/SRC/axi_pkg.sv:39]
WARNING: [Synth 8-11067] parameter 'SizeWidth' declared inside package 'axi_pkg' shall be treated as localparam [/home/jc/tmp/riscv-iommu-demo/cva6/corev_apu/fpga/src/armor/SRC/axi_pkg.sv:41]
WARNING: [Synth 8-11067] parameter 'LockWidth' declared inside package 'axi_pkg' shall be treated as localparam [/home/jc/tmp/riscv-iommu-demo/cva6/corev_apu/fpga/src/armor/SRC/axi_pkg.sv:43]
WARNING: [Synth 8-11067] parameter 'AtopWidth' declared inside package 'axi_pkg' shall be treated as localparam [/home/jc/tmp/riscv-iommu-demo/cva6/corev_apu/fpga/src/armor/SRC/axi_pkg.sv:45]
WARNING: [Synth 8-11067] parameter 'NsaidWidth' declared inside package 'axi_pkg' shall be treated as localparam [/home/jc/tmp/riscv-iommu-demo/cva6/corev_apu/fpga/src/armor/SRC/axi_pkg.sv:47]
CRITICAL WARNING: [Synth 8-9873] overwriting previous definition of package 'axi_pkg' [/home/jc/tmp/riscv-iommu-demo/cva6/vendor/pulp-platform/axi/src/axi_pkg.sv:423]
INFO: [Synth 8-9937] previous definition of design element 'axi_pkg' is here [/home/jc/tmp/riscv-iommu-demo/cva6/corev_apu/fpga/src/armor/SRC/axi_pkg.sv:545]
CRITICAL WARNING: [Synth 8-9873] overwriting previous definition of interface 'AXI_BUS' [/home/jc/tmp/riscv-iommu-demo/cva6/corev_apu/fpga/src/armor/SRC/axi_intf.sv:110]
INFO: [Synth 8-9937] previous definition of design element 'AXI_BUS' is here [/home/jc/tmp/riscv-iommu-demo/cva6/core/include/axi_intf.sv:103]
CRITICAL WARNING: [Synth 8-9873] overwriting previous definition of interface 'AXI_BUS_ASYNC' [/home/jc/tmp/riscv-iommu-demo/cva6/corev_apu/fpga/src/armor/SRC/axi_intf.sv:354]
INFO: [Synth 8-9937] previous definition of design element 'AXI_BUS_ASYNC' is here [/home/jc/tmp/riscv-iommu-demo/cva6/core/include/axi_intf.sv:185]
CRITICAL WARNING: [Synth 8-9873] overwriting previous definition of interface 'AXI_LITE' [/home/jc/tmp/riscv-iommu-demo/cva6/corev_apu/fpga/src/armor/SRC/axi_intf.sv:471]
INFO: [Synth 8-9937] previous definition of design element 'AXI_LITE' is here [/home/jc/tmp/riscv-iommu-demo/cva6/core/include/axi_intf.sv:359]
WARNING: [Synth 8-6901] identifier 'mask' is used before its declaration [/home/jc/tmp/riscv-iommu-demo/cva6/core/csr_regfile.sv:315]
WARNING: [Synth 8-6901] identifier 'mask' is used before its declaration [/home/jc/tmp/riscv-iommu-demo/cva6/core/csr_regfile.sv:316]
WARNING: [Synth 8-6901] identifier 'mask' is used before its declaration [/home/jc/tmp/riscv-iommu-demo/cva6/core/csr_regfile.sv:319]
WARNING: [Synth 8-6901] identifier 'mask' is used before its declaration [/home/jc/tmp/riscv-iommu-demo/cva6/core/csr_regfile.sv:320]
WARNING: [Synth 8-11067] parameter 'NbInstr' declared inside package 'cvxif_instr_pkg' shall be treated as localparam [/home/jc/tmp/riscv-iommu-demo/cva6/core/cvxif_example/include/cvxif_instr_pkg.sv:19]
WARNING: [Synth 8-11067] parameter 'CoproInstr' declared inside package 'cvxif_instr_pkg' shall be treated as localparam [/home/jc/tmp/riscv-iommu-demo/cva6/core/cvxif_example/include/cvxif_instr_pkg.sv:20]
WARNING: [Synth 8-11067] parameter 'BlockAw' declared inside package 'idma_reg64_frontend_reg_pkg' shall be treated as localparam [/home/jc/tmp/riscv-iommu-demo/cva6/corev_apu/iDMA/src/frontends/register_64bit/idma_reg64_frontend_reg_pkg.sv:10]
WARNING: [Synth 8-11067] parameter 'IDMA_REG64_FRONTEND_SRC_ADDR_OFFSET' declared inside package 'idma_reg64_frontend_reg_pkg' shall be treated as localparam [/home/jc/tmp/riscv-iommu-demo/cva6/corev_apu/iDMA/src/frontends/register_64bit/idma_reg64_frontend_reg_pkg.sv:104]
WARNING: [Synth 8-11067] parameter 'IDMA_REG64_FRONTEND_DST_ADDR_OFFSET' declared inside package 'idma_reg64_frontend_reg_pkg' shall be treated as localparam [/home/jc/tmp/riscv-iommu-demo/cva6/corev_apu/iDMA/src/frontends/register_64bit/idma_reg64_frontend_reg_pkg.sv:105]
WARNING: [Synth 8-11067] parameter 'IDMA_REG64_FRONTEND_NUM_BYTES_OFFSET' declared inside package 'idma_reg64_frontend_reg_pkg' shall be treated as localparam [/home/jc/tmp/riscv-iommu-demo/cva6/corev_apu/iDMA/src/frontends/register_64bit/idma_reg64_frontend_reg_pkg.sv:106]
WARNING: [Synth 8-11067] parameter 'IDMA_REG64_FRONTEND_CONF_OFFSET' declared inside package 'idma_reg64_frontend_reg_pkg' shall be treated as localparam [/home/jc/tmp/riscv-iommu-demo/cva6/corev_apu/iDMA/src/frontends/register_64bit/idma_reg64_frontend_reg_pkg.sv:107]
WARNING: [Synth 8-11067] parameter 'IDMA_REG64_FRONTEND_STATUS_OFFSET' declared inside package 'idma_reg64_frontend_reg_pkg' shall be treated as localparam [/home/jc/tmp/riscv-iommu-demo/cva6/corev_apu/iDMA/src/frontends/register_64bit/idma_reg64_frontend_reg_pkg.sv:108]
WARNING: [Synth 8-11067] parameter 'IDMA_REG64_FRONTEND_NEXT_ID_OFFSET' declared inside package 'idma_reg64_frontend_reg_pkg' shall be treated as localparam [/home/jc/tmp/riscv-iommu-demo/cva6/corev_apu/iDMA/src/frontends/register_64bit/idma_reg64_frontend_reg_pkg.sv:109]
WARNING: [Synth 8-11067] parameter 'IDMA_REG64_FRONTEND_DONE_OFFSET' declared inside package 'idma_reg64_frontend_reg_pkg' shall be treated as localparam [/home/jc/tmp/riscv-iommu-demo/cva6/corev_apu/iDMA/src/frontends/register_64bit/idma_reg64_frontend_reg_pkg.sv:110]
WARNING: [Synth 8-11067] parameter 'IDMA_REG64_FRONTEND_INTF_OFFSET' declared inside package 'idma_reg64_frontend_reg_pkg' shall be treated as localparam [/home/jc/tmp/riscv-iommu-demo/cva6/corev_apu/iDMA/src/frontends/register_64bit/idma_reg64_frontend_reg_pkg.sv:111]
WARNING: [Synth 8-11067] parameter 'IDMA_REG64_FRONTEND_STATUS_RESVAL' declared inside package 'idma_reg64_frontend_reg_pkg' shall be treated as localparam [/home/jc/tmp/riscv-iommu-demo/cva6/corev_apu/iDMA/src/frontends/register_64bit/idma_reg64_frontend_reg_pkg.sv:114]
WARNING: [Synth 8-11067] parameter 'IDMA_REG64_FRONTEND_NEXT_ID_RESVAL' declared inside package 'idma_reg64_frontend_reg_pkg' shall be treated as localparam [/home/jc/tmp/riscv-iommu-demo/cva6/corev_apu/iDMA/src/frontends/register_64bit/idma_reg64_frontend_reg_pkg.sv:115]
WARNING: [Synth 8-11067] parameter 'IDMA_REG64_FRONTEND_DONE_RESVAL' declared inside package 'idma_reg64_frontend_reg_pkg' shall be treated as localparam [/home/jc/tmp/riscv-iommu-demo/cva6/corev_apu/iDMA/src/frontends/register_64bit/idma_reg64_frontend_reg_pkg.sv:116]
WARNING: [Synth 8-11067] parameter 'IDMA_REG64_FRONTEND_PERMIT' declared inside package 'idma_reg64_frontend_reg_pkg' shall be treated as localparam [/home/jc/tmp/riscv-iommu-demo/cva6/corev_apu/iDMA/src/frontends/register_64bit/idma_reg64_frontend_reg_pkg.sv:131]
WARNING: [Synth 8-11065] parameter 'STYLE_INT' becomes localparam in 'rgmii_lfsr' with formal parameter declaration list [/home/jc/tmp/riscv-iommu-demo/cva6/corev_apu/fpga/src/ariane-ethernet/rgmii_lfsr.sv:364]
WARNING: [Synth 8-11067] parameter 'BlockAw' declared inside package 'rv_iommu_reg_pkg' shall be treated as localparam [/home/jc/tmp/riscv-iommu-demo/cva6/corev_apu/rv_iommu/packages/rv_iommu/rv_iommu_reg_pkg.sv:22]
WARNING: [Synth 8-11067] parameter 'IOMMU_CAPABILITIES_OFFSET_L' declared inside package 'rv_iommu_reg_pkg' shall be treated as localparam [/home/jc/tmp/riscv-iommu-demo/cva6/corev_apu/rv_iommu/packages/rv_iommu/rv_iommu_reg_pkg.sv:484]
WARNING: [Synth 8-11067] parameter 'IOMMU_CAPABILITIES_OFFSET_H' declared inside package 'rv_iommu_reg_pkg' shall be treated as localparam [/home/jc/tmp/riscv-iommu-demo/cva6/corev_apu/rv_iommu/packages/rv_iommu/rv_iommu_reg_pkg.sv:485]
WARNING: [Synth 8-11067] parameter 'IOMMU_FCTL_OFFSET' declared inside package 'rv_iommu_reg_pkg' shall be treated as localparam [/home/jc/tmp/riscv-iommu-demo/cva6/corev_apu/rv_iommu/packages/rv_iommu/rv_iommu_reg_pkg.sv:486]
WARNING: [Synth 8-11067] parameter 'IOMMU_DDTP_OFFSET_L' declared inside package 'rv_iommu_reg_pkg' shall be treated as localparam [/home/jc/tmp/riscv-iommu-demo/cva6/corev_apu/rv_iommu/packages/rv_iommu/rv_iommu_reg_pkg.sv:487]
WARNING: [Synth 8-11067] parameter 'IOMMU_DDTP_OFFSET_H' declared inside package 'rv_iommu_reg_pkg' shall be treated as localparam [/home/jc/tmp/riscv-iommu-demo/cva6/corev_apu/rv_iommu/packages/rv_iommu/rv_iommu_reg_pkg.sv:488]
WARNING: [Synth 8-11067] parameter 'IOMMU_CQB_OFFSET_L' declared inside package 'rv_iommu_reg_pkg' shall be treated as localparam [/home/jc/tmp/riscv-iommu-demo/cva6/corev_apu/rv_iommu/packages/rv_iommu/rv_iommu_reg_pkg.sv:489]
WARNING: [Synth 8-11067] parameter 'IOMMU_CQB_OFFSET_H' declared inside package 'rv_iommu_reg_pkg' shall be treated as localparam [/home/jc/tmp/riscv-iommu-demo/cva6/corev_apu/rv_iommu/packages/rv_iommu/rv_iommu_reg_pkg.sv:490]
WARNING: [Synth 8-11067] parameter 'IOMMU_CQH_OFFSET' declared inside package 'rv_iommu_reg_pkg' shall be treated as localparam [/home/jc/tmp/riscv-iommu-demo/cva6/corev_apu/rv_iommu/packages/rv_iommu/rv_iommu_reg_pkg.sv:491]
WARNING: [Synth 8-11067] parameter 'IOMMU_CQT_OFFSET' declared inside package 'rv_iommu_reg_pkg' shall be treated as localparam [/home/jc/tmp/riscv-iommu-demo/cva6/corev_apu/rv_iommu/packages/rv_iommu/rv_iommu_reg_pkg.sv:492]
WARNING: [Synth 8-11067] parameter 'IOMMU_FQB_OFFSET_L' declared inside package 'rv_iommu_reg_pkg' shall be treated as localparam [/home/jc/tmp/riscv-iommu-demo/cva6/corev_apu/rv_iommu/packages/rv_iommu/rv_iommu_reg_pkg.sv:493]
WARNING: [Synth 8-11067] parameter 'IOMMU_FQB_OFFSET_H' declared inside package 'rv_iommu_reg_pkg' shall be treated as localparam [/home/jc/tmp/riscv-iommu-demo/cva6/corev_apu/rv_iommu/packages/rv_iommu/rv_iommu_reg_pkg.sv:494]
WARNING: [Synth 8-11067] parameter 'IOMMU_FQH_OFFSET' declared inside package 'rv_iommu_reg_pkg' shall be treated as localparam [/home/jc/tmp/riscv-iommu-demo/cva6/corev_apu/rv_iommu/packages/rv_iommu/rv_iommu_reg_pkg.sv:495]
WARNING: [Synth 8-11067] parameter 'IOMMU_FQT_OFFSET' declared inside package 'rv_iommu_reg_pkg' shall be treated as localparam [/home/jc/tmp/riscv-iommu-demo/cva6/corev_apu/rv_iommu/packages/rv_iommu/rv_iommu_reg_pkg.sv:496]
WARNING: [Synth 8-11067] parameter 'IOMMU_CQCSR_OFFSET' declared inside package 'rv_iommu_reg_pkg' shall be treated as localparam [/home/jc/tmp/riscv-iommu-demo/cva6/corev_apu/rv_iommu/packages/rv_iommu/rv_iommu_reg_pkg.sv:497]
WARNING: [Synth 8-11067] parameter 'IOMMU_FQCSR_OFFSET' declared inside package 'rv_iommu_reg_pkg' shall be treated as localparam [/home/jc/tmp/riscv-iommu-demo/cva6/corev_apu/rv_iommu/packages/rv_iommu/rv_iommu_reg_pkg.sv:498]
WARNING: [Synth 8-11067] parameter 'IOMMU_IPSR_OFFSET' declared inside package 'rv_iommu_reg_pkg' shall be treated as localparam [/home/jc/tmp/riscv-iommu-demo/cva6/corev_apu/rv_iommu/packages/rv_iommu/rv_iommu_reg_pkg.sv:499]
WARNING: [Synth 8-11067] parameter 'IOMMU_IOCNTOVF_OFFSET' declared inside package 'rv_iommu_reg_pkg' shall be treated as localparam [/home/jc/tmp/riscv-iommu-demo/cva6/corev_apu/rv_iommu/packages/rv_iommu/rv_iommu_reg_pkg.sv:500]
WARNING: [Synth 8-11067] parameter 'IOMMU_IOCNTINH_OFFSET' declared inside package 'rv_iommu_reg_pkg' shall be treated as localparam [/home/jc/tmp/riscv-iommu-demo/cva6/corev_apu/rv_iommu/packages/rv_iommu/rv_iommu_reg_pkg.sv:501]
WARNING: [Synth 8-11067] parameter 'IOMMU_IOHPMCYCLES_OFFSET_L' declared inside package 'rv_iommu_reg_pkg' shall be treated as localparam [/home/jc/tmp/riscv-iommu-demo/cva6/corev_apu/rv_iommu/packages/rv_iommu/rv_iommu_reg_pkg.sv:502]
WARNING: [Synth 8-11067] parameter 'IOMMU_IOHPMCYCLES_OFFSET_H' declared inside package 'rv_iommu_reg_pkg' shall be treated as localparam [/home/jc/tmp/riscv-iommu-demo/cva6/corev_apu/rv_iommu/packages/rv_iommu/rv_iommu_reg_pkg.sv:503]
WARNING: [Synth 8-11067] parameter 'IOMMU_IOHPMCTR_OFFSET_L' declared inside package 'rv_iommu_reg_pkg' shall be treated as localparam [/home/jc/tmp/riscv-iommu-demo/cva6/corev_apu/rv_iommu/packages/rv_iommu/rv_iommu_reg_pkg.sv:504]
WARNING: [Synth 8-11067] parameter 'IOMMU_IOHPMCTR_OFFSET_H' declared inside package 'rv_iommu_reg_pkg' shall be treated as localparam [/home/jc/tmp/riscv-iommu-demo/cva6/corev_apu/rv_iommu/packages/rv_iommu/rv_iommu_reg_pkg.sv:505]
WARNING: [Synth 8-11067] parameter 'IOMMU_IOHPMEVT_OFFSET_L' declared inside package 'rv_iommu_reg_pkg' shall be treated as localparam [/home/jc/tmp/riscv-iommu-demo/cva6/corev_apu/rv_iommu/packages/rv_iommu/rv_iommu_reg_pkg.sv:506]
WARNING: [Synth 8-11067] parameter 'IOMMU_IOHPMEVT_OFFSET_H' declared inside package 'rv_iommu_reg_pkg' shall be treated as localparam [/home/jc/tmp/riscv-iommu-demo/cva6/corev_apu/rv_iommu/packages/rv_iommu/rv_iommu_reg_pkg.sv:507]
WARNING: [Synth 8-11067] parameter 'IOMMU_TR_REQ_IOVA_OFFSET_L' declared inside package 'rv_iommu_reg_pkg' shall be treated as localparam [/home/jc/tmp/riscv-iommu-demo/cva6/corev_apu/rv_iommu/packages/rv_iommu/rv_iommu_reg_pkg.sv:508]
WARNING: [Synth 8-11067] parameter 'IOMMU_TR_REQ_IOVA_OFFSET_H' declared inside package 'rv_iommu_reg_pkg' shall be treated as localparam [/home/jc/tmp/riscv-iommu-demo/cva6/corev_apu/rv_iommu/packages/rv_iommu/rv_iommu_reg_pkg.sv:509]
WARNING: [Synth 8-11067] parameter 'IOMMU_TR_REQ_CTL_OFFSET_L' declared inside package 'rv_iommu_reg_pkg' shall be treated as localparam [/home/jc/tmp/riscv-iommu-demo/cva6/corev_apu/rv_iommu/packages/rv_iommu/rv_iommu_reg_pkg.sv:510]
WARNING: [Synth 8-11067] parameter 'IOMMU_TR_REQ_CTL_OFFSET_H' declared inside package 'rv_iommu_reg_pkg' shall be treated as localparam [/home/jc/tmp/riscv-iommu-demo/cva6/corev_apu/rv_iommu/packages/rv_iommu/rv_iommu_reg_pkg.sv:511]
WARNING: [Synth 8-11067] parameter 'IOMMU_TR_RESPONSE_OFFSET_L' declared inside package 'rv_iommu_reg_pkg' shall be treated as localparam [/home/jc/tmp/riscv-iommu-demo/cva6/corev_apu/rv_iommu/packages/rv_iommu/rv_iommu_reg_pkg.sv:512]
WARNING: [Synth 8-11067] parameter 'IOMMU_TR_RESPONSE_OFFSET_H' declared inside package 'rv_iommu_reg_pkg' shall be treated as localparam [/home/jc/tmp/riscv-iommu-demo/cva6/corev_apu/rv_iommu/packages/rv_iommu/rv_iommu_reg_pkg.sv:513]
WARNING: [Synth 8-11067] parameter 'IOMMU_ICVEC_OFFSET_L' declared inside package 'rv_iommu_reg_pkg' shall be treated as localparam [/home/jc/tmp/riscv-iommu-demo/cva6/corev_apu/rv_iommu/packages/rv_iommu/rv_iommu_reg_pkg.sv:514]
WARNING: [Synth 8-11067] parameter 'IOMMU_ICVEC_OFFSET_H' declared inside package 'rv_iommu_reg_pkg' shall be treated as localparam [/home/jc/tmp/riscv-iommu-demo/cva6/corev_apu/rv_iommu/packages/rv_iommu/rv_iommu_reg_pkg.sv:515]
WARNING: [Synth 8-11067] parameter 'IOMMU_MSI_ADDR_OFFSET_L' declared inside package 'rv_iommu_reg_pkg' shall be treated as localparam [/home/jc/tmp/riscv-iommu-demo/cva6/corev_apu/rv_iommu/packages/rv_iommu/rv_iommu_reg_pkg.sv:516]
WARNING: [Synth 8-11067] parameter 'IOMMU_MSI_ADDR_OFFSET_H' declared inside package 'rv_iommu_reg_pkg' shall be treated as localparam [/home/jc/tmp/riscv-iommu-demo/cva6/corev_apu/rv_iommu/packages/rv_iommu/rv_iommu_reg_pkg.sv:517]
WARNING: [Synth 8-11067] parameter 'IOMMU_MSI_DATA_OFFSET' declared inside package 'rv_iommu_reg_pkg' shall be treated as localparam [/home/jc/tmp/riscv-iommu-demo/cva6/corev_apu/rv_iommu/packages/rv_iommu/rv_iommu_reg_pkg.sv:518]
WARNING: [Synth 8-11067] parameter 'IOMMU_MSI_VEC_CTL_OFFSET' declared inside package 'rv_iommu_reg_pkg' shall be treated as localparam [/home/jc/tmp/riscv-iommu-demo/cva6/corev_apu/rv_iommu/packages/rv_iommu/rv_iommu_reg_pkg.sv:519]
WARNING: [Synth 8-11067] parameter 'IOMMU_PERMIT' declared inside package 'rv_iommu_reg_pkg' shall be treated as localparam [/home/jc/tmp/riscv-iommu-demo/cva6/corev_apu/rv_iommu/packages/rv_iommu/rv_iommu_reg_pkg.sv:522]
---------------------------------------------------------------------------------
Starting RTL Elaboration : Time (s): cpu = 00:00:01 ; elapsed = 00:00:02 . Memory (MB): peak = 2171.633 ; gain = 373.801 ; free physical = 8929 ; free virtual = 17067
Synthesis current peak Physical Memory [PSS] (MB): peak = 1609.331; parent = 1404.772; children = 204.559
Synthesis current peak Virtual Memory [VSS] (MB): peak = 3175.973; parent = 2195.449; children = 980.523
---------------------------------------------------------------------------------
INFO: [Synth 8-6157] synthesizing module 'ariane_xilinx' [/home/jc/tmp/riscv-iommu-demo/cva6/corev_apu/fpga/src/ariane_xilinx.sv:14]
INFO: [Synth 8-6157] synthesizing module 'AXI_BUS' [/home/jc/tmp/riscv-iommu-demo/cva6/corev_apu/fpga/src/armor/SRC/axi_intf.sv:21]
	Parameter AXI_ADDR_WIDTH bound to: 64 - type: integer 
	Parameter AXI_DATA_WIDTH bound to: 64 - type: integer 
	Parameter AXI_ID_WIDTH bound to: 6 - type: integer 
	Parameter AXI_USER_WIDTH bound to: 1 - type: integer 
INFO: [Synth 8-6155] done synthesizing module 'AXI_BUS' (0#1) [/home/jc/tmp/riscv-iommu-demo/cva6/corev_apu/fpga/src/armor/SRC/axi_intf.sv:21]
INFO: [Synth 8-6157] synthesizing module 'AXI_BUS' [/home/jc/tmp/riscv-iommu-demo/cva6/corev_apu/fpga/src/armor/SRC/axi_intf.sv:21]
	Parameter AXI_ADDR_WIDTH bound to: 64 - type: integer 
	Parameter AXI_DATA_WIDTH bound to: 64 - type: integer 
	Parameter AXI_ID_WIDTH bound to: 6 - type: integer 
	Parameter AXI_USER_WIDTH bound to: 1 - type: integer 
INFO: [Synth 8-6155] done synthesizing module 'AXI_BUS' (0#1) [/home/jc/tmp/riscv-iommu-demo/cva6/corev_apu/fpga/src/armor/SRC/axi_intf.sv:21]
INFO: [Synth 8-6157] synthesizing module 'AXI_BUS' [/home/jc/tmp/riscv-iommu-demo/cva6/corev_apu/fpga/src/armor/SRC/axi_intf.sv:21]
	Parameter AXI_ADDR_WIDTH bound to: 64 - type: integer 
	Parameter AXI_DATA_WIDTH bound to: 64 - type: integer 
	Parameter AXI_ID_WIDTH bound to: 6 - type: integer 
	Parameter AXI_USER_WIDTH bound to: 1 - type: integer 
INFO: [Synth 8-6155] done synthesizing module 'AXI_BUS' (0#1) [/home/jc/tmp/riscv-iommu-demo/cva6/corev_apu/fpga/src/armor/SRC/axi_intf.sv:21]
INFO: [Synth 8-6157] synthesizing module 'AXI_BUS' [/home/jc/tmp/riscv-iommu-demo/cva6/corev_apu/fpga/src/armor/SRC/axi_intf.sv:21]
	Parameter AXI_ADDR_WIDTH bound to: 64 - type: integer 
	Parameter AXI_DATA_WIDTH bound to: 64 - type: integer 
	Parameter AXI_ID_WIDTH bound to: 6 - type: integer 
	Parameter AXI_USER_WIDTH bound to: 1 - type: integer 
INFO: [Synth 8-6155] done synthesizing module 'AXI_BUS' (0#1) [/home/jc/tmp/riscv-iommu-demo/cva6/corev_apu/fpga/src/armor/SRC/axi_intf.sv:21]
INFO: [Synth 8-6157] synthesizing module 'AXI_BUS' [/home/jc/tmp/riscv-iommu-demo/cva6/corev_apu/fpga/src/armor/SRC/axi_intf.sv:21]
	Parameter AXI_ADDR_WIDTH bound to: 64 - type: integer 
	Parameter AXI_DATA_WIDTH bound to: 64 - type: integer 
	Parameter AXI_ID_WIDTH bound to: 6 - type: integer 
	Parameter AXI_USER_WIDTH bound to: 1 - type: integer 
INFO: [Synth 8-6155] done synthesizing module 'AXI_BUS' (0#1) [/home/jc/tmp/riscv-iommu-demo/cva6/corev_apu/fpga/src/armor/SRC/axi_intf.sv:21]
INFO: [Synth 8-6157] synthesizing module 'AXI_BUS' [/home/jc/tmp/riscv-iommu-demo/cva6/corev_apu/fpga/src/armor/SRC/axi_intf.sv:21]
	Parameter AXI_ADDR_WIDTH bound to: 64 - type: integer 
	Parameter AXI_DATA_WIDTH bound to: 64 - type: integer 
	Parameter AXI_ID_WIDTH bound to: 6 - type: integer 
	Parameter AXI_USER_WIDTH bound to: 1 - type: integer 
INFO: [Synth 8-6155] done synthesizing module 'AXI_BUS' (0#1) [/home/jc/tmp/riscv-iommu-demo/cva6/corev_apu/fpga/src/armor/SRC/axi_intf.sv:21]
INFO: [Synth 8-6157] synthesizing module 'AXI_BUS' [/home/jc/tmp/riscv-iommu-demo/cva6/corev_apu/fpga/src/armor/SRC/axi_intf.sv:21]
	Parameter AXI_ADDR_WIDTH bound to: 64 - type: integer 
	Parameter AXI_DATA_WIDTH bound to: 64 - type: integer 
	Parameter AXI_ID_WIDTH bound to: 6 - type: integer 
	Parameter AXI_USER_WIDTH bound to: 1 - type: integer 
INFO: [Synth 8-6155] done synthesizing module 'AXI_BUS' (0#1) [/home/jc/tmp/riscv-iommu-demo/cva6/corev_apu/fpga/src/armor/SRC/axi_intf.sv:21]
INFO: [Synth 8-6157] synthesizing module 'AXI_BUS' [/home/jc/tmp/riscv-iommu-demo/cva6/corev_apu/fpga/src/armor/SRC/axi_intf.sv:21]
	Parameter AXI_ADDR_WIDTH bound to: 64 - type: integer 
	Parameter AXI_DATA_WIDTH bound to: 64 - type: integer 
	Parameter AXI_ID_WIDTH bound to: 6 - type: integer 
	Parameter AXI_USER_WIDTH bound to: 1 - type: integer 
INFO: [Synth 8-6155] done synthesizing module 'AXI_BUS' (0#1) [/home/jc/tmp/riscv-iommu-demo/cva6/corev_apu/fpga/src/armor/SRC/axi_intf.sv:21]
INFO: [Synth 8-6157] synthesizing module 'AXI_BUS' [/home/jc/tmp/riscv-iommu-demo/cva6/corev_apu/fpga/src/armor/SRC/axi_intf.sv:21]
	Parameter AXI_ADDR_WIDTH bound to: 64 - type: integer 
	Parameter AXI_DATA_WIDTH bound to: 64 - type: integer 
	Parameter AXI_ID_WIDTH bound to: 6 - type: integer 
	Parameter AXI_USER_WIDTH bound to: 1 - type: integer 
INFO: [Synth 8-6155] done synthesizing module 'AXI_BUS' (0#1) [/home/jc/tmp/riscv-iommu-demo/cva6/corev_apu/fpga/src/armor/SRC/axi_intf.sv:21]
INFO: [Synth 8-6157] synthesizing module 'AXI_BUS' [/home/jc/tmp/riscv-iommu-demo/cva6/corev_apu/fpga/src/armor/SRC/axi_intf.sv:21]
	Parameter AXI_ADDR_WIDTH bound to: 64 - type: integer 
	Parameter AXI_DATA_WIDTH bound to: 64 - type: integer 
	Parameter AXI_ID_WIDTH bound to: 6 - type: integer 
	Parameter AXI_USER_WIDTH bound to: 1 - type: integer 
INFO: [Synth 8-6155] done synthesizing module 'AXI_BUS' (0#1) [/home/jc/tmp/riscv-iommu-demo/cva6/corev_apu/fpga/src/armor/SRC/axi_intf.sv:21]
INFO: [Synth 8-6157] synthesizing module 'AXI_BUS' [/home/jc/tmp/riscv-iommu-demo/cva6/corev_apu/fpga/src/armor/SRC/axi_intf.sv:21]
	Parameter AXI_ADDR_WIDTH bound to: 64 - type: integer 
	Parameter AXI_DATA_WIDTH bound to: 64 - type: integer 
	Parameter AXI_ID_WIDTH bound to: 6 - type: integer 
	Parameter AXI_USER_WIDTH bound to: 1 - type: integer 
INFO: [Synth 8-6155] done synthesizing module 'AXI_BUS' (0#1) [/home/jc/tmp/riscv-iommu-demo/cva6/corev_apu/fpga/src/armor/SRC/axi_intf.sv:21]
INFO: [Synth 8-6157] synthesizing module 'AXI_BUS' [/home/jc/tmp/riscv-iommu-demo/cva6/corev_apu/fpga/src/armor/SRC/axi_intf.sv:21]
	Parameter AXI_ADDR_WIDTH bound to: 64 - type: integer 
	Parameter AXI_DATA_WIDTH bound to: 64 - type: integer 
	Parameter AXI_ID_WIDTH bound to: 6 - type: integer 
	Parameter AXI_USER_WIDTH bound to: 1 - type: integer 
INFO: [Synth 8-6155] done synthesizing module 'AXI_BUS' (0#1) [/home/jc/tmp/riscv-iommu-demo/cva6/corev_apu/fpga/src/armor/SRC/axi_intf.sv:21]
INFO: [Synth 8-6157] synthesizing module 'AXI_BUS' [/home/jc/tmp/riscv-iommu-demo/cva6/corev_apu/fpga/src/armor/SRC/axi_intf.sv:21]
	Parameter AXI_ADDR_WIDTH bound to: 64 - type: integer 
	Parameter AXI_DATA_WIDTH bound to: 64 - type: integer 
	Parameter AXI_ID_WIDTH bound to: 6 - type: integer 
	Parameter AXI_USER_WIDTH bound to: 1 - type: integer 
INFO: [Synth 8-6155] done synthesizing module 'AXI_BUS' (0#1) [/home/jc/tmp/riscv-iommu-demo/cva6/corev_apu/fpga/src/armor/SRC/axi_intf.sv:21]
INFO: [Synth 8-6157] synthesizing module 'AXI_BUS' [/home/jc/tmp/riscv-iommu-demo/cva6/corev_apu/fpga/src/armor/SRC/axi_intf.sv:21]
	Parameter AXI_ADDR_WIDTH bound to: 64 - type: integer 
	Parameter AXI_DATA_WIDTH bound to: 64 - type: integer 
	Parameter AXI_ID_WIDTH bound to: 6 - type: integer 
	Parameter AXI_USER_WIDTH bound to: 1 - type: integer 
INFO: [Synth 8-6155] done synthesizing module 'AXI_BUS' (0#1) [/home/jc/tmp/riscv-iommu-demo/cva6/corev_apu/fpga/src/armor/SRC/axi_intf.sv:21]
INFO: [Synth 8-6157] synthesizing module 'AXI_BUS' [/home/jc/tmp/riscv-iommu-demo/cva6/corev_apu/fpga/src/armor/SRC/axi_intf.sv:21]
	Parameter AXI_ADDR_WIDTH bound to: 64 - type: integer 
	Parameter AXI_DATA_WIDTH bound to: 64 - type: integer 
	Parameter AXI_ID_WIDTH bound to: 6 - type: integer 
	Parameter AXI_USER_WIDTH bound to: 1 - type: integer 
INFO: [Synth 8-6155] done synthesizing module 'AXI_BUS' (0#1) [/home/jc/tmp/riscv-iommu-demo/cva6/corev_apu/fpga/src/armor/SRC/axi_intf.sv:21]
INFO: [Synth 8-6157] synthesizing module 'AXI_BUS' [/home/jc/tmp/riscv-iommu-demo/cva6/corev_apu/fpga/src/armor/SRC/axi_intf.sv:21]
	Parameter AXI_ADDR_WIDTH bound to: 64 - type: integer 
	Parameter AXI_DATA_WIDTH bound to: 64 - type: integer 
	Parameter AXI_ID_WIDTH bound to: 6 - type: integer 
	Parameter AXI_USER_WIDTH bound to: 1 - type: integer 
INFO: [Synth 8-6155] done synthesizing module 'AXI_BUS' (0#1) [/home/jc/tmp/riscv-iommu-demo/cva6/corev_apu/fpga/src/armor/SRC/axi_intf.sv:21]
INFO: [Synth 8-6157] synthesizing module 'AXI_BUS' [/home/jc/tmp/riscv-iommu-demo/cva6/corev_apu/fpga/src/armor/SRC/axi_intf.sv:21]
	Parameter AXI_ADDR_WIDTH bound to: 32'b00000000000000000000000001000000 
	Parameter AXI_DATA_WIDTH bound to: 32'b00000000000000000000000001000000 
	Parameter AXI_ID_WIDTH bound to: 6 - type: integer 
	Parameter AXI_USER_WIDTH bound to: 1 - type: integer 
INFO: [Synth 8-6155] done synthesizing module 'AXI_BUS' (0#1) [/home/jc/tmp/riscv-iommu-demo/cva6/corev_apu/fpga/src/armor/SRC/axi_intf.sv:21]
INFO: [Synth 8-6157] synthesizing module 'AXI_BUS' [/home/jc/tmp/riscv-iommu-demo/cva6/corev_apu/fpga/src/armor/SRC/axi_intf.sv:21]
	Parameter AXI_ADDR_WIDTH bound to: 64 - type: integer 
	Parameter AXI_DATA_WIDTH bound to: 64 - type: integer 
	Parameter AXI_ID_WIDTH bound to: 4 - type: integer 
	Parameter AXI_USER_WIDTH bound to: 1 - type: integer 
INFO: [Synth 8-6155] done synthesizing module 'AXI_BUS' (0#1) [/home/jc/tmp/riscv-iommu-demo/cva6/corev_apu/fpga/src/armor/SRC/axi_intf.sv:21]
INFO: [Synth 8-6157] synthesizing module 'AXI_BUS' [/home/jc/tmp/riscv-iommu-demo/cva6/corev_apu/fpga/src/armor/SRC/axi_intf.sv:21]
	Parameter AXI_ADDR_WIDTH bound to: 64 - type: integer 
	Parameter AXI_DATA_WIDTH bound to: 64 - type: integer 
	Parameter AXI_ID_WIDTH bound to: 4 - type: integer 
	Parameter AXI_USER_WIDTH bound to: 1 - type: integer 
INFO: [Synth 8-6155] done synthesizing module 'AXI_BUS' (0#1) [/home/jc/tmp/riscv-iommu-demo/cva6/corev_apu/fpga/src/armor/SRC/axi_intf.sv:21]
INFO: [Synth 8-6157] synthesizing module 'AXI_BUS' [/home/jc/tmp/riscv-iommu-demo/cva6/corev_apu/fpga/src/armor/SRC/axi_intf.sv:21]
	Parameter AXI_ADDR_WIDTH bound to: 64 - type: integer 
	Parameter AXI_DATA_WIDTH bound to: 64 - type: integer 
	Parameter AXI_ID_WIDTH bound to: 4 - type: integer 
	Parameter AXI_USER_WIDTH bound to: 1 - type: integer 
INFO: [Synth 8-6155] done synthesizing module 'AXI_BUS' (0#1) [/home/jc/tmp/riscv-iommu-demo/cva6/corev_apu/fpga/src/armor/SRC/axi_intf.sv:21]
INFO: [Synth 8-6157] synthesizing module 'AXI_BUS' [/home/jc/tmp/riscv-iommu-demo/cva6/corev_apu/fpga/src/armor/SRC/axi_intf.sv:21]
	Parameter AXI_ADDR_WIDTH bound to: 64 - type: integer 
	Parameter AXI_DATA_WIDTH bound to: 64 - type: integer 
	Parameter AXI_ID_WIDTH bound to: 4 - type: integer 
	Parameter AXI_USER_WIDTH bound to: 1 - type: integer 
INFO: [Synth 8-6155] done synthesizing module 'AXI_BUS' (0#1) [/home/jc/tmp/riscv-iommu-demo/cva6/corev_apu/fpga/src/armor/SRC/axi_intf.sv:21]
INFO: [Synth 8-6157] synthesizing module 'bootrom_64' [/home/jc/tmp/riscv-iommu-demo/cva6/corev_apu/fpga/src/bootrom/bootrom_64.sv:17]
INFO: [Synth 8-6155] done synthesizing module 'bootrom_64' (0#1) [/home/jc/tmp/riscv-iommu-demo/cva6/corev_apu/fpga/src/bootrom/bootrom_64.sv:17]
INFO: [Synth 8-6157] synthesizing module 'rstgen' [/home/jc/tmp/riscv-iommu-demo/cva6/vendor/pulp-platform/common_cells/src/rstgen.sv:13]
INFO: [Synth 8-6157] synthesizing module 'rstgen_bypass' [/home/jc/tmp/riscv-iommu-demo/cva6/vendor/pulp-platform/common_cells/src/rstgen_bypass.sv:15]
INFO: [Synth 8-6155] done synthesizing module 'rstgen_bypass' (0#1) [/home/jc/tmp/riscv-iommu-demo/cva6/vendor/pulp-platform/common_cells/src/rstgen_bypass.sv:15]
INFO: [Synth 8-6155] done synthesizing module 'rstgen' (0#1) [/home/jc/tmp/riscv-iommu-demo/cva6/vendor/pulp-platform/common_cells/src/rstgen.sv:13]
INFO: [Synth 8-6157] synthesizing module 'axi_xbar_intf' [/home/jc/tmp/riscv-iommu-demo/cva6/vendor/pulp-platform/axi/src/axi_xbar.sv:242]
	Parameter AXI_USER_WIDTH bound to: 1 - type: integer 
	Parameter Cfg[NoSlvPorts] bound to: 32'b00000000000000000000000000000100 
	Parameter Cfg[NoMstPorts] bound to: 32'b00000000000000000000000000010000 
	Parameter Cfg[MaxMstTrans] bound to: 32'b00000000000000000000000000001000 
	Parameter Cfg[MaxSlvTrans] bound to: 32'b00000000000000000000000000001000 
	Parameter Cfg[FallThrough] bound to: 1'b0 
	Parameter Cfg[LatencyMode] bound to: 10'b1111111111 
	Parameter Cfg[AxiIdWidthSlvPorts] bound to: 32'b00000000000000000000000000000100 
	Parameter Cfg[AxiIdUsedSlvPorts] bound to: 32'b00000000000000000000000000000100 
	Parameter Cfg[UniqueIds] bound to: 1'b0 
	Parameter Cfg[AxiAddrWidth] bound to: 32'b00000000000000000000000001000000 
	Parameter Cfg[AxiDataWidth] bound to: 32'b00000000000000000000000001000000 
	Parameter Cfg[NoAddrRules] bound to: 32'b00000000000000000000000000010000 
INFO: [Synth 8-6157] synthesizing module 'axi_xbar' [/home/jc/tmp/riscv-iommu-demo/cva6/vendor/pulp-platform/axi/src/axi_xbar.sv:18]
	Parameter Cfg[NoSlvPorts] bound to: 32'b00000000000000000000000000000100 
	Parameter Cfg[NoMstPorts] bound to: 32'b00000000000000000000000000010000 
	Parameter Cfg[MaxMstTrans] bound to: 32'b00000000000000000000000000001000 
	Parameter Cfg[MaxSlvTrans] bound to: 32'b00000000000000000000000000001000 
	Parameter Cfg[FallThrough] bound to: 1'b0 
	Parameter Cfg[LatencyMode] bound to: 10'b1111111111 
	Parameter Cfg[AxiIdWidthSlvPorts] bound to: 32'b00000000000000000000000000000100 
	Parameter Cfg[AxiIdUsedSlvPorts] bound to: 32'b00000000000000000000000000000100 
	Parameter Cfg[UniqueIds] bound to: 1'b0 
	Parameter Cfg[AxiAddrWidth] bound to: 32'b00000000000000000000000001000000 
	Parameter Cfg[AxiDataWidth] bound to: 32'b00000000000000000000000001000000 
	Parameter Cfg[NoAddrRules] bound to: 32'b00000000000000000000000000010000 
INFO: [Synth 8-6157] synthesizing module 'addr_decode' [/home/jc/tmp/riscv-iommu-demo/cva6/vendor/pulp-platform/common_cells/src/addr_decode.sv:30]
	Parameter NoIndices bound to: 32'b00000000000000000000000000010000 
	Parameter NoRules bound to: 32'b00000000000000000000000000010000 
INFO: [Synth 8-6155] done synthesizing module 'addr_decode' (0#1) [/home/jc/tmp/riscv-iommu-demo/cva6/vendor/pulp-platform/common_cells/src/addr_decode.sv:30]
INFO: [Synth 8-6157] synthesizing module 'axi_demux' [/home/jc/tmp/riscv-iommu-demo/cva6/vendor/pulp-platform/axi/src/axi_demux.sv:19]
	Parameter AxiIdWidth bound to: 32'b00000000000000000000000000000100 
	Parameter NoMstPorts bound to: 32'b00000000000000000000000000010001 
	Parameter MaxTrans bound to: 32'b00000000000000000000000000001000 
	Parameter AxiLookBits bound to: 32'b00000000000000000000000000000100 
	Parameter UniqueIds bound to: 1'b0 
	Parameter FallThrough bound to: 1'b0 
	Parameter SpillAw bound to: 1'b1 
	Parameter SpillW bound to: 1'b1 
	Parameter SpillB bound to: 1'b1 
	Parameter SpillAr bound to: 1'b1 
	Parameter SpillR bound to: 1'b1 
INFO: [Synth 8-6157] synthesizing module 'axi_demux_id_counters' [/home/jc/tmp/riscv-iommu-demo/cva6/vendor/pulp-platform/axi/src/axi_demux.sv:576]
	Parameter AxiIdBits bound to: 32'b00000000000000000000000000000100 
	Parameter CounterWidth bound to: 32'b00000000000000000000000000000011 
INFO: [Synth 8-294] found qualifier unique on case statement: implementing as parallel_case [/home/jc/tmp/riscv-iommu-demo/cva6/vendor/pulp-platform/axi/src/axi_demux.sv:626]
INFO: [Synth 8-6157] synthesizing module 'delta_counter' [/home/jc/tmp/riscv-iommu-demo/cva6/vendor/pulp-platform/common_cells/src/delta_counter.sv:13]
	Parameter WIDTH bound to: 32'b00000000000000000000000000000011 
	Parameter STICKY_OVERFLOW bound to: 1'b0 
INFO: [Synth 8-6155] done synthesizing module 'delta_counter' (0#1) [/home/jc/tmp/riscv-iommu-demo/cva6/vendor/pulp-platform/common_cells/src/delta_counter.sv:13]
INFO: [Synth 8-294] found qualifier unique on case statement: implementing as parallel_case [/home/jc/tmp/riscv-iommu-demo/cva6/vendor/pulp-platform/axi/src/axi_demux.sv:626]
INFO: [Synth 8-294] found qualifier unique on case statement: implementing as parallel_case [/home/jc/tmp/riscv-iommu-demo/cva6/vendor/pulp-platform/axi/src/axi_demux.sv:626]
INFO: [Synth 8-294] found qualifier unique on case statement: implementing as parallel_case [/home/jc/tmp/riscv-iommu-demo/cva6/vendor/pulp-platform/axi/src/axi_demux.sv:626]
INFO: [Synth 8-294] found qualifier unique on case statement: implementing as parallel_case [/home/jc/tmp/riscv-iommu-demo/cva6/vendor/pulp-platform/axi/src/axi_demux.sv:626]
INFO: [Synth 8-294] found qualifier unique on case statement: implementing as parallel_case [/home/jc/tmp/riscv-iommu-demo/cva6/vendor/pulp-platform/axi/src/axi_demux.sv:626]
INFO: [Synth 8-294] found qualifier unique on case statement: implementing as parallel_case [/home/jc/tmp/riscv-iommu-demo/cva6/vendor/pulp-platform/axi/src/axi_demux.sv:626]
INFO: [Synth 8-294] found qualifier unique on case statement: implementing as parallel_case [/home/jc/tmp/riscv-iommu-demo/cva6/vendor/pulp-platform/axi/src/axi_demux.sv:626]
INFO: [Synth 8-294] found qualifier unique on case statement: implementing as parallel_case [/home/jc/tmp/riscv-iommu-demo/cva6/vendor/pulp-platform/axi/src/axi_demux.sv:626]
INFO: [Synth 8-294] found qualifier unique on case statement: implementing as parallel_case [/home/jc/tmp/riscv-iommu-demo/cva6/vendor/pulp-platform/axi/src/axi_demux.sv:626]
INFO: [Synth 8-294] found qualifier unique on case statement: implementing as parallel_case [/home/jc/tmp/riscv-iommu-demo/cva6/vendor/pulp-platform/axi/src/axi_demux.sv:626]
INFO: [Synth 8-294] found qualifier unique on case statement: implementing as parallel_case [/home/jc/tmp/riscv-iommu-demo/cva6/vendor/pulp-platform/axi/src/axi_demux.sv:626]
INFO: [Synth 8-294] found qualifier unique on case statement: implementing as parallel_case [/home/jc/tmp/riscv-iommu-demo/cva6/vendor/pulp-platform/axi/src/axi_demux.sv:626]
INFO: [Synth 8-294] found qualifier unique on case statement: implementing as parallel_case [/home/jc/tmp/riscv-iommu-demo/cva6/vendor/pulp-platform/axi/src/axi_demux.sv:626]
INFO: [Synth 8-294] found qualifier unique on case statement: implementing as parallel_case [/home/jc/tmp/riscv-iommu-demo/cva6/vendor/pulp-platform/axi/src/axi_demux.sv:626]
INFO: [Synth 8-294] found qualifier unique on case statement: implementing as parallel_case [/home/jc/tmp/riscv-iommu-demo/cva6/vendor/pulp-platform/axi/src/axi_demux.sv:626]
INFO: [Synth 8-6155] done synthesizing module 'axi_demux_id_counters' (0#1) [/home/jc/tmp/riscv-iommu-demo/cva6/vendor/pulp-platform/axi/src/axi_demux.sv:576]
INFO: [Synth 8-6157] synthesizing module 'spill_register' [/home/jc/tmp/riscv-iommu-demo/cva6/vendor/pulp-platform/common_cells/src/spill_register.sv:17]
	Parameter Bypass bound to: 1'b0 
INFO: [Synth 8-6157] synthesizing module 'spill_register_flushable' [/home/jc/tmp/riscv-iommu-demo/cva6/vendor/pulp-platform/common_cells/src/spill_register_flushable.sv:17]
	Parameter Bypass bound to: 1'b0 
INFO: [Synth 8-6155] done synthesizing module 'spill_register_flushable' (0#1) [/home/jc/tmp/riscv-iommu-demo/cva6/vendor/pulp-platform/common_cells/src/spill_register_flushable.sv:17]
INFO: [Synth 8-6155] done synthesizing module 'spill_register' (0#1) [/home/jc/tmp/riscv-iommu-demo/cva6/vendor/pulp-platform/common_cells/src/spill_register.sv:17]
INFO: [Synth 8-6157] synthesizing module 'fifo_v3' [/home/jc/tmp/riscv-iommu-demo/cva6/vendor/pulp-platform/common_cells/src/fifo_v3.sv:13]
	Parameter FALL_THROUGH bound to: 1'b0 
	Parameter DEPTH bound to: 32'b00000000000000000000000000001000 
INFO: [Synth 8-6155] done synthesizing module 'fifo_v3' (0#1) [/home/jc/tmp/riscv-iommu-demo/cva6/vendor/pulp-platform/common_cells/src/fifo_v3.sv:13]
INFO: [Synth 8-6157] synthesizing module 'spill_register__parameterized0' [/home/jc/tmp/riscv-iommu-demo/cva6/vendor/pulp-platform/common_cells/src/spill_register.sv:17]
	Parameter Bypass bound to: 1'b0 
INFO: [Synth 8-6157] synthesizing module 'spill_register_flushable__parameterized0' [/home/jc/tmp/riscv-iommu-demo/cva6/vendor/pulp-platform/common_cells/src/spill_register_flushable.sv:17]
	Parameter Bypass bound to: 1'b0 
INFO: [Synth 8-6155] done synthesizing module 'spill_register_flushable__parameterized0' (0#1) [/home/jc/tmp/riscv-iommu-demo/cva6/vendor/pulp-platform/common_cells/src/spill_register_flushable.sv:17]
INFO: [Synth 8-6155] done synthesizing module 'spill_register__parameterized0' (0#1) [/home/jc/tmp/riscv-iommu-demo/cva6/vendor/pulp-platform/common_cells/src/spill_register.sv:17]
INFO: [Synth 8-6157] synthesizing module 'spill_register__parameterized1' [/home/jc/tmp/riscv-iommu-demo/cva6/vendor/pulp-platform/common_cells/src/spill_register.sv:17]
	Parameter Bypass bound to: 1'b0 
INFO: [Synth 8-6157] synthesizing module 'spill_register_flushable__parameterized1' [/home/jc/tmp/riscv-iommu-demo/cva6/vendor/pulp-platform/common_cells/src/spill_register_flushable.sv:17]
	Parameter Bypass bound to: 1'b0 
INFO: [Synth 8-6155] done synthesizing module 'spill_register_flushable__parameterized1' (0#1) [/home/jc/tmp/riscv-iommu-demo/cva6/vendor/pulp-platform/common_cells/src/spill_register_flushable.sv:17]
INFO: [Synth 8-6155] done synthesizing module 'spill_register__parameterized1' (0#1) [/home/jc/tmp/riscv-iommu-demo/cva6/vendor/pulp-platform/common_cells/src/spill_register.sv:17]
INFO: [Synth 8-6157] synthesizing module 'rr_arb_tree' [/home/jc/tmp/riscv-iommu-demo/cva6/vendor/pulp-platform/common_cells/src/rr_arb_tree.sv:47]
	Parameter NumIn bound to: 32'b00000000000000000000000000010001 
	Parameter AxiVldRdy bound to: 1'b1 
	Parameter LockIn bound to: 1'b1 
INFO: [Synth 8-6157] synthesizing module 'lzc' [/home/jc/tmp/riscv-iommu-demo/cva6/vendor/pulp-platform/common_cells/src/lzc.sv:25]
	Parameter WIDTH bound to: 32'b00000000000000000000000000010001 
	Parameter MODE bound to: 1'b0 
INFO: [Synth 8-6155] done synthesizing module 'lzc' (0#1) [/home/jc/tmp/riscv-iommu-demo/cva6/vendor/pulp-platform/common_cells/src/lzc.sv:25]
INFO: [Synth 8-6155] done synthesizing module 'rr_arb_tree' (0#1) [/home/jc/tmp/riscv-iommu-demo/cva6/vendor/pulp-platform/common_cells/src/rr_arb_tree.sv:47]
INFO: [Synth 8-6157] synthesizing module 'spill_register__parameterized2' [/home/jc/tmp/riscv-iommu-demo/cva6/vendor/pulp-platform/common_cells/src/spill_register.sv:17]
	Parameter Bypass bound to: 1'b0 
INFO: [Synth 8-6157] synthesizing module 'spill_register_flushable__parameterized2' [/home/jc/tmp/riscv-iommu-demo/cva6/vendor/pulp-platform/common_cells/src/spill_register_flushable.sv:17]
	Parameter Bypass bound to: 1'b0 
INFO: [Synth 8-6155] done synthesizing module 'spill_register_flushable__parameterized2' (0#1) [/home/jc/tmp/riscv-iommu-demo/cva6/vendor/pulp-platform/common_cells/src/spill_register_flushable.sv:17]
INFO: [Synth 8-6155] done synthesizing module 'spill_register__parameterized2' (0#1) [/home/jc/tmp/riscv-iommu-demo/cva6/vendor/pulp-platform/common_cells/src/spill_register.sv:17]
INFO: [Synth 8-6157] synthesizing module 'spill_register__parameterized3' [/home/jc/tmp/riscv-iommu-demo/cva6/vendor/pulp-platform/common_cells/src/spill_register.sv:17]
	Parameter Bypass bound to: 1'b0 
INFO: [Synth 8-6157] synthesizing module 'spill_register_flushable__parameterized3' [/home/jc/tmp/riscv-iommu-demo/cva6/vendor/pulp-platform/common_cells/src/spill_register_flushable.sv:17]
	Parameter Bypass bound to: 1'b0 
INFO: [Synth 8-6155] done synthesizing module 'spill_register_flushable__parameterized3' (0#1) [/home/jc/tmp/riscv-iommu-demo/cva6/vendor/pulp-platform/common_cells/src/spill_register_flushable.sv:17]
INFO: [Synth 8-6155] done synthesizing module 'spill_register__parameterized3' (0#1) [/home/jc/tmp/riscv-iommu-demo/cva6/vendor/pulp-platform/common_cells/src/spill_register.sv:17]
INFO: [Synth 8-6157] synthesizing module 'rr_arb_tree__parameterized0' [/home/jc/tmp/riscv-iommu-demo/cva6/vendor/pulp-platform/common_cells/src/rr_arb_tree.sv:47]
	Parameter NumIn bound to: 32'b00000000000000000000000000010001 
	Parameter AxiVldRdy bound to: 1'b1 
	Parameter LockIn bound to: 1'b1 
INFO: [Synth 8-6155] done synthesizing module 'rr_arb_tree__parameterized0' (0#1) [/home/jc/tmp/riscv-iommu-demo/cva6/vendor/pulp-platform/common_cells/src/rr_arb_tree.sv:47]
INFO: [Synth 8-6155] done synthesizing module 'axi_demux' (0#1) [/home/jc/tmp/riscv-iommu-demo/cva6/vendor/pulp-platform/axi/src/axi_demux.sv:19]
INFO: [Synth 8-6157] synthesizing module 'axi_err_slv' [/home/jc/tmp/riscv-iommu-demo/cva6/vendor/pulp-platform/axi/src/axi_err_slv.sv:19]
	Parameter AxiIdWidth bound to: 32'b00000000000000000000000000000100 
	Parameter Resp bound to: 2'b11 
	Parameter ATOPs bound to: 1'b1 
	Parameter MaxTrans bound to: 32'b00000000000000000000000000000100 
INFO: [Synth 8-6157] synthesizing module 'axi_atop_filter' [/home/jc/tmp/riscv-iommu-demo/cva6/vendor/pulp-platform/axi/src/axi_atop_filter.sv:37]
	Parameter AxiIdWidth bound to: 32'b00000000000000000000000000000100 
	Parameter AxiMaxWriteTxns bound to: 32'b00000000000000000000000000000100 
INFO: [Synth 8-294] found qualifier unique on case statement: implementing as parallel_case [/home/jc/tmp/riscv-iommu-demo/cva6/vendor/pulp-platform/axi/src/axi_atop_filter.sv:118]
INFO: [Synth 8-294] found qualifier unique on case statement: implementing as parallel_case [/home/jc/tmp/riscv-iommu-demo/cva6/vendor/pulp-platform/axi/src/axi_atop_filter.sv:268]
INFO: [Synth 8-6157] synthesizing module 'stream_register' [/home/jc/tmp/riscv-iommu-demo/cva6/vendor/pulp-platform/common_cells/src/stream_register.sv:14]
INFO: [Synth 8-6157] synthesizing module 'fifo_v2' [/home/jc/tmp/riscv-iommu-demo/cva6/vendor/pulp-platform/common_cells/src/deprecated/fifo_v2.sv:13]
	Parameter FALL_THROUGH bound to: 1'b0 
	Parameter DATA_WIDTH bound to: 32'b00000000000000000000000000001000 
	Parameter DEPTH bound to: 32'b00000000000000000000000000000001 
INFO: [Synth 8-6157] synthesizing module 'fifo_v3__parameterized0' [/home/jc/tmp/riscv-iommu-demo/cva6/vendor/pulp-platform/common_cells/src/fifo_v3.sv:13]
	Parameter FALL_THROUGH bound to: 1'b0 
	Parameter DATA_WIDTH bound to: 32'b00000000000000000000000000001000 
	Parameter DEPTH bound to: 32'b00000000000000000000000000000001 
INFO: [Synth 8-6155] done synthesizing module 'fifo_v3__parameterized0' (0#1) [/home/jc/tmp/riscv-iommu-demo/cva6/vendor/pulp-platform/common_cells/src/fifo_v3.sv:13]
INFO: [Synth 8-6155] done synthesizing module 'fifo_v2' (0#1) [/home/jc/tmp/riscv-iommu-demo/cva6/vendor/pulp-platform/common_cells/src/deprecated/fifo_v2.sv:13]
INFO: [Synth 8-6155] done synthesizing module 'stream_register' (0#1) [/home/jc/tmp/riscv-iommu-demo/cva6/vendor/pulp-platform/common_cells/src/stream_register.sv:14]
INFO: [Synth 8-6155] done synthesizing module 'axi_atop_filter' (0#1) [/home/jc/tmp/riscv-iommu-demo/cva6/vendor/pulp-platform/axi/src/axi_atop_filter.sv:37]
INFO: [Synth 8-6157] synthesizing module 'fifo_v3__parameterized1' [/home/jc/tmp/riscv-iommu-demo/cva6/vendor/pulp-platform/common_cells/src/fifo_v3.sv:13]
	Parameter FALL_THROUGH bound to: 1'b1 
	Parameter DEPTH bound to: 32'b00000000000000000000000000000100 
INFO: [Synth 8-6155] done synthesizing module 'fifo_v3__parameterized1' (0#1) [/home/jc/tmp/riscv-iommu-demo/cva6/vendor/pulp-platform/common_cells/src/fifo_v3.sv:13]
INFO: [Synth 8-6157] synthesizing module 'fifo_v3__parameterized2' [/home/jc/tmp/riscv-iommu-demo/cva6/vendor/pulp-platform/common_cells/src/fifo_v3.sv:13]
	Parameter FALL_THROUGH bound to: 1'b0 
	Parameter DEPTH bound to: 32'b00000000000000000000000000000010 
INFO: [Synth 8-6155] done synthesizing module 'fifo_v3__parameterized2' (0#1) [/home/jc/tmp/riscv-iommu-demo/cva6/vendor/pulp-platform/common_cells/src/fifo_v3.sv:13]
INFO: [Synth 8-6157] synthesizing module 'fifo_v3__parameterized3' [/home/jc/tmp/riscv-iommu-demo/cva6/vendor/pulp-platform/common_cells/src/fifo_v3.sv:13]
	Parameter FALL_THROUGH bound to: 1'b0 
	Parameter DEPTH bound to: 32'b00000000000000000000000000000100 
INFO: [Synth 8-6155] done synthesizing module 'fifo_v3__parameterized3' (0#1) [/home/jc/tmp/riscv-iommu-demo/cva6/vendor/pulp-platform/common_cells/src/fifo_v3.sv:13]
INFO: [Synth 8-6157] synthesizing module 'counter' [/home/jc/tmp/riscv-iommu-demo/cva6/vendor/pulp-platform/common_cells/src/counter.sv:14]
	Parameter WIDTH bound to: 32'b00000000000000000000000000001000 
INFO: [Synth 8-6157] synthesizing module 'delta_counter__parameterized0' [/home/jc/tmp/riscv-iommu-demo/cva6/vendor/pulp-platform/common_cells/src/delta_counter.sv:13]
	Parameter WIDTH bound to: 32'b00000000000000000000000000001000 
	Parameter STICKY_OVERFLOW bound to: 1'b0 
INFO: [Synth 8-6155] done synthesizing module 'delta_counter__parameterized0' (0#1) [/home/jc/tmp/riscv-iommu-demo/cva6/vendor/pulp-platform/common_cells/src/delta_counter.sv:13]
INFO: [Synth 8-6155] done synthesizing module 'counter' (0#1) [/home/jc/tmp/riscv-iommu-demo/cva6/vendor/pulp-platform/common_cells/src/counter.sv:14]
INFO: [Synth 8-6155] done synthesizing module 'axi_err_slv' (0#1) [/home/jc/tmp/riscv-iommu-demo/cva6/vendor/pulp-platform/axi/src/axi_err_slv.sv:19]
INFO: [Synth 8-6157] synthesizing module 'axi_mux' [/home/jc/tmp/riscv-iommu-demo/cva6/vendor/pulp-platform/axi/src/axi_mux.sv:27]
	Parameter SlvAxiIDWidth bound to: 32'b00000000000000000000000000000100 
	Parameter NoSlvPorts bound to: 32'b00000000000000000000000000000100 
	Parameter MaxWTrans bound to: 32'b00000000000000000000000000001000 
	Parameter FallThrough bound to: 1'b0 
	Parameter SpillAw bound to: 1'b1 
	Parameter SpillW bound to: 1'b1 
	Parameter SpillB bound to: 1'b1 
	Parameter SpillAr bound to: 1'b1 
	Parameter SpillR bound to: 1'b1 
INFO: [Synth 8-6157] synthesizing module 'axi_id_prepend' [/home/jc/tmp/riscv-iommu-demo/cva6/vendor/pulp-platform/axi/src/axi_id_prepend.sv:18]
	Parameter NoBus bound to: 1 - type: integer 
	Parameter AxiIdWidthSlvPort bound to: 32'b00000000000000000000000000000100 
	Parameter AxiIdWidthMstPort bound to: 32'b00000000000000000000000000000110 
INFO: [Synth 8-6155] done synthesizing module 'axi_id_prepend' (0#1) [/home/jc/tmp/riscv-iommu-demo/cva6/vendor/pulp-platform/axi/src/axi_id_prepend.sv:18]
INFO: [Synth 8-6157] synthesizing module 'rr_arb_tree__parameterized1' [/home/jc/tmp/riscv-iommu-demo/cva6/vendor/pulp-platform/common_cells/src/rr_arb_tree.sv:47]
	Parameter NumIn bound to: 32'b00000000000000000000000000000100 
	Parameter AxiVldRdy bound to: 1'b1 
	Parameter LockIn bound to: 1'b1 
INFO: [Synth 8-6157] synthesizing module 'lzc__parameterized0' [/home/jc/tmp/riscv-iommu-demo/cva6/vendor/pulp-platform/common_cells/src/lzc.sv:25]
	Parameter WIDTH bound to: 32'b00000000000000000000000000000100 
	Parameter MODE bound to: 1'b0 
INFO: [Synth 8-6155] done synthesizing module 'lzc__parameterized0' (0#1) [/home/jc/tmp/riscv-iommu-demo/cva6/vendor/pulp-platform/common_cells/src/lzc.sv:25]
INFO: [Synth 8-6155] done synthesizing module 'rr_arb_tree__parameterized1' (0#1) [/home/jc/tmp/riscv-iommu-demo/cva6/vendor/pulp-platform/common_cells/src/rr_arb_tree.sv:47]
INFO: [Synth 8-6157] synthesizing module 'fifo_v3__parameterized4' [/home/jc/tmp/riscv-iommu-demo/cva6/vendor/pulp-platform/common_cells/src/fifo_v3.sv:13]
	Parameter FALL_THROUGH bound to: 1'b0 
	Parameter DEPTH bound to: 32'b00000000000000000000000000001000 
INFO: [Synth 8-6155] done synthesizing module 'fifo_v3__parameterized4' (0#1) [/home/jc/tmp/riscv-iommu-demo/cva6/vendor/pulp-platform/common_cells/src/fifo_v3.sv:13]
INFO: [Synth 8-6157] synthesizing module 'spill_register__parameterized4' [/home/jc/tmp/riscv-iommu-demo/cva6/vendor/pulp-platform/common_cells/src/spill_register.sv:17]
	Parameter Bypass bound to: 1'b0 
INFO: [Synth 8-6157] synthesizing module 'spill_register_flushable__parameterized4' [/home/jc/tmp/riscv-iommu-demo/cva6/vendor/pulp-platform/common_cells/src/spill_register_flushable.sv:17]
	Parameter Bypass bound to: 1'b0 
INFO: [Synth 8-6155] done synthesizing module 'spill_register_flushable__parameterized4' (0#1) [/home/jc/tmp/riscv-iommu-demo/cva6/vendor/pulp-platform/common_cells/src/spill_register_flushable.sv:17]
INFO: [Synth 8-6155] done synthesizing module 'spill_register__parameterized4' (0#1) [/home/jc/tmp/riscv-iommu-demo/cva6/vendor/pulp-platform/common_cells/src/spill_register.sv:17]
INFO: [Synth 8-6157] synthesizing module 'spill_register__parameterized5' [/home/jc/tmp/riscv-iommu-demo/cva6/vendor/pulp-platform/common_cells/src/spill_register.sv:17]
	Parameter Bypass bound to: 1'b0 
INFO: [Synth 8-6157] synthesizing module 'spill_register_flushable__parameterized5' [/home/jc/tmp/riscv-iommu-demo/cva6/vendor/pulp-platform/common_cells/src/spill_register_flushable.sv:17]
	Parameter Bypass bound to: 1'b0 
INFO: [Synth 8-6155] done synthesizing module 'spill_register_flushable__parameterized5' (0#1) [/home/jc/tmp/riscv-iommu-demo/cva6/vendor/pulp-platform/common_cells/src/spill_register_flushable.sv:17]
INFO: [Synth 8-6155] done synthesizing module 'spill_register__parameterized5' (0#1) [/home/jc/tmp/riscv-iommu-demo/cva6/vendor/pulp-platform/common_cells/src/spill_register.sv:17]
INFO: [Synth 8-6157] synthesizing module 'rr_arb_tree__parameterized2' [/home/jc/tmp/riscv-iommu-demo/cva6/vendor/pulp-platform/common_cells/src/rr_arb_tree.sv:47]
	Parameter NumIn bound to: 32'b00000000000000000000000000000100 
	Parameter AxiVldRdy bound to: 1'b1 
	Parameter LockIn bound to: 1'b1 
INFO: [Synth 8-6155] done synthesizing module 'rr_arb_tree__parameterized2' (0#1) [/home/jc/tmp/riscv-iommu-demo/cva6/vendor/pulp-platform/common_cells/src/rr_arb_tree.sv:47]
INFO: [Synth 8-6157] synthesizing module 'spill_register__parameterized6' [/home/jc/tmp/riscv-iommu-demo/cva6/vendor/pulp-platform/common_cells/src/spill_register.sv:17]
	Parameter Bypass bound to: 1'b0 
INFO: [Synth 8-6157] synthesizing module 'spill_register_flushable__parameterized6' [/home/jc/tmp/riscv-iommu-demo/cva6/vendor/pulp-platform/common_cells/src/spill_register_flushable.sv:17]
	Parameter Bypass bound to: 1'b0 
INFO: [Synth 8-6155] done synthesizing module 'spill_register_flushable__parameterized6' (0#1) [/home/jc/tmp/riscv-iommu-demo/cva6/vendor/pulp-platform/common_cells/src/spill_register_flushable.sv:17]
INFO: [Synth 8-6155] done synthesizing module 'spill_register__parameterized6' (0#1) [/home/jc/tmp/riscv-iommu-demo/cva6/vendor/pulp-platform/common_cells/src/spill_register.sv:17]
INFO: [Synth 8-6157] synthesizing module 'spill_register__parameterized7' [/home/jc/tmp/riscv-iommu-demo/cva6/vendor/pulp-platform/common_cells/src/spill_register.sv:17]
	Parameter Bypass bound to: 1'b0 
INFO: [Synth 8-6157] synthesizing module 'spill_register_flushable__parameterized7' [/home/jc/tmp/riscv-iommu-demo/cva6/vendor/pulp-platform/common_cells/src/spill_register_flushable.sv:17]
	Parameter Bypass bound to: 1'b0 
INFO: [Synth 8-6155] done synthesizing module 'spill_register_flushable__parameterized7' (0#1) [/home/jc/tmp/riscv-iommu-demo/cva6/vendor/pulp-platform/common_cells/src/spill_register_flushable.sv:17]
INFO: [Synth 8-6155] done synthesizing module 'spill_register__parameterized7' (0#1) [/home/jc/tmp/riscv-iommu-demo/cva6/vendor/pulp-platform/common_cells/src/spill_register.sv:17]
INFO: [Synth 8-6155] done synthesizing module 'axi_mux' (0#1) [/home/jc/tmp/riscv-iommu-demo/cva6/vendor/pulp-platform/axi/src/axi_mux.sv:27]
INFO: [Synth 8-6155] done synthesizing module 'axi_xbar' (0#1) [/home/jc/tmp/riscv-iommu-demo/cva6/vendor/pulp-platform/axi/src/axi_xbar.sv:18]
INFO: [Synth 8-6155] done synthesizing module 'axi_xbar_intf' (0#1) [/home/jc/tmp/riscv-iommu-demo/cva6/vendor/pulp-platform/axi/src/axi_xbar.sv:242]
INFO: [Synth 8-6157] synthesizing module 'dmi_jtag' [/home/jc/tmp/riscv-iommu-demo/cva6/corev_apu/riscv-dbg/src/dmi_jtag.sv:19]
INFO: [Synth 8-294] found qualifier unique on case statement: implementing as parallel_case [/home/jc/tmp/riscv-iommu-demo/cva6/corev_apu/riscv-dbg/src/dmi_jtag.sv:101]
INFO: [Synth 8-6157] synthesizing module 'dmi_jtag_tap' [/home/jc/tmp/riscv-iommu-demo/cva6/corev_apu/riscv-dbg/src/dmi_jtag_tap.sv:19]
	Parameter IrLength bound to: 32'b00000000000000000000000000000101 
	Parameter IdcodeValue bound to: 1 - type: integer 
INFO: [Synth 8-294] found qualifier unique on case statement: implementing as parallel_case [/home/jc/tmp/riscv-iommu-demo/cva6/corev_apu/riscv-dbg/src/dmi_jtag_tap.sv:186]
INFO: [Synth 8-294] found qualifier unique on case statement: implementing as parallel_case [/home/jc/tmp/riscv-iommu-demo/cva6/corev_apu/riscv-dbg/src/dmi_jtag_tap.sv:207]
INFO: [Synth 8-6157] synthesizing module 'cluster_clock_inverter' [/home/jc/tmp/riscv-iommu-demo/cva6/vendor/pulp-platform/tech_cells_generic/src/deprecated/cluster_clk_cells.sv:54]
INFO: [Synth 8-6157] synthesizing module 'tc_clk_inverter' [/home/jc/tmp/riscv-iommu-demo/cva6/vendor/pulp-platform/tech_cells_generic/src/rtl/tc_clk.sv:55]
INFO: [Synth 8-6155] done synthesizing module 'tc_clk_inverter' (0#1) [/home/jc/tmp/riscv-iommu-demo/cva6/vendor/pulp-platform/tech_cells_generic/src/rtl/tc_clk.sv:55]
INFO: [Synth 8-6155] done synthesizing module 'cluster_clock_inverter' (0#1) [/home/jc/tmp/riscv-iommu-demo/cva6/vendor/pulp-platform/tech_cells_generic/src/deprecated/cluster_clk_cells.sv:54]
INFO: [Synth 8-6157] synthesizing module 'pulp_clock_mux2' [/home/jc/tmp/riscv-iommu-demo/cva6/vendor/pulp-platform/tech_cells_generic/src/deprecated/pulp_clk_cells.sv:66]
INFO: [Synth 8-6157] synthesizing module 'tc_clk_mux2' [/home/jc/tmp/riscv-iommu-demo/cva6/vendor/pulp-platform/tech_cells_generic/src/rtl/tc_clk.sv:64]
INFO: [Synth 8-6155] done synthesizing module 'tc_clk_mux2' (0#1) [/home/jc/tmp/riscv-iommu-demo/cva6/vendor/pulp-platform/tech_cells_generic/src/rtl/tc_clk.sv:64]
INFO: [Synth 8-6155] done synthesizing module 'pulp_clock_mux2' (0#1) [/home/jc/tmp/riscv-iommu-demo/cva6/vendor/pulp-platform/tech_cells_generic/src/deprecated/pulp_clk_cells.sv:66]
INFO: [Synth 8-294] found qualifier unique on case statement: implementing as parallel_case [/home/jc/tmp/riscv-iommu-demo/cva6/corev_apu/riscv-dbg/src/dmi_jtag_tap.sv:260]
INFO: [Synth 8-226] default block is never used [/home/jc/tmp/riscv-iommu-demo/cva6/corev_apu/riscv-dbg/src/dmi_jtag_tap.sv:260]
INFO: [Synth 8-6155] done synthesizing module 'dmi_jtag_tap' (0#1) [/home/jc/tmp/riscv-iommu-demo/cva6/corev_apu/riscv-dbg/src/dmi_jtag_tap.sv:19]
INFO: [Synth 8-6157] synthesizing module 'dmi_cdc' [/home/jc/tmp/riscv-iommu-demo/cva6/corev_apu/riscv-dbg/src/dmi_cdc.sv:19]
INFO: [Synth 8-6157] synthesizing module 'cdc_2phase' [/home/jc/tmp/riscv-iommu-demo/cva6/vendor/pulp-platform/common_cells/src/cdc_2phase.sv:19]
INFO: [Synth 8-6157] synthesizing module 'cdc_2phase_src' [/home/jc/tmp/riscv-iommu-demo/cva6/vendor/pulp-platform/common_cells/src/cdc_2phase.sv:68]
INFO: [Synth 8-6155] done synthesizing module 'cdc_2phase_src' (0#1) [/home/jc/tmp/riscv-iommu-demo/cva6/vendor/pulp-platform/common_cells/src/cdc_2phase.sv:68]
INFO: [Synth 8-6157] synthesizing module 'cdc_2phase_dst' [/home/jc/tmp/riscv-iommu-demo/cva6/vendor/pulp-platform/common_cells/src/cdc_2phase.sv:118]
INFO: [Synth 8-6155] done synthesizing module 'cdc_2phase_dst' (0#1) [/home/jc/tmp/riscv-iommu-demo/cva6/vendor/pulp-platform/common_cells/src/cdc_2phase.sv:118]
INFO: [Synth 8-6155] done synthesizing module 'cdc_2phase' (0#1) [/home/jc/tmp/riscv-iommu-demo/cva6/vendor/pulp-platform/common_cells/src/cdc_2phase.sv:19]
INFO: [Synth 8-6157] synthesizing module 'cdc_2phase__parameterized0' [/home/jc/tmp/riscv-iommu-demo/cva6/vendor/pulp-platform/common_cells/src/cdc_2phase.sv:19]
INFO: [Synth 8-6157] synthesizing module 'cdc_2phase_src__parameterized0' [/home/jc/tmp/riscv-iommu-demo/cva6/vendor/pulp-platform/common_cells/src/cdc_2phase.sv:68]
INFO: [Synth 8-6155] done synthesizing module 'cdc_2phase_src__parameterized0' (0#1) [/home/jc/tmp/riscv-iommu-demo/cva6/vendor/pulp-platform/common_cells/src/cdc_2phase.sv:68]
INFO: [Synth 8-6157] synthesizing module 'cdc_2phase_dst__parameterized0' [/home/jc/tmp/riscv-iommu-demo/cva6/vendor/pulp-platform/common_cells/src/cdc_2phase.sv:118]
INFO: [Synth 8-6155] done synthesizing module 'cdc_2phase_dst__parameterized0' (0#1) [/home/jc/tmp/riscv-iommu-demo/cva6/vendor/pulp-platform/common_cells/src/cdc_2phase.sv:118]
INFO: [Synth 8-6155] done synthesizing module 'cdc_2phase__parameterized0' (0#1) [/home/jc/tmp/riscv-iommu-demo/cva6/vendor/pulp-platform/common_cells/src/cdc_2phase.sv:19]
INFO: [Synth 8-6155] done synthesizing module 'dmi_cdc' (0#1) [/home/jc/tmp/riscv-iommu-demo/cva6/corev_apu/riscv-dbg/src/dmi_cdc.sv:19]
INFO: [Synth 8-6155] done synthesizing module 'dmi_jtag' (0#1) [/home/jc/tmp/riscv-iommu-demo/cva6/corev_apu/riscv-dbg/src/dmi_jtag.sv:19]
INFO: [Synth 8-6157] synthesizing module 'dm_top' [/home/jc/tmp/riscv-iommu-demo/cva6/corev_apu/riscv-dbg/src/dm_top.sv:20]
	Parameter NrHarts bound to: 32'b00000000000000000000000000000001 
	Parameter BusWidth bound to: 32'b00000000000000000000000001000000 
	Parameter SelectableHarts bound to: 1'b1 
INFO: [Synth 8-6157] synthesizing module 'dm_csrs' [/home/jc/tmp/riscv-iommu-demo/cva6/corev_apu/riscv-dbg/src/dm_csrs.sv:18]
	Parameter NrHarts bound to: 32'b00000000000000000000000000000001 
	Parameter BusWidth bound to: 32'b00000000000000000000000001000000 
	Parameter SelectableHarts bound to: 1'b1 
INFO: [Synth 8-294] found qualifier unique on case statement: implementing as parallel_case [/home/jc/tmp/riscv-iommu-demo/cva6/corev_apu/riscv-dbg/src/dm_csrs.sv:294]
INFO: [Synth 8-294] found qualifier unique on case statement: implementing as parallel_case [/home/jc/tmp/riscv-iommu-demo/cva6/corev_apu/riscv-dbg/src/dm_csrs.sv:360]
INFO: [Synth 8-6157] synthesizing module 'fifo_v2__parameterized0' [/home/jc/tmp/riscv-iommu-demo/cva6/vendor/pulp-platform/common_cells/src/deprecated/fifo_v2.sv:13]
	Parameter DEPTH bound to: 32'b00000000000000000000000000000010 
INFO: [Synth 8-6157] synthesizing module 'fifo_v3__parameterized5' [/home/jc/tmp/riscv-iommu-demo/cva6/vendor/pulp-platform/common_cells/src/fifo_v3.sv:13]
	Parameter FALL_THROUGH bound to: 1'b0 
	Parameter DATA_WIDTH bound to: 32'b00000000000000000000000000100000 
	Parameter DEPTH bound to: 32'b00000000000000000000000000000010 
INFO: [Synth 8-6155] done synthesizing module 'fifo_v3__parameterized5' (0#1) [/home/jc/tmp/riscv-iommu-demo/cva6/vendor/pulp-platform/common_cells/src/fifo_v3.sv:13]
INFO: [Synth 8-6155] done synthesizing module 'fifo_v2__parameterized0' (0#1) [/home/jc/tmp/riscv-iommu-demo/cva6/vendor/pulp-platform/common_cells/src/deprecated/fifo_v2.sv:13]
INFO: [Synth 8-6155] done synthesizing module 'dm_csrs' (0#1) [/home/jc/tmp/riscv-iommu-demo/cva6/corev_apu/riscv-dbg/src/dm_csrs.sv:18]
INFO: [Synth 8-6157] synthesizing module 'dm_sba' [/home/jc/tmp/riscv-iommu-demo/cva6/corev_apu/riscv-dbg/src/dm_sba.sv:18]
	Parameter BusWidth bound to: 32'b00000000000000000000000001000000 
	Parameter ReadByteEnable bound to: 1'b1 
INFO: [Synth 8-294] found qualifier unique on case statement: implementing as parallel_case [/home/jc/tmp/riscv-iommu-demo/cva6/corev_apu/riscv-dbg/src/dm_sba.sv:72]
INFO: [Synth 8-294] found qualifier unique on case statement: implementing as parallel_case [/home/jc/tmp/riscv-iommu-demo/cva6/corev_apu/riscv-dbg/src/dm_sba.sv:101]
INFO: [Synth 8-6155] done synthesizing module 'dm_sba' (0#1) [/home/jc/tmp/riscv-iommu-demo/cva6/corev_apu/riscv-dbg/src/dm_sba.sv:18]
INFO: [Synth 8-6157] synthesizing module 'dm_mem' [/home/jc/tmp/riscv-iommu-demo/cva6/corev_apu/riscv-dbg/src/dm_mem.sv:19]
	Parameter NrHarts bound to: 32'b00000000000000000000000000000001 
	Parameter BusWidth bound to: 32'b00000000000000000000000001000000 
	Parameter SelectableHarts bound to: 1'b1 
	Parameter DmBaseAddress bound to: 32'b00000000000000000001000000000000 
INFO: [Synth 8-6157] synthesizing module 'debug_rom' [/home/jc/tmp/riscv-iommu-demo/cva6/corev_apu/riscv-dbg/debug_rom/debug_rom.sv:17]
INFO: [Synth 8-6155] done synthesizing module 'debug_rom' (0#1) [/home/jc/tmp/riscv-iommu-demo/cva6/corev_apu/riscv-dbg/debug_rom/debug_rom.sv:17]
INFO: [Synth 8-294] found qualifier unique on case statement: implementing as parallel_case [/home/jc/tmp/riscv-iommu-demo/cva6/corev_apu/riscv-dbg/src/dm_mem.sv:144]
INFO: [Synth 8-226] default block is never used [/home/jc/tmp/riscv-iommu-demo/cva6/corev_apu/riscv-dbg/src/dm_mem.sv:144]
INFO: [Synth 8-294] found qualifier unique on case statement: implementing as parallel_case [/home/jc/tmp/riscv-iommu-demo/cva6/corev_apu/riscv-dbg/src/dm_mem.sv:242]
INFO: [Synth 8-294] found qualifier unique on case statement: implementing as parallel_case [/home/jc/tmp/riscv-iommu-demo/cva6/corev_apu/riscv-dbg/src/dm_mem.sv:272]
INFO: [Synth 8-294] found qualifier unique on case statement: implementing as parallel_case [/home/jc/tmp/riscv-iommu-demo/cva6/corev_apu/riscv-dbg/src/dm_mem.sv:351]
INFO: [Synth 8-6155] done synthesizing module 'dm_mem' (0#1) [/home/jc/tmp/riscv-iommu-demo/cva6/corev_apu/riscv-dbg/src/dm_mem.sv:19]
INFO: [Synth 8-6155] done synthesizing module 'dm_top' (0#1) [/home/jc/tmp/riscv-iommu-demo/cva6/corev_apu/riscv-dbg/src/dm_top.sv:20]
INFO: [Synth 8-6157] synthesizing module 'axi2mem' [/home/jc/tmp/riscv-iommu-demo/cva6/corev_apu/axi_mem_if/src/axi2mem.sv:20]
	Parameter AXI_ID_WIDTH bound to: 6 - type: integer 
	Parameter AXI_ADDR_WIDTH bound to: 32'b00000000000000000000000001000000 
	Parameter AXI_DATA_WIDTH bound to: 32'b00000000000000000000000001000000 
	Parameter AXI_USER_WIDTH bound to: 1 - type: integer 
INFO: [Synth 8-155] case statement is not full and has no default [/home/jc/tmp/riscv-iommu-demo/cva6/corev_apu/axi_mem_if/src/axi2mem.sv:192]
INFO: [Synth 8-155] case statement is not full and has no default [/home/jc/tmp/riscv-iommu-demo/cva6/corev_apu/axi_mem_if/src/axi2mem.sv:234]
INFO: [Synth 8-155] case statement is not full and has no default [/home/jc/tmp/riscv-iommu-demo/cva6/corev_apu/axi_mem_if/src/axi2mem.sv:122]
INFO: [Synth 8-6155] done synthesizing module 'axi2mem' (0#1) [/home/jc/tmp/riscv-iommu-demo/cva6/corev_apu/axi_mem_if/src/axi2mem.sv:20]
INFO: [Synth 8-6157] synthesizing module 'axi_adapter' [/home/jc/tmp/riscv-iommu-demo/cva6/corev_apu/tb/axi_adapter.sv:19]
	Parameter DATA_WIDTH bound to: 32'b00000000000000000000000001000000 
	Parameter AXI_ADDR_WIDTH bound to: 32'b00000000000000000000000001000000 
	Parameter AXI_DATA_WIDTH bound to: 32'b00000000000000000000000001000000 
	Parameter AXI_ID_WIDTH bound to: 32'b00000000000000000000000000000100 
INFO: [Synth 8-294] found qualifier unique on case statement: implementing as parallel_case [/home/jc/tmp/riscv-iommu-demo/cva6/corev_apu/tb/axi_adapter.sv:428]
INFO: [Synth 8-155] case statement is not full and has no default [/home/jc/tmp/riscv-iommu-demo/cva6/corev_apu/tb/axi_adapter.sv:134]
INFO: [Synth 8-6155] done synthesizing module 'axi_adapter' (0#1) [/home/jc/tmp/riscv-iommu-demo/cva6/corev_apu/tb/axi_adapter.sv:19]
INFO: [Synth 8-6157] synthesizing module 'ariane' [/home/jc/tmp/riscv-iommu-demo/cva6/core/ariane.sv:16]
	Parameter ArianeCfg[RASDepth] bound to: 32'sb00000000000000000000000000000010 
	Parameter ArianeCfg[BTBEntries] bound to: 32'sb00000000000000000000000000100000 
	Parameter ArianeCfg[BHTEntries] bound to: 32'sb00000000000000000000000010000000 
	Parameter ArianeCfg[NrNonIdempotentRules] bound to: 32'b00000000000000000000000000000001 
	Parameter ArianeCfg[NonIdempotentAddrBase][15] bound to: 64'b0000000000000000000000000000000000000000000000000000000000000000 
	Parameter ArianeCfg[NonIdempotentAddrBase][14] bound to: 64'b0000000000000000000000000000000000000000000000000000000000000000 
	Parameter ArianeCfg[NonIdempotentAddrBase][13] bound to: 64'b0000000000000000000000000000000000000000000000000000000000000000 
	Parameter ArianeCfg[NonIdempotentAddrBase][12] bound to: 64'b0000000000000000000000000000000000000000000000000000000000000000 
	Parameter ArianeCfg[NonIdempotentAddrBase][11] bound to: 64'b0000000000000000000000000000000000000000000000000000000000000000 
	Parameter ArianeCfg[NonIdempotentAddrBase][10] bound to: 64'b0000000000000000000000000000000000000000000000000000000000000000 
	Parameter ArianeCfg[NonIdempotentAddrBase][9] bound to: 64'b0000000000000000000000000000000000000000000000000000000000000000 
	Parameter ArianeCfg[NonIdempotentAddrBase][8] bound to: 64'b0000000000000000000000000000000000000000000000000000000000000000 
	Parameter ArianeCfg[NonIdempotentAddrBase][7] bound to: 64'b0000000000000000000000000000000000000000000000000000000000000000 
	Parameter ArianeCfg[NonIdempotentAddrBase][6] bound to: 64'b0000000000000000000000000000000000000000000000000000000000000000 
	Parameter ArianeCfg[NonIdempotentAddrBase][5] bound to: 64'b0000000000000000000000000000000000000000000000000000000000000000 
	Parameter ArianeCfg[NonIdempotentAddrBase][4] bound to: 64'b0000000000000000000000000000000000000000000000000000000000000000 
	Parameter ArianeCfg[NonIdempotentAddrBase][3] bound to: 64'b0000000000000000000000000000000000000000000000000000000000000000 
	Parameter ArianeCfg[NonIdempotentAddrBase][2] bound to: 64'b0000000000000000000000000000000000000000000000000000000000000000 
	Parameter ArianeCfg[NonIdempotentAddrBase][1] bound to: 64'b0000000000000000000000000000000000000000000000000000000000000000 
	Parameter ArianeCfg[NonIdempotentAddrBase][0] bound to: 64'b0000000000000000000000000000000000000000000000000000000000000000 
	Parameter ArianeCfg[NonIdempotentLength][15] bound to: 64'b0000000000000000000000000000000000000000000000000000000000000000 
	Parameter ArianeCfg[NonIdempotentLength][14] bound to: 64'b0000000000000000000000000000000000000000000000000000000000000000 
	Parameter ArianeCfg[NonIdempotentLength][13] bound to: 64'b0000000000000000000000000000000000000000000000000000000000000000 
	Parameter ArianeCfg[NonIdempotentLength][12] bound to: 64'b0000000000000000000000000000000000000000000000000000000000000000 
	Parameter ArianeCfg[NonIdempotentLength][11] bound to: 64'b0000000000000000000000000000000000000000000000000000000000000000 
	Parameter ArianeCfg[NonIdempotentLength][10] bound to: 64'b0000000000000000000000000000000000000000000000000000000000000000 
	Parameter ArianeCfg[NonIdempotentLength][9] bound to: 64'b0000000000000000000000000000000000000000000000000000000000000000 
	Parameter ArianeCfg[NonIdempotentLength][8] bound to: 64'b0000000000000000000000000000000000000000000000000000000000000000 
	Parameter ArianeCfg[NonIdempotentLength][7] bound to: 64'b0000000000000000000000000000000000000000000000000000000000000000 
	Parameter ArianeCfg[NonIdempotentLength][6] bound to: 64'b0000000000000000000000000000000000000000000000000000000000000000 
	Parameter ArianeCfg[NonIdempotentLength][5] bound to: 64'b0000000000000000000000000000000000000000000000000000000000000000 
	Parameter ArianeCfg[NonIdempotentLength][4] bound to: 64'b0000000000000000000000000000000000000000000000000000000000000000 
	Parameter ArianeCfg[NonIdempotentLength][3] bound to: 64'b0000000000000000000000000000000000000000000000000000000000000000 
	Parameter ArianeCfg[NonIdempotentLength][2] bound to: 64'b0000000000000000000000000000000000000000000000000000000000000000 
	Parameter ArianeCfg[NonIdempotentLength][1] bound to: 64'b0000000000000000000000000000000000000000000000000000000000000000 
	Parameter ArianeCfg[NonIdempotentLength][0] bound to: 64'b0000000000000000000000000000000010000000000000000000000000000000 
	Parameter ArianeCfg[NrExecuteRegionRules] bound to: 32'b00000000000000000000000000000011 
	Parameter ArianeCfg[ExecuteRegionAddrBase][15] bound to: 64'b0000000000000000000000000000000000000000000000000000000000000000 
	Parameter ArianeCfg[ExecuteRegionAddrBase][14] bound to: 64'b0000000000000000000000000000000000000000000000000000000000000000 
	Parameter ArianeCfg[ExecuteRegionAddrBase][13] bound to: 64'b0000000000000000000000000000000000000000000000000000000000000000 
	Parameter ArianeCfg[ExecuteRegionAddrBase][12] bound to: 64'b0000000000000000000000000000000000000000000000000000000000000000 
	Parameter ArianeCfg[ExecuteRegionAddrBase][11] bound to: 64'b0000000000000000000000000000000000000000000000000000000000000000 
	Parameter ArianeCfg[ExecuteRegionAddrBase][10] bound to: 64'b0000000000000000000000000000000000000000000000000000000000000000 
	Parameter ArianeCfg[ExecuteRegionAddrBase][9] bound to: 64'b0000000000000000000000000000000000000000000000000000000000000000 
	Parameter ArianeCfg[ExecuteRegionAddrBase][8] bound to: 64'b0000000000000000000000000000000000000000000000000000000000000000 
	Parameter ArianeCfg[ExecuteRegionAddrBase][7] bound to: 64'b0000000000000000000000000000000000000000000000000000000000000000 
	Parameter ArianeCfg[ExecuteRegionAddrBase][6] bound to: 64'b0000000000000000000000000000000000000000000000000000000000000000 
	Parameter ArianeCfg[ExecuteRegionAddrBase][5] bound to: 64'b0000000000000000000000000000000000000000000000000000000000000000 
	Parameter ArianeCfg[ExecuteRegionAddrBase][4] bound to: 64'b0000000000000000000000000000000000000000000000000000000000000000 
	Parameter ArianeCfg[ExecuteRegionAddrBase][3] bound to: 64'b0000000000000000000000000000000000000000000000000000000000000000 
	Parameter ArianeCfg[ExecuteRegionAddrBase][2] bound to: 64'b0000000000000000000000000000000010000000000000000000000000000000 
	Parameter ArianeCfg[ExecuteRegionAddrBase][1] bound to: 64'b0000000000000000000000000000000000000000000000010000000000000000 
	Parameter ArianeCfg[ExecuteRegionAddrBase][0] bound to: 64'b0000000000000000000000000000000000000000000000000000000000000000 
	Parameter ArianeCfg[ExecuteRegionLength][15] bound to: 64'b0000000000000000000000000000000000000000000000000000000000000000 
	Parameter ArianeCfg[ExecuteRegionLength][14] bound to: 64'b0000000000000000000000000000000000000000000000000000000000000000 
	Parameter ArianeCfg[ExecuteRegionLength][13] bound to: 64'b0000000000000000000000000000000000000000000000000000000000000000 
	Parameter ArianeCfg[ExecuteRegionLength][12] bound to: 64'b0000000000000000000000000000000000000000000000000000000000000000 
	Parameter ArianeCfg[ExecuteRegionLength][11] bound to: 64'b0000000000000000000000000000000000000000000000000000000000000000 
	Parameter ArianeCfg[ExecuteRegionLength][10] bound to: 64'b0000000000000000000000000000000000000000000000000000000000000000 
	Parameter ArianeCfg[ExecuteRegionLength][9] bound to: 64'b0000000000000000000000000000000000000000000000000000000000000000 
	Parameter ArianeCfg[ExecuteRegionLength][8] bound to: 64'b0000000000000000000000000000000000000000000000000000000000000000 
	Parameter ArianeCfg[ExecuteRegionLength][7] bound to: 64'b0000000000000000000000000000000000000000000000000000000000000000 
	Parameter ArianeCfg[ExecuteRegionLength][6] bound to: 64'b0000000000000000000000000000000000000000000000000000000000000000 
	Parameter ArianeCfg[ExecuteRegionLength][5] bound to: 64'b0000000000000000000000000000000000000000000000000000000000000000 
	Parameter ArianeCfg[ExecuteRegionLength][4] bound to: 64'b0000000000000000000000000000000000000000000000000000000000000000 
	Parameter ArianeCfg[ExecuteRegionLength][3] bound to: 64'b0000000000000000000000000000000000000000000000000000000000000000 
	Parameter ArianeCfg[ExecuteRegionLength][2] bound to: 64'b0000000000000000000000000000000001000000000000000000000000000000 
	Parameter ArianeCfg[ExecuteRegionLength][1] bound to: 64'b0000000000000000000000000000000000000000000000010000000000000000 
	Parameter ArianeCfg[ExecuteRegionLength][0] bound to: 64'b0000000000000000000000000000000000000000000000000001000000000000 
	Parameter ArianeCfg[NrCachedRegionRules] bound to: 32'b00000000000000000000000000000001 
	Parameter ArianeCfg[CachedRegionAddrBase][15] bound to: 64'b0000000000000000000000000000000000000000000000000000000000000000 
	Parameter ArianeCfg[CachedRegionAddrBase][14] bound to: 64'b0000000000000000000000000000000000000000000000000000000000000000 
	Parameter ArianeCfg[CachedRegionAddrBase][13] bound to: 64'b0000000000000000000000000000000000000000000000000000000000000000 
	Parameter ArianeCfg[CachedRegionAddrBase][12] bound to: 64'b0000000000000000000000000000000000000000000000000000000000000000 
	Parameter ArianeCfg[CachedRegionAddrBase][11] bound to: 64'b0000000000000000000000000000000000000000000000000000000000000000 
	Parameter ArianeCfg[CachedRegionAddrBase][10] bound to: 64'b0000000000000000000000000000000000000000000000000000000000000000 
	Parameter ArianeCfg[CachedRegionAddrBase][9] bound to: 64'b0000000000000000000000000000000000000000000000000000000000000000 
	Parameter ArianeCfg[CachedRegionAddrBase][8] bound to: 64'b0000000000000000000000000000000000000000000000000000000000000000 
	Parameter ArianeCfg[CachedRegionAddrBase][7] bound to: 64'b0000000000000000000000000000000000000000000000000000000000000000 
	Parameter ArianeCfg[CachedRegionAddrBase][6] bound to: 64'b0000000000000000000000000000000000000000000000000000000000000000 
	Parameter ArianeCfg[CachedRegionAddrBase][5] bound to: 64'b0000000000000000000000000000000000000000000000000000000000000000 
	Parameter ArianeCfg[CachedRegionAddrBase][4] bound to: 64'b0000000000000000000000000000000000000000000000000000000000000000 
	Parameter ArianeCfg[CachedRegionAddrBase][3] bound to: 64'b0000000000000000000000000000000000000000000000000000000000000000 
	Parameter ArianeCfg[CachedRegionAddrBase][2] bound to: 64'b0000000000000000000000000000000000000000000000000000000000000000 
	Parameter ArianeCfg[CachedRegionAddrBase][1] bound to: 64'b0000000000000000000000000000000000000000000000000000000000000000 
	Parameter ArianeCfg[CachedRegionAddrBase][0] bound to: 64'b0000000000000000000000000000000010000000000000000000000000000000 
	Parameter ArianeCfg[CachedRegionLength][15] bound to: 64'b0000000000000000000000000000000000000000000000000000000000000000 
	Parameter ArianeCfg[CachedRegionLength][14] bound to: 64'b0000000000000000000000000000000000000000000000000000000000000000 
	Parameter ArianeCfg[CachedRegionLength][13] bound to: 64'b0000000000000000000000000000000000000000000000000000000000000000 
	Parameter ArianeCfg[CachedRegionLength][12] bound to: 64'b0000000000000000000000000000000000000000000000000000000000000000 
	Parameter ArianeCfg[CachedRegionLength][11] bound to: 64'b0000000000000000000000000000000000000000000000000000000000000000 
	Parameter ArianeCfg[CachedRegionLength][10] bound to: 64'b0000000000000000000000000000000000000000000000000000000000000000 
	Parameter ArianeCfg[CachedRegionLength][9] bound to: 64'b0000000000000000000000000000000000000000000000000000000000000000 
	Parameter ArianeCfg[CachedRegionLength][8] bound to: 64'b0000000000000000000000000000000000000000000000000000000000000000 
	Parameter ArianeCfg[CachedRegionLength][7] bound to: 64'b0000000000000000000000000000000000000000000000000000000000000000 
	Parameter ArianeCfg[CachedRegionLength][6] bound to: 64'b0000000000000000000000000000000000000000000000000000000000000000 
	Parameter ArianeCfg[CachedRegionLength][5] bound to: 64'b0000000000000000000000000000000000000000000000000000000000000000 
	Parameter ArianeCfg[CachedRegionLength][4] bound to: 64'b0000000000000000000000000000000000000000000000000000000000000000 
	Parameter ArianeCfg[CachedRegionLength][3] bound to: 64'b0000000000000000000000000000000000000000000000000000000000000000 
	Parameter ArianeCfg[CachedRegionLength][2] bound to: 64'b0000000000000000000000000000000000000000000000000000000000000000 
	Parameter ArianeCfg[CachedRegionLength][1] bound to: 64'b0000000000000000000000000000000000000000000000000000000000000000 
	Parameter ArianeCfg[CachedRegionLength][0] bound to: 64'b0000000000000000000000000000000001000000000000000000000000000000 
	Parameter ArianeCfg[AxiCompliant] bound to: 1'b1 
	Parameter ArianeCfg[SwapEndianess] bound to: 1'b0 
	Parameter ArianeCfg[DmBaseAddress] bound to: 64'b0000000000000000000000000000000000000000000000000000000000000000 
	Parameter ArianeCfg[NrPMPEntries] bound to: 32'b00000000000000000000000000001000 
INFO: [Synth 8-6157] synthesizing module 'cvxif_example_coprocessor' [/home/jc/tmp/riscv-iommu-demo/cva6/core/cvxif_example/cvxif_example_coprocessor.sv:12]
INFO: [Synth 8-6157] synthesizing module 'instr_decoder' [/home/jc/tmp/riscv-iommu-demo/cva6/core/cvxif_example/instr_decoder.sv:10]
	Parameter NbInstr bound to: 32'sb00000000000000000000000000000010 
	Parameter CoproInstr bound to: 140'b00000000000000000000000000101011000000000000000000000000011111111000000000000000000000000000000101101100000000000000000000000001111111110000 
INFO: [Synth 8-6155] done synthesizing module 'instr_decoder' (0#1) [/home/jc/tmp/riscv-iommu-demo/cva6/core/cvxif_example/instr_decoder.sv:10]
INFO: [Synth 8-6157] synthesizing module 'fifo_v3__parameterized6' [/home/jc/tmp/riscv-iommu-demo/cva6/vendor/pulp-platform/common_cells/src/fifo_v3.sv:13]
	Parameter FALL_THROUGH bound to: 1'b1 
	Parameter DATA_WIDTH bound to: 32'b00000000000000000000000001000000 
	Parameter DEPTH bound to: 32'b00000000000000000000000000001000 
INFO: [Synth 8-6155] done synthesizing module 'fifo_v3__parameterized6' (0#1) [/home/jc/tmp/riscv-iommu-demo/cva6/vendor/pulp-platform/common_cells/src/fifo_v3.sv:13]
INFO: [Synth 8-6157] synthesizing module 'counter__parameterized0' [/home/jc/tmp/riscv-iommu-demo/cva6/vendor/pulp-platform/common_cells/src/counter.sv:14]
	Parameter WIDTH bound to: 32'b00000000000000000000000000000100 
INFO: [Synth 8-6157] synthesizing module 'delta_counter__parameterized1' [/home/jc/tmp/riscv-iommu-demo/cva6/vendor/pulp-platform/common_cells/src/delta_counter.sv:13]
	Parameter WIDTH bound to: 32'b00000000000000000000000000000100 
	Parameter STICKY_OVERFLOW bound to: 1'b0 
INFO: [Synth 8-6155] done synthesizing module 'delta_counter__parameterized1' (0#1) [/home/jc/tmp/riscv-iommu-demo/cva6/vendor/pulp-platform/common_cells/src/delta_counter.sv:13]
INFO: [Synth 8-6155] done synthesizing module 'counter__parameterized0' (0#1) [/home/jc/tmp/riscv-iommu-demo/cva6/vendor/pulp-platform/common_cells/src/counter.sv:14]
INFO: [Synth 8-6155] done synthesizing module 'cvxif_example_coprocessor' (0#1) [/home/jc/tmp/riscv-iommu-demo/cva6/core/cvxif_example/cvxif_example_coprocessor.sv:12]
INFO: [Synth 8-6157] synthesizing module 'cva6' [/home/jc/tmp/riscv-iommu-demo/cva6/core/cva6.sv:26]
	Parameter ArianeCfg[RASDepth] bound to: 32'sb00000000000000000000000000000010 
	Parameter ArianeCfg[BTBEntries] bound to: 32'sb00000000000000000000000000100000 
	Parameter ArianeCfg[BHTEntries] bound to: 32'sb00000000000000000000000010000000 
	Parameter ArianeCfg[NrNonIdempotentRules] bound to: 32'b00000000000000000000000000000001 
	Parameter ArianeCfg[NonIdempotentAddrBase][15] bound to: 64'b0000000000000000000000000000000000000000000000000000000000000000 
	Parameter ArianeCfg[NonIdempotentAddrBase][14] bound to: 64'b0000000000000000000000000000000000000000000000000000000000000000 
	Parameter ArianeCfg[NonIdempotentAddrBase][13] bound to: 64'b0000000000000000000000000000000000000000000000000000000000000000 
	Parameter ArianeCfg[NonIdempotentAddrBase][12] bound to: 64'b0000000000000000000000000000000000000000000000000000000000000000 
	Parameter ArianeCfg[NonIdempotentAddrBase][11] bound to: 64'b0000000000000000000000000000000000000000000000000000000000000000 
	Parameter ArianeCfg[NonIdempotentAddrBase][10] bound to: 64'b0000000000000000000000000000000000000000000000000000000000000000 
	Parameter ArianeCfg[NonIdempotentAddrBase][9] bound to: 64'b0000000000000000000000000000000000000000000000000000000000000000 
	Parameter ArianeCfg[NonIdempotentAddrBase][8] bound to: 64'b0000000000000000000000000000000000000000000000000000000000000000 
	Parameter ArianeCfg[NonIdempotentAddrBase][7] bound to: 64'b0000000000000000000000000000000000000000000000000000000000000000 
	Parameter ArianeCfg[NonIdempotentAddrBase][6] bound to: 64'b0000000000000000000000000000000000000000000000000000000000000000 
	Parameter ArianeCfg[NonIdempotentAddrBase][5] bound to: 64'b0000000000000000000000000000000000000000000000000000000000000000 
	Parameter ArianeCfg[NonIdempotentAddrBase][4] bound to: 64'b0000000000000000000000000000000000000000000000000000000000000000 
	Parameter ArianeCfg[NonIdempotentAddrBase][3] bound to: 64'b0000000000000000000000000000000000000000000000000000000000000000 
	Parameter ArianeCfg[NonIdempotentAddrBase][2] bound to: 64'b0000000000000000000000000000000000000000000000000000000000000000 
	Parameter ArianeCfg[NonIdempotentAddrBase][1] bound to: 64'b0000000000000000000000000000000000000000000000000000000000000000 
	Parameter ArianeCfg[NonIdempotentAddrBase][0] bound to: 64'b0000000000000000000000000000000000000000000000000000000000000000 
	Parameter ArianeCfg[NonIdempotentLength][15] bound to: 64'b0000000000000000000000000000000000000000000000000000000000000000 
	Parameter ArianeCfg[NonIdempotentLength][14] bound to: 64'b0000000000000000000000000000000000000000000000000000000000000000 
	Parameter ArianeCfg[NonIdempotentLength][13] bound to: 64'b0000000000000000000000000000000000000000000000000000000000000000 
	Parameter ArianeCfg[NonIdempotentLength][12] bound to: 64'b0000000000000000000000000000000000000000000000000000000000000000 
	Parameter ArianeCfg[NonIdempotentLength][11] bound to: 64'b0000000000000000000000000000000000000000000000000000000000000000 
	Parameter ArianeCfg[NonIdempotentLength][10] bound to: 64'b0000000000000000000000000000000000000000000000000000000000000000 
	Parameter ArianeCfg[NonIdempotentLength][9] bound to: 64'b0000000000000000000000000000000000000000000000000000000000000000 
	Parameter ArianeCfg[NonIdempotentLength][8] bound to: 64'b0000000000000000000000000000000000000000000000000000000000000000 
	Parameter ArianeCfg[NonIdempotentLength][7] bound to: 64'b0000000000000000000000000000000000000000000000000000000000000000 
	Parameter ArianeCfg[NonIdempotentLength][6] bound to: 64'b0000000000000000000000000000000000000000000000000000000000000000 
	Parameter ArianeCfg[NonIdempotentLength][5] bound to: 64'b0000000000000000000000000000000000000000000000000000000000000000 
	Parameter ArianeCfg[NonIdempotentLength][4] bound to: 64'b0000000000000000000000000000000000000000000000000000000000000000 
	Parameter ArianeCfg[NonIdempotentLength][3] bound to: 64'b0000000000000000000000000000000000000000000000000000000000000000 
	Parameter ArianeCfg[NonIdempotentLength][2] bound to: 64'b0000000000000000000000000000000000000000000000000000000000000000 
	Parameter ArianeCfg[NonIdempotentLength][1] bound to: 64'b0000000000000000000000000000000000000000000000000000000000000000 
	Parameter ArianeCfg[NonIdempotentLength][0] bound to: 64'b0000000000000000000000000000000010000000000000000000000000000000 
	Parameter ArianeCfg[NrExecuteRegionRules] bound to: 32'b00000000000000000000000000000011 
	Parameter ArianeCfg[ExecuteRegionAddrBase][15] bound to: 64'b0000000000000000000000000000000000000000000000000000000000000000 
	Parameter ArianeCfg[ExecuteRegionAddrBase][14] bound to: 64'b0000000000000000000000000000000000000000000000000000000000000000 
	Parameter ArianeCfg[ExecuteRegionAddrBase][13] bound to: 64'b0000000000000000000000000000000000000000000000000000000000000000 
	Parameter ArianeCfg[ExecuteRegionAddrBase][12] bound to: 64'b0000000000000000000000000000000000000000000000000000000000000000 
	Parameter ArianeCfg[ExecuteRegionAddrBase][11] bound to: 64'b0000000000000000000000000000000000000000000000000000000000000000 
	Parameter ArianeCfg[ExecuteRegionAddrBase][10] bound to: 64'b0000000000000000000000000000000000000000000000000000000000000000 
	Parameter ArianeCfg[ExecuteRegionAddrBase][9] bound to: 64'b0000000000000000000000000000000000000000000000000000000000000000 
	Parameter ArianeCfg[ExecuteRegionAddrBase][8] bound to: 64'b0000000000000000000000000000000000000000000000000000000000000000 
	Parameter ArianeCfg[ExecuteRegionAddrBase][7] bound to: 64'b0000000000000000000000000000000000000000000000000000000000000000 
	Parameter ArianeCfg[ExecuteRegionAddrBase][6] bound to: 64'b0000000000000000000000000000000000000000000000000000000000000000 
	Parameter ArianeCfg[ExecuteRegionAddrBase][5] bound to: 64'b0000000000000000000000000000000000000000000000000000000000000000 
	Parameter ArianeCfg[ExecuteRegionAddrBase][4] bound to: 64'b0000000000000000000000000000000000000000000000000000000000000000 
	Parameter ArianeCfg[ExecuteRegionAddrBase][3] bound to: 64'b0000000000000000000000000000000000000000000000000000000000000000 
	Parameter ArianeCfg[ExecuteRegionAddrBase][2] bound to: 64'b0000000000000000000000000000000010000000000000000000000000000000 
	Parameter ArianeCfg[ExecuteRegionAddrBase][1] bound to: 64'b0000000000000000000000000000000000000000000000010000000000000000 
	Parameter ArianeCfg[ExecuteRegionAddrBase][0] bound to: 64'b0000000000000000000000000000000000000000000000000000000000000000 
	Parameter ArianeCfg[ExecuteRegionLength][15] bound to: 64'b0000000000000000000000000000000000000000000000000000000000000000 
	Parameter ArianeCfg[ExecuteRegionLength][14] bound to: 64'b0000000000000000000000000000000000000000000000000000000000000000 
	Parameter ArianeCfg[ExecuteRegionLength][13] bound to: 64'b0000000000000000000000000000000000000000000000000000000000000000 
	Parameter ArianeCfg[ExecuteRegionLength][12] bound to: 64'b0000000000000000000000000000000000000000000000000000000000000000 
	Parameter ArianeCfg[ExecuteRegionLength][11] bound to: 64'b0000000000000000000000000000000000000000000000000000000000000000 
	Parameter ArianeCfg[ExecuteRegionLength][10] bound to: 64'b0000000000000000000000000000000000000000000000000000000000000000 
	Parameter ArianeCfg[ExecuteRegionLength][9] bound to: 64'b0000000000000000000000000000000000000000000000000000000000000000 
	Parameter ArianeCfg[ExecuteRegionLength][8] bound to: 64'b0000000000000000000000000000000000000000000000000000000000000000 
	Parameter ArianeCfg[ExecuteRegionLength][7] bound to: 64'b0000000000000000000000000000000000000000000000000000000000000000 
	Parameter ArianeCfg[ExecuteRegionLength][6] bound to: 64'b0000000000000000000000000000000000000000000000000000000000000000 
	Parameter ArianeCfg[ExecuteRegionLength][5] bound to: 64'b0000000000000000000000000000000000000000000000000000000000000000 
	Parameter ArianeCfg[ExecuteRegionLength][4] bound to: 64'b0000000000000000000000000000000000000000000000000000000000000000 
	Parameter ArianeCfg[ExecuteRegionLength][3] bound to: 64'b0000000000000000000000000000000000000000000000000000000000000000 
	Parameter ArianeCfg[ExecuteRegionLength][2] bound to: 64'b0000000000000000000000000000000001000000000000000000000000000000 
	Parameter ArianeCfg[ExecuteRegionLength][1] bound to: 64'b0000000000000000000000000000000000000000000000010000000000000000 
	Parameter ArianeCfg[ExecuteRegionLength][0] bound to: 64'b0000000000000000000000000000000000000000000000000001000000000000 
	Parameter ArianeCfg[NrCachedRegionRules] bound to: 32'b00000000000000000000000000000001 
	Parameter ArianeCfg[CachedRegionAddrBase][15] bound to: 64'b0000000000000000000000000000000000000000000000000000000000000000 
	Parameter ArianeCfg[CachedRegionAddrBase][14] bound to: 64'b0000000000000000000000000000000000000000000000000000000000000000 
	Parameter ArianeCfg[CachedRegionAddrBase][13] bound to: 64'b0000000000000000000000000000000000000000000000000000000000000000 
	Parameter ArianeCfg[CachedRegionAddrBase][12] bound to: 64'b0000000000000000000000000000000000000000000000000000000000000000 
	Parameter ArianeCfg[CachedRegionAddrBase][11] bound to: 64'b0000000000000000000000000000000000000000000000000000000000000000 
	Parameter ArianeCfg[CachedRegionAddrBase][10] bound to: 64'b0000000000000000000000000000000000000000000000000000000000000000 
	Parameter ArianeCfg[CachedRegionAddrBase][9] bound to: 64'b0000000000000000000000000000000000000000000000000000000000000000 
	Parameter ArianeCfg[CachedRegionAddrBase][8] bound to: 64'b0000000000000000000000000000000000000000000000000000000000000000 
	Parameter ArianeCfg[CachedRegionAddrBase][7] bound to: 64'b0000000000000000000000000000000000000000000000000000000000000000 
	Parameter ArianeCfg[CachedRegionAddrBase][6] bound to: 64'b0000000000000000000000000000000000000000000000000000000000000000 
	Parameter ArianeCfg[CachedRegionAddrBase][5] bound to: 64'b0000000000000000000000000000000000000000000000000000000000000000 
	Parameter ArianeCfg[CachedRegionAddrBase][4] bound to: 64'b0000000000000000000000000000000000000000000000000000000000000000 
	Parameter ArianeCfg[CachedRegionAddrBase][3] bound to: 64'b0000000000000000000000000000000000000000000000000000000000000000 
	Parameter ArianeCfg[CachedRegionAddrBase][2] bound to: 64'b0000000000000000000000000000000000000000000000000000000000000000 
	Parameter ArianeCfg[CachedRegionAddrBase][1] bound to: 64'b0000000000000000000000000000000000000000000000000000000000000000 
	Parameter ArianeCfg[CachedRegionAddrBase][0] bound to: 64'b0000000000000000000000000000000010000000000000000000000000000000 
	Parameter ArianeCfg[CachedRegionLength][15] bound to: 64'b0000000000000000000000000000000000000000000000000000000000000000 
	Parameter ArianeCfg[CachedRegionLength][14] bound to: 64'b0000000000000000000000000000000000000000000000000000000000000000 
	Parameter ArianeCfg[CachedRegionLength][13] bound to: 64'b0000000000000000000000000000000000000000000000000000000000000000 
	Parameter ArianeCfg[CachedRegionLength][12] bound to: 64'b0000000000000000000000000000000000000000000000000000000000000000 
	Parameter ArianeCfg[CachedRegionLength][11] bound to: 64'b0000000000000000000000000000000000000000000000000000000000000000 
	Parameter ArianeCfg[CachedRegionLength][10] bound to: 64'b0000000000000000000000000000000000000000000000000000000000000000 
	Parameter ArianeCfg[CachedRegionLength][9] bound to: 64'b0000000000000000000000000000000000000000000000000000000000000000 
	Parameter ArianeCfg[CachedRegionLength][8] bound to: 64'b0000000000000000000000000000000000000000000000000000000000000000 
	Parameter ArianeCfg[CachedRegionLength][7] bound to: 64'b0000000000000000000000000000000000000000000000000000000000000000 
	Parameter ArianeCfg[CachedRegionLength][6] bound to: 64'b0000000000000000000000000000000000000000000000000000000000000000 
	Parameter ArianeCfg[CachedRegionLength][5] bound to: 64'b0000000000000000000000000000000000000000000000000000000000000000 
	Parameter ArianeCfg[CachedRegionLength][4] bound to: 64'b0000000000000000000000000000000000000000000000000000000000000000 
	Parameter ArianeCfg[CachedRegionLength][3] bound to: 64'b0000000000000000000000000000000000000000000000000000000000000000 
	Parameter ArianeCfg[CachedRegionLength][2] bound to: 64'b0000000000000000000000000000000000000000000000000000000000000000 
	Parameter ArianeCfg[CachedRegionLength][1] bound to: 64'b0000000000000000000000000000000000000000000000000000000000000000 
	Parameter ArianeCfg[CachedRegionLength][0] bound to: 64'b0000000000000000000000000000000001000000000000000000000000000000 
	Parameter ArianeCfg[AxiCompliant] bound to: 1'b1 
	Parameter ArianeCfg[SwapEndianess] bound to: 1'b0 
	Parameter ArianeCfg[DmBaseAddress] bound to: 64'b0000000000000000000000000000000000000000000000000000000000000000 
	Parameter ArianeCfg[NrPMPEntries] bound to: 32'b00000000000000000000000000001000 
	Parameter AxiAddrWidth bound to: 32'b00000000000000000000000001000000 
	Parameter AxiDataWidth bound to: 32'b00000000000000000000000001000000 
	Parameter AxiIdWidth bound to: 32'b00000000000000000000000000000100 
INFO: [Synth 8-6157] synthesizing module 'frontend' [/home/jc/tmp/riscv-iommu-demo/cva6/core/frontend/frontend.sv:18]
	Parameter ArianeCfg[RASDepth] bound to: 32'sb00000000000000000000000000000010 
	Parameter ArianeCfg[BTBEntries] bound to: 32'sb00000000000000000000000000100000 
	Parameter ArianeCfg[BHTEntries] bound to: 32'sb00000000000000000000000010000000 
	Parameter ArianeCfg[NrNonIdempotentRules] bound to: 32'b00000000000000000000000000000001 
	Parameter ArianeCfg[NonIdempotentAddrBase][15] bound to: 64'b0000000000000000000000000000000000000000000000000000000000000000 
	Parameter ArianeCfg[NonIdempotentAddrBase][14] bound to: 64'b0000000000000000000000000000000000000000000000000000000000000000 
	Parameter ArianeCfg[NonIdempotentAddrBase][13] bound to: 64'b0000000000000000000000000000000000000000000000000000000000000000 
	Parameter ArianeCfg[NonIdempotentAddrBase][12] bound to: 64'b0000000000000000000000000000000000000000000000000000000000000000 
	Parameter ArianeCfg[NonIdempotentAddrBase][11] bound to: 64'b0000000000000000000000000000000000000000000000000000000000000000 
	Parameter ArianeCfg[NonIdempotentAddrBase][10] bound to: 64'b0000000000000000000000000000000000000000000000000000000000000000 
	Parameter ArianeCfg[NonIdempotentAddrBase][9] bound to: 64'b0000000000000000000000000000000000000000000000000000000000000000 
	Parameter ArianeCfg[NonIdempotentAddrBase][8] bound to: 64'b0000000000000000000000000000000000000000000000000000000000000000 
	Parameter ArianeCfg[NonIdempotentAddrBase][7] bound to: 64'b0000000000000000000000000000000000000000000000000000000000000000 
	Parameter ArianeCfg[NonIdempotentAddrBase][6] bound to: 64'b0000000000000000000000000000000000000000000000000000000000000000 
	Parameter ArianeCfg[NonIdempotentAddrBase][5] bound to: 64'b0000000000000000000000000000000000000000000000000000000000000000 
	Parameter ArianeCfg[NonIdempotentAddrBase][4] bound to: 64'b0000000000000000000000000000000000000000000000000000000000000000 
	Parameter ArianeCfg[NonIdempotentAddrBase][3] bound to: 64'b0000000000000000000000000000000000000000000000000000000000000000 
	Parameter ArianeCfg[NonIdempotentAddrBase][2] bound to: 64'b0000000000000000000000000000000000000000000000000000000000000000 
	Parameter ArianeCfg[NonIdempotentAddrBase][1] bound to: 64'b0000000000000000000000000000000000000000000000000000000000000000 
	Parameter ArianeCfg[NonIdempotentAddrBase][0] bound to: 64'b0000000000000000000000000000000000000000000000000000000000000000 
	Parameter ArianeCfg[NonIdempotentLength][15] bound to: 64'b0000000000000000000000000000000000000000000000000000000000000000 
	Parameter ArianeCfg[NonIdempotentLength][14] bound to: 64'b0000000000000000000000000000000000000000000000000000000000000000 
	Parameter ArianeCfg[NonIdempotentLength][13] bound to: 64'b0000000000000000000000000000000000000000000000000000000000000000 
	Parameter ArianeCfg[NonIdempotentLength][12] bound to: 64'b0000000000000000000000000000000000000000000000000000000000000000 
	Parameter ArianeCfg[NonIdempotentLength][11] bound to: 64'b0000000000000000000000000000000000000000000000000000000000000000 
	Parameter ArianeCfg[NonIdempotentLength][10] bound to: 64'b0000000000000000000000000000000000000000000000000000000000000000 
	Parameter ArianeCfg[NonIdempotentLength][9] bound to: 64'b0000000000000000000000000000000000000000000000000000000000000000 
	Parameter ArianeCfg[NonIdempotentLength][8] bound to: 64'b0000000000000000000000000000000000000000000000000000000000000000 
	Parameter ArianeCfg[NonIdempotentLength][7] bound to: 64'b0000000000000000000000000000000000000000000000000000000000000000 
	Parameter ArianeCfg[NonIdempotentLength][6] bound to: 64'b0000000000000000000000000000000000000000000000000000000000000000 
	Parameter ArianeCfg[NonIdempotentLength][5] bound to: 64'b0000000000000000000000000000000000000000000000000000000000000000 
	Parameter ArianeCfg[NonIdempotentLength][4] bound to: 64'b0000000000000000000000000000000000000000000000000000000000000000 
	Parameter ArianeCfg[NonIdempotentLength][3] bound to: 64'b0000000000000000000000000000000000000000000000000000000000000000 
	Parameter ArianeCfg[NonIdempotentLength][2] bound to: 64'b0000000000000000000000000000000000000000000000000000000000000000 
	Parameter ArianeCfg[NonIdempotentLength][1] bound to: 64'b0000000000000000000000000000000000000000000000000000000000000000 
	Parameter ArianeCfg[NonIdempotentLength][0] bound to: 64'b0000000000000000000000000000000010000000000000000000000000000000 
	Parameter ArianeCfg[NrExecuteRegionRules] bound to: 32'b00000000000000000000000000000011 
	Parameter ArianeCfg[ExecuteRegionAddrBase][15] bound to: 64'b0000000000000000000000000000000000000000000000000000000000000000 
	Parameter ArianeCfg[ExecuteRegionAddrBase][14] bound to: 64'b0000000000000000000000000000000000000000000000000000000000000000 
	Parameter ArianeCfg[ExecuteRegionAddrBase][13] bound to: 64'b0000000000000000000000000000000000000000000000000000000000000000 
	Parameter ArianeCfg[ExecuteRegionAddrBase][12] bound to: 64'b0000000000000000000000000000000000000000000000000000000000000000 
	Parameter ArianeCfg[ExecuteRegionAddrBase][11] bound to: 64'b0000000000000000000000000000000000000000000000000000000000000000 
	Parameter ArianeCfg[ExecuteRegionAddrBase][10] bound to: 64'b0000000000000000000000000000000000000000000000000000000000000000 
	Parameter ArianeCfg[ExecuteRegionAddrBase][9] bound to: 64'b0000000000000000000000000000000000000000000000000000000000000000 
	Parameter ArianeCfg[ExecuteRegionAddrBase][8] bound to: 64'b0000000000000000000000000000000000000000000000000000000000000000 
	Parameter ArianeCfg[ExecuteRegionAddrBase][7] bound to: 64'b0000000000000000000000000000000000000000000000000000000000000000 
	Parameter ArianeCfg[ExecuteRegionAddrBase][6] bound to: 64'b0000000000000000000000000000000000000000000000000000000000000000 
	Parameter ArianeCfg[ExecuteRegionAddrBase][5] bound to: 64'b0000000000000000000000000000000000000000000000000000000000000000 
	Parameter ArianeCfg[ExecuteRegionAddrBase][4] bound to: 64'b0000000000000000000000000000000000000000000000000000000000000000 
	Parameter ArianeCfg[ExecuteRegionAddrBase][3] bound to: 64'b0000000000000000000000000000000000000000000000000000000000000000 
	Parameter ArianeCfg[ExecuteRegionAddrBase][2] bound to: 64'b0000000000000000000000000000000010000000000000000000000000000000 
	Parameter ArianeCfg[ExecuteRegionAddrBase][1] bound to: 64'b0000000000000000000000000000000000000000000000010000000000000000 
	Parameter ArianeCfg[ExecuteRegionAddrBase][0] bound to: 64'b0000000000000000000000000000000000000000000000000000000000000000 
	Parameter ArianeCfg[ExecuteRegionLength][15] bound to: 64'b0000000000000000000000000000000000000000000000000000000000000000 
	Parameter ArianeCfg[ExecuteRegionLength][14] bound to: 64'b0000000000000000000000000000000000000000000000000000000000000000 
	Parameter ArianeCfg[ExecuteRegionLength][13] bound to: 64'b0000000000000000000000000000000000000000000000000000000000000000 
	Parameter ArianeCfg[ExecuteRegionLength][12] bound to: 64'b0000000000000000000000000000000000000000000000000000000000000000 
	Parameter ArianeCfg[ExecuteRegionLength][11] bound to: 64'b0000000000000000000000000000000000000000000000000000000000000000 
	Parameter ArianeCfg[ExecuteRegionLength][10] bound to: 64'b0000000000000000000000000000000000000000000000000000000000000000 
	Parameter ArianeCfg[ExecuteRegionLength][9] bound to: 64'b0000000000000000000000000000000000000000000000000000000000000000 
	Parameter ArianeCfg[ExecuteRegionLength][8] bound to: 64'b0000000000000000000000000000000000000000000000000000000000000000 
	Parameter ArianeCfg[ExecuteRegionLength][7] bound to: 64'b0000000000000000000000000000000000000000000000000000000000000000 
	Parameter ArianeCfg[ExecuteRegionLength][6] bound to: 64'b0000000000000000000000000000000000000000000000000000000000000000 
	Parameter ArianeCfg[ExecuteRegionLength][5] bound to: 64'b0000000000000000000000000000000000000000000000000000000000000000 
	Parameter ArianeCfg[ExecuteRegionLength][4] bound to: 64'b0000000000000000000000000000000000000000000000000000000000000000 
	Parameter ArianeCfg[ExecuteRegionLength][3] bound to: 64'b0000000000000000000000000000000000000000000000000000000000000000 
	Parameter ArianeCfg[ExecuteRegionLength][2] bound to: 64'b0000000000000000000000000000000001000000000000000000000000000000 
	Parameter ArianeCfg[ExecuteRegionLength][1] bound to: 64'b0000000000000000000000000000000000000000000000010000000000000000 
	Parameter ArianeCfg[ExecuteRegionLength][0] bound to: 64'b0000000000000000000000000000000000000000000000000001000000000000 
	Parameter ArianeCfg[NrCachedRegionRules] bound to: 32'b00000000000000000000000000000001 
	Parameter ArianeCfg[CachedRegionAddrBase][15] bound to: 64'b0000000000000000000000000000000000000000000000000000000000000000 
	Parameter ArianeCfg[CachedRegionAddrBase][14] bound to: 64'b0000000000000000000000000000000000000000000000000000000000000000 
	Parameter ArianeCfg[CachedRegionAddrBase][13] bound to: 64'b0000000000000000000000000000000000000000000000000000000000000000 
	Parameter ArianeCfg[CachedRegionAddrBase][12] bound to: 64'b0000000000000000000000000000000000000000000000000000000000000000 
	Parameter ArianeCfg[CachedRegionAddrBase][11] bound to: 64'b0000000000000000000000000000000000000000000000000000000000000000 
	Parameter ArianeCfg[CachedRegionAddrBase][10] bound to: 64'b0000000000000000000000000000000000000000000000000000000000000000 
	Parameter ArianeCfg[CachedRegionAddrBase][9] bound to: 64'b0000000000000000000000000000000000000000000000000000000000000000 
	Parameter ArianeCfg[CachedRegionAddrBase][8] bound to: 64'b0000000000000000000000000000000000000000000000000000000000000000 
	Parameter ArianeCfg[CachedRegionAddrBase][7] bound to: 64'b0000000000000000000000000000000000000000000000000000000000000000 
	Parameter ArianeCfg[CachedRegionAddrBase][6] bound to: 64'b0000000000000000000000000000000000000000000000000000000000000000 
	Parameter ArianeCfg[CachedRegionAddrBase][5] bound to: 64'b0000000000000000000000000000000000000000000000000000000000000000 
	Parameter ArianeCfg[CachedRegionAddrBase][4] bound to: 64'b0000000000000000000000000000000000000000000000000000000000000000 
	Parameter ArianeCfg[CachedRegionAddrBase][3] bound to: 64'b0000000000000000000000000000000000000000000000000000000000000000 
	Parameter ArianeCfg[CachedRegionAddrBase][2] bound to: 64'b0000000000000000000000000000000000000000000000000000000000000000 
	Parameter ArianeCfg[CachedRegionAddrBase][1] bound to: 64'b0000000000000000000000000000000000000000000000000000000000000000 
	Parameter ArianeCfg[CachedRegionAddrBase][0] bound to: 64'b0000000000000000000000000000000010000000000000000000000000000000 
	Parameter ArianeCfg[CachedRegionLength][15] bound to: 64'b0000000000000000000000000000000000000000000000000000000000000000 
	Parameter ArianeCfg[CachedRegionLength][14] bound to: 64'b0000000000000000000000000000000000000000000000000000000000000000 
	Parameter ArianeCfg[CachedRegionLength][13] bound to: 64'b0000000000000000000000000000000000000000000000000000000000000000 
	Parameter ArianeCfg[CachedRegionLength][12] bound to: 64'b0000000000000000000000000000000000000000000000000000000000000000 
	Parameter ArianeCfg[CachedRegionLength][11] bound to: 64'b0000000000000000000000000000000000000000000000000000000000000000 
	Parameter ArianeCfg[CachedRegionLength][10] bound to: 64'b0000000000000000000000000000000000000000000000000000000000000000 
	Parameter ArianeCfg[CachedRegionLength][9] bound to: 64'b0000000000000000000000000000000000000000000000000000000000000000 
	Parameter ArianeCfg[CachedRegionLength][8] bound to: 64'b0000000000000000000000000000000000000000000000000000000000000000 
	Parameter ArianeCfg[CachedRegionLength][7] bound to: 64'b0000000000000000000000000000000000000000000000000000000000000000 
	Parameter ArianeCfg[CachedRegionLength][6] bound to: 64'b0000000000000000000000000000000000000000000000000000000000000000 
	Parameter ArianeCfg[CachedRegionLength][5] bound to: 64'b0000000000000000000000000000000000000000000000000000000000000000 
	Parameter ArianeCfg[CachedRegionLength][4] bound to: 64'b0000000000000000000000000000000000000000000000000000000000000000 
	Parameter ArianeCfg[CachedRegionLength][3] bound to: 64'b0000000000000000000000000000000000000000000000000000000000000000 
	Parameter ArianeCfg[CachedRegionLength][2] bound to: 64'b0000000000000000000000000000000000000000000000000000000000000000 
	Parameter ArianeCfg[CachedRegionLength][1] bound to: 64'b0000000000000000000000000000000000000000000000000000000000000000 
	Parameter ArianeCfg[CachedRegionLength][0] bound to: 64'b0000000000000000000000000000000001000000000000000000000000000000 
	Parameter ArianeCfg[AxiCompliant] bound to: 1'b1 
	Parameter ArianeCfg[SwapEndianess] bound to: 1'b0 
	Parameter ArianeCfg[DmBaseAddress] bound to: 64'b0000000000000000000000000000000000000000000000000000000000000000 
	Parameter ArianeCfg[NrPMPEntries] bound to: 32'b00000000000000000000000000001000 
INFO: [Synth 8-6157] synthesizing module 'ras' [/home/jc/tmp/riscv-iommu-demo/cva6/core/frontend/ras.sv:17]
INFO: [Common 17-14] Message 'Synth 8-6157' appears 100 times and further instances of the messages will be disabled. Use the Tcl command set_msg_config to change the current settings.
	Parameter DEPTH bound to: 32'b00000000000000000000000000000010 
INFO: [Synth 8-6155] done synthesizing module 'ras' (0#1) [/home/jc/tmp/riscv-iommu-demo/cva6/core/frontend/ras.sv:17]
	Parameter NR_ENTRIES bound to: 32'sb00000000000000000000000000100000 
WARNING: [Synth 8-4446] all outputs are unconnected for this instance and logic may be removed [/home/jc/tmp/riscv-iommu-demo/cva6/core/frontend/btb.sv:54]
INFO: [Synth 8-6155] done synthesizing module 'unread' (0#1) [/home/jc/tmp/riscv-iommu-demo/cva6/vendor/pulp-platform/common_cells/src/unread.sv:16]
INFO: [Synth 8-6155] done synthesizing module 'btb' (0#1) [/home/jc/tmp/riscv-iommu-demo/cva6/core/frontend/btb.sv:28]
	Parameter NR_ENTRIES bound to: 32'b00000000000000000000000010000000 
WARNING: [Synth 8-4446] all outputs are unconnected for this instance and logic may be removed [/home/jc/tmp/riscv-iommu-demo/cva6/core/frontend/bht.sv:43]
INFO: [Synth 8-6155] done synthesizing module 'bht' (0#1) [/home/jc/tmp/riscv-iommu-demo/cva6/core/frontend/bht.sv:21]
INFO: [Synth 8-6155] done synthesizing module 'instr_scan' (0#1) [/home/jc/tmp/riscv-iommu-demo/cva6/core/frontend/instr_scan.sv:18]
INFO: [Common 17-14] Message 'Synth 8-6155' appears 100 times and further instances of the messages will be disabled. Use the Tcl command set_msg_config to change the current settings.
INFO: [Synth 8-294] found qualifier unique on case statement: implementing as parallel_case [/home/jc/tmp/riscv-iommu-demo/cva6/core/frontend/frontend.sv:183]
INFO: [Synth 8-294] found qualifier unique on case statement: implementing as parallel_case [/home/jc/tmp/riscv-iommu-demo/cva6/core/frontend/frontend.sv:183]
	Parameter WIDTH bound to: 32'b00000000000000000000000000000010 
	Parameter MODE bound to: 1'b0 
	Parameter INPUT_WIDTH bound to: 32'b00000000000000000000000000000010 
WARNING: [Synth 8-693] zero replication count - replication ignored [/home/jc/tmp/riscv-iommu-demo/cva6/core/frontend/instr_queue.sv:299]
WARNING: [Synth 8-693] zero replication count - replication ignored [/home/jc/tmp/riscv-iommu-demo/cva6/core/frontend/instr_queue.sv:301]
WARNING: [Synth 8-693] zero replication count - replication ignored [/home/jc/tmp/riscv-iommu-demo/cva6/core/frontend/instr_queue.sv:299]
WARNING: [Synth 8-693] zero replication count - replication ignored [/home/jc/tmp/riscv-iommu-demo/cva6/core/frontend/instr_queue.sv:301]
	Parameter DEPTH bound to: 32'b00000000000000000000000000000100 
	Parameter DATA_WIDTH bound to: 32'b00000000000000000000000001000000 
	Parameter DEPTH bound to: 32'b00000000000000000000000000000100 
WARNING: [Synth 8-4446] all outputs are unconnected for this instance and logic may be removed [/home/jc/tmp/riscv-iommu-demo/cva6/core/frontend/instr_queue.sv:413]
WARNING: [Synth 8-4446] all outputs are unconnected for this instance and logic may be removed [/home/jc/tmp/riscv-iommu-demo/cva6/core/frontend/instr_queue.sv:414]
WARNING: [Synth 8-4446] all outputs are unconnected for this instance and logic may be removed [/home/jc/tmp/riscv-iommu-demo/cva6/core/frontend/instr_queue.sv:415]
WARNING: [Synth 8-4446] all outputs are unconnected for this instance and logic may be removed [/home/jc/tmp/riscv-iommu-demo/cva6/core/frontend/instr_queue.sv:416]
WARNING: [Synth 8-4446] all outputs are unconnected for this instance and logic may be removed [/home/jc/tmp/riscv-iommu-demo/cva6/core/frontend/instr_queue.sv:417]
INFO: [Synth 8-294] found qualifier unique on case statement: implementing as parallel_case [/home/jc/tmp/riscv-iommu-demo/cva6/core/compressed_decoder.sv:41]
INFO: [Synth 8-294] found qualifier unique on case statement: implementing as parallel_case [/home/jc/tmp/riscv-iommu-demo/cva6/core/compressed_decoder.sv:44]
INFO: [Synth 8-294] found qualifier unique on case statement: implementing as parallel_case [/home/jc/tmp/riscv-iommu-demo/cva6/core/compressed_decoder.sv:106]
INFO: [Synth 8-294] found qualifier unique on case statement: implementing as parallel_case [/home/jc/tmp/riscv-iommu-demo/cva6/core/compressed_decoder.sv:149]
INFO: [Synth 8-294] found qualifier unique on case statement: implementing as parallel_case [/home/jc/tmp/riscv-iommu-demo/cva6/core/compressed_decoder.sv:163]
INFO: [Synth 8-294] found qualifier unique on case statement: implementing as parallel_case [/home/jc/tmp/riscv-iommu-demo/cva6/core/compressed_decoder.sv:220]
INFO: [Synth 8-226] default block is never used [/home/jc/tmp/riscv-iommu-demo/cva6/core/compressed_decoder.sv:220]
INFO: [Synth 8-294] found qualifier unique on case statement: implementing as parallel_case [/home/jc/tmp/riscv-iommu-demo/cva6/core/decoder.sv:108]
INFO: [Synth 8-226] default block is never used [/home/jc/tmp/riscv-iommu-demo/cva6/core/decoder.sv:108]
INFO: [Synth 8-294] found qualifier unique on case statement: implementing as parallel_case [/home/jc/tmp/riscv-iommu-demo/cva6/core/decoder.sv:251]
INFO: [Synth 8-294] found qualifier unique on case statement: implementing as parallel_case [/home/jc/tmp/riscv-iommu-demo/cva6/core/decoder.sv:608]
INFO: [Synth 8-294] found qualifier unique on case statement: implementing as parallel_case [/home/jc/tmp/riscv-iommu-demo/cva6/core/decoder.sv:678]
INFO: [Synth 8-294] found qualifier unique on case statement: implementing as parallel_case [/home/jc/tmp/riscv-iommu-demo/cva6/core/decoder.sv:719]
INFO: [Synth 8-294] found qualifier unique on case statement: implementing as parallel_case [/home/jc/tmp/riscv-iommu-demo/cva6/core/decoder.sv:795]
INFO: [Synth 8-294] found qualifier unique on case statement: implementing as parallel_case [/home/jc/tmp/riscv-iommu-demo/cva6/core/decoder.sv:848]
INFO: [Synth 8-294] found qualifier unique on case statement: implementing as parallel_case [/home/jc/tmp/riscv-iommu-demo/cva6/core/decoder.sv:868]
INFO: [Synth 8-294] found qualifier unique on case statement: implementing as parallel_case [/home/jc/tmp/riscv-iommu-demo/cva6/core/decoder.sv:895]
INFO: [Synth 8-294] found qualifier unique on case statement: implementing as parallel_case [/home/jc/tmp/riscv-iommu-demo/cva6/core/decoder.sv:922]
INFO: [Synth 8-294] found qualifier unique on case statement: implementing as parallel_case [/home/jc/tmp/riscv-iommu-demo/cva6/core/decoder.sv:957]
INFO: [Synth 8-294] found qualifier unique on case statement: implementing as parallel_case [/home/jc/tmp/riscv-iommu-demo/cva6/core/decoder.sv:965]
INFO: [Synth 8-226] default block is never used [/home/jc/tmp/riscv-iommu-demo/cva6/core/decoder.sv:965]
INFO: [Synth 8-294] found qualifier unique on case statement: implementing as parallel_case [/home/jc/tmp/riscv-iommu-demo/cva6/core/decoder.sv:976]
INFO: [Synth 8-294] found qualifier unique on case statement: implementing as parallel_case [/home/jc/tmp/riscv-iommu-demo/cva6/core/decoder.sv:981]
INFO: [Synth 8-294] found qualifier unique on case statement: implementing as parallel_case [/home/jc/tmp/riscv-iommu-demo/cva6/core/decoder.sv:988]
INFO: [Synth 8-294] found qualifier unique on case statement: implementing as parallel_case [/home/jc/tmp/riscv-iommu-demo/cva6/core/decoder.sv:1009]
INFO: [Synth 8-294] found qualifier unique on case statement: implementing as parallel_case [/home/jc/tmp/riscv-iommu-demo/cva6/core/decoder.sv:1057]
INFO: [Synth 8-294] found qualifier unique on case statement: implementing as parallel_case [/home/jc/tmp/riscv-iommu-demo/cva6/core/decoder.sv:1112]
INFO: [Synth 8-226] default block is never used [/home/jc/tmp/riscv-iommu-demo/cva6/core/decoder.sv:1112]
INFO: [Synth 8-294] found qualifier unique on case statement: implementing as parallel_case [/home/jc/tmp/riscv-iommu-demo/cva6/core/decoder.sv:1123]
INFO: [Synth 8-294] found qualifier unique on case statement: implementing as parallel_case [/home/jc/tmp/riscv-iommu-demo/cva6/core/decoder.sv:1128]
INFO: [Synth 8-294] found qualifier unique on case statement: implementing as parallel_case [/home/jc/tmp/riscv-iommu-demo/cva6/core/decoder.sv:1135]
INFO: [Synth 8-294] found qualifier unique on case statement: implementing as parallel_case [/home/jc/tmp/riscv-iommu-demo/cva6/core/decoder.sv:1160]
INFO: [Synth 8-294] found qualifier unique on case statement: implementing as parallel_case [/home/jc/tmp/riscv-iommu-demo/cva6/core/decoder.sv:1179]
	Parameter NR_ENTRIES bound to: 32'b00000000000000000000000000001000 
	Parameter NR_WB_PORTS bound to: 32'b00000000000000000000000000000101 
	Parameter NR_COMMIT_PORTS bound to: 32'b00000000000000000000000000000010 
INFO: [Synth 8-294] found qualifier unique on case statement: implementing as parallel_case [/home/jc/tmp/riscv-iommu-demo/cva6/core/include/ariane_pkg.sv:634]
INFO: [Synth 8-294] found qualifier unique on case statement: implementing as parallel_case [/home/jc/tmp/riscv-iommu-demo/cva6/core/include/ariane_pkg.sv:588]
INFO: [Synth 8-294] found qualifier unique on case statement: implementing as parallel_case [/home/jc/tmp/riscv-iommu-demo/cva6/core/include/ariane_pkg.sv:605]
INFO: [Synth 8-294] found qualifier unique on case statement: implementing as parallel_case [/home/jc/tmp/riscv-iommu-demo/cva6/core/include/ariane_pkg.sv:622]
	Parameter NR_ENTRIES bound to: 32'b00000000000000000000000000001000 
	Parameter NR_WB_PORTS bound to: 32'b00000000000000000000000000000101 
	Parameter NR_COMMIT_PORTS bound to: 32'b00000000000000000000000000000010 
	Parameter NumIn bound to: 32'b00000000000000000000000000001001 
	Parameter ExtPrio bound to: 1'b1 
	Parameter AxiVldRdy bound to: 1'b1 
INFO: [Synth 8-294] found qualifier unique on case statement: implementing as parallel_case [/home/jc/tmp/riscv-iommu-demo/cva6/core/include/ariane_pkg.sv:588]
INFO: [Synth 8-294] found qualifier unique on case statement: implementing as parallel_case [/home/jc/tmp/riscv-iommu-demo/cva6/core/include/ariane_pkg.sv:605]
INFO: [Synth 8-294] found qualifier unique on case statement: implementing as parallel_case [/home/jc/tmp/riscv-iommu-demo/cva6/core/include/ariane_pkg.sv:622]
INFO: [Synth 8-294] found qualifier unique on case statement: implementing as parallel_case [/home/jc/tmp/riscv-iommu-demo/cva6/core/include/ariane_pkg.sv:588]
INFO: [Synth 8-294] found qualifier unique on case statement: implementing as parallel_case [/home/jc/tmp/riscv-iommu-demo/cva6/core/include/ariane_pkg.sv:605]
INFO: [Synth 8-294] found qualifier unique on case statement: implementing as parallel_case [/home/jc/tmp/riscv-iommu-demo/cva6/core/include/ariane_pkg.sv:622]
INFO: [Synth 8-294] found qualifier unique on case statement: implementing as parallel_case [/home/jc/tmp/riscv-iommu-demo/cva6/core/include/ariane_pkg.sv:588]
INFO: [Synth 8-294] found qualifier unique on case statement: implementing as parallel_case [/home/jc/tmp/riscv-iommu-demo/cva6/core/include/ariane_pkg.sv:605]
INFO: [Synth 8-294] found qualifier unique on case statement: implementing as parallel_case [/home/jc/tmp/riscv-iommu-demo/cva6/core/include/ariane_pkg.sv:622]
INFO: [Synth 8-294] found qualifier unique on case statement: implementing as parallel_case [/home/jc/tmp/riscv-iommu-demo/cva6/core/include/ariane_pkg.sv:588]
INFO: [Synth 8-294] found qualifier unique on case statement: implementing as parallel_case [/home/jc/tmp/riscv-iommu-demo/cva6/core/include/ariane_pkg.sv:605]
INFO: [Synth 8-294] found qualifier unique on case statement: implementing as parallel_case [/home/jc/tmp/riscv-iommu-demo/cva6/core/include/ariane_pkg.sv:622]
INFO: [Synth 8-294] found qualifier unique on case statement: implementing as parallel_case [/home/jc/tmp/riscv-iommu-demo/cva6/core/include/ariane_pkg.sv:588]
INFO: [Synth 8-294] found qualifier unique on case statement: implementing as parallel_case [/home/jc/tmp/riscv-iommu-demo/cva6/core/include/ariane_pkg.sv:605]
INFO: [Synth 8-294] found qualifier unique on case statement: implementing as parallel_case [/home/jc/tmp/riscv-iommu-demo/cva6/core/include/ariane_pkg.sv:622]
INFO: [Synth 8-294] found qualifier unique on case statement: implementing as parallel_case [/home/jc/tmp/riscv-iommu-demo/cva6/core/include/ariane_pkg.sv:588]
INFO: [Synth 8-294] found qualifier unique on case statement: implementing as parallel_case [/home/jc/tmp/riscv-iommu-demo/cva6/core/include/ariane_pkg.sv:605]
INFO: [Synth 8-294] found qualifier unique on case statement: implementing as parallel_case [/home/jc/tmp/riscv-iommu-demo/cva6/core/include/ariane_pkg.sv:622]
INFO: [Synth 8-294] found qualifier unique on case statement: implementing as parallel_case [/home/jc/tmp/riscv-iommu-demo/cva6/core/include/ariane_pkg.sv:588]
INFO: [Synth 8-294] found qualifier unique on case statement: implementing as parallel_case [/home/jc/tmp/riscv-iommu-demo/cva6/core/include/ariane_pkg.sv:605]
INFO: [Synth 8-294] found qualifier unique on case statement: implementing as parallel_case [/home/jc/tmp/riscv-iommu-demo/cva6/core/include/ariane_pkg.sv:622]
INFO: [Synth 8-294] found qualifier unique on case statement: implementing as parallel_case [/home/jc/tmp/riscv-iommu-demo/cva6/core/include/ariane_pkg.sv:588]
INFO: [Synth 8-294] found qualifier unique on case statement: implementing as parallel_case [/home/jc/tmp/riscv-iommu-demo/cva6/core/include/ariane_pkg.sv:605]
INFO: [Synth 8-294] found qualifier unique on case statement: implementing as parallel_case [/home/jc/tmp/riscv-iommu-demo/cva6/core/include/ariane_pkg.sv:622]
INFO: [Synth 8-294] found qualifier unique on case statement: implementing as parallel_case [/home/jc/tmp/riscv-iommu-demo/cva6/core/include/ariane_pkg.sv:588]
INFO: [Synth 8-294] found qualifier unique on case statement: implementing as parallel_case [/home/jc/tmp/riscv-iommu-demo/cva6/core/include/ariane_pkg.sv:605]
INFO: [Synth 8-294] found qualifier unique on case statement: implementing as parallel_case [/home/jc/tmp/riscv-iommu-demo/cva6/core/include/ariane_pkg.sv:622]
INFO: [Synth 8-294] found qualifier unique on case statement: implementing as parallel_case [/home/jc/tmp/riscv-iommu-demo/cva6/core/include/ariane_pkg.sv:588]
INFO: [Synth 8-294] found qualifier unique on case statement: implementing as parallel_case [/home/jc/tmp/riscv-iommu-demo/cva6/core/include/ariane_pkg.sv:605]
INFO: [Synth 8-294] found qualifier unique on case statement: implementing as parallel_case [/home/jc/tmp/riscv-iommu-demo/cva6/core/include/ariane_pkg.sv:622]
INFO: [Synth 8-294] found qualifier unique on case statement: implementing as parallel_case [/home/jc/tmp/riscv-iommu-demo/cva6/core/include/ariane_pkg.sv:588]
INFO: [Synth 8-294] found qualifier unique on case statement: implementing as parallel_case [/home/jc/tmp/riscv-iommu-demo/cva6/core/include/ariane_pkg.sv:605]
INFO: [Synth 8-294] found qualifier unique on case statement: implementing as parallel_case [/home/jc/tmp/riscv-iommu-demo/cva6/core/include/ariane_pkg.sv:622]
INFO: [Synth 8-294] found qualifier unique on case statement: implementing as parallel_case [/home/jc/tmp/riscv-iommu-demo/cva6/core/include/ariane_pkg.sv:588]
INFO: [Common 17-14] Message 'Synth 8-294' appears 100 times and further instances of the messages will be disabled. Use the Tcl command set_msg_config to change the current settings.
	Parameter NumIn bound to: 32'b00000000000000000000000000001101 
	Parameter DataWidth bound to: 32'b00000000000000000000000001000000 
	Parameter ExtPrio bound to: 1'b1 
	Parameter AxiVldRdy bound to: 1'b1 
	Parameter NR_COMMIT_PORTS bound to: 32'b00000000000000000000000000000010 
	Parameter DATA_WIDTH bound to: 32'b00000000000000000000000001000000 
	Parameter NR_READ_PORTS bound to: 32'b00000000000000000000000000000010 
	Parameter NR_WRITE_PORTS bound to: 32'b00000000000000000000000000000010 
	Parameter ZERO_REG_ZERO bound to: 1'b1 
	Parameter DATA_WIDTH bound to: 32'b00000000000000000000000001000000 
	Parameter NR_READ_PORTS bound to: 32'b00000000000000000000000000000011 
	Parameter NR_WRITE_PORTS bound to: 32'b00000000000000000000000000000010 
	Parameter ZERO_REG_ZERO bound to: 1'b0 
WARNING: [Synth 8-693] zero replication count - replication ignored [/home/jc/tmp/riscv-iommu-demo/cva6/core/issue_read_operands.sv:222]
WARNING: [Synth 8-693] zero replication count - replication ignored [/home/jc/tmp/riscv-iommu-demo/cva6/core/issue_read_operands.sv:238]
WARNING: [Synth 8-693] zero replication count - replication ignored [/home/jc/tmp/riscv-iommu-demo/cva6/core/issue_read_operands.sv:243]
WARNING: [Synth 8-693] zero replication count - replication ignored [/home/jc/tmp/riscv-iommu-demo/cva6/core/issue_read_operands.sv:497]
WARNING: [Synth 8-693] zero replication count - replication ignored [/home/jc/tmp/riscv-iommu-demo/cva6/core/issue_read_operands.sv:498]
	Parameter ASID_WIDTH bound to: 32'b00000000000000000000000000010000 
	Parameter VMID_WIDTH bound to: 32'b00000000000000000000000000001110 
	Parameter ArianeCfg[RASDepth] bound to: 32'sb00000000000000000000000000000010 
	Parameter ArianeCfg[BTBEntries] bound to: 32'sb00000000000000000000000000100000 
	Parameter ArianeCfg[BHTEntries] bound to: 32'sb00000000000000000000000010000000 
	Parameter ArianeCfg[NrNonIdempotentRules] bound to: 32'b00000000000000000000000000000001 
	Parameter ArianeCfg[NonIdempotentAddrBase][15] bound to: 64'b0000000000000000000000000000000000000000000000000000000000000000 
	Parameter ArianeCfg[NonIdempotentAddrBase][14] bound to: 64'b0000000000000000000000000000000000000000000000000000000000000000 
	Parameter ArianeCfg[NonIdempotentAddrBase][13] bound to: 64'b0000000000000000000000000000000000000000000000000000000000000000 
	Parameter ArianeCfg[NonIdempotentAddrBase][12] bound to: 64'b0000000000000000000000000000000000000000000000000000000000000000 
	Parameter ArianeCfg[NonIdempotentAddrBase][11] bound to: 64'b0000000000000000000000000000000000000000000000000000000000000000 
	Parameter ArianeCfg[NonIdempotentAddrBase][10] bound to: 64'b0000000000000000000000000000000000000000000000000000000000000000 
	Parameter ArianeCfg[NonIdempotentAddrBase][9] bound to: 64'b0000000000000000000000000000000000000000000000000000000000000000 
	Parameter ArianeCfg[NonIdempotentAddrBase][8] bound to: 64'b0000000000000000000000000000000000000000000000000000000000000000 
	Parameter ArianeCfg[NonIdempotentAddrBase][7] bound to: 64'b0000000000000000000000000000000000000000000000000000000000000000 
	Parameter ArianeCfg[NonIdempotentAddrBase][6] bound to: 64'b0000000000000000000000000000000000000000000000000000000000000000 
	Parameter ArianeCfg[NonIdempotentAddrBase][5] bound to: 64'b0000000000000000000000000000000000000000000000000000000000000000 
	Parameter ArianeCfg[NonIdempotentAddrBase][4] bound to: 64'b0000000000000000000000000000000000000000000000000000000000000000 
	Parameter ArianeCfg[NonIdempotentAddrBase][3] bound to: 64'b0000000000000000000000000000000000000000000000000000000000000000 
	Parameter ArianeCfg[NonIdempotentAddrBase][2] bound to: 64'b0000000000000000000000000000000000000000000000000000000000000000 
	Parameter ArianeCfg[NonIdempotentAddrBase][1] bound to: 64'b0000000000000000000000000000000000000000000000000000000000000000 
	Parameter ArianeCfg[NonIdempotentAddrBase][0] bound to: 64'b0000000000000000000000000000000000000000000000000000000000000000 
	Parameter ArianeCfg[NonIdempotentLength][15] bound to: 64'b0000000000000000000000000000000000000000000000000000000000000000 
	Parameter ArianeCfg[NonIdempotentLength][14] bound to: 64'b0000000000000000000000000000000000000000000000000000000000000000 
	Parameter ArianeCfg[NonIdempotentLength][13] bound to: 64'b0000000000000000000000000000000000000000000000000000000000000000 
	Parameter ArianeCfg[NonIdempotentLength][12] bound to: 64'b0000000000000000000000000000000000000000000000000000000000000000 
	Parameter ArianeCfg[NonIdempotentLength][11] bound to: 64'b0000000000000000000000000000000000000000000000000000000000000000 
	Parameter ArianeCfg[NonIdempotentLength][10] bound to: 64'b0000000000000000000000000000000000000000000000000000000000000000 
	Parameter ArianeCfg[NonIdempotentLength][9] bound to: 64'b0000000000000000000000000000000000000000000000000000000000000000 
	Parameter ArianeCfg[NonIdempotentLength][8] bound to: 64'b0000000000000000000000000000000000000000000000000000000000000000 
	Parameter ArianeCfg[NonIdempotentLength][7] bound to: 64'b0000000000000000000000000000000000000000000000000000000000000000 
	Parameter ArianeCfg[NonIdempotentLength][6] bound to: 64'b0000000000000000000000000000000000000000000000000000000000000000 
	Parameter ArianeCfg[NonIdempotentLength][5] bound to: 64'b0000000000000000000000000000000000000000000000000000000000000000 
	Parameter ArianeCfg[NonIdempotentLength][4] bound to: 64'b0000000000000000000000000000000000000000000000000000000000000000 
	Parameter ArianeCfg[NonIdempotentLength][3] bound to: 64'b0000000000000000000000000000000000000000000000000000000000000000 
	Parameter ArianeCfg[NonIdempotentLength][2] bound to: 64'b0000000000000000000000000000000000000000000000000000000000000000 
	Parameter ArianeCfg[NonIdempotentLength][1] bound to: 64'b0000000000000000000000000000000000000000000000000000000000000000 
	Parameter ArianeCfg[NonIdempotentLength][0] bound to: 64'b0000000000000000000000000000000010000000000000000000000000000000 
	Parameter ArianeCfg[NrExecuteRegionRules] bound to: 32'b00000000000000000000000000000011 
	Parameter ArianeCfg[ExecuteRegionAddrBase][15] bound to: 64'b0000000000000000000000000000000000000000000000000000000000000000 
	Parameter ArianeCfg[ExecuteRegionAddrBase][14] bound to: 64'b0000000000000000000000000000000000000000000000000000000000000000 
	Parameter ArianeCfg[ExecuteRegionAddrBase][13] bound to: 64'b0000000000000000000000000000000000000000000000000000000000000000 
	Parameter ArianeCfg[ExecuteRegionAddrBase][12] bound to: 64'b0000000000000000000000000000000000000000000000000000000000000000 
	Parameter ArianeCfg[ExecuteRegionAddrBase][11] bound to: 64'b0000000000000000000000000000000000000000000000000000000000000000 
	Parameter ArianeCfg[ExecuteRegionAddrBase][10] bound to: 64'b0000000000000000000000000000000000000000000000000000000000000000 
	Parameter ArianeCfg[ExecuteRegionAddrBase][9] bound to: 64'b0000000000000000000000000000000000000000000000000000000000000000 
	Parameter ArianeCfg[ExecuteRegionAddrBase][8] bound to: 64'b0000000000000000000000000000000000000000000000000000000000000000 
	Parameter ArianeCfg[ExecuteRegionAddrBase][7] bound to: 64'b0000000000000000000000000000000000000000000000000000000000000000 
	Parameter ArianeCfg[ExecuteRegionAddrBase][6] bound to: 64'b0000000000000000000000000000000000000000000000000000000000000000 
	Parameter ArianeCfg[ExecuteRegionAddrBase][5] bound to: 64'b0000000000000000000000000000000000000000000000000000000000000000 
	Parameter ArianeCfg[ExecuteRegionAddrBase][4] bound to: 64'b0000000000000000000000000000000000000000000000000000000000000000 
	Parameter ArianeCfg[ExecuteRegionAddrBase][3] bound to: 64'b0000000000000000000000000000000000000000000000000000000000000000 
	Parameter ArianeCfg[ExecuteRegionAddrBase][2] bound to: 64'b0000000000000000000000000000000010000000000000000000000000000000 
	Parameter ArianeCfg[ExecuteRegionAddrBase][1] bound to: 64'b0000000000000000000000000000000000000000000000010000000000000000 
	Parameter ArianeCfg[ExecuteRegionAddrBase][0] bound to: 64'b0000000000000000000000000000000000000000000000000000000000000000 
	Parameter ArianeCfg[ExecuteRegionLength][15] bound to: 64'b0000000000000000000000000000000000000000000000000000000000000000 
	Parameter ArianeCfg[ExecuteRegionLength][14] bound to: 64'b0000000000000000000000000000000000000000000000000000000000000000 
	Parameter ArianeCfg[ExecuteRegionLength][13] bound to: 64'b0000000000000000000000000000000000000000000000000000000000000000 
	Parameter ArianeCfg[ExecuteRegionLength][12] bound to: 64'b0000000000000000000000000000000000000000000000000000000000000000 
	Parameter ArianeCfg[ExecuteRegionLength][11] bound to: 64'b0000000000000000000000000000000000000000000000000000000000000000 
	Parameter ArianeCfg[ExecuteRegionLength][10] bound to: 64'b0000000000000000000000000000000000000000000000000000000000000000 
	Parameter ArianeCfg[ExecuteRegionLength][9] bound to: 64'b0000000000000000000000000000000000000000000000000000000000000000 
	Parameter ArianeCfg[ExecuteRegionLength][8] bound to: 64'b0000000000000000000000000000000000000000000000000000000000000000 
	Parameter ArianeCfg[ExecuteRegionLength][7] bound to: 64'b0000000000000000000000000000000000000000000000000000000000000000 
	Parameter ArianeCfg[ExecuteRegionLength][6] bound to: 64'b0000000000000000000000000000000000000000000000000000000000000000 
	Parameter ArianeCfg[ExecuteRegionLength][5] bound to: 64'b0000000000000000000000000000000000000000000000000000000000000000 
	Parameter ArianeCfg[ExecuteRegionLength][4] bound to: 64'b0000000000000000000000000000000000000000000000000000000000000000 
	Parameter ArianeCfg[ExecuteRegionLength][3] bound to: 64'b0000000000000000000000000000000000000000000000000000000000000000 
	Parameter ArianeCfg[ExecuteRegionLength][2] bound to: 64'b0000000000000000000000000000000001000000000000000000000000000000 
	Parameter ArianeCfg[ExecuteRegionLength][1] bound to: 64'b0000000000000000000000000000000000000000000000010000000000000000 
	Parameter ArianeCfg[ExecuteRegionLength][0] bound to: 64'b0000000000000000000000000000000000000000000000000001000000000000 
	Parameter ArianeCfg[NrCachedRegionRules] bound to: 32'b00000000000000000000000000000001 
	Parameter ArianeCfg[CachedRegionAddrBase][15] bound to: 64'b0000000000000000000000000000000000000000000000000000000000000000 
	Parameter ArianeCfg[CachedRegionAddrBase][14] bound to: 64'b0000000000000000000000000000000000000000000000000000000000000000 
	Parameter ArianeCfg[CachedRegionAddrBase][13] bound to: 64'b0000000000000000000000000000000000000000000000000000000000000000 
	Parameter ArianeCfg[CachedRegionAddrBase][12] bound to: 64'b0000000000000000000000000000000000000000000000000000000000000000 
	Parameter ArianeCfg[CachedRegionAddrBase][11] bound to: 64'b0000000000000000000000000000000000000000000000000000000000000000 
	Parameter ArianeCfg[CachedRegionAddrBase][10] bound to: 64'b0000000000000000000000000000000000000000000000000000000000000000 
	Parameter ArianeCfg[CachedRegionAddrBase][9] bound to: 64'b0000000000000000000000000000000000000000000000000000000000000000 
	Parameter ArianeCfg[CachedRegionAddrBase][8] bound to: 64'b0000000000000000000000000000000000000000000000000000000000000000 
	Parameter ArianeCfg[CachedRegionAddrBase][7] bound to: 64'b0000000000000000000000000000000000000000000000000000000000000000 
	Parameter ArianeCfg[CachedRegionAddrBase][6] bound to: 64'b0000000000000000000000000000000000000000000000000000000000000000 
	Parameter ArianeCfg[CachedRegionAddrBase][5] bound to: 64'b0000000000000000000000000000000000000000000000000000000000000000 
	Parameter ArianeCfg[CachedRegionAddrBase][4] bound to: 64'b0000000000000000000000000000000000000000000000000000000000000000 
	Parameter ArianeCfg[CachedRegionAddrBase][3] bound to: 64'b0000000000000000000000000000000000000000000000000000000000000000 
	Parameter ArianeCfg[CachedRegionAddrBase][2] bound to: 64'b0000000000000000000000000000000000000000000000000000000000000000 
	Parameter ArianeCfg[CachedRegionAddrBase][1] bound to: 64'b0000000000000000000000000000000000000000000000000000000000000000 
	Parameter ArianeCfg[CachedRegionAddrBase][0] bound to: 64'b0000000000000000000000000000000010000000000000000000000000000000 
	Parameter ArianeCfg[CachedRegionLength][15] bound to: 64'b0000000000000000000000000000000000000000000000000000000000000000 
	Parameter ArianeCfg[CachedRegionLength][14] bound to: 64'b0000000000000000000000000000000000000000000000000000000000000000 
	Parameter ArianeCfg[CachedRegionLength][13] bound to: 64'b0000000000000000000000000000000000000000000000000000000000000000 
	Parameter ArianeCfg[CachedRegionLength][12] bound to: 64'b0000000000000000000000000000000000000000000000000000000000000000 
	Parameter ArianeCfg[CachedRegionLength][11] bound to: 64'b0000000000000000000000000000000000000000000000000000000000000000 
	Parameter ArianeCfg[CachedRegionLength][10] bound to: 64'b0000000000000000000000000000000000000000000000000000000000000000 
	Parameter ArianeCfg[CachedRegionLength][9] bound to: 64'b0000000000000000000000000000000000000000000000000000000000000000 
	Parameter ArianeCfg[CachedRegionLength][8] bound to: 64'b0000000000000000000000000000000000000000000000000000000000000000 
	Parameter ArianeCfg[CachedRegionLength][7] bound to: 64'b0000000000000000000000000000000000000000000000000000000000000000 
	Parameter ArianeCfg[CachedRegionLength][6] bound to: 64'b0000000000000000000000000000000000000000000000000000000000000000 
	Parameter ArianeCfg[CachedRegionLength][5] bound to: 64'b0000000000000000000000000000000000000000000000000000000000000000 
	Parameter ArianeCfg[CachedRegionLength][4] bound to: 64'b0000000000000000000000000000000000000000000000000000000000000000 
	Parameter ArianeCfg[CachedRegionLength][3] bound to: 64'b0000000000000000000000000000000000000000000000000000000000000000 
	Parameter ArianeCfg[CachedRegionLength][2] bound to: 64'b0000000000000000000000000000000000000000000000000000000000000000 
	Parameter ArianeCfg[CachedRegionLength][1] bound to: 64'b0000000000000000000000000000000000000000000000000000000000000000 
	Parameter ArianeCfg[CachedRegionLength][0] bound to: 64'b0000000000000000000000000000000001000000000000000000000000000000 
	Parameter ArianeCfg[AxiCompliant] bound to: 1'b1 
	Parameter ArianeCfg[SwapEndianess] bound to: 1'b0 
	Parameter ArianeCfg[DmBaseAddress] bound to: 64'b0000000000000000000000000000000000000000000000000000000000000000 
	Parameter ArianeCfg[NrPMPEntries] bound to: 32'b00000000000000000000000000001000 
INFO: [Synth 8-226] default block is never used [/home/jc/tmp/riscv-iommu-demo/cva6/core/fpu_wrap.sv:421]
	Parameter Features[Width] bound to: 32'b00000000000000000000000001000000 
	Parameter Features[EnableVectors] bound to: 1'b0 
	Parameter Features[EnableNanBox] bound to: 1'b1 
	Parameter Features[FpFmtMask] bound to: 5'b11000 
	Parameter Features[IntFmtMask] bound to: 4'b0011 
	Parameter Implementation[PipeRegs][0][0] bound to: 32'b00000000000000000000000000000010 
	Parameter Implementation[PipeRegs][0][1] bound to: 32'b00000000000000000000000000000011 
	Parameter Implementation[PipeRegs][0][2] bound to: 32'b00000000000000000000000000000001 
	Parameter Implementation[PipeRegs][0][3] bound to: 32'b00000000000000000000000000000001 
	Parameter Implementation[PipeRegs][0][4] bound to: 32'b00000000000000000000000000000001 
	Parameter Implementation[PipeRegs][1][0] bound to: 32'b00000000000000000000000000000010 
	Parameter Implementation[PipeRegs][1][1] bound to: 32'b00000000000000000000000000000010 
	Parameter Implementation[PipeRegs][1][2] bound to: 32'b00000000000000000000000000000010 
	Parameter Implementation[PipeRegs][1][3] bound to: 32'b00000000000000000000000000000010 
	Parameter Implementation[PipeRegs][1][4] bound to: 32'b00000000000000000000000000000010 
	Parameter Implementation[PipeRegs][2][0] bound to: 32'b00000000000000000000000000000001 
	Parameter Implementation[PipeRegs][2][1] bound to: 32'b00000000000000000000000000000001 
	Parameter Implementation[PipeRegs][2][2] bound to: 32'b00000000000000000000000000000001 
	Parameter Implementation[PipeRegs][2][3] bound to: 32'b00000000000000000000000000000001 
	Parameter Implementation[PipeRegs][2][4] bound to: 32'b00000000000000000000000000000001 
	Parameter Implementation[PipeRegs][3][0] bound to: 32'b00000000000000000000000000000010 
	Parameter Implementation[PipeRegs][3][1] bound to: 32'b00000000000000000000000000000010 
	Parameter Implementation[PipeRegs][3][2] bound to: 32'b00000000000000000000000000000010 
	Parameter Implementation[PipeRegs][3][3] bound to: 32'b00000000000000000000000000000010 
	Parameter Implementation[PipeRegs][3][4] bound to: 32'b00000000000000000000000000000010 
	Parameter Implementation[UnitTypes][0][0] bound to: 2'b01 
	Parameter Implementation[UnitTypes][0][1] bound to: 2'b01 
	Parameter Implementation[UnitTypes][0][2] bound to: 2'b01 
	Parameter Implementation[UnitTypes][0][3] bound to: 2'b01 
	Parameter Implementation[UnitTypes][0][4] bound to: 2'b01 
	Parameter Implementation[UnitTypes][1][0] bound to: 2'b10 
	Parameter Implementation[UnitTypes][1][1] bound to: 2'b10 
	Parameter Implementation[UnitTypes][1][2] bound to: 2'b10 
	Parameter Implementation[UnitTypes][1][3] bound to: 2'b10 
	Parameter Implementation[UnitTypes][1][4] bound to: 2'b10 
	Parameter Implementation[UnitTypes][2][0] bound to: 2'b01 
	Parameter Implementation[UnitTypes][2][1] bound to: 2'b01 
	Parameter Implementation[UnitTypes][2][2] bound to: 2'b01 
	Parameter Implementation[UnitTypes][2][3] bound to: 2'b01 
	Parameter Implementation[UnitTypes][2][4] bound to: 2'b01 
	Parameter Implementation[UnitTypes][3][0] bound to: 2'b10 
	Parameter Implementation[UnitTypes][3][1] bound to: 2'b10 
	Parameter Implementation[UnitTypes][3][2] bound to: 2'b10 
	Parameter Implementation[UnitTypes][3][3] bound to: 2'b10 
	Parameter Implementation[UnitTypes][3][4] bound to: 2'b10 
	Parameter Implementation[PipeConfig] bound to: 2'b11 
	Parameter OpGroup bound to: 2'b00 
	Parameter Width bound to: 32'b00000000000000000000000001000000 
	Parameter EnableVectors bound to: 1'b0 
	Parameter FpFmtMask bound to: 5'b11000 
	Parameter IntFmtMask bound to: 4'b0011 
	Parameter FmtPipeRegs bound to: 160'b0000000000000000000000000000001000000000000000000000000000000011000000000000000000000000000000010000000000000000000000000000000100000000000000000000000000000001 
	Parameter FmtUnitTypes bound to: 10'b0101010101 
	Parameter PipeConfig bound to: 2'b11 
	Parameter OpGroup bound to: 2'b00 
	Parameter FpFormat bound to: 3'b000 
	Parameter Width bound to: 32'b00000000000000000000000001000000 
	Parameter EnableVectors bound to: 1'b0 
	Parameter NumPipeRegs bound to: 32'b00000000000000000000000000000010 
	Parameter PipeConfig bound to: 2'b11 
	Parameter FpFormat bound to: 3'b000 
	Parameter NumPipeRegs bound to: 32'b00000000000000000000000000000010 
	Parameter PipeConfig bound to: 2'b11 
	Parameter FpFormat bound to: 3'b000 
	Parameter NumOperands bound to: 32'b00000000000000000000000000000011 
	Parameter WIDTH bound to: 32'b00000000000000000000000000110011 
	Parameter MODE bound to: 1'b1 
	Parameter AbsWidth bound to: 32'b00000000000000000000000000011111 
INFO: [Synth 8-226] default block is never used [/home/jc/tmp/riscv-iommu-demo/cva6/vendor/pulp-platform/fpnew/src/fpnew_rounding.sv:45]
	Parameter OpGroup bound to: 2'b00 
	Parameter FpFormat bound to: 3'b001 
	Parameter Width bound to: 32'b00000000000000000000000001000000 
	Parameter EnableVectors bound to: 1'b0 
	Parameter NumPipeRegs bound to: 32'b00000000000000000000000000000011 
	Parameter PipeConfig bound to: 2'b11 
	Parameter FpFormat bound to: 3'b001 
	Parameter NumPipeRegs bound to: 32'b00000000000000000000000000000011 
	Parameter PipeConfig bound to: 2'b11 
	Parameter FpFormat bound to: 3'b001 
	Parameter NumOperands bound to: 32'b00000000000000000000000000000011 
	Parameter WIDTH bound to: 32'b00000000000000000000000001101101 
	Parameter MODE bound to: 1'b1 
	Parameter AbsWidth bound to: 32'b00000000000000000000000000111111 
INFO: [Synth 8-226] default block is never used [/home/jc/tmp/riscv-iommu-demo/cva6/vendor/pulp-platform/fpnew/src/fpnew_rounding.sv:45]
	Parameter NumIn bound to: 32'b00000000000000000000000000000101 
	Parameter AxiVldRdy bound to: 1'b1 
	Parameter WIDTH bound to: 32'b00000000000000000000000000000101 
	Parameter MODE bound to: 1'b0 
	Parameter OpGroup bound to: 2'b01 
	Parameter Width bound to: 32'b00000000000000000000000001000000 
	Parameter EnableVectors bound to: 1'b0 
	Parameter FpFmtMask bound to: 5'b11000 
	Parameter IntFmtMask bound to: 4'b0011 
	Parameter FmtPipeRegs bound to: 160'b0000000000000000000000000000001000000000000000000000000000000010000000000000000000000000000000100000000000000000000000000000001000000000000000000000000000000010 
	Parameter FmtUnitTypes bound to: 10'b1010101010 
	Parameter PipeConfig bound to: 2'b11 
	Parameter OpGroup bound to: 2'b01 
	Parameter Width bound to: 32'b00000000000000000000000001000000 
	Parameter FpFmtConfig bound to: 5'b11000 
	Parameter IntFmtConfig bound to: 4'b0011 
	Parameter EnableVectors bound to: 1'b0 
	Parameter NumPipeRegs bound to: 32'b00000000000000000000000000000010 
	Parameter PipeConfig bound to: 2'b11 
	Parameter FpFmtConfig bound to: 5'b11000 
	Parameter NumPipeRegs bound to: 32'b00000000000000000000000000000010 
	Parameter PipeConfig bound to: 2'b11 
	Parameter WIDTH bound to: 32'b00000000000000000000000000110101 
	Parameter MODE bound to: 1'b1 
	Parameter WIDTH bound to: 58 - type: integer 
	Parameter OpGroup bound to: 2'b10 
	Parameter Width bound to: 32'b00000000000000000000000001000000 
	Parameter EnableVectors bound to: 1'b0 
	Parameter FpFmtMask bound to: 5'b11000 
	Parameter IntFmtMask bound to: 4'b0011 
	Parameter FmtPipeRegs bound to: 160'b0000000000000000000000000000000100000000000000000000000000000001000000000000000000000000000000010000000000000000000000000000000100000000000000000000000000000001 
	Parameter FmtUnitTypes bound to: 10'b0101010101 
	Parameter PipeConfig bound to: 2'b11 
	Parameter OpGroup bound to: 2'b10 
	Parameter FpFormat bound to: 3'b000 
	Parameter Width bound to: 32'b00000000000000000000000001000000 
	Parameter EnableVectors bound to: 1'b0 
	Parameter NumPipeRegs bound to: 32'b00000000000000000000000000000001 
	Parameter PipeConfig bound to: 2'b11 
	Parameter FpFormat bound to: 3'b000 
	Parameter NumPipeRegs bound to: 32'b00000000000000000000000000000001 
	Parameter PipeConfig bound to: 2'b11 
	Parameter FpFormat bound to: 3'b000 
	Parameter NumOperands bound to: 32'b00000000000000000000000000000010 
	Parameter OpGroup bound to: 2'b10 
	Parameter FpFormat bound to: 3'b001 
	Parameter Width bound to: 32'b00000000000000000000000001000000 
	Parameter EnableVectors bound to: 1'b0 
	Parameter NumPipeRegs bound to: 32'b00000000000000000000000000000001 
	Parameter PipeConfig bound to: 2'b11 
	Parameter FpFormat bound to: 3'b001 
	Parameter NumPipeRegs bound to: 32'b00000000000000000000000000000001 
	Parameter PipeConfig bound to: 2'b11 
	Parameter FpFormat bound to: 3'b001 
	Parameter NumOperands bound to: 32'b00000000000000000000000000000010 
	Parameter OpGroup bound to: 2'b11 
	Parameter Width bound to: 32'b00000000000000000000000001000000 
	Parameter EnableVectors bound to: 1'b0 
	Parameter FpFmtMask bound to: 5'b11000 
	Parameter IntFmtMask bound to: 4'b0011 
	Parameter FmtPipeRegs bound to: 160'b0000000000000000000000000000001000000000000000000000000000000010000000000000000000000000000000100000000000000000000000000000001000000000000000000000000000000010 
	Parameter FmtUnitTypes bound to: 10'b1010101010 
	Parameter PipeConfig bound to: 2'b11 
	Parameter OpGroup bound to: 2'b11 
	Parameter Width bound to: 32'b00000000000000000000000001000000 
	Parameter FpFmtConfig bound to: 5'b11000 
	Parameter IntFmtConfig bound to: 4'b0011 
	Parameter EnableVectors bound to: 1'b0 
	Parameter NumPipeRegs bound to: 32'b00000000000000000000000000000010 
	Parameter PipeConfig bound to: 2'b11 
	Parameter FpFmtConfig bound to: 5'b11000 
	Parameter IntFmtConfig bound to: 4'b0011 
	Parameter NumPipeRegs bound to: 32'b00000000000000000000000000000010 
	Parameter PipeConfig bound to: 2'b11 
	Parameter FpFormat bound to: 3'b000 
	Parameter NumOperands bound to: 32'b00000000000000000000000000000001 
	Parameter FpFormat bound to: 3'b001 
	Parameter NumOperands bound to: 32'b00000000000000000000000000000001 
	Parameter WIDTH bound to: 32'b00000000000000000000000001000000 
	Parameter MODE bound to: 1'b1 
	Parameter AbsWidth bound to: 32'b00000000000000000000000001000000 
INFO: [Synth 8-226] default block is never used [/home/jc/tmp/riscv-iommu-demo/cva6/vendor/pulp-platform/fpnew/src/fpnew_rounding.sv:45]
	Parameter NumIn bound to: 32'b00000000000000000000000000000100 
	Parameter AxiVldRdy bound to: 1'b1 
WARNING: [Synth 8-693] zero replication count - replication ignored [/home/jc/tmp/riscv-iommu-demo/cva6/core/branch_unit.sv:91]
WARNING: [Synth 8-693] zero replication count - replication ignored [/home/jc/tmp/riscv-iommu-demo/cva6/core/ex_stage.sv:234]
	Parameter WIDTH bound to: 64 - type: integer 
	Parameter ASID_WIDTH bound to: 32'b00000000000000000000000000010000 
	Parameter VMID_WIDTH bound to: 32'b00000000000000000000000000001110 
	Parameter ArianeCfg[RASDepth] bound to: 32'sb00000000000000000000000000000010 
	Parameter ArianeCfg[BTBEntries] bound to: 32'sb00000000000000000000000000100000 
	Parameter ArianeCfg[BHTEntries] bound to: 32'sb00000000000000000000000010000000 
	Parameter ArianeCfg[NrNonIdempotentRules] bound to: 32'b00000000000000000000000000000001 
	Parameter ArianeCfg[NonIdempotentAddrBase][15] bound to: 64'b0000000000000000000000000000000000000000000000000000000000000000 
	Parameter ArianeCfg[NonIdempotentAddrBase][14] bound to: 64'b0000000000000000000000000000000000000000000000000000000000000000 
	Parameter ArianeCfg[NonIdempotentAddrBase][13] bound to: 64'b0000000000000000000000000000000000000000000000000000000000000000 
	Parameter ArianeCfg[NonIdempotentAddrBase][12] bound to: 64'b0000000000000000000000000000000000000000000000000000000000000000 
	Parameter ArianeCfg[NonIdempotentAddrBase][11] bound to: 64'b0000000000000000000000000000000000000000000000000000000000000000 
	Parameter ArianeCfg[NonIdempotentAddrBase][10] bound to: 64'b0000000000000000000000000000000000000000000000000000000000000000 
	Parameter ArianeCfg[NonIdempotentAddrBase][9] bound to: 64'b0000000000000000000000000000000000000000000000000000000000000000 
	Parameter ArianeCfg[NonIdempotentAddrBase][8] bound to: 64'b0000000000000000000000000000000000000000000000000000000000000000 
	Parameter ArianeCfg[NonIdempotentAddrBase][7] bound to: 64'b0000000000000000000000000000000000000000000000000000000000000000 
	Parameter ArianeCfg[NonIdempotentAddrBase][6] bound to: 64'b0000000000000000000000000000000000000000000000000000000000000000 
	Parameter ArianeCfg[NonIdempotentAddrBase][5] bound to: 64'b0000000000000000000000000000000000000000000000000000000000000000 
	Parameter ArianeCfg[NonIdempotentAddrBase][4] bound to: 64'b0000000000000000000000000000000000000000000000000000000000000000 
	Parameter ArianeCfg[NonIdempotentAddrBase][3] bound to: 64'b0000000000000000000000000000000000000000000000000000000000000000 
	Parameter ArianeCfg[NonIdempotentAddrBase][2] bound to: 64'b0000000000000000000000000000000000000000000000000000000000000000 
	Parameter ArianeCfg[NonIdempotentAddrBase][1] bound to: 64'b0000000000000000000000000000000000000000000000000000000000000000 
	Parameter ArianeCfg[NonIdempotentAddrBase][0] bound to: 64'b0000000000000000000000000000000000000000000000000000000000000000 
	Parameter ArianeCfg[NonIdempotentLength][15] bound to: 64'b0000000000000000000000000000000000000000000000000000000000000000 
	Parameter ArianeCfg[NonIdempotentLength][14] bound to: 64'b0000000000000000000000000000000000000000000000000000000000000000 
	Parameter ArianeCfg[NonIdempotentLength][13] bound to: 64'b0000000000000000000000000000000000000000000000000000000000000000 
	Parameter ArianeCfg[NonIdempotentLength][12] bound to: 64'b0000000000000000000000000000000000000000000000000000000000000000 
	Parameter ArianeCfg[NonIdempotentLength][11] bound to: 64'b0000000000000000000000000000000000000000000000000000000000000000 
	Parameter ArianeCfg[NonIdempotentLength][10] bound to: 64'b0000000000000000000000000000000000000000000000000000000000000000 
	Parameter ArianeCfg[NonIdempotentLength][9] bound to: 64'b0000000000000000000000000000000000000000000000000000000000000000 
	Parameter ArianeCfg[NonIdempotentLength][8] bound to: 64'b0000000000000000000000000000000000000000000000000000000000000000 
	Parameter ArianeCfg[NonIdempotentLength][7] bound to: 64'b0000000000000000000000000000000000000000000000000000000000000000 
	Parameter ArianeCfg[NonIdempotentLength][6] bound to: 64'b0000000000000000000000000000000000000000000000000000000000000000 
	Parameter ArianeCfg[NonIdempotentLength][5] bound to: 64'b0000000000000000000000000000000000000000000000000000000000000000 
	Parameter ArianeCfg[NonIdempotentLength][4] bound to: 64'b0000000000000000000000000000000000000000000000000000000000000000 
	Parameter ArianeCfg[NonIdempotentLength][3] bound to: 64'b0000000000000000000000000000000000000000000000000000000000000000 
	Parameter ArianeCfg[NonIdempotentLength][2] bound to: 64'b0000000000000000000000000000000000000000000000000000000000000000 
	Parameter ArianeCfg[NonIdempotentLength][1] bound to: 64'b0000000000000000000000000000000000000000000000000000000000000000 
	Parameter ArianeCfg[NonIdempotentLength][0] bound to: 64'b0000000000000000000000000000000010000000000000000000000000000000 
	Parameter ArianeCfg[NrExecuteRegionRules] bound to: 32'b00000000000000000000000000000011 
	Parameter ArianeCfg[ExecuteRegionAddrBase][15] bound to: 64'b0000000000000000000000000000000000000000000000000000000000000000 
	Parameter ArianeCfg[ExecuteRegionAddrBase][14] bound to: 64'b0000000000000000000000000000000000000000000000000000000000000000 
	Parameter ArianeCfg[ExecuteRegionAddrBase][13] bound to: 64'b0000000000000000000000000000000000000000000000000000000000000000 
	Parameter ArianeCfg[ExecuteRegionAddrBase][12] bound to: 64'b0000000000000000000000000000000000000000000000000000000000000000 
	Parameter ArianeCfg[ExecuteRegionAddrBase][11] bound to: 64'b0000000000000000000000000000000000000000000000000000000000000000 
	Parameter ArianeCfg[ExecuteRegionAddrBase][10] bound to: 64'b0000000000000000000000000000000000000000000000000000000000000000 
	Parameter ArianeCfg[ExecuteRegionAddrBase][9] bound to: 64'b0000000000000000000000000000000000000000000000000000000000000000 
	Parameter ArianeCfg[ExecuteRegionAddrBase][8] bound to: 64'b0000000000000000000000000000000000000000000000000000000000000000 
	Parameter ArianeCfg[ExecuteRegionAddrBase][7] bound to: 64'b0000000000000000000000000000000000000000000000000000000000000000 
	Parameter ArianeCfg[ExecuteRegionAddrBase][6] bound to: 64'b0000000000000000000000000000000000000000000000000000000000000000 
	Parameter ArianeCfg[ExecuteRegionAddrBase][5] bound to: 64'b0000000000000000000000000000000000000000000000000000000000000000 
	Parameter ArianeCfg[ExecuteRegionAddrBase][4] bound to: 64'b0000000000000000000000000000000000000000000000000000000000000000 
	Parameter ArianeCfg[ExecuteRegionAddrBase][3] bound to: 64'b0000000000000000000000000000000000000000000000000000000000000000 
	Parameter ArianeCfg[ExecuteRegionAddrBase][2] bound to: 64'b0000000000000000000000000000000010000000000000000000000000000000 
	Parameter ArianeCfg[ExecuteRegionAddrBase][1] bound to: 64'b0000000000000000000000000000000000000000000000010000000000000000 
	Parameter ArianeCfg[ExecuteRegionAddrBase][0] bound to: 64'b0000000000000000000000000000000000000000000000000000000000000000 
	Parameter ArianeCfg[ExecuteRegionLength][15] bound to: 64'b0000000000000000000000000000000000000000000000000000000000000000 
	Parameter ArianeCfg[ExecuteRegionLength][14] bound to: 64'b0000000000000000000000000000000000000000000000000000000000000000 
	Parameter ArianeCfg[ExecuteRegionLength][13] bound to: 64'b0000000000000000000000000000000000000000000000000000000000000000 
	Parameter ArianeCfg[ExecuteRegionLength][12] bound to: 64'b0000000000000000000000000000000000000000000000000000000000000000 
	Parameter ArianeCfg[ExecuteRegionLength][11] bound to: 64'b0000000000000000000000000000000000000000000000000000000000000000 
	Parameter ArianeCfg[ExecuteRegionLength][10] bound to: 64'b0000000000000000000000000000000000000000000000000000000000000000 
	Parameter ArianeCfg[ExecuteRegionLength][9] bound to: 64'b0000000000000000000000000000000000000000000000000000000000000000 
	Parameter ArianeCfg[ExecuteRegionLength][8] bound to: 64'b0000000000000000000000000000000000000000000000000000000000000000 
	Parameter ArianeCfg[ExecuteRegionLength][7] bound to: 64'b0000000000000000000000000000000000000000000000000000000000000000 
	Parameter ArianeCfg[ExecuteRegionLength][6] bound to: 64'b0000000000000000000000000000000000000000000000000000000000000000 
	Parameter ArianeCfg[ExecuteRegionLength][5] bound to: 64'b0000000000000000000000000000000000000000000000000000000000000000 
	Parameter ArianeCfg[ExecuteRegionLength][4] bound to: 64'b0000000000000000000000000000000000000000000000000000000000000000 
	Parameter ArianeCfg[ExecuteRegionLength][3] bound to: 64'b0000000000000000000000000000000000000000000000000000000000000000 
	Parameter ArianeCfg[ExecuteRegionLength][2] bound to: 64'b0000000000000000000000000000000001000000000000000000000000000000 
	Parameter ArianeCfg[ExecuteRegionLength][1] bound to: 64'b0000000000000000000000000000000000000000000000010000000000000000 
	Parameter ArianeCfg[ExecuteRegionLength][0] bound to: 64'b0000000000000000000000000000000000000000000000000001000000000000 
	Parameter ArianeCfg[NrCachedRegionRules] bound to: 32'b00000000000000000000000000000001 
	Parameter ArianeCfg[CachedRegionAddrBase][15] bound to: 64'b0000000000000000000000000000000000000000000000000000000000000000 
	Parameter ArianeCfg[CachedRegionAddrBase][14] bound to: 64'b0000000000000000000000000000000000000000000000000000000000000000 
	Parameter ArianeCfg[CachedRegionAddrBase][13] bound to: 64'b0000000000000000000000000000000000000000000000000000000000000000 
	Parameter ArianeCfg[CachedRegionAddrBase][12] bound to: 64'b0000000000000000000000000000000000000000000000000000000000000000 
	Parameter ArianeCfg[CachedRegionAddrBase][11] bound to: 64'b0000000000000000000000000000000000000000000000000000000000000000 
	Parameter ArianeCfg[CachedRegionAddrBase][10] bound to: 64'b0000000000000000000000000000000000000000000000000000000000000000 
	Parameter ArianeCfg[CachedRegionAddrBase][9] bound to: 64'b0000000000000000000000000000000000000000000000000000000000000000 
	Parameter ArianeCfg[CachedRegionAddrBase][8] bound to: 64'b0000000000000000000000000000000000000000000000000000000000000000 
	Parameter ArianeCfg[CachedRegionAddrBase][7] bound to: 64'b0000000000000000000000000000000000000000000000000000000000000000 
	Parameter ArianeCfg[CachedRegionAddrBase][6] bound to: 64'b0000000000000000000000000000000000000000000000000000000000000000 
	Parameter ArianeCfg[CachedRegionAddrBase][5] bound to: 64'b0000000000000000000000000000000000000000000000000000000000000000 
	Parameter ArianeCfg[CachedRegionAddrBase][4] bound to: 64'b0000000000000000000000000000000000000000000000000000000000000000 
	Parameter ArianeCfg[CachedRegionAddrBase][3] bound to: 64'b0000000000000000000000000000000000000000000000000000000000000000 
	Parameter ArianeCfg[CachedRegionAddrBase][2] bound to: 64'b0000000000000000000000000000000000000000000000000000000000000000 
	Parameter ArianeCfg[CachedRegionAddrBase][1] bound to: 64'b0000000000000000000000000000000000000000000000000000000000000000 
	Parameter ArianeCfg[CachedRegionAddrBase][0] bound to: 64'b0000000000000000000000000000000010000000000000000000000000000000 
	Parameter ArianeCfg[CachedRegionLength][15] bound to: 64'b0000000000000000000000000000000000000000000000000000000000000000 
	Parameter ArianeCfg[CachedRegionLength][14] bound to: 64'b0000000000000000000000000000000000000000000000000000000000000000 
	Parameter ArianeCfg[CachedRegionLength][13] bound to: 64'b0000000000000000000000000000000000000000000000000000000000000000 
	Parameter ArianeCfg[CachedRegionLength][12] bound to: 64'b0000000000000000000000000000000000000000000000000000000000000000 
	Parameter ArianeCfg[CachedRegionLength][11] bound to: 64'b0000000000000000000000000000000000000000000000000000000000000000 
	Parameter ArianeCfg[CachedRegionLength][10] bound to: 64'b0000000000000000000000000000000000000000000000000000000000000000 
	Parameter ArianeCfg[CachedRegionLength][9] bound to: 64'b0000000000000000000000000000000000000000000000000000000000000000 
	Parameter ArianeCfg[CachedRegionLength][8] bound to: 64'b0000000000000000000000000000000000000000000000000000000000000000 
	Parameter ArianeCfg[CachedRegionLength][7] bound to: 64'b0000000000000000000000000000000000000000000000000000000000000000 
	Parameter ArianeCfg[CachedRegionLength][6] bound to: 64'b0000000000000000000000000000000000000000000000000000000000000000 
	Parameter ArianeCfg[CachedRegionLength][5] bound to: 64'b0000000000000000000000000000000000000000000000000000000000000000 
	Parameter ArianeCfg[CachedRegionLength][4] bound to: 64'b0000000000000000000000000000000000000000000000000000000000000000 
	Parameter ArianeCfg[CachedRegionLength][3] bound to: 64'b0000000000000000000000000000000000000000000000000000000000000000 
	Parameter ArianeCfg[CachedRegionLength][2] bound to: 64'b0000000000000000000000000000000000000000000000000000000000000000 
	Parameter ArianeCfg[CachedRegionLength][1] bound to: 64'b0000000000000000000000000000000000000000000000000000000000000000 
	Parameter ArianeCfg[CachedRegionLength][0] bound to: 64'b0000000000000000000000000000000001000000000000000000000000000000 
	Parameter ArianeCfg[AxiCompliant] bound to: 1'b1 
	Parameter ArianeCfg[SwapEndianess] bound to: 1'b0 
	Parameter ArianeCfg[DmBaseAddress] bound to: 64'b0000000000000000000000000000000000000000000000000000000000000000 
	Parameter ArianeCfg[NrPMPEntries] bound to: 32'b00000000000000000000000000001000 
	Parameter INSTR_TLB_ENTRIES bound to: 32'b00000000000000000000000000010000 
	Parameter DATA_TLB_ENTRIES bound to: 32'b00000000000000000000000000010000 
	Parameter ASID_WIDTH bound to: 32'b00000000000000000000000000010000 
	Parameter VMID_WIDTH bound to: 32'b00000000000000000000000000001110 
	Parameter ArianeCfg[RASDepth] bound to: 32'sb00000000000000000000000000000010 
	Parameter ArianeCfg[BTBEntries] bound to: 32'sb00000000000000000000000000100000 
	Parameter ArianeCfg[BHTEntries] bound to: 32'sb00000000000000000000000010000000 
	Parameter ArianeCfg[NrNonIdempotentRules] bound to: 32'b00000000000000000000000000000001 
	Parameter ArianeCfg[NonIdempotentAddrBase][15] bound to: 64'b0000000000000000000000000000000000000000000000000000000000000000 
	Parameter ArianeCfg[NonIdempotentAddrBase][14] bound to: 64'b0000000000000000000000000000000000000000000000000000000000000000 
	Parameter ArianeCfg[NonIdempotentAddrBase][13] bound to: 64'b0000000000000000000000000000000000000000000000000000000000000000 
	Parameter ArianeCfg[NonIdempotentAddrBase][12] bound to: 64'b0000000000000000000000000000000000000000000000000000000000000000 
	Parameter ArianeCfg[NonIdempotentAddrBase][11] bound to: 64'b0000000000000000000000000000000000000000000000000000000000000000 
	Parameter ArianeCfg[NonIdempotentAddrBase][10] bound to: 64'b0000000000000000000000000000000000000000000000000000000000000000 
	Parameter ArianeCfg[NonIdempotentAddrBase][9] bound to: 64'b0000000000000000000000000000000000000000000000000000000000000000 
	Parameter ArianeCfg[NonIdempotentAddrBase][8] bound to: 64'b0000000000000000000000000000000000000000000000000000000000000000 
	Parameter ArianeCfg[NonIdempotentAddrBase][7] bound to: 64'b0000000000000000000000000000000000000000000000000000000000000000 
	Parameter ArianeCfg[NonIdempotentAddrBase][6] bound to: 64'b0000000000000000000000000000000000000000000000000000000000000000 
	Parameter ArianeCfg[NonIdempotentAddrBase][5] bound to: 64'b0000000000000000000000000000000000000000000000000000000000000000 
	Parameter ArianeCfg[NonIdempotentAddrBase][4] bound to: 64'b0000000000000000000000000000000000000000000000000000000000000000 
	Parameter ArianeCfg[NonIdempotentAddrBase][3] bound to: 64'b0000000000000000000000000000000000000000000000000000000000000000 
	Parameter ArianeCfg[NonIdempotentAddrBase][2] bound to: 64'b0000000000000000000000000000000000000000000000000000000000000000 
	Parameter ArianeCfg[NonIdempotentAddrBase][1] bound to: 64'b0000000000000000000000000000000000000000000000000000000000000000 
	Parameter ArianeCfg[NonIdempotentAddrBase][0] bound to: 64'b0000000000000000000000000000000000000000000000000000000000000000 
	Parameter ArianeCfg[NonIdempotentLength][15] bound to: 64'b0000000000000000000000000000000000000000000000000000000000000000 
	Parameter ArianeCfg[NonIdempotentLength][14] bound to: 64'b0000000000000000000000000000000000000000000000000000000000000000 
	Parameter ArianeCfg[NonIdempotentLength][13] bound to: 64'b0000000000000000000000000000000000000000000000000000000000000000 
	Parameter ArianeCfg[NonIdempotentLength][12] bound to: 64'b0000000000000000000000000000000000000000000000000000000000000000 
	Parameter ArianeCfg[NonIdempotentLength][11] bound to: 64'b0000000000000000000000000000000000000000000000000000000000000000 
	Parameter ArianeCfg[NonIdempotentLength][10] bound to: 64'b0000000000000000000000000000000000000000000000000000000000000000 
	Parameter ArianeCfg[NonIdempotentLength][9] bound to: 64'b0000000000000000000000000000000000000000000000000000000000000000 
	Parameter ArianeCfg[NonIdempotentLength][8] bound to: 64'b0000000000000000000000000000000000000000000000000000000000000000 
	Parameter ArianeCfg[NonIdempotentLength][7] bound to: 64'b0000000000000000000000000000000000000000000000000000000000000000 
	Parameter ArianeCfg[NonIdempotentLength][6] bound to: 64'b0000000000000000000000000000000000000000000000000000000000000000 
	Parameter ArianeCfg[NonIdempotentLength][5] bound to: 64'b0000000000000000000000000000000000000000000000000000000000000000 
	Parameter ArianeCfg[NonIdempotentLength][4] bound to: 64'b0000000000000000000000000000000000000000000000000000000000000000 
	Parameter ArianeCfg[NonIdempotentLength][3] bound to: 64'b0000000000000000000000000000000000000000000000000000000000000000 
	Parameter ArianeCfg[NonIdempotentLength][2] bound to: 64'b0000000000000000000000000000000000000000000000000000000000000000 
	Parameter ArianeCfg[NonIdempotentLength][1] bound to: 64'b0000000000000000000000000000000000000000000000000000000000000000 
	Parameter ArianeCfg[NonIdempotentLength][0] bound to: 64'b0000000000000000000000000000000010000000000000000000000000000000 
	Parameter ArianeCfg[NrExecuteRegionRules] bound to: 32'b00000000000000000000000000000011 
	Parameter ArianeCfg[ExecuteRegionAddrBase][15] bound to: 64'b0000000000000000000000000000000000000000000000000000000000000000 
	Parameter ArianeCfg[ExecuteRegionAddrBase][14] bound to: 64'b0000000000000000000000000000000000000000000000000000000000000000 
	Parameter ArianeCfg[ExecuteRegionAddrBase][13] bound to: 64'b0000000000000000000000000000000000000000000000000000000000000000 
	Parameter ArianeCfg[ExecuteRegionAddrBase][12] bound to: 64'b0000000000000000000000000000000000000000000000000000000000000000 
	Parameter ArianeCfg[ExecuteRegionAddrBase][11] bound to: 64'b0000000000000000000000000000000000000000000000000000000000000000 
	Parameter ArianeCfg[ExecuteRegionAddrBase][10] bound to: 64'b0000000000000000000000000000000000000000000000000000000000000000 
	Parameter ArianeCfg[ExecuteRegionAddrBase][9] bound to: 64'b0000000000000000000000000000000000000000000000000000000000000000 
	Parameter ArianeCfg[ExecuteRegionAddrBase][8] bound to: 64'b0000000000000000000000000000000000000000000000000000000000000000 
	Parameter ArianeCfg[ExecuteRegionAddrBase][7] bound to: 64'b0000000000000000000000000000000000000000000000000000000000000000 
	Parameter ArianeCfg[ExecuteRegionAddrBase][6] bound to: 64'b0000000000000000000000000000000000000000000000000000000000000000 
	Parameter ArianeCfg[ExecuteRegionAddrBase][5] bound to: 64'b0000000000000000000000000000000000000000000000000000000000000000 
	Parameter ArianeCfg[ExecuteRegionAddrBase][4] bound to: 64'b0000000000000000000000000000000000000000000000000000000000000000 
	Parameter ArianeCfg[ExecuteRegionAddrBase][3] bound to: 64'b0000000000000000000000000000000000000000000000000000000000000000 
	Parameter ArianeCfg[ExecuteRegionAddrBase][2] bound to: 64'b0000000000000000000000000000000010000000000000000000000000000000 
	Parameter ArianeCfg[ExecuteRegionAddrBase][1] bound to: 64'b0000000000000000000000000000000000000000000000010000000000000000 
	Parameter ArianeCfg[ExecuteRegionAddrBase][0] bound to: 64'b0000000000000000000000000000000000000000000000000000000000000000 
	Parameter ArianeCfg[ExecuteRegionLength][15] bound to: 64'b0000000000000000000000000000000000000000000000000000000000000000 
	Parameter ArianeCfg[ExecuteRegionLength][14] bound to: 64'b0000000000000000000000000000000000000000000000000000000000000000 
	Parameter ArianeCfg[ExecuteRegionLength][13] bound to: 64'b0000000000000000000000000000000000000000000000000000000000000000 
	Parameter ArianeCfg[ExecuteRegionLength][12] bound to: 64'b0000000000000000000000000000000000000000000000000000000000000000 
	Parameter ArianeCfg[ExecuteRegionLength][11] bound to: 64'b0000000000000000000000000000000000000000000000000000000000000000 
	Parameter ArianeCfg[ExecuteRegionLength][10] bound to: 64'b0000000000000000000000000000000000000000000000000000000000000000 
	Parameter ArianeCfg[ExecuteRegionLength][9] bound to: 64'b0000000000000000000000000000000000000000000000000000000000000000 
	Parameter ArianeCfg[ExecuteRegionLength][8] bound to: 64'b0000000000000000000000000000000000000000000000000000000000000000 
	Parameter ArianeCfg[ExecuteRegionLength][7] bound to: 64'b0000000000000000000000000000000000000000000000000000000000000000 
	Parameter ArianeCfg[ExecuteRegionLength][6] bound to: 64'b0000000000000000000000000000000000000000000000000000000000000000 
	Parameter ArianeCfg[ExecuteRegionLength][5] bound to: 64'b0000000000000000000000000000000000000000000000000000000000000000 
	Parameter ArianeCfg[ExecuteRegionLength][4] bound to: 64'b0000000000000000000000000000000000000000000000000000000000000000 
	Parameter ArianeCfg[ExecuteRegionLength][3] bound to: 64'b0000000000000000000000000000000000000000000000000000000000000000 
	Parameter ArianeCfg[ExecuteRegionLength][2] bound to: 64'b0000000000000000000000000000000001000000000000000000000000000000 
	Parameter ArianeCfg[ExecuteRegionLength][1] bound to: 64'b0000000000000000000000000000000000000000000000010000000000000000 
	Parameter ArianeCfg[ExecuteRegionLength][0] bound to: 64'b0000000000000000000000000000000000000000000000000001000000000000 
	Parameter ArianeCfg[NrCachedRegionRules] bound to: 32'b00000000000000000000000000000001 
	Parameter ArianeCfg[CachedRegionAddrBase][15] bound to: 64'b0000000000000000000000000000000000000000000000000000000000000000 
	Parameter ArianeCfg[CachedRegionAddrBase][14] bound to: 64'b0000000000000000000000000000000000000000000000000000000000000000 
	Parameter ArianeCfg[CachedRegionAddrBase][13] bound to: 64'b0000000000000000000000000000000000000000000000000000000000000000 
	Parameter ArianeCfg[CachedRegionAddrBase][12] bound to: 64'b0000000000000000000000000000000000000000000000000000000000000000 
	Parameter ArianeCfg[CachedRegionAddrBase][11] bound to: 64'b0000000000000000000000000000000000000000000000000000000000000000 
	Parameter ArianeCfg[CachedRegionAddrBase][10] bound to: 64'b0000000000000000000000000000000000000000000000000000000000000000 
	Parameter ArianeCfg[CachedRegionAddrBase][9] bound to: 64'b0000000000000000000000000000000000000000000000000000000000000000 
	Parameter ArianeCfg[CachedRegionAddrBase][8] bound to: 64'b0000000000000000000000000000000000000000000000000000000000000000 
	Parameter ArianeCfg[CachedRegionAddrBase][7] bound to: 64'b0000000000000000000000000000000000000000000000000000000000000000 
	Parameter ArianeCfg[CachedRegionAddrBase][6] bound to: 64'b0000000000000000000000000000000000000000000000000000000000000000 
	Parameter ArianeCfg[CachedRegionAddrBase][5] bound to: 64'b0000000000000000000000000000000000000000000000000000000000000000 
	Parameter ArianeCfg[CachedRegionAddrBase][4] bound to: 64'b0000000000000000000000000000000000000000000000000000000000000000 
	Parameter ArianeCfg[CachedRegionAddrBase][3] bound to: 64'b0000000000000000000000000000000000000000000000000000000000000000 
	Parameter ArianeCfg[CachedRegionAddrBase][2] bound to: 64'b0000000000000000000000000000000000000000000000000000000000000000 
	Parameter ArianeCfg[CachedRegionAddrBase][1] bound to: 64'b0000000000000000000000000000000000000000000000000000000000000000 
	Parameter ArianeCfg[CachedRegionAddrBase][0] bound to: 64'b0000000000000000000000000000000010000000000000000000000000000000 
	Parameter ArianeCfg[CachedRegionLength][15] bound to: 64'b0000000000000000000000000000000000000000000000000000000000000000 
	Parameter ArianeCfg[CachedRegionLength][14] bound to: 64'b0000000000000000000000000000000000000000000000000000000000000000 
	Parameter ArianeCfg[CachedRegionLength][13] bound to: 64'b0000000000000000000000000000000000000000000000000000000000000000 
	Parameter ArianeCfg[CachedRegionLength][12] bound to: 64'b0000000000000000000000000000000000000000000000000000000000000000 
	Parameter ArianeCfg[CachedRegionLength][11] bound to: 64'b0000000000000000000000000000000000000000000000000000000000000000 
	Parameter ArianeCfg[CachedRegionLength][10] bound to: 64'b0000000000000000000000000000000000000000000000000000000000000000 
	Parameter ArianeCfg[CachedRegionLength][9] bound to: 64'b0000000000000000000000000000000000000000000000000000000000000000 
	Parameter ArianeCfg[CachedRegionLength][8] bound to: 64'b0000000000000000000000000000000000000000000000000000000000000000 
	Parameter ArianeCfg[CachedRegionLength][7] bound to: 64'b0000000000000000000000000000000000000000000000000000000000000000 
	Parameter ArianeCfg[CachedRegionLength][6] bound to: 64'b0000000000000000000000000000000000000000000000000000000000000000 
	Parameter ArianeCfg[CachedRegionLength][5] bound to: 64'b0000000000000000000000000000000000000000000000000000000000000000 
	Parameter ArianeCfg[CachedRegionLength][4] bound to: 64'b0000000000000000000000000000000000000000000000000000000000000000 
	Parameter ArianeCfg[CachedRegionLength][3] bound to: 64'b0000000000000000000000000000000000000000000000000000000000000000 
	Parameter ArianeCfg[CachedRegionLength][2] bound to: 64'b0000000000000000000000000000000000000000000000000000000000000000 
	Parameter ArianeCfg[CachedRegionLength][1] bound to: 64'b0000000000000000000000000000000000000000000000000000000000000000 
	Parameter ArianeCfg[CachedRegionLength][0] bound to: 64'b0000000000000000000000000000000001000000000000000000000000000000 
	Parameter ArianeCfg[AxiCompliant] bound to: 1'b1 
	Parameter ArianeCfg[SwapEndianess] bound to: 1'b0 
	Parameter ArianeCfg[DmBaseAddress] bound to: 64'b0000000000000000000000000000000000000000000000000000000000000000 
	Parameter ArianeCfg[NrPMPEntries] bound to: 32'b00000000000000000000000000001000 
	Parameter TLB_ENTRIES bound to: 32'b00000000000000000000000000010000 
	Parameter ASID_WIDTH bound to: 32'b00000000000000000000000000010000 
	Parameter VMID_WIDTH bound to: 32'b00000000000000000000000000001110 
	Parameter ASID_WIDTH bound to: 32'sb00000000000000000000000000010000 
	Parameter VMID_WIDTH bound to: 32'sb00000000000000000000000000001110 
	Parameter ArianeCfg[RASDepth] bound to: 32'sb00000000000000000000000000000010 
	Parameter ArianeCfg[BTBEntries] bound to: 32'sb00000000000000000000000000100000 
	Parameter ArianeCfg[BHTEntries] bound to: 32'sb00000000000000000000000010000000 
	Parameter ArianeCfg[NrNonIdempotentRules] bound to: 32'b00000000000000000000000000000001 
	Parameter ArianeCfg[NonIdempotentAddrBase][15] bound to: 64'b0000000000000000000000000000000000000000000000000000000000000000 
	Parameter ArianeCfg[NonIdempotentAddrBase][14] bound to: 64'b0000000000000000000000000000000000000000000000000000000000000000 
	Parameter ArianeCfg[NonIdempotentAddrBase][13] bound to: 64'b0000000000000000000000000000000000000000000000000000000000000000 
	Parameter ArianeCfg[NonIdempotentAddrBase][12] bound to: 64'b0000000000000000000000000000000000000000000000000000000000000000 
	Parameter ArianeCfg[NonIdempotentAddrBase][11] bound to: 64'b0000000000000000000000000000000000000000000000000000000000000000 
	Parameter ArianeCfg[NonIdempotentAddrBase][10] bound to: 64'b0000000000000000000000000000000000000000000000000000000000000000 
	Parameter ArianeCfg[NonIdempotentAddrBase][9] bound to: 64'b0000000000000000000000000000000000000000000000000000000000000000 
	Parameter ArianeCfg[NonIdempotentAddrBase][8] bound to: 64'b0000000000000000000000000000000000000000000000000000000000000000 
	Parameter ArianeCfg[NonIdempotentAddrBase][7] bound to: 64'b0000000000000000000000000000000000000000000000000000000000000000 
	Parameter ArianeCfg[NonIdempotentAddrBase][6] bound to: 64'b0000000000000000000000000000000000000000000000000000000000000000 
	Parameter ArianeCfg[NonIdempotentAddrBase][5] bound to: 64'b0000000000000000000000000000000000000000000000000000000000000000 
	Parameter ArianeCfg[NonIdempotentAddrBase][4] bound to: 64'b0000000000000000000000000000000000000000000000000000000000000000 
	Parameter ArianeCfg[NonIdempotentAddrBase][3] bound to: 64'b0000000000000000000000000000000000000000000000000000000000000000 
	Parameter ArianeCfg[NonIdempotentAddrBase][2] bound to: 64'b0000000000000000000000000000000000000000000000000000000000000000 
	Parameter ArianeCfg[NonIdempotentAddrBase][1] bound to: 64'b0000000000000000000000000000000000000000000000000000000000000000 
	Parameter ArianeCfg[NonIdempotentAddrBase][0] bound to: 64'b0000000000000000000000000000000000000000000000000000000000000000 
	Parameter ArianeCfg[NonIdempotentLength][15] bound to: 64'b0000000000000000000000000000000000000000000000000000000000000000 
	Parameter ArianeCfg[NonIdempotentLength][14] bound to: 64'b0000000000000000000000000000000000000000000000000000000000000000 
	Parameter ArianeCfg[NonIdempotentLength][13] bound to: 64'b0000000000000000000000000000000000000000000000000000000000000000 
	Parameter ArianeCfg[NonIdempotentLength][12] bound to: 64'b0000000000000000000000000000000000000000000000000000000000000000 
	Parameter ArianeCfg[NonIdempotentLength][11] bound to: 64'b0000000000000000000000000000000000000000000000000000000000000000 
	Parameter ArianeCfg[NonIdempotentLength][10] bound to: 64'b0000000000000000000000000000000000000000000000000000000000000000 
	Parameter ArianeCfg[NonIdempotentLength][9] bound to: 64'b0000000000000000000000000000000000000000000000000000000000000000 
	Parameter ArianeCfg[NonIdempotentLength][8] bound to: 64'b0000000000000000000000000000000000000000000000000000000000000000 
	Parameter ArianeCfg[NonIdempotentLength][7] bound to: 64'b0000000000000000000000000000000000000000000000000000000000000000 
	Parameter ArianeCfg[NonIdempotentLength][6] bound to: 64'b0000000000000000000000000000000000000000000000000000000000000000 
	Parameter ArianeCfg[NonIdempotentLength][5] bound to: 64'b0000000000000000000000000000000000000000000000000000000000000000 
	Parameter ArianeCfg[NonIdempotentLength][4] bound to: 64'b0000000000000000000000000000000000000000000000000000000000000000 
	Parameter ArianeCfg[NonIdempotentLength][3] bound to: 64'b0000000000000000000000000000000000000000000000000000000000000000 
	Parameter ArianeCfg[NonIdempotentLength][2] bound to: 64'b0000000000000000000000000000000000000000000000000000000000000000 
	Parameter ArianeCfg[NonIdempotentLength][1] bound to: 64'b0000000000000000000000000000000000000000000000000000000000000000 
	Parameter ArianeCfg[NonIdempotentLength][0] bound to: 64'b0000000000000000000000000000000010000000000000000000000000000000 
	Parameter ArianeCfg[NrExecuteRegionRules] bound to: 32'b00000000000000000000000000000011 
	Parameter ArianeCfg[ExecuteRegionAddrBase][15] bound to: 64'b0000000000000000000000000000000000000000000000000000000000000000 
	Parameter ArianeCfg[ExecuteRegionAddrBase][14] bound to: 64'b0000000000000000000000000000000000000000000000000000000000000000 
	Parameter ArianeCfg[ExecuteRegionAddrBase][13] bound to: 64'b0000000000000000000000000000000000000000000000000000000000000000 
	Parameter ArianeCfg[ExecuteRegionAddrBase][12] bound to: 64'b0000000000000000000000000000000000000000000000000000000000000000 
	Parameter ArianeCfg[ExecuteRegionAddrBase][11] bound to: 64'b0000000000000000000000000000000000000000000000000000000000000000 
	Parameter ArianeCfg[ExecuteRegionAddrBase][10] bound to: 64'b0000000000000000000000000000000000000000000000000000000000000000 
	Parameter ArianeCfg[ExecuteRegionAddrBase][9] bound to: 64'b0000000000000000000000000000000000000000000000000000000000000000 
	Parameter ArianeCfg[ExecuteRegionAddrBase][8] bound to: 64'b0000000000000000000000000000000000000000000000000000000000000000 
	Parameter ArianeCfg[ExecuteRegionAddrBase][7] bound to: 64'b0000000000000000000000000000000000000000000000000000000000000000 
	Parameter ArianeCfg[ExecuteRegionAddrBase][6] bound to: 64'b0000000000000000000000000000000000000000000000000000000000000000 
	Parameter ArianeCfg[ExecuteRegionAddrBase][5] bound to: 64'b0000000000000000000000000000000000000000000000000000000000000000 
	Parameter ArianeCfg[ExecuteRegionAddrBase][4] bound to: 64'b0000000000000000000000000000000000000000000000000000000000000000 
	Parameter ArianeCfg[ExecuteRegionAddrBase][3] bound to: 64'b0000000000000000000000000000000000000000000000000000000000000000 
	Parameter ArianeCfg[ExecuteRegionAddrBase][2] bound to: 64'b0000000000000000000000000000000010000000000000000000000000000000 
	Parameter ArianeCfg[ExecuteRegionAddrBase][1] bound to: 64'b0000000000000000000000000000000000000000000000010000000000000000 
	Parameter ArianeCfg[ExecuteRegionAddrBase][0] bound to: 64'b0000000000000000000000000000000000000000000000000000000000000000 
	Parameter ArianeCfg[ExecuteRegionLength][15] bound to: 64'b0000000000000000000000000000000000000000000000000000000000000000 
	Parameter ArianeCfg[ExecuteRegionLength][14] bound to: 64'b0000000000000000000000000000000000000000000000000000000000000000 
	Parameter ArianeCfg[ExecuteRegionLength][13] bound to: 64'b0000000000000000000000000000000000000000000000000000000000000000 
	Parameter ArianeCfg[ExecuteRegionLength][12] bound to: 64'b0000000000000000000000000000000000000000000000000000000000000000 
	Parameter ArianeCfg[ExecuteRegionLength][11] bound to: 64'b0000000000000000000000000000000000000000000000000000000000000000 
	Parameter ArianeCfg[ExecuteRegionLength][10] bound to: 64'b0000000000000000000000000000000000000000000000000000000000000000 
	Parameter ArianeCfg[ExecuteRegionLength][9] bound to: 64'b0000000000000000000000000000000000000000000000000000000000000000 
	Parameter ArianeCfg[ExecuteRegionLength][8] bound to: 64'b0000000000000000000000000000000000000000000000000000000000000000 
	Parameter ArianeCfg[ExecuteRegionLength][7] bound to: 64'b0000000000000000000000000000000000000000000000000000000000000000 
	Parameter ArianeCfg[ExecuteRegionLength][6] bound to: 64'b0000000000000000000000000000000000000000000000000000000000000000 
	Parameter ArianeCfg[ExecuteRegionLength][5] bound to: 64'b0000000000000000000000000000000000000000000000000000000000000000 
	Parameter ArianeCfg[ExecuteRegionLength][4] bound to: 64'b0000000000000000000000000000000000000000000000000000000000000000 
	Parameter ArianeCfg[ExecuteRegionLength][3] bound to: 64'b0000000000000000000000000000000000000000000000000000000000000000 
	Parameter ArianeCfg[ExecuteRegionLength][2] bound to: 64'b0000000000000000000000000000000001000000000000000000000000000000 
	Parameter ArianeCfg[ExecuteRegionLength][1] bound to: 64'b0000000000000000000000000000000000000000000000010000000000000000 
	Parameter ArianeCfg[ExecuteRegionLength][0] bound to: 64'b0000000000000000000000000000000000000000000000000001000000000000 
	Parameter ArianeCfg[NrCachedRegionRules] bound to: 32'b00000000000000000000000000000001 
	Parameter ArianeCfg[CachedRegionAddrBase][15] bound to: 64'b0000000000000000000000000000000000000000000000000000000000000000 
	Parameter ArianeCfg[CachedRegionAddrBase][14] bound to: 64'b0000000000000000000000000000000000000000000000000000000000000000 
	Parameter ArianeCfg[CachedRegionAddrBase][13] bound to: 64'b0000000000000000000000000000000000000000000000000000000000000000 
	Parameter ArianeCfg[CachedRegionAddrBase][12] bound to: 64'b0000000000000000000000000000000000000000000000000000000000000000 
	Parameter ArianeCfg[CachedRegionAddrBase][11] bound to: 64'b0000000000000000000000000000000000000000000000000000000000000000 
	Parameter ArianeCfg[CachedRegionAddrBase][10] bound to: 64'b0000000000000000000000000000000000000000000000000000000000000000 
	Parameter ArianeCfg[CachedRegionAddrBase][9] bound to: 64'b0000000000000000000000000000000000000000000000000000000000000000 
	Parameter ArianeCfg[CachedRegionAddrBase][8] bound to: 64'b0000000000000000000000000000000000000000000000000000000000000000 
	Parameter ArianeCfg[CachedRegionAddrBase][7] bound to: 64'b0000000000000000000000000000000000000000000000000000000000000000 
	Parameter ArianeCfg[CachedRegionAddrBase][6] bound to: 64'b0000000000000000000000000000000000000000000000000000000000000000 
	Parameter ArianeCfg[CachedRegionAddrBase][5] bound to: 64'b0000000000000000000000000000000000000000000000000000000000000000 
	Parameter ArianeCfg[CachedRegionAddrBase][4] bound to: 64'b0000000000000000000000000000000000000000000000000000000000000000 
	Parameter ArianeCfg[CachedRegionAddrBase][3] bound to: 64'b0000000000000000000000000000000000000000000000000000000000000000 
	Parameter ArianeCfg[CachedRegionAddrBase][2] bound to: 64'b0000000000000000000000000000000000000000000000000000000000000000 
	Parameter ArianeCfg[CachedRegionAddrBase][1] bound to: 64'b0000000000000000000000000000000000000000000000000000000000000000 
	Parameter ArianeCfg[CachedRegionAddrBase][0] bound to: 64'b0000000000000000000000000000000010000000000000000000000000000000 
	Parameter ArianeCfg[CachedRegionLength][15] bound to: 64'b0000000000000000000000000000000000000000000000000000000000000000 
	Parameter ArianeCfg[CachedRegionLength][14] bound to: 64'b0000000000000000000000000000000000000000000000000000000000000000 
	Parameter ArianeCfg[CachedRegionLength][13] bound to: 64'b0000000000000000000000000000000000000000000000000000000000000000 
	Parameter ArianeCfg[CachedRegionLength][12] bound to: 64'b0000000000000000000000000000000000000000000000000000000000000000 
	Parameter ArianeCfg[CachedRegionLength][11] bound to: 64'b0000000000000000000000000000000000000000000000000000000000000000 
	Parameter ArianeCfg[CachedRegionLength][10] bound to: 64'b0000000000000000000000000000000000000000000000000000000000000000 
	Parameter ArianeCfg[CachedRegionLength][9] bound to: 64'b0000000000000000000000000000000000000000000000000000000000000000 
	Parameter ArianeCfg[CachedRegionLength][8] bound to: 64'b0000000000000000000000000000000000000000000000000000000000000000 
	Parameter ArianeCfg[CachedRegionLength][7] bound to: 64'b0000000000000000000000000000000000000000000000000000000000000000 
	Parameter ArianeCfg[CachedRegionLength][6] bound to: 64'b0000000000000000000000000000000000000000000000000000000000000000 
	Parameter ArianeCfg[CachedRegionLength][5] bound to: 64'b0000000000000000000000000000000000000000000000000000000000000000 
	Parameter ArianeCfg[CachedRegionLength][4] bound to: 64'b0000000000000000000000000000000000000000000000000000000000000000 
	Parameter ArianeCfg[CachedRegionLength][3] bound to: 64'b0000000000000000000000000000000000000000000000000000000000000000 
	Parameter ArianeCfg[CachedRegionLength][2] bound to: 64'b0000000000000000000000000000000000000000000000000000000000000000 
	Parameter ArianeCfg[CachedRegionLength][1] bound to: 64'b0000000000000000000000000000000000000000000000000000000000000000 
	Parameter ArianeCfg[CachedRegionLength][0] bound to: 64'b0000000000000000000000000000000001000000000000000000000000000000 
	Parameter ArianeCfg[AxiCompliant] bound to: 1'b1 
	Parameter ArianeCfg[SwapEndianess] bound to: 1'b0 
	Parameter ArianeCfg[DmBaseAddress] bound to: 64'b0000000000000000000000000000000000000000000000000000000000000000 
	Parameter ArianeCfg[NrPMPEntries] bound to: 32'b00000000000000000000000000001000 
WARNING: [Synth 8-693] zero replication count - replication ignored [/home/jc/tmp/riscv-iommu-demo/cva6/core/mmu_sv39x4/cva6_ptw_sv39x4.sv:155]
WARNING: [Synth 8-693] zero replication count - replication ignored [/home/jc/tmp/riscv-iommu-demo/cva6/core/mmu_sv39x4/cva6_ptw_sv39x4.sv:156]
	Parameter PLEN bound to: 32'b00000000000000000000000000111000 
	Parameter PMP_LEN bound to: 32'b00000000000000000000000000110110 
	Parameter NR_ENTRIES bound to: 32'b00000000000000000000000000001000 
	Parameter PLEN bound to: 32'b00000000000000000000000000111000 
	Parameter PMP_LEN bound to: 32'b00000000000000000000000000110110 
	Parameter WIDTH bound to: 32'b00000000000000000000000000111000 
	Parameter MODE bound to: 1'b0 
INFO: [Synth 8-226] default block is never used [/home/jc/tmp/riscv-iommu-demo/cva6/core/pmp/src/pmp_entry.sv:40]
INFO: [Synth 8-155] case statement is not full and has no default [/home/jc/tmp/riscv-iommu-demo/cva6/core/mmu_sv39x4/cva6_ptw_sv39x4.sv:483]
WARNING: [Synth 8-693] zero replication count - replication ignored [/home/jc/tmp/riscv-iommu-demo/cva6/core/mmu_sv39x4/cva6_mmu_sv39x4.sv:286]
WARNING: [Synth 8-693] zero replication count - replication ignored [/home/jc/tmp/riscv-iommu-demo/cva6/core/mmu_sv39x4/cva6_mmu_sv39x4.sv:315]
WARNING: [Synth 8-693] zero replication count - replication ignored [/home/jc/tmp/riscv-iommu-demo/cva6/core/mmu_sv39x4/cva6_mmu_sv39x4.sv:326]
WARNING: [Synth 8-693] zero replication count - replication ignored [/home/jc/tmp/riscv-iommu-demo/cva6/core/mmu_sv39x4/cva6_mmu_sv39x4.sv:353]
WARNING: [Synth 8-693] zero replication count - replication ignored [/home/jc/tmp/riscv-iommu-demo/cva6/core/mmu_sv39x4/cva6_mmu_sv39x4.sv:362]
WARNING: [Synth 8-693] zero replication count - replication ignored [/home/jc/tmp/riscv-iommu-demo/cva6/core/mmu_sv39x4/cva6_mmu_sv39x4.sv:373]
WARNING: [Synth 8-693] zero replication count - replication ignored [/home/jc/tmp/riscv-iommu-demo/cva6/core/mmu_sv39x4/cva6_mmu_sv39x4.sv:502]
WARNING: [Synth 8-693] zero replication count - replication ignored [/home/jc/tmp/riscv-iommu-demo/cva6/core/mmu_sv39x4/cva6_mmu_sv39x4.sv:511]
WARNING: [Synth 8-693] zero replication count - replication ignored [/home/jc/tmp/riscv-iommu-demo/cva6/core/mmu_sv39x4/cva6_mmu_sv39x4.sv:534]
WARNING: [Synth 8-693] zero replication count - replication ignored [/home/jc/tmp/riscv-iommu-demo/cva6/core/mmu_sv39x4/cva6_mmu_sv39x4.sv:544]
WARNING: [Synth 8-693] zero replication count - replication ignored [/home/jc/tmp/riscv-iommu-demo/cva6/core/mmu_sv39x4/cva6_mmu_sv39x4.sv:554]
WARNING: [Synth 8-693] zero replication count - replication ignored [/home/jc/tmp/riscv-iommu-demo/cva6/core/mmu_sv39x4/cva6_mmu_sv39x4.sv:578]
WARNING: [Synth 8-693] zero replication count - replication ignored [/home/jc/tmp/riscv-iommu-demo/cva6/core/mmu_sv39x4/cva6_mmu_sv39x4.sv:587]
WARNING: [Synth 8-693] zero replication count - replication ignored [/home/jc/tmp/riscv-iommu-demo/cva6/core/mmu_sv39x4/cva6_mmu_sv39x4.sv:598]
WARNING: [Synth 8-693] zero replication count - replication ignored [/home/jc/tmp/riscv-iommu-demo/cva6/core/mmu_sv39x4/cva6_mmu_sv39x4.sv:607]
WARNING: [Synth 8-693] zero replication count - replication ignored [/home/jc/tmp/riscv-iommu-demo/cva6/core/mmu_sv39x4/cva6_mmu_sv39x4.sv:623]
WARNING: [Synth 8-693] zero replication count - replication ignored [/home/jc/tmp/riscv-iommu-demo/cva6/core/mmu_sv39x4/cva6_mmu_sv39x4.sv:637]
WARNING: [Synth 8-693] zero replication count - replication ignored [/home/jc/tmp/riscv-iommu-demo/cva6/core/mmu_sv39x4/cva6_mmu_sv39x4.sv:646]
INFO: [Synth 8-155] case statement is not full and has no default [/home/jc/tmp/riscv-iommu-demo/cva6/core/include/ariane_pkg.sv:974]
WARNING: [Synth 8-693] zero replication count - replication ignored [/home/jc/tmp/riscv-iommu-demo/cva6/core/amo_buffer.sv:52]
	Parameter DEPTH bound to: 32'b00000000000000000000000000000001 
	Parameter ArianeCfg[RASDepth] bound to: 32'sb00000000000000000000000000000010 
	Parameter ArianeCfg[BTBEntries] bound to: 32'sb00000000000000000000000000100000 
	Parameter ArianeCfg[BHTEntries] bound to: 32'sb00000000000000000000000010000000 
	Parameter ArianeCfg[NrNonIdempotentRules] bound to: 32'b00000000000000000000000000000001 
	Parameter ArianeCfg[NonIdempotentAddrBase][15] bound to: 64'b0000000000000000000000000000000000000000000000000000000000000000 
	Parameter ArianeCfg[NonIdempotentAddrBase][14] bound to: 64'b0000000000000000000000000000000000000000000000000000000000000000 
	Parameter ArianeCfg[NonIdempotentAddrBase][13] bound to: 64'b0000000000000000000000000000000000000000000000000000000000000000 
	Parameter ArianeCfg[NonIdempotentAddrBase][12] bound to: 64'b0000000000000000000000000000000000000000000000000000000000000000 
	Parameter ArianeCfg[NonIdempotentAddrBase][11] bound to: 64'b0000000000000000000000000000000000000000000000000000000000000000 
	Parameter ArianeCfg[NonIdempotentAddrBase][10] bound to: 64'b0000000000000000000000000000000000000000000000000000000000000000 
	Parameter ArianeCfg[NonIdempotentAddrBase][9] bound to: 64'b0000000000000000000000000000000000000000000000000000000000000000 
	Parameter ArianeCfg[NonIdempotentAddrBase][8] bound to: 64'b0000000000000000000000000000000000000000000000000000000000000000 
	Parameter ArianeCfg[NonIdempotentAddrBase][7] bound to: 64'b0000000000000000000000000000000000000000000000000000000000000000 
	Parameter ArianeCfg[NonIdempotentAddrBase][6] bound to: 64'b0000000000000000000000000000000000000000000000000000000000000000 
	Parameter ArianeCfg[NonIdempotentAddrBase][5] bound to: 64'b0000000000000000000000000000000000000000000000000000000000000000 
	Parameter ArianeCfg[NonIdempotentAddrBase][4] bound to: 64'b0000000000000000000000000000000000000000000000000000000000000000 
	Parameter ArianeCfg[NonIdempotentAddrBase][3] bound to: 64'b0000000000000000000000000000000000000000000000000000000000000000 
	Parameter ArianeCfg[NonIdempotentAddrBase][2] bound to: 64'b0000000000000000000000000000000000000000000000000000000000000000 
	Parameter ArianeCfg[NonIdempotentAddrBase][1] bound to: 64'b0000000000000000000000000000000000000000000000000000000000000000 
	Parameter ArianeCfg[NonIdempotentAddrBase][0] bound to: 64'b0000000000000000000000000000000000000000000000000000000000000000 
	Parameter ArianeCfg[NonIdempotentLength][15] bound to: 64'b0000000000000000000000000000000000000000000000000000000000000000 
	Parameter ArianeCfg[NonIdempotentLength][14] bound to: 64'b0000000000000000000000000000000000000000000000000000000000000000 
	Parameter ArianeCfg[NonIdempotentLength][13] bound to: 64'b0000000000000000000000000000000000000000000000000000000000000000 
	Parameter ArianeCfg[NonIdempotentLength][12] bound to: 64'b0000000000000000000000000000000000000000000000000000000000000000 
	Parameter ArianeCfg[NonIdempotentLength][11] bound to: 64'b0000000000000000000000000000000000000000000000000000000000000000 
	Parameter ArianeCfg[NonIdempotentLength][10] bound to: 64'b0000000000000000000000000000000000000000000000000000000000000000 
	Parameter ArianeCfg[NonIdempotentLength][9] bound to: 64'b0000000000000000000000000000000000000000000000000000000000000000 
	Parameter ArianeCfg[NonIdempotentLength][8] bound to: 64'b0000000000000000000000000000000000000000000000000000000000000000 
	Parameter ArianeCfg[NonIdempotentLength][7] bound to: 64'b0000000000000000000000000000000000000000000000000000000000000000 
	Parameter ArianeCfg[NonIdempotentLength][6] bound to: 64'b0000000000000000000000000000000000000000000000000000000000000000 
	Parameter ArianeCfg[NonIdempotentLength][5] bound to: 64'b0000000000000000000000000000000000000000000000000000000000000000 
	Parameter ArianeCfg[NonIdempotentLength][4] bound to: 64'b0000000000000000000000000000000000000000000000000000000000000000 
	Parameter ArianeCfg[NonIdempotentLength][3] bound to: 64'b0000000000000000000000000000000000000000000000000000000000000000 
	Parameter ArianeCfg[NonIdempotentLength][2] bound to: 64'b0000000000000000000000000000000000000000000000000000000000000000 
	Parameter ArianeCfg[NonIdempotentLength][1] bound to: 64'b0000000000000000000000000000000000000000000000000000000000000000 
	Parameter ArianeCfg[NonIdempotentLength][0] bound to: 64'b0000000000000000000000000000000010000000000000000000000000000000 
	Parameter ArianeCfg[NrExecuteRegionRules] bound to: 32'b00000000000000000000000000000011 
	Parameter ArianeCfg[ExecuteRegionAddrBase][15] bound to: 64'b0000000000000000000000000000000000000000000000000000000000000000 
	Parameter ArianeCfg[ExecuteRegionAddrBase][14] bound to: 64'b0000000000000000000000000000000000000000000000000000000000000000 
	Parameter ArianeCfg[ExecuteRegionAddrBase][13] bound to: 64'b0000000000000000000000000000000000000000000000000000000000000000 
	Parameter ArianeCfg[ExecuteRegionAddrBase][12] bound to: 64'b0000000000000000000000000000000000000000000000000000000000000000 
	Parameter ArianeCfg[ExecuteRegionAddrBase][11] bound to: 64'b0000000000000000000000000000000000000000000000000000000000000000 
	Parameter ArianeCfg[ExecuteRegionAddrBase][10] bound to: 64'b0000000000000000000000000000000000000000000000000000000000000000 
	Parameter ArianeCfg[ExecuteRegionAddrBase][9] bound to: 64'b0000000000000000000000000000000000000000000000000000000000000000 
	Parameter ArianeCfg[ExecuteRegionAddrBase][8] bound to: 64'b0000000000000000000000000000000000000000000000000000000000000000 
	Parameter ArianeCfg[ExecuteRegionAddrBase][7] bound to: 64'b0000000000000000000000000000000000000000000000000000000000000000 
	Parameter ArianeCfg[ExecuteRegionAddrBase][6] bound to: 64'b0000000000000000000000000000000000000000000000000000000000000000 
	Parameter ArianeCfg[ExecuteRegionAddrBase][5] bound to: 64'b0000000000000000000000000000000000000000000000000000000000000000 
	Parameter ArianeCfg[ExecuteRegionAddrBase][4] bound to: 64'b0000000000000000000000000000000000000000000000000000000000000000 
	Parameter ArianeCfg[ExecuteRegionAddrBase][3] bound to: 64'b0000000000000000000000000000000000000000000000000000000000000000 
	Parameter ArianeCfg[ExecuteRegionAddrBase][2] bound to: 64'b0000000000000000000000000000000010000000000000000000000000000000 
	Parameter ArianeCfg[ExecuteRegionAddrBase][1] bound to: 64'b0000000000000000000000000000000000000000000000010000000000000000 
	Parameter ArianeCfg[ExecuteRegionAddrBase][0] bound to: 64'b0000000000000000000000000000000000000000000000000000000000000000 
	Parameter ArianeCfg[ExecuteRegionLength][15] bound to: 64'b0000000000000000000000000000000000000000000000000000000000000000 
	Parameter ArianeCfg[ExecuteRegionLength][14] bound to: 64'b0000000000000000000000000000000000000000000000000000000000000000 
	Parameter ArianeCfg[ExecuteRegionLength][13] bound to: 64'b0000000000000000000000000000000000000000000000000000000000000000 
	Parameter ArianeCfg[ExecuteRegionLength][12] bound to: 64'b0000000000000000000000000000000000000000000000000000000000000000 
	Parameter ArianeCfg[ExecuteRegionLength][11] bound to: 64'b0000000000000000000000000000000000000000000000000000000000000000 
	Parameter ArianeCfg[ExecuteRegionLength][10] bound to: 64'b0000000000000000000000000000000000000000000000000000000000000000 
	Parameter ArianeCfg[ExecuteRegionLength][9] bound to: 64'b0000000000000000000000000000000000000000000000000000000000000000 
	Parameter ArianeCfg[ExecuteRegionLength][8] bound to: 64'b0000000000000000000000000000000000000000000000000000000000000000 
	Parameter ArianeCfg[ExecuteRegionLength][7] bound to: 64'b0000000000000000000000000000000000000000000000000000000000000000 
	Parameter ArianeCfg[ExecuteRegionLength][6] bound to: 64'b0000000000000000000000000000000000000000000000000000000000000000 
	Parameter ArianeCfg[ExecuteRegionLength][5] bound to: 64'b0000000000000000000000000000000000000000000000000000000000000000 
	Parameter ArianeCfg[ExecuteRegionLength][4] bound to: 64'b0000000000000000000000000000000000000000000000000000000000000000 
	Parameter ArianeCfg[ExecuteRegionLength][3] bound to: 64'b0000000000000000000000000000000000000000000000000000000000000000 
	Parameter ArianeCfg[ExecuteRegionLength][2] bound to: 64'b0000000000000000000000000000000001000000000000000000000000000000 
	Parameter ArianeCfg[ExecuteRegionLength][1] bound to: 64'b0000000000000000000000000000000000000000000000010000000000000000 
	Parameter ArianeCfg[ExecuteRegionLength][0] bound to: 64'b0000000000000000000000000000000000000000000000000001000000000000 
	Parameter ArianeCfg[NrCachedRegionRules] bound to: 32'b00000000000000000000000000000001 
	Parameter ArianeCfg[CachedRegionAddrBase][15] bound to: 64'b0000000000000000000000000000000000000000000000000000000000000000 
	Parameter ArianeCfg[CachedRegionAddrBase][14] bound to: 64'b0000000000000000000000000000000000000000000000000000000000000000 
	Parameter ArianeCfg[CachedRegionAddrBase][13] bound to: 64'b0000000000000000000000000000000000000000000000000000000000000000 
	Parameter ArianeCfg[CachedRegionAddrBase][12] bound to: 64'b0000000000000000000000000000000000000000000000000000000000000000 
	Parameter ArianeCfg[CachedRegionAddrBase][11] bound to: 64'b0000000000000000000000000000000000000000000000000000000000000000 
	Parameter ArianeCfg[CachedRegionAddrBase][10] bound to: 64'b0000000000000000000000000000000000000000000000000000000000000000 
	Parameter ArianeCfg[CachedRegionAddrBase][9] bound to: 64'b0000000000000000000000000000000000000000000000000000000000000000 
	Parameter ArianeCfg[CachedRegionAddrBase][8] bound to: 64'b0000000000000000000000000000000000000000000000000000000000000000 
	Parameter ArianeCfg[CachedRegionAddrBase][7] bound to: 64'b0000000000000000000000000000000000000000000000000000000000000000 
	Parameter ArianeCfg[CachedRegionAddrBase][6] bound to: 64'b0000000000000000000000000000000000000000000000000000000000000000 
	Parameter ArianeCfg[CachedRegionAddrBase][5] bound to: 64'b0000000000000000000000000000000000000000000000000000000000000000 
	Parameter ArianeCfg[CachedRegionAddrBase][4] bound to: 64'b0000000000000000000000000000000000000000000000000000000000000000 
	Parameter ArianeCfg[CachedRegionAddrBase][3] bound to: 64'b0000000000000000000000000000000000000000000000000000000000000000 
	Parameter ArianeCfg[CachedRegionAddrBase][2] bound to: 64'b0000000000000000000000000000000000000000000000000000000000000000 
	Parameter ArianeCfg[CachedRegionAddrBase][1] bound to: 64'b0000000000000000000000000000000000000000000000000000000000000000 
	Parameter ArianeCfg[CachedRegionAddrBase][0] bound to: 64'b0000000000000000000000000000000010000000000000000000000000000000 
	Parameter ArianeCfg[CachedRegionLength][15] bound to: 64'b0000000000000000000000000000000000000000000000000000000000000000 
	Parameter ArianeCfg[CachedRegionLength][14] bound to: 64'b0000000000000000000000000000000000000000000000000000000000000000 
	Parameter ArianeCfg[CachedRegionLength][13] bound to: 64'b0000000000000000000000000000000000000000000000000000000000000000 
	Parameter ArianeCfg[CachedRegionLength][12] bound to: 64'b0000000000000000000000000000000000000000000000000000000000000000 
	Parameter ArianeCfg[CachedRegionLength][11] bound to: 64'b0000000000000000000000000000000000000000000000000000000000000000 
	Parameter ArianeCfg[CachedRegionLength][10] bound to: 64'b0000000000000000000000000000000000000000000000000000000000000000 
	Parameter ArianeCfg[CachedRegionLength][9] bound to: 64'b0000000000000000000000000000000000000000000000000000000000000000 
	Parameter ArianeCfg[CachedRegionLength][8] bound to: 64'b0000000000000000000000000000000000000000000000000000000000000000 
	Parameter ArianeCfg[CachedRegionLength][7] bound to: 64'b0000000000000000000000000000000000000000000000000000000000000000 
	Parameter ArianeCfg[CachedRegionLength][6] bound to: 64'b0000000000000000000000000000000000000000000000000000000000000000 
	Parameter ArianeCfg[CachedRegionLength][5] bound to: 64'b0000000000000000000000000000000000000000000000000000000000000000 
	Parameter ArianeCfg[CachedRegionLength][4] bound to: 64'b0000000000000000000000000000000000000000000000000000000000000000 
	Parameter ArianeCfg[CachedRegionLength][3] bound to: 64'b0000000000000000000000000000000000000000000000000000000000000000 
	Parameter ArianeCfg[CachedRegionLength][2] bound to: 64'b0000000000000000000000000000000000000000000000000000000000000000 
	Parameter ArianeCfg[CachedRegionLength][1] bound to: 64'b0000000000000000000000000000000000000000000000000000000000000000 
	Parameter ArianeCfg[CachedRegionLength][0] bound to: 64'b0000000000000000000000000000000001000000000000000000000000000000 
	Parameter ArianeCfg[AxiCompliant] bound to: 1'b1 
	Parameter ArianeCfg[SwapEndianess] bound to: 1'b0 
	Parameter ArianeCfg[DmBaseAddress] bound to: 64'b0000000000000000000000000000000000000000000000000000000000000000 
	Parameter ArianeCfg[NrPMPEntries] bound to: 32'b00000000000000000000000000001000 
INFO: [Synth 8-155] case statement is not full and has no default [/home/jc/tmp/riscv-iommu-demo/cva6/core/include/ariane_pkg.sv:974]
INFO: [Synth 8-155] case statement is not full and has no default [/home/jc/tmp/riscv-iommu-demo/cva6/core/load_unit.sv:116]
	Parameter Depth bound to: 32'b00000000000000000000000000000001 
	Parameter Depth bound to: 32'b00000000000000000000000000000000 
INFO: [Synth 8-155] case statement is not full and has no default [/home/jc/tmp/riscv-iommu-demo/cva6/core/include/ariane_pkg.sv:974]
INFO: [Synth 8-155] case statement is not full and has no default [/home/jc/tmp/riscv-iommu-demo/cva6/core/include/ariane_pkg.sv:909]
INFO: [Synth 8-155] case statement is not full and has no default [/home/jc/tmp/riscv-iommu-demo/cva6/core/include/ariane_pkg.sv:918]
WARNING: [Synth 8-693] zero replication count - replication ignored [/home/jc/tmp/riscv-iommu-demo/cva6/core/load_store_unit.sv:540]
WARNING: [Synth 8-693] zero replication count - replication ignored [/home/jc/tmp/riscv-iommu-demo/cva6/core/load_store_unit.sv:550]
WARNING: [Synth 8-693] zero replication count - replication ignored [/home/jc/tmp/riscv-iommu-demo/cva6/core/load_store_unit.sv:564]
WARNING: [Synth 8-693] zero replication count - replication ignored [/home/jc/tmp/riscv-iommu-demo/cva6/core/load_store_unit.sv:574]
WARNING: [Synth 8-693] zero replication count - replication ignored [/home/jc/tmp/riscv-iommu-demo/cva6/core/load_store_unit.sv:588]
WARNING: [Synth 8-693] zero replication count - replication ignored [/home/jc/tmp/riscv-iommu-demo/cva6/core/load_store_unit.sv:598]
WARNING: [Synth 8-693] zero replication count - replication ignored [/home/jc/tmp/riscv-iommu-demo/cva6/core/load_store_unit.sv:614]
	Parameter NR_COMMIT_PORTS bound to: 32'b00000000000000000000000000000010 
	Parameter DmBaseAddress bound to: 64'b0000000000000000000000000000000000000000000000000000000000000000 
	Parameter AsidWidth bound to: 32'sb00000000000000000000000000010000 
	Parameter VmidWidth bound to: 32'sb00000000000000000000000000001110 
	Parameter NrCommitPorts bound to: 32'b00000000000000000000000000000010 
	Parameter NrPMPEntries bound to: 32'b00000000000000000000000000001000 
WARNING: [Synth 8-693] zero replication count - replication ignored [/home/jc/tmp/riscv-iommu-demo/cva6/core/csr_regfile.sv:573]
WARNING: [Synth 8-693] zero replication count - replication ignored [/home/jc/tmp/riscv-iommu-demo/cva6/core/csr_regfile.sv:703]
WARNING: [Synth 8-693] zero replication count - replication ignored [/home/jc/tmp/riscv-iommu-demo/cva6/core/csr_regfile.sv:703]
WARNING: [Synth 8-693] zero replication count - replication ignored [/home/jc/tmp/riscv-iommu-demo/cva6/core/csr_regfile.sv:774]
WARNING: [Synth 8-693] zero replication count - replication ignored [/home/jc/tmp/riscv-iommu-demo/cva6/core/csr_regfile.sv:785]
WARNING: [Synth 8-693] zero replication count - replication ignored [/home/jc/tmp/riscv-iommu-demo/cva6/core/csr_regfile.sv:785]
WARNING: [Synth 8-693] zero replication count - replication ignored [/home/jc/tmp/riscv-iommu-demo/cva6/core/csr_regfile.sv:827]
WARNING: [Synth 8-693] zero replication count - replication ignored [/home/jc/tmp/riscv-iommu-demo/cva6/core/csr_regfile.sv:848]
WARNING: [Synth 8-693] zero replication count - replication ignored [/home/jc/tmp/riscv-iommu-demo/cva6/core/csr_regfile.sv:848]
WARNING: [Synth 8-693] zero replication count - replication ignored [/home/jc/tmp/riscv-iommu-demo/cva6/core/csr_regfile.sv:942]
WARNING: [Synth 8-693] zero replication count - replication ignored [/home/jc/tmp/riscv-iommu-demo/cva6/core/csr_regfile.sv:964]
WARNING: [Synth 8-693] zero replication count - replication ignored [/home/jc/tmp/riscv-iommu-demo/cva6/core/csr_regfile.sv:1222]
WARNING: [Synth 8-693] zero replication count - replication ignored [/home/jc/tmp/riscv-iommu-demo/cva6/core/csr_regfile.sv:1239]
WARNING: [Synth 8-693] zero replication count - replication ignored [/home/jc/tmp/riscv-iommu-demo/cva6/core/csr_regfile.sv:1277]
WARNING: [Synth 8-693] zero replication count - replication ignored [/home/jc/tmp/riscv-iommu-demo/cva6/core/csr_regfile.sv:1352]
WARNING: [Synth 8-693] zero replication count - replication ignored [/home/jc/tmp/riscv-iommu-demo/cva6/core/csr_regfile.sv:1362]
WARNING: [Synth 8-693] zero replication count - replication ignored [/home/jc/tmp/riscv-iommu-demo/cva6/core/csr_regfile.sv:1379]
WARNING: [Synth 8-693] zero replication count - replication ignored [/home/jc/tmp/riscv-iommu-demo/cva6/core/csr_regfile.sv:1382]
WARNING: [Synth 8-693] zero replication count - replication ignored [/home/jc/tmp/riscv-iommu-demo/cva6/core/csr_regfile.sv:1388]
	Parameter ArianeCfg[RASDepth] bound to: 32'sb00000000000000000000000000000010 
	Parameter ArianeCfg[BTBEntries] bound to: 32'sb00000000000000000000000000100000 
	Parameter ArianeCfg[BHTEntries] bound to: 32'sb00000000000000000000000010000000 
	Parameter ArianeCfg[NrNonIdempotentRules] bound to: 32'b00000000000000000000000000000001 
	Parameter ArianeCfg[NonIdempotentAddrBase][15] bound to: 64'b0000000000000000000000000000000000000000000000000000000000000000 
	Parameter ArianeCfg[NonIdempotentAddrBase][14] bound to: 64'b0000000000000000000000000000000000000000000000000000000000000000 
	Parameter ArianeCfg[NonIdempotentAddrBase][13] bound to: 64'b0000000000000000000000000000000000000000000000000000000000000000 
	Parameter ArianeCfg[NonIdempotentAddrBase][12] bound to: 64'b0000000000000000000000000000000000000000000000000000000000000000 
	Parameter ArianeCfg[NonIdempotentAddrBase][11] bound to: 64'b0000000000000000000000000000000000000000000000000000000000000000 
	Parameter ArianeCfg[NonIdempotentAddrBase][10] bound to: 64'b0000000000000000000000000000000000000000000000000000000000000000 
	Parameter ArianeCfg[NonIdempotentAddrBase][9] bound to: 64'b0000000000000000000000000000000000000000000000000000000000000000 
	Parameter ArianeCfg[NonIdempotentAddrBase][8] bound to: 64'b0000000000000000000000000000000000000000000000000000000000000000 
	Parameter ArianeCfg[NonIdempotentAddrBase][7] bound to: 64'b0000000000000000000000000000000000000000000000000000000000000000 
	Parameter ArianeCfg[NonIdempotentAddrBase][6] bound to: 64'b0000000000000000000000000000000000000000000000000000000000000000 
	Parameter ArianeCfg[NonIdempotentAddrBase][5] bound to: 64'b0000000000000000000000000000000000000000000000000000000000000000 
	Parameter ArianeCfg[NonIdempotentAddrBase][4] bound to: 64'b0000000000000000000000000000000000000000000000000000000000000000 
	Parameter ArianeCfg[NonIdempotentAddrBase][3] bound to: 64'b0000000000000000000000000000000000000000000000000000000000000000 
	Parameter ArianeCfg[NonIdempotentAddrBase][2] bound to: 64'b0000000000000000000000000000000000000000000000000000000000000000 
	Parameter ArianeCfg[NonIdempotentAddrBase][1] bound to: 64'b0000000000000000000000000000000000000000000000000000000000000000 
	Parameter ArianeCfg[NonIdempotentAddrBase][0] bound to: 64'b0000000000000000000000000000000000000000000000000000000000000000 
	Parameter ArianeCfg[NonIdempotentLength][15] bound to: 64'b0000000000000000000000000000000000000000000000000000000000000000 
	Parameter ArianeCfg[NonIdempotentLength][14] bound to: 64'b0000000000000000000000000000000000000000000000000000000000000000 
	Parameter ArianeCfg[NonIdempotentLength][13] bound to: 64'b0000000000000000000000000000000000000000000000000000000000000000 
	Parameter ArianeCfg[NonIdempotentLength][12] bound to: 64'b0000000000000000000000000000000000000000000000000000000000000000 
	Parameter ArianeCfg[NonIdempotentLength][11] bound to: 64'b0000000000000000000000000000000000000000000000000000000000000000 
	Parameter ArianeCfg[NonIdempotentLength][10] bound to: 64'b0000000000000000000000000000000000000000000000000000000000000000 
	Parameter ArianeCfg[NonIdempotentLength][9] bound to: 64'b0000000000000000000000000000000000000000000000000000000000000000 
	Parameter ArianeCfg[NonIdempotentLength][8] bound to: 64'b0000000000000000000000000000000000000000000000000000000000000000 
	Parameter ArianeCfg[NonIdempotentLength][7] bound to: 64'b0000000000000000000000000000000000000000000000000000000000000000 
	Parameter ArianeCfg[NonIdempotentLength][6] bound to: 64'b0000000000000000000000000000000000000000000000000000000000000000 
	Parameter ArianeCfg[NonIdempotentLength][5] bound to: 64'b0000000000000000000000000000000000000000000000000000000000000000 
	Parameter ArianeCfg[NonIdempotentLength][4] bound to: 64'b0000000000000000000000000000000000000000000000000000000000000000 
	Parameter ArianeCfg[NonIdempotentLength][3] bound to: 64'b0000000000000000000000000000000000000000000000000000000000000000 
	Parameter ArianeCfg[NonIdempotentLength][2] bound to: 64'b0000000000000000000000000000000000000000000000000000000000000000 
	Parameter ArianeCfg[NonIdempotentLength][1] bound to: 64'b0000000000000000000000000000000000000000000000000000000000000000 
	Parameter ArianeCfg[NonIdempotentLength][0] bound to: 64'b0000000000000000000000000000000010000000000000000000000000000000 
	Parameter ArianeCfg[NrExecuteRegionRules] bound to: 32'b00000000000000000000000000000011 
	Parameter ArianeCfg[ExecuteRegionAddrBase][15] bound to: 64'b0000000000000000000000000000000000000000000000000000000000000000 
	Parameter ArianeCfg[ExecuteRegionAddrBase][14] bound to: 64'b0000000000000000000000000000000000000000000000000000000000000000 
	Parameter ArianeCfg[ExecuteRegionAddrBase][13] bound to: 64'b0000000000000000000000000000000000000000000000000000000000000000 
	Parameter ArianeCfg[ExecuteRegionAddrBase][12] bound to: 64'b0000000000000000000000000000000000000000000000000000000000000000 
	Parameter ArianeCfg[ExecuteRegionAddrBase][11] bound to: 64'b0000000000000000000000000000000000000000000000000000000000000000 
	Parameter ArianeCfg[ExecuteRegionAddrBase][10] bound to: 64'b0000000000000000000000000000000000000000000000000000000000000000 
	Parameter ArianeCfg[ExecuteRegionAddrBase][9] bound to: 64'b0000000000000000000000000000000000000000000000000000000000000000 
	Parameter ArianeCfg[ExecuteRegionAddrBase][8] bound to: 64'b0000000000000000000000000000000000000000000000000000000000000000 
	Parameter ArianeCfg[ExecuteRegionAddrBase][7] bound to: 64'b0000000000000000000000000000000000000000000000000000000000000000 
	Parameter ArianeCfg[ExecuteRegionAddrBase][6] bound to: 64'b0000000000000000000000000000000000000000000000000000000000000000 
	Parameter ArianeCfg[ExecuteRegionAddrBase][5] bound to: 64'b0000000000000000000000000000000000000000000000000000000000000000 
	Parameter ArianeCfg[ExecuteRegionAddrBase][4] bound to: 64'b0000000000000000000000000000000000000000000000000000000000000000 
	Parameter ArianeCfg[ExecuteRegionAddrBase][3] bound to: 64'b0000000000000000000000000000000000000000000000000000000000000000 
	Parameter ArianeCfg[ExecuteRegionAddrBase][2] bound to: 64'b0000000000000000000000000000000010000000000000000000000000000000 
	Parameter ArianeCfg[ExecuteRegionAddrBase][1] bound to: 64'b0000000000000000000000000000000000000000000000010000000000000000 
	Parameter ArianeCfg[ExecuteRegionAddrBase][0] bound to: 64'b0000000000000000000000000000000000000000000000000000000000000000 
	Parameter ArianeCfg[ExecuteRegionLength][15] bound to: 64'b0000000000000000000000000000000000000000000000000000000000000000 
	Parameter ArianeCfg[ExecuteRegionLength][14] bound to: 64'b0000000000000000000000000000000000000000000000000000000000000000 
	Parameter ArianeCfg[ExecuteRegionLength][13] bound to: 64'b0000000000000000000000000000000000000000000000000000000000000000 
	Parameter ArianeCfg[ExecuteRegionLength][12] bound to: 64'b0000000000000000000000000000000000000000000000000000000000000000 
	Parameter ArianeCfg[ExecuteRegionLength][11] bound to: 64'b0000000000000000000000000000000000000000000000000000000000000000 
	Parameter ArianeCfg[ExecuteRegionLength][10] bound to: 64'b0000000000000000000000000000000000000000000000000000000000000000 
	Parameter ArianeCfg[ExecuteRegionLength][9] bound to: 64'b0000000000000000000000000000000000000000000000000000000000000000 
	Parameter ArianeCfg[ExecuteRegionLength][8] bound to: 64'b0000000000000000000000000000000000000000000000000000000000000000 
	Parameter ArianeCfg[ExecuteRegionLength][7] bound to: 64'b0000000000000000000000000000000000000000000000000000000000000000 
	Parameter ArianeCfg[ExecuteRegionLength][6] bound to: 64'b0000000000000000000000000000000000000000000000000000000000000000 
	Parameter ArianeCfg[ExecuteRegionLength][5] bound to: 64'b0000000000000000000000000000000000000000000000000000000000000000 
	Parameter ArianeCfg[ExecuteRegionLength][4] bound to: 64'b0000000000000000000000000000000000000000000000000000000000000000 
	Parameter ArianeCfg[ExecuteRegionLength][3] bound to: 64'b0000000000000000000000000000000000000000000000000000000000000000 
	Parameter ArianeCfg[ExecuteRegionLength][2] bound to: 64'b0000000000000000000000000000000001000000000000000000000000000000 
	Parameter ArianeCfg[ExecuteRegionLength][1] bound to: 64'b0000000000000000000000000000000000000000000000010000000000000000 
	Parameter ArianeCfg[ExecuteRegionLength][0] bound to: 64'b0000000000000000000000000000000000000000000000000001000000000000 
	Parameter ArianeCfg[NrCachedRegionRules] bound to: 32'b00000000000000000000000000000001 
	Parameter ArianeCfg[CachedRegionAddrBase][15] bound to: 64'b0000000000000000000000000000000000000000000000000000000000000000 
	Parameter ArianeCfg[CachedRegionAddrBase][14] bound to: 64'b0000000000000000000000000000000000000000000000000000000000000000 
	Parameter ArianeCfg[CachedRegionAddrBase][13] bound to: 64'b0000000000000000000000000000000000000000000000000000000000000000 
	Parameter ArianeCfg[CachedRegionAddrBase][12] bound to: 64'b0000000000000000000000000000000000000000000000000000000000000000 
	Parameter ArianeCfg[CachedRegionAddrBase][11] bound to: 64'b0000000000000000000000000000000000000000000000000000000000000000 
	Parameter ArianeCfg[CachedRegionAddrBase][10] bound to: 64'b0000000000000000000000000000000000000000000000000000000000000000 
	Parameter ArianeCfg[CachedRegionAddrBase][9] bound to: 64'b0000000000000000000000000000000000000000000000000000000000000000 
	Parameter ArianeCfg[CachedRegionAddrBase][8] bound to: 64'b0000000000000000000000000000000000000000000000000000000000000000 
	Parameter ArianeCfg[CachedRegionAddrBase][7] bound to: 64'b0000000000000000000000000000000000000000000000000000000000000000 
	Parameter ArianeCfg[CachedRegionAddrBase][6] bound to: 64'b0000000000000000000000000000000000000000000000000000000000000000 
	Parameter ArianeCfg[CachedRegionAddrBase][5] bound to: 64'b0000000000000000000000000000000000000000000000000000000000000000 
	Parameter ArianeCfg[CachedRegionAddrBase][4] bound to: 64'b0000000000000000000000000000000000000000000000000000000000000000 
	Parameter ArianeCfg[CachedRegionAddrBase][3] bound to: 64'b0000000000000000000000000000000000000000000000000000000000000000 
	Parameter ArianeCfg[CachedRegionAddrBase][2] bound to: 64'b0000000000000000000000000000000000000000000000000000000000000000 
	Parameter ArianeCfg[CachedRegionAddrBase][1] bound to: 64'b0000000000000000000000000000000000000000000000000000000000000000 
	Parameter ArianeCfg[CachedRegionAddrBase][0] bound to: 64'b0000000000000000000000000000000010000000000000000000000000000000 
	Parameter ArianeCfg[CachedRegionLength][15] bound to: 64'b0000000000000000000000000000000000000000000000000000000000000000 
	Parameter ArianeCfg[CachedRegionLength][14] bound to: 64'b0000000000000000000000000000000000000000000000000000000000000000 
	Parameter ArianeCfg[CachedRegionLength][13] bound to: 64'b0000000000000000000000000000000000000000000000000000000000000000 
	Parameter ArianeCfg[CachedRegionLength][12] bound to: 64'b0000000000000000000000000000000000000000000000000000000000000000 
	Parameter ArianeCfg[CachedRegionLength][11] bound to: 64'b0000000000000000000000000000000000000000000000000000000000000000 
	Parameter ArianeCfg[CachedRegionLength][10] bound to: 64'b0000000000000000000000000000000000000000000000000000000000000000 
	Parameter ArianeCfg[CachedRegionLength][9] bound to: 64'b0000000000000000000000000000000000000000000000000000000000000000 
	Parameter ArianeCfg[CachedRegionLength][8] bound to: 64'b0000000000000000000000000000000000000000000000000000000000000000 
	Parameter ArianeCfg[CachedRegionLength][7] bound to: 64'b0000000000000000000000000000000000000000000000000000000000000000 
	Parameter ArianeCfg[CachedRegionLength][6] bound to: 64'b0000000000000000000000000000000000000000000000000000000000000000 
	Parameter ArianeCfg[CachedRegionLength][5] bound to: 64'b0000000000000000000000000000000000000000000000000000000000000000 
	Parameter ArianeCfg[CachedRegionLength][4] bound to: 64'b0000000000000000000000000000000000000000000000000000000000000000 
	Parameter ArianeCfg[CachedRegionLength][3] bound to: 64'b0000000000000000000000000000000000000000000000000000000000000000 
	Parameter ArianeCfg[CachedRegionLength][2] bound to: 64'b0000000000000000000000000000000000000000000000000000000000000000 
	Parameter ArianeCfg[CachedRegionLength][1] bound to: 64'b0000000000000000000000000000000000000000000000000000000000000000 
	Parameter ArianeCfg[CachedRegionLength][0] bound to: 64'b0000000000000000000000000000000001000000000000000000000000000000 
	Parameter ArianeCfg[AxiCompliant] bound to: 1'b1 
	Parameter ArianeCfg[SwapEndianess] bound to: 1'b0 
	Parameter ArianeCfg[DmBaseAddress] bound to: 64'b0000000000000000000000000000000000000000000000000000000000000000 
	Parameter ArianeCfg[NrPMPEntries] bound to: 32'b00000000000000000000000000001000 
	Parameter AxiAddrWidth bound to: 32'b00000000000000000000000001000000 
	Parameter AxiDataWidth bound to: 32'b00000000000000000000000001000000 
	Parameter AxiIdWidth bound to: 32'b00000000000000000000000000000100 
	Parameter RdTxId bound to: 2'b00 
	Parameter ArianeCfg[RASDepth] bound to: 32'sb00000000000000000000000000000010 
	Parameter ArianeCfg[BTBEntries] bound to: 32'sb00000000000000000000000000100000 
	Parameter ArianeCfg[BHTEntries] bound to: 32'sb00000000000000000000000010000000 
	Parameter ArianeCfg[NrNonIdempotentRules] bound to: 32'b00000000000000000000000000000001 
	Parameter ArianeCfg[NonIdempotentAddrBase][15] bound to: 64'b0000000000000000000000000000000000000000000000000000000000000000 
	Parameter ArianeCfg[NonIdempotentAddrBase][14] bound to: 64'b0000000000000000000000000000000000000000000000000000000000000000 
	Parameter ArianeCfg[NonIdempotentAddrBase][13] bound to: 64'b0000000000000000000000000000000000000000000000000000000000000000 
	Parameter ArianeCfg[NonIdempotentAddrBase][12] bound to: 64'b0000000000000000000000000000000000000000000000000000000000000000 
	Parameter ArianeCfg[NonIdempotentAddrBase][11] bound to: 64'b0000000000000000000000000000000000000000000000000000000000000000 
	Parameter ArianeCfg[NonIdempotentAddrBase][10] bound to: 64'b0000000000000000000000000000000000000000000000000000000000000000 
	Parameter ArianeCfg[NonIdempotentAddrBase][9] bound to: 64'b0000000000000000000000000000000000000000000000000000000000000000 
	Parameter ArianeCfg[NonIdempotentAddrBase][8] bound to: 64'b0000000000000000000000000000000000000000000000000000000000000000 
	Parameter ArianeCfg[NonIdempotentAddrBase][7] bound to: 64'b0000000000000000000000000000000000000000000000000000000000000000 
	Parameter ArianeCfg[NonIdempotentAddrBase][6] bound to: 64'b0000000000000000000000000000000000000000000000000000000000000000 
	Parameter ArianeCfg[NonIdempotentAddrBase][5] bound to: 64'b0000000000000000000000000000000000000000000000000000000000000000 
	Parameter ArianeCfg[NonIdempotentAddrBase][4] bound to: 64'b0000000000000000000000000000000000000000000000000000000000000000 
	Parameter ArianeCfg[NonIdempotentAddrBase][3] bound to: 64'b0000000000000000000000000000000000000000000000000000000000000000 
	Parameter ArianeCfg[NonIdempotentAddrBase][2] bound to: 64'b0000000000000000000000000000000000000000000000000000000000000000 
	Parameter ArianeCfg[NonIdempotentAddrBase][1] bound to: 64'b0000000000000000000000000000000000000000000000000000000000000000 
	Parameter ArianeCfg[NonIdempotentAddrBase][0] bound to: 64'b0000000000000000000000000000000000000000000000000000000000000000 
	Parameter ArianeCfg[NonIdempotentLength][15] bound to: 64'b0000000000000000000000000000000000000000000000000000000000000000 
	Parameter ArianeCfg[NonIdempotentLength][14] bound to: 64'b0000000000000000000000000000000000000000000000000000000000000000 
	Parameter ArianeCfg[NonIdempotentLength][13] bound to: 64'b0000000000000000000000000000000000000000000000000000000000000000 
	Parameter ArianeCfg[NonIdempotentLength][12] bound to: 64'b0000000000000000000000000000000000000000000000000000000000000000 
	Parameter ArianeCfg[NonIdempotentLength][11] bound to: 64'b0000000000000000000000000000000000000000000000000000000000000000 
	Parameter ArianeCfg[NonIdempotentLength][10] bound to: 64'b0000000000000000000000000000000000000000000000000000000000000000 
	Parameter ArianeCfg[NonIdempotentLength][9] bound to: 64'b0000000000000000000000000000000000000000000000000000000000000000 
	Parameter ArianeCfg[NonIdempotentLength][8] bound to: 64'b0000000000000000000000000000000000000000000000000000000000000000 
	Parameter ArianeCfg[NonIdempotentLength][7] bound to: 64'b0000000000000000000000000000000000000000000000000000000000000000 
	Parameter ArianeCfg[NonIdempotentLength][6] bound to: 64'b0000000000000000000000000000000000000000000000000000000000000000 
	Parameter ArianeCfg[NonIdempotentLength][5] bound to: 64'b0000000000000000000000000000000000000000000000000000000000000000 
	Parameter ArianeCfg[NonIdempotentLength][4] bound to: 64'b0000000000000000000000000000000000000000000000000000000000000000 
	Parameter ArianeCfg[NonIdempotentLength][3] bound to: 64'b0000000000000000000000000000000000000000000000000000000000000000 
	Parameter ArianeCfg[NonIdempotentLength][2] bound to: 64'b0000000000000000000000000000000000000000000000000000000000000000 
	Parameter ArianeCfg[NonIdempotentLength][1] bound to: 64'b0000000000000000000000000000000000000000000000000000000000000000 
	Parameter ArianeCfg[NonIdempotentLength][0] bound to: 64'b0000000000000000000000000000000010000000000000000000000000000000 
	Parameter ArianeCfg[NrExecuteRegionRules] bound to: 32'b00000000000000000000000000000011 
	Parameter ArianeCfg[ExecuteRegionAddrBase][15] bound to: 64'b0000000000000000000000000000000000000000000000000000000000000000 
	Parameter ArianeCfg[ExecuteRegionAddrBase][14] bound to: 64'b0000000000000000000000000000000000000000000000000000000000000000 
	Parameter ArianeCfg[ExecuteRegionAddrBase][13] bound to: 64'b0000000000000000000000000000000000000000000000000000000000000000 
	Parameter ArianeCfg[ExecuteRegionAddrBase][12] bound to: 64'b0000000000000000000000000000000000000000000000000000000000000000 
	Parameter ArianeCfg[ExecuteRegionAddrBase][11] bound to: 64'b0000000000000000000000000000000000000000000000000000000000000000 
	Parameter ArianeCfg[ExecuteRegionAddrBase][10] bound to: 64'b0000000000000000000000000000000000000000000000000000000000000000 
	Parameter ArianeCfg[ExecuteRegionAddrBase][9] bound to: 64'b0000000000000000000000000000000000000000000000000000000000000000 
	Parameter ArianeCfg[ExecuteRegionAddrBase][8] bound to: 64'b0000000000000000000000000000000000000000000000000000000000000000 
	Parameter ArianeCfg[ExecuteRegionAddrBase][7] bound to: 64'b0000000000000000000000000000000000000000000000000000000000000000 
	Parameter ArianeCfg[ExecuteRegionAddrBase][6] bound to: 64'b0000000000000000000000000000000000000000000000000000000000000000 
	Parameter ArianeCfg[ExecuteRegionAddrBase][5] bound to: 64'b0000000000000000000000000000000000000000000000000000000000000000 
	Parameter ArianeCfg[ExecuteRegionAddrBase][4] bound to: 64'b0000000000000000000000000000000000000000000000000000000000000000 
	Parameter ArianeCfg[ExecuteRegionAddrBase][3] bound to: 64'b0000000000000000000000000000000000000000000000000000000000000000 
	Parameter ArianeCfg[ExecuteRegionAddrBase][2] bound to: 64'b0000000000000000000000000000000010000000000000000000000000000000 
	Parameter ArianeCfg[ExecuteRegionAddrBase][1] bound to: 64'b0000000000000000000000000000000000000000000000010000000000000000 
	Parameter ArianeCfg[ExecuteRegionAddrBase][0] bound to: 64'b0000000000000000000000000000000000000000000000000000000000000000 
	Parameter ArianeCfg[ExecuteRegionLength][15] bound to: 64'b0000000000000000000000000000000000000000000000000000000000000000 
	Parameter ArianeCfg[ExecuteRegionLength][14] bound to: 64'b0000000000000000000000000000000000000000000000000000000000000000 
	Parameter ArianeCfg[ExecuteRegionLength][13] bound to: 64'b0000000000000000000000000000000000000000000000000000000000000000 
	Parameter ArianeCfg[ExecuteRegionLength][12] bound to: 64'b0000000000000000000000000000000000000000000000000000000000000000 
	Parameter ArianeCfg[ExecuteRegionLength][11] bound to: 64'b0000000000000000000000000000000000000000000000000000000000000000 
	Parameter ArianeCfg[ExecuteRegionLength][10] bound to: 64'b0000000000000000000000000000000000000000000000000000000000000000 
	Parameter ArianeCfg[ExecuteRegionLength][9] bound to: 64'b0000000000000000000000000000000000000000000000000000000000000000 
	Parameter ArianeCfg[ExecuteRegionLength][8] bound to: 64'b0000000000000000000000000000000000000000000000000000000000000000 
	Parameter ArianeCfg[ExecuteRegionLength][7] bound to: 64'b0000000000000000000000000000000000000000000000000000000000000000 
	Parameter ArianeCfg[ExecuteRegionLength][6] bound to: 64'b0000000000000000000000000000000000000000000000000000000000000000 
	Parameter ArianeCfg[ExecuteRegionLength][5] bound to: 64'b0000000000000000000000000000000000000000000000000000000000000000 
	Parameter ArianeCfg[ExecuteRegionLength][4] bound to: 64'b0000000000000000000000000000000000000000000000000000000000000000 
	Parameter ArianeCfg[ExecuteRegionLength][3] bound to: 64'b0000000000000000000000000000000000000000000000000000000000000000 
	Parameter ArianeCfg[ExecuteRegionLength][2] bound to: 64'b0000000000000000000000000000000001000000000000000000000000000000 
	Parameter ArianeCfg[ExecuteRegionLength][1] bound to: 64'b0000000000000000000000000000000000000000000000010000000000000000 
	Parameter ArianeCfg[ExecuteRegionLength][0] bound to: 64'b0000000000000000000000000000000000000000000000000001000000000000 
	Parameter ArianeCfg[NrCachedRegionRules] bound to: 32'b00000000000000000000000000000001 
	Parameter ArianeCfg[CachedRegionAddrBase][15] bound to: 64'b0000000000000000000000000000000000000000000000000000000000000000 
	Parameter ArianeCfg[CachedRegionAddrBase][14] bound to: 64'b0000000000000000000000000000000000000000000000000000000000000000 
	Parameter ArianeCfg[CachedRegionAddrBase][13] bound to: 64'b0000000000000000000000000000000000000000000000000000000000000000 
	Parameter ArianeCfg[CachedRegionAddrBase][12] bound to: 64'b0000000000000000000000000000000000000000000000000000000000000000 
	Parameter ArianeCfg[CachedRegionAddrBase][11] bound to: 64'b0000000000000000000000000000000000000000000000000000000000000000 
	Parameter ArianeCfg[CachedRegionAddrBase][10] bound to: 64'b0000000000000000000000000000000000000000000000000000000000000000 
	Parameter ArianeCfg[CachedRegionAddrBase][9] bound to: 64'b0000000000000000000000000000000000000000000000000000000000000000 
	Parameter ArianeCfg[CachedRegionAddrBase][8] bound to: 64'b0000000000000000000000000000000000000000000000000000000000000000 
	Parameter ArianeCfg[CachedRegionAddrBase][7] bound to: 64'b0000000000000000000000000000000000000000000000000000000000000000 
	Parameter ArianeCfg[CachedRegionAddrBase][6] bound to: 64'b0000000000000000000000000000000000000000000000000000000000000000 
	Parameter ArianeCfg[CachedRegionAddrBase][5] bound to: 64'b0000000000000000000000000000000000000000000000000000000000000000 
	Parameter ArianeCfg[CachedRegionAddrBase][4] bound to: 64'b0000000000000000000000000000000000000000000000000000000000000000 
	Parameter ArianeCfg[CachedRegionAddrBase][3] bound to: 64'b0000000000000000000000000000000000000000000000000000000000000000 
	Parameter ArianeCfg[CachedRegionAddrBase][2] bound to: 64'b0000000000000000000000000000000000000000000000000000000000000000 
	Parameter ArianeCfg[CachedRegionAddrBase][1] bound to: 64'b0000000000000000000000000000000000000000000000000000000000000000 
	Parameter ArianeCfg[CachedRegionAddrBase][0] bound to: 64'b0000000000000000000000000000000010000000000000000000000000000000 
	Parameter ArianeCfg[CachedRegionLength][15] bound to: 64'b0000000000000000000000000000000000000000000000000000000000000000 
	Parameter ArianeCfg[CachedRegionLength][14] bound to: 64'b0000000000000000000000000000000000000000000000000000000000000000 
	Parameter ArianeCfg[CachedRegionLength][13] bound to: 64'b0000000000000000000000000000000000000000000000000000000000000000 
	Parameter ArianeCfg[CachedRegionLength][12] bound to: 64'b0000000000000000000000000000000000000000000000000000000000000000 
	Parameter ArianeCfg[CachedRegionLength][11] bound to: 64'b0000000000000000000000000000000000000000000000000000000000000000 
	Parameter ArianeCfg[CachedRegionLength][10] bound to: 64'b0000000000000000000000000000000000000000000000000000000000000000 
	Parameter ArianeCfg[CachedRegionLength][9] bound to: 64'b0000000000000000000000000000000000000000000000000000000000000000 
	Parameter ArianeCfg[CachedRegionLength][8] bound to: 64'b0000000000000000000000000000000000000000000000000000000000000000 
	Parameter ArianeCfg[CachedRegionLength][7] bound to: 64'b0000000000000000000000000000000000000000000000000000000000000000 
	Parameter ArianeCfg[CachedRegionLength][6] bound to: 64'b0000000000000000000000000000000000000000000000000000000000000000 
	Parameter ArianeCfg[CachedRegionLength][5] bound to: 64'b0000000000000000000000000000000000000000000000000000000000000000 
	Parameter ArianeCfg[CachedRegionLength][4] bound to: 64'b0000000000000000000000000000000000000000000000000000000000000000 
	Parameter ArianeCfg[CachedRegionLength][3] bound to: 64'b0000000000000000000000000000000000000000000000000000000000000000 
	Parameter ArianeCfg[CachedRegionLength][2] bound to: 64'b0000000000000000000000000000000000000000000000000000000000000000 
	Parameter ArianeCfg[CachedRegionLength][1] bound to: 64'b0000000000000000000000000000000000000000000000000000000000000000 
	Parameter ArianeCfg[CachedRegionLength][0] bound to: 64'b0000000000000000000000000000000001000000000000000000000000000000 
	Parameter ArianeCfg[AxiCompliant] bound to: 1'b1 
	Parameter ArianeCfg[SwapEndianess] bound to: 1'b0 
	Parameter ArianeCfg[DmBaseAddress] bound to: 64'b0000000000000000000000000000000000000000000000000000000000000000 
	Parameter ArianeCfg[NrPMPEntries] bound to: 32'b00000000000000000000000000001000 
	Parameter DATA_WIDTH bound to: 45 - type: integer 
	Parameter NUM_WORDS bound to: 256 - type: integer 
	Parameter NumWords bound to: 256 - type: integer 
	Parameter DataWidth bound to: 32'b00000000000000000000000001000000 
	Parameter ByteWidth bound to: 8 - type: integer 
	Parameter NumPorts bound to: 1 - type: integer 
	Parameter Latency bound to: 1 - type: integer 
	Parameter SimInit bound to: none - type: string 
	Parameter PrintSimCfg bound to: 1'b0 
	Parameter ADDR_WIDTH bound to: 8 - type: integer 
	Parameter DATA_DEPTH bound to: 256 - type: integer 
	Parameter OUT_REGS bound to: 0 - type: integer 
	Parameter SIM_INIT bound to: 1 - type: integer 
	Parameter DATA_WIDTH bound to: 128 - type: integer 
	Parameter USER_WIDTH bound to: 4 - type: integer 
	Parameter USER_EN bound to: 0 - type: integer 
	Parameter NUM_WORDS bound to: 256 - type: integer 
	Parameter LfsrWidth bound to: 32'b00000000000000000000000000001000 
	Parameter OutWidth bound to: 32'b00000000000000000000000000000010 
	Parameter AxiDataWidth bound to: 32'b00000000000000000000000001000000 
	Parameter RdAmoTxId bound to: 2'b01 
	Parameter ArianeCfg[RASDepth] bound to: 32'sb00000000000000000000000000000010 
	Parameter ArianeCfg[BTBEntries] bound to: 32'sb00000000000000000000000000100000 
	Parameter ArianeCfg[BHTEntries] bound to: 32'sb00000000000000000000000010000000 
	Parameter ArianeCfg[NrNonIdempotentRules] bound to: 32'b00000000000000000000000000000001 
	Parameter ArianeCfg[NonIdempotentAddrBase][15] bound to: 64'b0000000000000000000000000000000000000000000000000000000000000000 
	Parameter ArianeCfg[NonIdempotentAddrBase][14] bound to: 64'b0000000000000000000000000000000000000000000000000000000000000000 
	Parameter ArianeCfg[NonIdempotentAddrBase][13] bound to: 64'b0000000000000000000000000000000000000000000000000000000000000000 
	Parameter ArianeCfg[NonIdempotentAddrBase][12] bound to: 64'b0000000000000000000000000000000000000000000000000000000000000000 
	Parameter ArianeCfg[NonIdempotentAddrBase][11] bound to: 64'b0000000000000000000000000000000000000000000000000000000000000000 
	Parameter ArianeCfg[NonIdempotentAddrBase][10] bound to: 64'b0000000000000000000000000000000000000000000000000000000000000000 
	Parameter ArianeCfg[NonIdempotentAddrBase][9] bound to: 64'b0000000000000000000000000000000000000000000000000000000000000000 
	Parameter ArianeCfg[NonIdempotentAddrBase][8] bound to: 64'b0000000000000000000000000000000000000000000000000000000000000000 
	Parameter ArianeCfg[NonIdempotentAddrBase][7] bound to: 64'b0000000000000000000000000000000000000000000000000000000000000000 
	Parameter ArianeCfg[NonIdempotentAddrBase][6] bound to: 64'b0000000000000000000000000000000000000000000000000000000000000000 
	Parameter ArianeCfg[NonIdempotentAddrBase][5] bound to: 64'b0000000000000000000000000000000000000000000000000000000000000000 
	Parameter ArianeCfg[NonIdempotentAddrBase][4] bound to: 64'b0000000000000000000000000000000000000000000000000000000000000000 
	Parameter ArianeCfg[NonIdempotentAddrBase][3] bound to: 64'b0000000000000000000000000000000000000000000000000000000000000000 
	Parameter ArianeCfg[NonIdempotentAddrBase][2] bound to: 64'b0000000000000000000000000000000000000000000000000000000000000000 
	Parameter ArianeCfg[NonIdempotentAddrBase][1] bound to: 64'b0000000000000000000000000000000000000000000000000000000000000000 
	Parameter ArianeCfg[NonIdempotentAddrBase][0] bound to: 64'b0000000000000000000000000000000000000000000000000000000000000000 
	Parameter ArianeCfg[NonIdempotentLength][15] bound to: 64'b0000000000000000000000000000000000000000000000000000000000000000 
	Parameter ArianeCfg[NonIdempotentLength][14] bound to: 64'b0000000000000000000000000000000000000000000000000000000000000000 
	Parameter ArianeCfg[NonIdempotentLength][13] bound to: 64'b0000000000000000000000000000000000000000000000000000000000000000 
	Parameter ArianeCfg[NonIdempotentLength][12] bound to: 64'b0000000000000000000000000000000000000000000000000000000000000000 
	Parameter ArianeCfg[NonIdempotentLength][11] bound to: 64'b0000000000000000000000000000000000000000000000000000000000000000 
	Parameter ArianeCfg[NonIdempotentLength][10] bound to: 64'b0000000000000000000000000000000000000000000000000000000000000000 
	Parameter ArianeCfg[NonIdempotentLength][9] bound to: 64'b0000000000000000000000000000000000000000000000000000000000000000 
	Parameter ArianeCfg[NonIdempotentLength][8] bound to: 64'b0000000000000000000000000000000000000000000000000000000000000000 
	Parameter ArianeCfg[NonIdempotentLength][7] bound to: 64'b0000000000000000000000000000000000000000000000000000000000000000 
	Parameter ArianeCfg[NonIdempotentLength][6] bound to: 64'b0000000000000000000000000000000000000000000000000000000000000000 
	Parameter ArianeCfg[NonIdempotentLength][5] bound to: 64'b0000000000000000000000000000000000000000000000000000000000000000 
	Parameter ArianeCfg[NonIdempotentLength][4] bound to: 64'b0000000000000000000000000000000000000000000000000000000000000000 
	Parameter ArianeCfg[NonIdempotentLength][3] bound to: 64'b0000000000000000000000000000000000000000000000000000000000000000 
	Parameter ArianeCfg[NonIdempotentLength][2] bound to: 64'b0000000000000000000000000000000000000000000000000000000000000000 
	Parameter ArianeCfg[NonIdempotentLength][1] bound to: 64'b0000000000000000000000000000000000000000000000000000000000000000 
	Parameter ArianeCfg[NonIdempotentLength][0] bound to: 64'b0000000000000000000000000000000010000000000000000000000000000000 
	Parameter ArianeCfg[NrExecuteRegionRules] bound to: 32'b00000000000000000000000000000011 
	Parameter ArianeCfg[ExecuteRegionAddrBase][15] bound to: 64'b0000000000000000000000000000000000000000000000000000000000000000 
	Parameter ArianeCfg[ExecuteRegionAddrBase][14] bound to: 64'b0000000000000000000000000000000000000000000000000000000000000000 
	Parameter ArianeCfg[ExecuteRegionAddrBase][13] bound to: 64'b0000000000000000000000000000000000000000000000000000000000000000 
	Parameter ArianeCfg[ExecuteRegionAddrBase][12] bound to: 64'b0000000000000000000000000000000000000000000000000000000000000000 
	Parameter ArianeCfg[ExecuteRegionAddrBase][11] bound to: 64'b0000000000000000000000000000000000000000000000000000000000000000 
	Parameter ArianeCfg[ExecuteRegionAddrBase][10] bound to: 64'b0000000000000000000000000000000000000000000000000000000000000000 
	Parameter ArianeCfg[ExecuteRegionAddrBase][9] bound to: 64'b0000000000000000000000000000000000000000000000000000000000000000 
	Parameter ArianeCfg[ExecuteRegionAddrBase][8] bound to: 64'b0000000000000000000000000000000000000000000000000000000000000000 
	Parameter ArianeCfg[ExecuteRegionAddrBase][7] bound to: 64'b0000000000000000000000000000000000000000000000000000000000000000 
	Parameter ArianeCfg[ExecuteRegionAddrBase][6] bound to: 64'b0000000000000000000000000000000000000000000000000000000000000000 
	Parameter ArianeCfg[ExecuteRegionAddrBase][5] bound to: 64'b0000000000000000000000000000000000000000000000000000000000000000 
	Parameter ArianeCfg[ExecuteRegionAddrBase][4] bound to: 64'b0000000000000000000000000000000000000000000000000000000000000000 
	Parameter ArianeCfg[ExecuteRegionAddrBase][3] bound to: 64'b0000000000000000000000000000000000000000000000000000000000000000 
	Parameter ArianeCfg[ExecuteRegionAddrBase][2] bound to: 64'b0000000000000000000000000000000010000000000000000000000000000000 
	Parameter ArianeCfg[ExecuteRegionAddrBase][1] bound to: 64'b0000000000000000000000000000000000000000000000010000000000000000 
	Parameter ArianeCfg[ExecuteRegionAddrBase][0] bound to: 64'b0000000000000000000000000000000000000000000000000000000000000000 
	Parameter ArianeCfg[ExecuteRegionLength][15] bound to: 64'b0000000000000000000000000000000000000000000000000000000000000000 
	Parameter ArianeCfg[ExecuteRegionLength][14] bound to: 64'b0000000000000000000000000000000000000000000000000000000000000000 
	Parameter ArianeCfg[ExecuteRegionLength][13] bound to: 64'b0000000000000000000000000000000000000000000000000000000000000000 
	Parameter ArianeCfg[ExecuteRegionLength][12] bound to: 64'b0000000000000000000000000000000000000000000000000000000000000000 
	Parameter ArianeCfg[ExecuteRegionLength][11] bound to: 64'b0000000000000000000000000000000000000000000000000000000000000000 
	Parameter ArianeCfg[ExecuteRegionLength][10] bound to: 64'b0000000000000000000000000000000000000000000000000000000000000000 
	Parameter ArianeCfg[ExecuteRegionLength][9] bound to: 64'b0000000000000000000000000000000000000000000000000000000000000000 
	Parameter ArianeCfg[ExecuteRegionLength][8] bound to: 64'b0000000000000000000000000000000000000000000000000000000000000000 
	Parameter ArianeCfg[ExecuteRegionLength][7] bound to: 64'b0000000000000000000000000000000000000000000000000000000000000000 
	Parameter ArianeCfg[ExecuteRegionLength][6] bound to: 64'b0000000000000000000000000000000000000000000000000000000000000000 
	Parameter ArianeCfg[ExecuteRegionLength][5] bound to: 64'b0000000000000000000000000000000000000000000000000000000000000000 
	Parameter ArianeCfg[ExecuteRegionLength][4] bound to: 64'b0000000000000000000000000000000000000000000000000000000000000000 
	Parameter ArianeCfg[ExecuteRegionLength][3] bound to: 64'b0000000000000000000000000000000000000000000000000000000000000000 
	Parameter ArianeCfg[ExecuteRegionLength][2] bound to: 64'b0000000000000000000000000000000001000000000000000000000000000000 
	Parameter ArianeCfg[ExecuteRegionLength][1] bound to: 64'b0000000000000000000000000000000000000000000000010000000000000000 
	Parameter ArianeCfg[ExecuteRegionLength][0] bound to: 64'b0000000000000000000000000000000000000000000000000001000000000000 
	Parameter ArianeCfg[NrCachedRegionRules] bound to: 32'b00000000000000000000000000000001 
	Parameter ArianeCfg[CachedRegionAddrBase][15] bound to: 64'b0000000000000000000000000000000000000000000000000000000000000000 
	Parameter ArianeCfg[CachedRegionAddrBase][14] bound to: 64'b0000000000000000000000000000000000000000000000000000000000000000 
	Parameter ArianeCfg[CachedRegionAddrBase][13] bound to: 64'b0000000000000000000000000000000000000000000000000000000000000000 
	Parameter ArianeCfg[CachedRegionAddrBase][12] bound to: 64'b0000000000000000000000000000000000000000000000000000000000000000 
	Parameter ArianeCfg[CachedRegionAddrBase][11] bound to: 64'b0000000000000000000000000000000000000000000000000000000000000000 
	Parameter ArianeCfg[CachedRegionAddrBase][10] bound to: 64'b0000000000000000000000000000000000000000000000000000000000000000 
	Parameter ArianeCfg[CachedRegionAddrBase][9] bound to: 64'b0000000000000000000000000000000000000000000000000000000000000000 
	Parameter ArianeCfg[CachedRegionAddrBase][8] bound to: 64'b0000000000000000000000000000000000000000000000000000000000000000 
	Parameter ArianeCfg[CachedRegionAddrBase][7] bound to: 64'b0000000000000000000000000000000000000000000000000000000000000000 
	Parameter ArianeCfg[CachedRegionAddrBase][6] bound to: 64'b0000000000000000000000000000000000000000000000000000000000000000 
	Parameter ArianeCfg[CachedRegionAddrBase][5] bound to: 64'b0000000000000000000000000000000000000000000000000000000000000000 
	Parameter ArianeCfg[CachedRegionAddrBase][4] bound to: 64'b0000000000000000000000000000000000000000000000000000000000000000 
	Parameter ArianeCfg[CachedRegionAddrBase][3] bound to: 64'b0000000000000000000000000000000000000000000000000000000000000000 
	Parameter ArianeCfg[CachedRegionAddrBase][2] bound to: 64'b0000000000000000000000000000000000000000000000000000000000000000 
	Parameter ArianeCfg[CachedRegionAddrBase][1] bound to: 64'b0000000000000000000000000000000000000000000000000000000000000000 
	Parameter ArianeCfg[CachedRegionAddrBase][0] bound to: 64'b0000000000000000000000000000000010000000000000000000000000000000 
	Parameter ArianeCfg[CachedRegionLength][15] bound to: 64'b0000000000000000000000000000000000000000000000000000000000000000 
	Parameter ArianeCfg[CachedRegionLength][14] bound to: 64'b0000000000000000000000000000000000000000000000000000000000000000 
	Parameter ArianeCfg[CachedRegionLength][13] bound to: 64'b0000000000000000000000000000000000000000000000000000000000000000 
	Parameter ArianeCfg[CachedRegionLength][12] bound to: 64'b0000000000000000000000000000000000000000000000000000000000000000 
	Parameter ArianeCfg[CachedRegionLength][11] bound to: 64'b0000000000000000000000000000000000000000000000000000000000000000 
	Parameter ArianeCfg[CachedRegionLength][10] bound to: 64'b0000000000000000000000000000000000000000000000000000000000000000 
	Parameter ArianeCfg[CachedRegionLength][9] bound to: 64'b0000000000000000000000000000000000000000000000000000000000000000 
	Parameter ArianeCfg[CachedRegionLength][8] bound to: 64'b0000000000000000000000000000000000000000000000000000000000000000 
	Parameter ArianeCfg[CachedRegionLength][7] bound to: 64'b0000000000000000000000000000000000000000000000000000000000000000 
	Parameter ArianeCfg[CachedRegionLength][6] bound to: 64'b0000000000000000000000000000000000000000000000000000000000000000 
	Parameter ArianeCfg[CachedRegionLength][5] bound to: 64'b0000000000000000000000000000000000000000000000000000000000000000 
	Parameter ArianeCfg[CachedRegionLength][4] bound to: 64'b0000000000000000000000000000000000000000000000000000000000000000 
	Parameter ArianeCfg[CachedRegionLength][3] bound to: 64'b0000000000000000000000000000000000000000000000000000000000000000 
	Parameter ArianeCfg[CachedRegionLength][2] bound to: 64'b0000000000000000000000000000000000000000000000000000000000000000 
	Parameter ArianeCfg[CachedRegionLength][1] bound to: 64'b0000000000000000000000000000000000000000000000000000000000000000 
	Parameter ArianeCfg[CachedRegionLength][0] bound to: 64'b0000000000000000000000000000000001000000000000000000000000000000 
	Parameter ArianeCfg[AxiCompliant] bound to: 1'b1 
	Parameter ArianeCfg[SwapEndianess] bound to: 1'b0 
	Parameter ArianeCfg[DmBaseAddress] bound to: 64'b0000000000000000000000000000000000000000000000000000000000000000 
	Parameter ArianeCfg[NrPMPEntries] bound to: 32'b00000000000000000000000000001000 
	Parameter RdTxId bound to: 2'b01 
	Parameter ArianeCfg[RASDepth] bound to: 32'sb00000000000000000000000000000010 
	Parameter ArianeCfg[BTBEntries] bound to: 32'sb00000000000000000000000000100000 
	Parameter ArianeCfg[BHTEntries] bound to: 32'sb00000000000000000000000010000000 
	Parameter ArianeCfg[NrNonIdempotentRules] bound to: 32'b00000000000000000000000000000001 
	Parameter ArianeCfg[NonIdempotentAddrBase][15] bound to: 64'b0000000000000000000000000000000000000000000000000000000000000000 
	Parameter ArianeCfg[NonIdempotentAddrBase][14] bound to: 64'b0000000000000000000000000000000000000000000000000000000000000000 
	Parameter ArianeCfg[NonIdempotentAddrBase][13] bound to: 64'b0000000000000000000000000000000000000000000000000000000000000000 
	Parameter ArianeCfg[NonIdempotentAddrBase][12] bound to: 64'b0000000000000000000000000000000000000000000000000000000000000000 
	Parameter ArianeCfg[NonIdempotentAddrBase][11] bound to: 64'b0000000000000000000000000000000000000000000000000000000000000000 
	Parameter ArianeCfg[NonIdempotentAddrBase][10] bound to: 64'b0000000000000000000000000000000000000000000000000000000000000000 
	Parameter ArianeCfg[NonIdempotentAddrBase][9] bound to: 64'b0000000000000000000000000000000000000000000000000000000000000000 
	Parameter ArianeCfg[NonIdempotentAddrBase][8] bound to: 64'b0000000000000000000000000000000000000000000000000000000000000000 
	Parameter ArianeCfg[NonIdempotentAddrBase][7] bound to: 64'b0000000000000000000000000000000000000000000000000000000000000000 
	Parameter ArianeCfg[NonIdempotentAddrBase][6] bound to: 64'b0000000000000000000000000000000000000000000000000000000000000000 
	Parameter ArianeCfg[NonIdempotentAddrBase][5] bound to: 64'b0000000000000000000000000000000000000000000000000000000000000000 
	Parameter ArianeCfg[NonIdempotentAddrBase][4] bound to: 64'b0000000000000000000000000000000000000000000000000000000000000000 
	Parameter ArianeCfg[NonIdempotentAddrBase][3] bound to: 64'b0000000000000000000000000000000000000000000000000000000000000000 
	Parameter ArianeCfg[NonIdempotentAddrBase][2] bound to: 64'b0000000000000000000000000000000000000000000000000000000000000000 
	Parameter ArianeCfg[NonIdempotentAddrBase][1] bound to: 64'b0000000000000000000000000000000000000000000000000000000000000000 
	Parameter ArianeCfg[NonIdempotentAddrBase][0] bound to: 64'b0000000000000000000000000000000000000000000000000000000000000000 
	Parameter ArianeCfg[NonIdempotentLength][15] bound to: 64'b0000000000000000000000000000000000000000000000000000000000000000 
	Parameter ArianeCfg[NonIdempotentLength][14] bound to: 64'b0000000000000000000000000000000000000000000000000000000000000000 
	Parameter ArianeCfg[NonIdempotentLength][13] bound to: 64'b0000000000000000000000000000000000000000000000000000000000000000 
	Parameter ArianeCfg[NonIdempotentLength][12] bound to: 64'b0000000000000000000000000000000000000000000000000000000000000000 
	Parameter ArianeCfg[NonIdempotentLength][11] bound to: 64'b0000000000000000000000000000000000000000000000000000000000000000 
	Parameter ArianeCfg[NonIdempotentLength][10] bound to: 64'b0000000000000000000000000000000000000000000000000000000000000000 
	Parameter ArianeCfg[NonIdempotentLength][9] bound to: 64'b0000000000000000000000000000000000000000000000000000000000000000 
	Parameter ArianeCfg[NonIdempotentLength][8] bound to: 64'b0000000000000000000000000000000000000000000000000000000000000000 
	Parameter ArianeCfg[NonIdempotentLength][7] bound to: 64'b0000000000000000000000000000000000000000000000000000000000000000 
	Parameter ArianeCfg[NonIdempotentLength][6] bound to: 64'b0000000000000000000000000000000000000000000000000000000000000000 
	Parameter ArianeCfg[NonIdempotentLength][5] bound to: 64'b0000000000000000000000000000000000000000000000000000000000000000 
	Parameter ArianeCfg[NonIdempotentLength][4] bound to: 64'b0000000000000000000000000000000000000000000000000000000000000000 
	Parameter ArianeCfg[NonIdempotentLength][3] bound to: 64'b0000000000000000000000000000000000000000000000000000000000000000 
	Parameter ArianeCfg[NonIdempotentLength][2] bound to: 64'b0000000000000000000000000000000000000000000000000000000000000000 
	Parameter ArianeCfg[NonIdempotentLength][1] bound to: 64'b0000000000000000000000000000000000000000000000000000000000000000 
	Parameter ArianeCfg[NonIdempotentLength][0] bound to: 64'b0000000000000000000000000000000010000000000000000000000000000000 
	Parameter ArianeCfg[NrExecuteRegionRules] bound to: 32'b00000000000000000000000000000011 
	Parameter ArianeCfg[ExecuteRegionAddrBase][15] bound to: 64'b0000000000000000000000000000000000000000000000000000000000000000 
	Parameter ArianeCfg[ExecuteRegionAddrBase][14] bound to: 64'b0000000000000000000000000000000000000000000000000000000000000000 
	Parameter ArianeCfg[ExecuteRegionAddrBase][13] bound to: 64'b0000000000000000000000000000000000000000000000000000000000000000 
	Parameter ArianeCfg[ExecuteRegionAddrBase][12] bound to: 64'b0000000000000000000000000000000000000000000000000000000000000000 
	Parameter ArianeCfg[ExecuteRegionAddrBase][11] bound to: 64'b0000000000000000000000000000000000000000000000000000000000000000 
	Parameter ArianeCfg[ExecuteRegionAddrBase][10] bound to: 64'b0000000000000000000000000000000000000000000000000000000000000000 
	Parameter ArianeCfg[ExecuteRegionAddrBase][9] bound to: 64'b0000000000000000000000000000000000000000000000000000000000000000 
	Parameter ArianeCfg[ExecuteRegionAddrBase][8] bound to: 64'b0000000000000000000000000000000000000000000000000000000000000000 
	Parameter ArianeCfg[ExecuteRegionAddrBase][7] bound to: 64'b0000000000000000000000000000000000000000000000000000000000000000 
	Parameter ArianeCfg[ExecuteRegionAddrBase][6] bound to: 64'b0000000000000000000000000000000000000000000000000000000000000000 
	Parameter ArianeCfg[ExecuteRegionAddrBase][5] bound to: 64'b0000000000000000000000000000000000000000000000000000000000000000 
	Parameter ArianeCfg[ExecuteRegionAddrBase][4] bound to: 64'b0000000000000000000000000000000000000000000000000000000000000000 
	Parameter ArianeCfg[ExecuteRegionAddrBase][3] bound to: 64'b0000000000000000000000000000000000000000000000000000000000000000 
	Parameter ArianeCfg[ExecuteRegionAddrBase][2] bound to: 64'b0000000000000000000000000000000010000000000000000000000000000000 
	Parameter ArianeCfg[ExecuteRegionAddrBase][1] bound to: 64'b0000000000000000000000000000000000000000000000010000000000000000 
	Parameter ArianeCfg[ExecuteRegionAddrBase][0] bound to: 64'b0000000000000000000000000000000000000000000000000000000000000000 
	Parameter ArianeCfg[ExecuteRegionLength][15] bound to: 64'b0000000000000000000000000000000000000000000000000000000000000000 
	Parameter ArianeCfg[ExecuteRegionLength][14] bound to: 64'b0000000000000000000000000000000000000000000000000000000000000000 
	Parameter ArianeCfg[ExecuteRegionLength][13] bound to: 64'b0000000000000000000000000000000000000000000000000000000000000000 
	Parameter ArianeCfg[ExecuteRegionLength][12] bound to: 64'b0000000000000000000000000000000000000000000000000000000000000000 
	Parameter ArianeCfg[ExecuteRegionLength][11] bound to: 64'b0000000000000000000000000000000000000000000000000000000000000000 
	Parameter ArianeCfg[ExecuteRegionLength][10] bound to: 64'b0000000000000000000000000000000000000000000000000000000000000000 
	Parameter ArianeCfg[ExecuteRegionLength][9] bound to: 64'b0000000000000000000000000000000000000000000000000000000000000000 
	Parameter ArianeCfg[ExecuteRegionLength][8] bound to: 64'b0000000000000000000000000000000000000000000000000000000000000000 
	Parameter ArianeCfg[ExecuteRegionLength][7] bound to: 64'b0000000000000000000000000000000000000000000000000000000000000000 
	Parameter ArianeCfg[ExecuteRegionLength][6] bound to: 64'b0000000000000000000000000000000000000000000000000000000000000000 
	Parameter ArianeCfg[ExecuteRegionLength][5] bound to: 64'b0000000000000000000000000000000000000000000000000000000000000000 
	Parameter ArianeCfg[ExecuteRegionLength][4] bound to: 64'b0000000000000000000000000000000000000000000000000000000000000000 
	Parameter ArianeCfg[ExecuteRegionLength][3] bound to: 64'b0000000000000000000000000000000000000000000000000000000000000000 
	Parameter ArianeCfg[ExecuteRegionLength][2] bound to: 64'b0000000000000000000000000000000001000000000000000000000000000000 
	Parameter ArianeCfg[ExecuteRegionLength][1] bound to: 64'b0000000000000000000000000000000000000000000000010000000000000000 
	Parameter ArianeCfg[ExecuteRegionLength][0] bound to: 64'b0000000000000000000000000000000000000000000000000001000000000000 
	Parameter ArianeCfg[NrCachedRegionRules] bound to: 32'b00000000000000000000000000000001 
	Parameter ArianeCfg[CachedRegionAddrBase][15] bound to: 64'b0000000000000000000000000000000000000000000000000000000000000000 
	Parameter ArianeCfg[CachedRegionAddrBase][14] bound to: 64'b0000000000000000000000000000000000000000000000000000000000000000 
	Parameter ArianeCfg[CachedRegionAddrBase][13] bound to: 64'b0000000000000000000000000000000000000000000000000000000000000000 
	Parameter ArianeCfg[CachedRegionAddrBase][12] bound to: 64'b0000000000000000000000000000000000000000000000000000000000000000 
	Parameter ArianeCfg[CachedRegionAddrBase][11] bound to: 64'b0000000000000000000000000000000000000000000000000000000000000000 
	Parameter ArianeCfg[CachedRegionAddrBase][10] bound to: 64'b0000000000000000000000000000000000000000000000000000000000000000 
	Parameter ArianeCfg[CachedRegionAddrBase][9] bound to: 64'b0000000000000000000000000000000000000000000000000000000000000000 
	Parameter ArianeCfg[CachedRegionAddrBase][8] bound to: 64'b0000000000000000000000000000000000000000000000000000000000000000 
	Parameter ArianeCfg[CachedRegionAddrBase][7] bound to: 64'b0000000000000000000000000000000000000000000000000000000000000000 
	Parameter ArianeCfg[CachedRegionAddrBase][6] bound to: 64'b0000000000000000000000000000000000000000000000000000000000000000 
	Parameter ArianeCfg[CachedRegionAddrBase][5] bound to: 64'b0000000000000000000000000000000000000000000000000000000000000000 
	Parameter ArianeCfg[CachedRegionAddrBase][4] bound to: 64'b0000000000000000000000000000000000000000000000000000000000000000 
	Parameter ArianeCfg[CachedRegionAddrBase][3] bound to: 64'b0000000000000000000000000000000000000000000000000000000000000000 
	Parameter ArianeCfg[CachedRegionAddrBase][2] bound to: 64'b0000000000000000000000000000000000000000000000000000000000000000 
	Parameter ArianeCfg[CachedRegionAddrBase][1] bound to: 64'b0000000000000000000000000000000000000000000000000000000000000000 
	Parameter ArianeCfg[CachedRegionAddrBase][0] bound to: 64'b0000000000000000000000000000000010000000000000000000000000000000 
	Parameter ArianeCfg[CachedRegionLength][15] bound to: 64'b0000000000000000000000000000000000000000000000000000000000000000 
	Parameter ArianeCfg[CachedRegionLength][14] bound to: 64'b0000000000000000000000000000000000000000000000000000000000000000 
	Parameter ArianeCfg[CachedRegionLength][13] bound to: 64'b0000000000000000000000000000000000000000000000000000000000000000 
	Parameter ArianeCfg[CachedRegionLength][12] bound to: 64'b0000000000000000000000000000000000000000000000000000000000000000 
	Parameter ArianeCfg[CachedRegionLength][11] bound to: 64'b0000000000000000000000000000000000000000000000000000000000000000 
	Parameter ArianeCfg[CachedRegionLength][10] bound to: 64'b0000000000000000000000000000000000000000000000000000000000000000 
	Parameter ArianeCfg[CachedRegionLength][9] bound to: 64'b0000000000000000000000000000000000000000000000000000000000000000 
	Parameter ArianeCfg[CachedRegionLength][8] bound to: 64'b0000000000000000000000000000000000000000000000000000000000000000 
	Parameter ArianeCfg[CachedRegionLength][7] bound to: 64'b0000000000000000000000000000000000000000000000000000000000000000 
	Parameter ArianeCfg[CachedRegionLength][6] bound to: 64'b0000000000000000000000000000000000000000000000000000000000000000 
	Parameter ArianeCfg[CachedRegionLength][5] bound to: 64'b0000000000000000000000000000000000000000000000000000000000000000 
	Parameter ArianeCfg[CachedRegionLength][4] bound to: 64'b0000000000000000000000000000000000000000000000000000000000000000 
	Parameter ArianeCfg[CachedRegionLength][3] bound to: 64'b0000000000000000000000000000000000000000000000000000000000000000 
	Parameter ArianeCfg[CachedRegionLength][2] bound to: 64'b0000000000000000000000000000000000000000000000000000000000000000 
	Parameter ArianeCfg[CachedRegionLength][1] bound to: 64'b0000000000000000000000000000000000000000000000000000000000000000 
	Parameter ArianeCfg[CachedRegionLength][0] bound to: 64'b0000000000000000000000000000000001000000000000000000000000000000 
	Parameter ArianeCfg[AxiCompliant] bound to: 1'b1 
	Parameter ArianeCfg[SwapEndianess] bound to: 1'b0 
	Parameter ArianeCfg[DmBaseAddress] bound to: 64'b0000000000000000000000000000000000000000000000000000000000000000 
	Parameter ArianeCfg[NrPMPEntries] bound to: 32'b00000000000000000000000000001000 
INFO: [Synth 8-226] default block is never used [/home/jc/tmp/riscv-iommu-demo/cva6/core/cache_subsystem/wt_dcache_ctrl.sv:113]
	Parameter AxiCompliant bound to: 1'b1 
	Parameter AmoTxId bound to: 2'b01 
	Parameter NumPorts bound to: 3 - type: integer 
	Parameter AxiDataWidth bound to: 32'sb00000000000000000000000001000000 
	Parameter WIDTH bound to: 3 - type: integer 
	Parameter WIDTH bound to: 32'b00000000000000000000000000001000 
	Parameter LfsrWidth bound to: 32'b00000000000000000000000000001000 
	Parameter OutWidth bound to: 32'b00000000000000000000000000000011 
	Parameter Seed bound to: 32'b00000000000000000000000000000011 
	Parameter MaxExp bound to: 32'b00000000000000000000000000010000 
WARNING: [Synth 8-693] zero replication count - replication ignored [/home/jc/tmp/riscv-iommu-demo/cva6/vendor/pulp-platform/common_cells/src/exp_backoff.sv:59]
	Parameter ArianeCfg[RASDepth] bound to: 32'sb00000000000000000000000000000010 
	Parameter ArianeCfg[BTBEntries] bound to: 32'sb00000000000000000000000000100000 
	Parameter ArianeCfg[BHTEntries] bound to: 32'sb00000000000000000000000010000000 
	Parameter ArianeCfg[NrNonIdempotentRules] bound to: 32'b00000000000000000000000000000001 
	Parameter ArianeCfg[NonIdempotentAddrBase][15] bound to: 64'b0000000000000000000000000000000000000000000000000000000000000000 
	Parameter ArianeCfg[NonIdempotentAddrBase][14] bound to: 64'b0000000000000000000000000000000000000000000000000000000000000000 
	Parameter ArianeCfg[NonIdempotentAddrBase][13] bound to: 64'b0000000000000000000000000000000000000000000000000000000000000000 
	Parameter ArianeCfg[NonIdempotentAddrBase][12] bound to: 64'b0000000000000000000000000000000000000000000000000000000000000000 
	Parameter ArianeCfg[NonIdempotentAddrBase][11] bound to: 64'b0000000000000000000000000000000000000000000000000000000000000000 
	Parameter ArianeCfg[NonIdempotentAddrBase][10] bound to: 64'b0000000000000000000000000000000000000000000000000000000000000000 
	Parameter ArianeCfg[NonIdempotentAddrBase][9] bound to: 64'b0000000000000000000000000000000000000000000000000000000000000000 
	Parameter ArianeCfg[NonIdempotentAddrBase][8] bound to: 64'b0000000000000000000000000000000000000000000000000000000000000000 
	Parameter ArianeCfg[NonIdempotentAddrBase][7] bound to: 64'b0000000000000000000000000000000000000000000000000000000000000000 
	Parameter ArianeCfg[NonIdempotentAddrBase][6] bound to: 64'b0000000000000000000000000000000000000000000000000000000000000000 
	Parameter ArianeCfg[NonIdempotentAddrBase][5] bound to: 64'b0000000000000000000000000000000000000000000000000000000000000000 
	Parameter ArianeCfg[NonIdempotentAddrBase][4] bound to: 64'b0000000000000000000000000000000000000000000000000000000000000000 
	Parameter ArianeCfg[NonIdempotentAddrBase][3] bound to: 64'b0000000000000000000000000000000000000000000000000000000000000000 
	Parameter ArianeCfg[NonIdempotentAddrBase][2] bound to: 64'b0000000000000000000000000000000000000000000000000000000000000000 
	Parameter ArianeCfg[NonIdempotentAddrBase][1] bound to: 64'b0000000000000000000000000000000000000000000000000000000000000000 
	Parameter ArianeCfg[NonIdempotentAddrBase][0] bound to: 64'b0000000000000000000000000000000000000000000000000000000000000000 
	Parameter ArianeCfg[NonIdempotentLength][15] bound to: 64'b0000000000000000000000000000000000000000000000000000000000000000 
	Parameter ArianeCfg[NonIdempotentLength][14] bound to: 64'b0000000000000000000000000000000000000000000000000000000000000000 
	Parameter ArianeCfg[NonIdempotentLength][13] bound to: 64'b0000000000000000000000000000000000000000000000000000000000000000 
	Parameter ArianeCfg[NonIdempotentLength][12] bound to: 64'b0000000000000000000000000000000000000000000000000000000000000000 
	Parameter ArianeCfg[NonIdempotentLength][11] bound to: 64'b0000000000000000000000000000000000000000000000000000000000000000 
	Parameter ArianeCfg[NonIdempotentLength][10] bound to: 64'b0000000000000000000000000000000000000000000000000000000000000000 
	Parameter ArianeCfg[NonIdempotentLength][9] bound to: 64'b0000000000000000000000000000000000000000000000000000000000000000 
	Parameter ArianeCfg[NonIdempotentLength][8] bound to: 64'b0000000000000000000000000000000000000000000000000000000000000000 
	Parameter ArianeCfg[NonIdempotentLength][7] bound to: 64'b0000000000000000000000000000000000000000000000000000000000000000 
	Parameter ArianeCfg[NonIdempotentLength][6] bound to: 64'b0000000000000000000000000000000000000000000000000000000000000000 
	Parameter ArianeCfg[NonIdempotentLength][5] bound to: 64'b0000000000000000000000000000000000000000000000000000000000000000 
	Parameter ArianeCfg[NonIdempotentLength][4] bound to: 64'b0000000000000000000000000000000000000000000000000000000000000000 
	Parameter ArianeCfg[NonIdempotentLength][3] bound to: 64'b0000000000000000000000000000000000000000000000000000000000000000 
	Parameter ArianeCfg[NonIdempotentLength][2] bound to: 64'b0000000000000000000000000000000000000000000000000000000000000000 
	Parameter ArianeCfg[NonIdempotentLength][1] bound to: 64'b0000000000000000000000000000000000000000000000000000000000000000 
	Parameter ArianeCfg[NonIdempotentLength][0] bound to: 64'b0000000000000000000000000000000010000000000000000000000000000000 
	Parameter ArianeCfg[NrExecuteRegionRules] bound to: 32'b00000000000000000000000000000011 
	Parameter ArianeCfg[ExecuteRegionAddrBase][15] bound to: 64'b0000000000000000000000000000000000000000000000000000000000000000 
	Parameter ArianeCfg[ExecuteRegionAddrBase][14] bound to: 64'b0000000000000000000000000000000000000000000000000000000000000000 
	Parameter ArianeCfg[ExecuteRegionAddrBase][13] bound to: 64'b0000000000000000000000000000000000000000000000000000000000000000 
	Parameter ArianeCfg[ExecuteRegionAddrBase][12] bound to: 64'b0000000000000000000000000000000000000000000000000000000000000000 
	Parameter ArianeCfg[ExecuteRegionAddrBase][11] bound to: 64'b0000000000000000000000000000000000000000000000000000000000000000 
	Parameter ArianeCfg[ExecuteRegionAddrBase][10] bound to: 64'b0000000000000000000000000000000000000000000000000000000000000000 
	Parameter ArianeCfg[ExecuteRegionAddrBase][9] bound to: 64'b0000000000000000000000000000000000000000000000000000000000000000 
	Parameter ArianeCfg[ExecuteRegionAddrBase][8] bound to: 64'b0000000000000000000000000000000000000000000000000000000000000000 
	Parameter ArianeCfg[ExecuteRegionAddrBase][7] bound to: 64'b0000000000000000000000000000000000000000000000000000000000000000 
	Parameter ArianeCfg[ExecuteRegionAddrBase][6] bound to: 64'b0000000000000000000000000000000000000000000000000000000000000000 
	Parameter ArianeCfg[ExecuteRegionAddrBase][5] bound to: 64'b0000000000000000000000000000000000000000000000000000000000000000 
	Parameter ArianeCfg[ExecuteRegionAddrBase][4] bound to: 64'b0000000000000000000000000000000000000000000000000000000000000000 
	Parameter ArianeCfg[ExecuteRegionAddrBase][3] bound to: 64'b0000000000000000000000000000000000000000000000000000000000000000 
	Parameter ArianeCfg[ExecuteRegionAddrBase][2] bound to: 64'b0000000000000000000000000000000010000000000000000000000000000000 
	Parameter ArianeCfg[ExecuteRegionAddrBase][1] bound to: 64'b0000000000000000000000000000000000000000000000010000000000000000 
	Parameter ArianeCfg[ExecuteRegionAddrBase][0] bound to: 64'b0000000000000000000000000000000000000000000000000000000000000000 
	Parameter ArianeCfg[ExecuteRegionLength][15] bound to: 64'b0000000000000000000000000000000000000000000000000000000000000000 
	Parameter ArianeCfg[ExecuteRegionLength][14] bound to: 64'b0000000000000000000000000000000000000000000000000000000000000000 
	Parameter ArianeCfg[ExecuteRegionLength][13] bound to: 64'b0000000000000000000000000000000000000000000000000000000000000000 
	Parameter ArianeCfg[ExecuteRegionLength][12] bound to: 64'b0000000000000000000000000000000000000000000000000000000000000000 
	Parameter ArianeCfg[ExecuteRegionLength][11] bound to: 64'b0000000000000000000000000000000000000000000000000000000000000000 
	Parameter ArianeCfg[ExecuteRegionLength][10] bound to: 64'b0000000000000000000000000000000000000000000000000000000000000000 
	Parameter ArianeCfg[ExecuteRegionLength][9] bound to: 64'b0000000000000000000000000000000000000000000000000000000000000000 
	Parameter ArianeCfg[ExecuteRegionLength][8] bound to: 64'b0000000000000000000000000000000000000000000000000000000000000000 
	Parameter ArianeCfg[ExecuteRegionLength][7] bound to: 64'b0000000000000000000000000000000000000000000000000000000000000000 
	Parameter ArianeCfg[ExecuteRegionLength][6] bound to: 64'b0000000000000000000000000000000000000000000000000000000000000000 
	Parameter ArianeCfg[ExecuteRegionLength][5] bound to: 64'b0000000000000000000000000000000000000000000000000000000000000000 
	Parameter ArianeCfg[ExecuteRegionLength][4] bound to: 64'b0000000000000000000000000000000000000000000000000000000000000000 
	Parameter ArianeCfg[ExecuteRegionLength][3] bound to: 64'b0000000000000000000000000000000000000000000000000000000000000000 
	Parameter ArianeCfg[ExecuteRegionLength][2] bound to: 64'b0000000000000000000000000000000001000000000000000000000000000000 
	Parameter ArianeCfg[ExecuteRegionLength][1] bound to: 64'b0000000000000000000000000000000000000000000000010000000000000000 
	Parameter ArianeCfg[ExecuteRegionLength][0] bound to: 64'b0000000000000000000000000000000000000000000000000001000000000000 
	Parameter ArianeCfg[NrCachedRegionRules] bound to: 32'b00000000000000000000000000000001 
	Parameter ArianeCfg[CachedRegionAddrBase][15] bound to: 64'b0000000000000000000000000000000000000000000000000000000000000000 
	Parameter ArianeCfg[CachedRegionAddrBase][14] bound to: 64'b0000000000000000000000000000000000000000000000000000000000000000 
	Parameter ArianeCfg[CachedRegionAddrBase][13] bound to: 64'b0000000000000000000000000000000000000000000000000000000000000000 
	Parameter ArianeCfg[CachedRegionAddrBase][12] bound to: 64'b0000000000000000000000000000000000000000000000000000000000000000 
	Parameter ArianeCfg[CachedRegionAddrBase][11] bound to: 64'b0000000000000000000000000000000000000000000000000000000000000000 
	Parameter ArianeCfg[CachedRegionAddrBase][10] bound to: 64'b0000000000000000000000000000000000000000000000000000000000000000 
	Parameter ArianeCfg[CachedRegionAddrBase][9] bound to: 64'b0000000000000000000000000000000000000000000000000000000000000000 
	Parameter ArianeCfg[CachedRegionAddrBase][8] bound to: 64'b0000000000000000000000000000000000000000000000000000000000000000 
	Parameter ArianeCfg[CachedRegionAddrBase][7] bound to: 64'b0000000000000000000000000000000000000000000000000000000000000000 
	Parameter ArianeCfg[CachedRegionAddrBase][6] bound to: 64'b0000000000000000000000000000000000000000000000000000000000000000 
	Parameter ArianeCfg[CachedRegionAddrBase][5] bound to: 64'b0000000000000000000000000000000000000000000000000000000000000000 
	Parameter ArianeCfg[CachedRegionAddrBase][4] bound to: 64'b0000000000000000000000000000000000000000000000000000000000000000 
	Parameter ArianeCfg[CachedRegionAddrBase][3] bound to: 64'b0000000000000000000000000000000000000000000000000000000000000000 
	Parameter ArianeCfg[CachedRegionAddrBase][2] bound to: 64'b0000000000000000000000000000000000000000000000000000000000000000 
	Parameter ArianeCfg[CachedRegionAddrBase][1] bound to: 64'b0000000000000000000000000000000000000000000000000000000000000000 
	Parameter ArianeCfg[CachedRegionAddrBase][0] bound to: 64'b0000000000000000000000000000000010000000000000000000000000000000 
	Parameter ArianeCfg[CachedRegionLength][15] bound to: 64'b0000000000000000000000000000000000000000000000000000000000000000 
	Parameter ArianeCfg[CachedRegionLength][14] bound to: 64'b0000000000000000000000000000000000000000000000000000000000000000 
	Parameter ArianeCfg[CachedRegionLength][13] bound to: 64'b0000000000000000000000000000000000000000000000000000000000000000 
	Parameter ArianeCfg[CachedRegionLength][12] bound to: 64'b0000000000000000000000000000000000000000000000000000000000000000 
	Parameter ArianeCfg[CachedRegionLength][11] bound to: 64'b0000000000000000000000000000000000000000000000000000000000000000 
	Parameter ArianeCfg[CachedRegionLength][10] bound to: 64'b0000000000000000000000000000000000000000000000000000000000000000 
	Parameter ArianeCfg[CachedRegionLength][9] bound to: 64'b0000000000000000000000000000000000000000000000000000000000000000 
	Parameter ArianeCfg[CachedRegionLength][8] bound to: 64'b0000000000000000000000000000000000000000000000000000000000000000 
	Parameter ArianeCfg[CachedRegionLength][7] bound to: 64'b0000000000000000000000000000000000000000000000000000000000000000 
	Parameter ArianeCfg[CachedRegionLength][6] bound to: 64'b0000000000000000000000000000000000000000000000000000000000000000 
	Parameter ArianeCfg[CachedRegionLength][5] bound to: 64'b0000000000000000000000000000000000000000000000000000000000000000 
	Parameter ArianeCfg[CachedRegionLength][4] bound to: 64'b0000000000000000000000000000000000000000000000000000000000000000 
	Parameter ArianeCfg[CachedRegionLength][3] bound to: 64'b0000000000000000000000000000000000000000000000000000000000000000 
	Parameter ArianeCfg[CachedRegionLength][2] bound to: 64'b0000000000000000000000000000000000000000000000000000000000000000 
	Parameter ArianeCfg[CachedRegionLength][1] bound to: 64'b0000000000000000000000000000000000000000000000000000000000000000 
	Parameter ArianeCfg[CachedRegionLength][0] bound to: 64'b0000000000000000000000000000000001000000000000000000000000000000 
	Parameter ArianeCfg[AxiCompliant] bound to: 1'b1 
	Parameter ArianeCfg[SwapEndianess] bound to: 1'b0 
	Parameter ArianeCfg[DmBaseAddress] bound to: 64'b0000000000000000000000000000000000000000000000000000000000000000 
	Parameter ArianeCfg[NrPMPEntries] bound to: 32'b00000000000000000000000000001000 
	Parameter FALL_THROUGH bound to: 1'b0 
	Parameter DATA_WIDTH bound to: 32'b00000000000000000000000000000010 
	Parameter DEPTH bound to: 32'b00000000000000000000000000000100 
	Parameter NumIn bound to: 32'b00000000000000000000000000000100 
	Parameter DataWidth bound to: 32'b00000000000000000000000000000001 
	Parameter LockIn bound to: 1'b1 
	Parameter NumIn bound to: 32'b00000000000000000000000000001000 
	Parameter LockIn bound to: 1'b1 
	Parameter NumIn bound to: 32'b00000000000000000000000000001000 
	Parameter AxiCompliant bound to: 1'b1 
	Parameter AxiDataWidth bound to: 32'b00000000000000000000000001000000 
	Parameter NumPorts bound to: 3 - type: integer 
	Parameter DATA_WIDTH bound to: 512 - type: integer 
	Parameter USER_WIDTH bound to: 8 - type: integer 
	Parameter USER_EN bound to: 0 - type: integer 
	Parameter NUM_WORDS bound to: 256 - type: integer 
	Parameter NumIn bound to: 3 - type: integer 
	Parameter DataWidth bound to: 32'b00000000000000000000000000000001 
	Parameter AxiAddrWidth bound to: 32'b00000000000000000000000001000000 
	Parameter AxiDataWidth bound to: 32'b00000000000000000000000001000000 
	Parameter AxiIdWidth bound to: 32'b00000000000000000000000000000100 
	Parameter NumIn bound to: 32'b00000000000000000000000000000010 
	Parameter DataWidth bound to: 32'b00000000000000000000000000000001 
	Parameter AxiVldRdy bound to: 1'b1 
	Parameter LockIn bound to: 1'b1 
	Parameter DEPTH bound to: 32'b00000000000000000000000000000010 
	Parameter DEPTH bound to: 32'b00000000000000000000000000000010 
	Parameter FALL_THROUGH bound to: 1'b1 
	Parameter DATA_WIDTH bound to: 32'b00000000000000000000000000000101 
	Parameter DEPTH bound to: 32'b00000000000000000000000000000100 
	Parameter AxiUserWidth bound to: 32'b00000000000000000000000000000001 
	Parameter AxiNumWords bound to: 2 - type: integer 
	Parameter AxiAddrWidth bound to: 32'b00000000000000000000000001000000 
	Parameter AxiDataWidth bound to: 32'b00000000000000000000000001000000 
	Parameter AxiIdWidth bound to: 32'b00000000000000000000000000000100 
	Parameter AXI_ADDR_WIDTH bound to: 64 - type: integer 
	Parameter AXI_DATA_WIDTH bound to: 64 - type: integer 
	Parameter AXI_ID_WIDTH bound to: 6 - type: integer 
	Parameter NR_CORES bound to: 32'b00000000000000000000000000000001 
	Parameter AXI_ADDR_WIDTH bound to: 64 - type: integer 
	Parameter AXI_DATA_WIDTH bound to: 64 - type: integer 
	Parameter AXI_ID_WIDTH bound to: 6 - type: integer 
INFO: [Synth 8-226] default block is never used [/home/jc/tmp/riscv-iommu-demo/cva6/corev_apu/clint/axi_lite_interface.sv:78]
	Parameter STAGES bound to: 32'b00000000000000000000000000000010 
	Parameter AXI_ID_WIDTH bound to: 6 - type: integer 
	Parameter AXI_ADDR_WIDTH bound to: 64 - type: integer 
	Parameter AXI_DATA_WIDTH bound to: 64 - type: integer 
	Parameter AXI_USER_WIDTH bound to: 1 - type: integer 
INFO: [Synth 8-155] case statement is not full and has no default [/home/jc/tmp/riscv-iommu-demo/cva6/corev_apu/axi_mem_if/src/axi2mem.sv:192]
INFO: [Synth 8-155] case statement is not full and has no default [/home/jc/tmp/riscv-iommu-demo/cva6/corev_apu/axi_mem_if/src/axi2mem.sv:234]
INFO: [Synth 8-155] case statement is not full and has no default [/home/jc/tmp/riscv-iommu-demo/cva6/corev_apu/axi_mem_if/src/axi2mem.sv:122]
	Parameter AxiAddrWidth bound to: 64 - type: integer 
	Parameter AxiDataWidth bound to: 64 - type: integer 
	Parameter AxiIdWidth bound to: 6 - type: integer 
	Parameter AxiUserWidth bound to: 1 - type: integer 
	Parameter InclUART bound to: 1'b1 
	Parameter InclSPI bound to: 1'b1 
	Parameter InclEthernet bound to: 1'b1 
	Parameter InclGPIO bound to: 1'b1 
	Parameter InclHWICAP bound to: 1'b1 
	Parameter InclDMA bound to: 1'b1 
	Parameter InclDMA2 bound to: 1'b1 
	Parameter InclIOMMU bound to: 1'b1 
INFO: [Synth 8-638] synthesizing module 'apb_uart' [/home/jc/tmp/riscv-iommu-demo/cva6/corev_apu/fpga/src/apb_uart/src/apb_uart.vhd:66]
INFO: [Synth 8-3491] module 'slib_input_sync' declared at '/home/jc/tmp/riscv-iommu-demo/cva6/corev_apu/fpga/src/apb_uart/src/slib_input_sync.vhd:28' bound to instance 'UART_IS_SIN' of component 'slib_input_sync' [/home/jc/tmp/riscv-iommu-demo/cva6/corev_apu/fpga/src/apb_uart/src/apb_uart.vhd:396]
INFO: [Synth 8-638] synthesizing module 'slib_input_sync' [/home/jc/tmp/riscv-iommu-demo/cva6/corev_apu/fpga/src/apb_uart/src/slib_input_sync.vhd:37]
INFO: [Synth 8-256] done synthesizing module 'slib_input_sync' (0#1) [/home/jc/tmp/riscv-iommu-demo/cva6/corev_apu/fpga/src/apb_uart/src/slib_input_sync.vhd:37]
INFO: [Synth 8-3491] module 'slib_input_sync' declared at '/home/jc/tmp/riscv-iommu-demo/cva6/corev_apu/fpga/src/apb_uart/src/slib_input_sync.vhd:28' bound to instance 'UART_IS_CTS' of component 'slib_input_sync' [/home/jc/tmp/riscv-iommu-demo/cva6/corev_apu/fpga/src/apb_uart/src/apb_uart.vhd:397]
INFO: [Synth 8-3491] module 'slib_input_sync' declared at '/home/jc/tmp/riscv-iommu-demo/cva6/corev_apu/fpga/src/apb_uart/src/slib_input_sync.vhd:28' bound to instance 'UART_IS_DSR' of component 'slib_input_sync' [/home/jc/tmp/riscv-iommu-demo/cva6/corev_apu/fpga/src/apb_uart/src/apb_uart.vhd:398]
INFO: [Synth 8-3491] module 'slib_input_sync' declared at '/home/jc/tmp/riscv-iommu-demo/cva6/corev_apu/fpga/src/apb_uart/src/slib_input_sync.vhd:28' bound to instance 'UART_IS_DCD' of component 'slib_input_sync' [/home/jc/tmp/riscv-iommu-demo/cva6/corev_apu/fpga/src/apb_uart/src/apb_uart.vhd:399]
INFO: [Synth 8-3491] module 'slib_input_sync' declared at '/home/jc/tmp/riscv-iommu-demo/cva6/corev_apu/fpga/src/apb_uart/src/slib_input_sync.vhd:28' bound to instance 'UART_IS_RI' of component 'slib_input_sync' [/home/jc/tmp/riscv-iommu-demo/cva6/corev_apu/fpga/src/apb_uart/src/apb_uart.vhd:400]
	Parameter SIZE bound to: 2 - type: integer 
INFO: [Synth 8-3491] module 'slib_input_filter' declared at '/home/jc/tmp/riscv-iommu-demo/cva6/corev_apu/fpga/src/apb_uart/src/slib_input_filter.vhd:28' bound to instance 'UART_IF_CTS' of component 'slib_input_filter' [/home/jc/tmp/riscv-iommu-demo/cva6/corev_apu/fpga/src/apb_uart/src/apb_uart.vhd:403]
INFO: [Synth 8-638] synthesizing module 'slib_input_filter' [/home/jc/tmp/riscv-iommu-demo/cva6/corev_apu/fpga/src/apb_uart/src/slib_input_filter.vhd:41]
	Parameter SIZE bound to: 2 - type: integer 
INFO: [Synth 8-256] done synthesizing module 'slib_input_filter' (0#1) [/home/jc/tmp/riscv-iommu-demo/cva6/corev_apu/fpga/src/apb_uart/src/slib_input_filter.vhd:41]
	Parameter SIZE bound to: 2 - type: integer 
INFO: [Synth 8-3491] module 'slib_input_filter' declared at '/home/jc/tmp/riscv-iommu-demo/cva6/corev_apu/fpga/src/apb_uart/src/slib_input_filter.vhd:28' bound to instance 'UART_IF_DSR' of component 'slib_input_filter' [/home/jc/tmp/riscv-iommu-demo/cva6/corev_apu/fpga/src/apb_uart/src/apb_uart.vhd:404]
	Parameter SIZE bound to: 2 - type: integer 
INFO: [Synth 8-3491] module 'slib_input_filter' declared at '/home/jc/tmp/riscv-iommu-demo/cva6/corev_apu/fpga/src/apb_uart/src/slib_input_filter.vhd:28' bound to instance 'UART_IF_DCD' of component 'slib_input_filter' [/home/jc/tmp/riscv-iommu-demo/cva6/corev_apu/fpga/src/apb_uart/src/apb_uart.vhd:405]
	Parameter SIZE bound to: 2 - type: integer 
INFO: [Synth 8-3491] module 'slib_input_filter' declared at '/home/jc/tmp/riscv-iommu-demo/cva6/corev_apu/fpga/src/apb_uart/src/slib_input_filter.vhd:28' bound to instance 'UART_IF_RI' of component 'slib_input_filter' [/home/jc/tmp/riscv-iommu-demo/cva6/corev_apu/fpga/src/apb_uart/src/apb_uart.vhd:406]
INFO: [Synth 8-3491] module 'uart_interrupt' declared at '/home/jc/tmp/riscv-iommu-demo/cva6/corev_apu/fpga/src/apb_uart/src/uart_interrupt.vhd:33' bound to instance 'UART_IIC' of component 'uart_interrupt' [/home/jc/tmp/riscv-iommu-demo/cva6/corev_apu/fpga/src/apb_uart/src/apb_uart.vhd:444]
INFO: [Synth 8-638] synthesizing module 'uart_interrupt' [/home/jc/tmp/riscv-iommu-demo/cva6/corev_apu/fpga/src/apb_uart/src/uart_interrupt.vhd:49]
INFO: [Synth 8-256] done synthesizing module 'uart_interrupt' (0#1) [/home/jc/tmp/riscv-iommu-demo/cva6/corev_apu/fpga/src/apb_uart/src/uart_interrupt.vhd:49]
INFO: [Synth 8-3491] module 'slib_edge_detect' declared at '/home/jc/tmp/riscv-iommu-demo/cva6/corev_apu/fpga/src/apb_uart/src/slib_edge_detect.vhd:28' bound to instance 'UART_IIC_THRE_ED' of component 'slib_edge_detect' [/home/jc/tmp/riscv-iommu-demo/cva6/corev_apu/fpga/src/apb_uart/src/apb_uart.vhd:457]
INFO: [Synth 8-638] synthesizing module 'slib_edge_detect' [/home/jc/tmp/riscv-iommu-demo/cva6/corev_apu/fpga/src/apb_uart/src/slib_edge_detect.vhd:38]
INFO: [Synth 8-256] done synthesizing module 'slib_edge_detect' (0#1) [/home/jc/tmp/riscv-iommu-demo/cva6/corev_apu/fpga/src/apb_uart/src/slib_edge_detect.vhd:38]
INFO: [Synth 8-3491] module 'slib_edge_detect' declared at '/home/jc/tmp/riscv-iommu-demo/cva6/corev_apu/fpga/src/apb_uart/src/slib_edge_detect.vhd:28' bound to instance 'UART_PEDET' of component 'slib_edge_detect' [/home/jc/tmp/riscv-iommu-demo/cva6/corev_apu/fpga/src/apb_uart/src/apb_uart.vhd:657]
INFO: [Synth 8-3491] module 'slib_edge_detect' declared at '/home/jc/tmp/riscv-iommu-demo/cva6/corev_apu/fpga/src/apb_uart/src/slib_edge_detect.vhd:28' bound to instance 'UART_FEDET' of component 'slib_edge_detect' [/home/jc/tmp/riscv-iommu-demo/cva6/corev_apu/fpga/src/apb_uart/src/apb_uart.vhd:658]
INFO: [Synth 8-3491] module 'slib_edge_detect' declared at '/home/jc/tmp/riscv-iommu-demo/cva6/corev_apu/fpga/src/apb_uart/src/slib_edge_detect.vhd:28' bound to instance 'UART_BIDET' of component 'slib_edge_detect' [/home/jc/tmp/riscv-iommu-demo/cva6/corev_apu/fpga/src/apb_uart/src/apb_uart.vhd:659]
INFO: [Synth 8-3491] module 'slib_edge_detect' declared at '/home/jc/tmp/riscv-iommu-demo/cva6/corev_apu/fpga/src/apb_uart/src/slib_edge_detect.vhd:28' bound to instance 'UART_ED_CTS' of component 'slib_edge_detect' [/home/jc/tmp/riscv-iommu-demo/cva6/corev_apu/fpga/src/apb_uart/src/apb_uart.vhd:683]
INFO: [Synth 8-3491] module 'slib_edge_detect' declared at '/home/jc/tmp/riscv-iommu-demo/cva6/corev_apu/fpga/src/apb_uart/src/slib_edge_detect.vhd:28' bound to instance 'UART_ED_DSR' of component 'slib_edge_detect' [/home/jc/tmp/riscv-iommu-demo/cva6/corev_apu/fpga/src/apb_uart/src/apb_uart.vhd:684]
INFO: [Synth 8-3491] module 'slib_edge_detect' declared at '/home/jc/tmp/riscv-iommu-demo/cva6/corev_apu/fpga/src/apb_uart/src/slib_edge_detect.vhd:28' bound to instance 'UART_ED_RI' of component 'slib_edge_detect' [/home/jc/tmp/riscv-iommu-demo/cva6/corev_apu/fpga/src/apb_uart/src/apb_uart.vhd:685]
INFO: [Synth 8-3491] module 'slib_edge_detect' declared at '/home/jc/tmp/riscv-iommu-demo/cva6/corev_apu/fpga/src/apb_uart/src/slib_edge_detect.vhd:28' bound to instance 'UART_ED_DCD' of component 'slib_edge_detect' [/home/jc/tmp/riscv-iommu-demo/cva6/corev_apu/fpga/src/apb_uart/src/apb_uart.vhd:686]
INFO: [Synth 8-3491] module 'uart_baudgen' declared at '/home/jc/tmp/riscv-iommu-demo/cva6/corev_apu/fpga/src/apb_uart/src/uart_baudgen.vhd:29' bound to instance 'UART_BG16' of component 'uart_baudgen' [/home/jc/tmp/riscv-iommu-demo/cva6/corev_apu/fpga/src/apb_uart/src/apb_uart.vhd:747]
INFO: [Synth 8-638] synthesizing module 'uart_baudgen' [/home/jc/tmp/riscv-iommu-demo/cva6/corev_apu/fpga/src/apb_uart/src/uart_baudgen.vhd:40]
INFO: [Synth 8-256] done synthesizing module 'uart_baudgen' (0#1) [/home/jc/tmp/riscv-iommu-demo/cva6/corev_apu/fpga/src/apb_uart/src/uart_baudgen.vhd:40]
	Parameter RATIO bound to: 8 - type: integer 
INFO: [Synth 8-3491] module 'slib_clock_div' declared at '/home/jc/tmp/riscv-iommu-demo/cva6/corev_apu/fpga/src/apb_uart/src/slib_clock_div.vhd:29' bound to instance 'UART_BG2' of component 'slib_clock_div' [/home/jc/tmp/riscv-iommu-demo/cva6/corev_apu/fpga/src/apb_uart/src/apb_uart.vhd:754]
INFO: [Synth 8-638] synthesizing module 'slib_clock_div' [/home/jc/tmp/riscv-iommu-demo/cva6/corev_apu/fpga/src/apb_uart/src/slib_clock_div.vhd:41]
	Parameter RATIO bound to: 8 - type: integer 
INFO: [Synth 8-256] done synthesizing module 'slib_clock_div' (0#1) [/home/jc/tmp/riscv-iommu-demo/cva6/corev_apu/fpga/src/apb_uart/src/slib_clock_div.vhd:41]
INFO: [Synth 8-3491] module 'slib_edge_detect' declared at '/home/jc/tmp/riscv-iommu-demo/cva6/corev_apu/fpga/src/apb_uart/src/slib_edge_detect.vhd:28' bound to instance 'UART_RCLK' of component 'slib_edge_detect' [/home/jc/tmp/riscv-iommu-demo/cva6/corev_apu/fpga/src/apb_uart/src/apb_uart.vhd:760]
	Parameter WIDTH bound to: 8 - type: integer 
	Parameter SIZE_E bound to: 6 - type: integer 
INFO: [Synth 8-3491] module 'slib_fifo' declared at '/home/jc/tmp/riscv-iommu-demo/cva6/corev_apu/fpga/src/apb_uart/src/slib_fifo.vhd:29' bound to instance 'UART_TXFF' of component 'slib_fifo' [/home/jc/tmp/riscv-iommu-demo/cva6/corev_apu/fpga/src/apb_uart/src/apb_uart.vhd:767]
INFO: [Synth 8-638] synthesizing module 'slib_fifo' [/home/jc/tmp/riscv-iommu-demo/cva6/corev_apu/fpga/src/apb_uart/src/slib_fifo.vhd:48]
	Parameter WIDTH bound to: 8 - type: integer 
	Parameter SIZE_E bound to: 6 - type: integer 
INFO: [Synth 8-256] done synthesizing module 'slib_fifo' (0#1) [/home/jc/tmp/riscv-iommu-demo/cva6/corev_apu/fpga/src/apb_uart/src/slib_fifo.vhd:48]
	Parameter WIDTH bound to: 11 - type: integer 
	Parameter SIZE_E bound to: 6 - type: integer 
INFO: [Synth 8-3491] module 'slib_fifo' declared at '/home/jc/tmp/riscv-iommu-demo/cva6/corev_apu/fpga/src/apb_uart/src/slib_fifo.vhd:29' bound to instance 'UART_RXFF' of component 'slib_fifo' [/home/jc/tmp/riscv-iommu-demo/cva6/corev_apu/fpga/src/apb_uart/src/apb_uart.vhd:786]
INFO: [Synth 8-638] synthesizing module 'slib_fifo__parameterized1' [/home/jc/tmp/riscv-iommu-demo/cva6/corev_apu/fpga/src/apb_uart/src/slib_fifo.vhd:48]
	Parameter WIDTH bound to: 11 - type: integer 
	Parameter SIZE_E bound to: 6 - type: integer 
INFO: [Synth 8-256] done synthesizing module 'slib_fifo__parameterized1' (0#1) [/home/jc/tmp/riscv-iommu-demo/cva6/corev_apu/fpga/src/apb_uart/src/slib_fifo.vhd:48]
INFO: [Synth 8-3491] module 'uart_transmitter' declared at '/home/jc/tmp/riscv-iommu-demo/cva6/corev_apu/fpga/src/apb_uart/src/uart_transmitter.vhd:29' bound to instance 'UART_TX' of component 'uart_transmitter' [/home/jc/tmp/riscv-iommu-demo/cva6/corev_apu/fpga/src/apb_uart/src/apb_uart.vhd:822]
INFO: [Synth 8-638] synthesizing module 'uart_transmitter' [/home/jc/tmp/riscv-iommu-demo/cva6/corev_apu/fpga/src/apb_uart/src/uart_transmitter.vhd:48]
INFO: [Synth 8-256] done synthesizing module 'uart_transmitter' (0#1) [/home/jc/tmp/riscv-iommu-demo/cva6/corev_apu/fpga/src/apb_uart/src/uart_transmitter.vhd:48]
INFO: [Synth 8-3491] module 'uart_receiver' declared at '/home/jc/tmp/riscv-iommu-demo/cva6/corev_apu/fpga/src/apb_uart/src/uart_receiver.vhd:29' bound to instance 'UART_RX' of component 'uart_receiver' [/home/jc/tmp/riscv-iommu-demo/cva6/corev_apu/fpga/src/apb_uart/src/apb_uart.vhd:840]
INFO: [Synth 8-638] synthesizing module 'uart_receiver' [/home/jc/tmp/riscv-iommu-demo/cva6/corev_apu/fpga/src/apb_uart/src/uart_receiver.vhd:49]
	Parameter WIDTH bound to: 4 - type: integer 
INFO: [Synth 8-3491] module 'slib_counter' declared at '/home/jc/tmp/riscv-iommu-demo/cva6/corev_apu/fpga/src/apb_uart/src/slib_counter.vhd:29' bound to instance 'RX_BRC' of component 'slib_counter' [/home/jc/tmp/riscv-iommu-demo/cva6/corev_apu/fpga/src/apb_uart/src/uart_receiver.vhd:122]
INFO: [Synth 8-638] synthesizing module 'slib_counter' [/home/jc/tmp/riscv-iommu-demo/cva6/corev_apu/fpga/src/apb_uart/src/slib_counter.vhd:46]
	Parameter WIDTH bound to: 4 - type: integer 
INFO: [Synth 8-256] done synthesizing module 'slib_counter' (0#1) [/home/jc/tmp/riscv-iommu-demo/cva6/corev_apu/fpga/src/apb_uart/src/slib_counter.vhd:46]
	Parameter WIDTH bound to: 4 - type: integer 
	Parameter THRESHOLD bound to: 10 - type: integer 
INFO: [Synth 8-3491] module 'slib_mv_filter' declared at '/home/jc/tmp/riscv-iommu-demo/cva6/corev_apu/fpga/src/apb_uart/src/slib_mv_filter.vhd:29' bound to instance 'RX_MVF' of component 'slib_mv_filter' [/home/jc/tmp/riscv-iommu-demo/cva6/corev_apu/fpga/src/apb_uart/src/uart_receiver.vhd:137]
INFO: [Synth 8-638] synthesizing module 'slib_mv_filter' [/home/jc/tmp/riscv-iommu-demo/cva6/corev_apu/fpga/src/apb_uart/src/slib_mv_filter.vhd:44]
	Parameter WIDTH bound to: 4 - type: integer 
	Parameter THRESHOLD bound to: 10 - type: integer 
INFO: [Synth 8-256] done synthesizing module 'slib_mv_filter' (0#1) [/home/jc/tmp/riscv-iommu-demo/cva6/corev_apu/fpga/src/apb_uart/src/slib_mv_filter.vhd:44]
	Parameter SIZE bound to: 4 - type: integer 
INFO: [Synth 8-3491] module 'slib_input_filter' declared at '/home/jc/tmp/riscv-iommu-demo/cva6/corev_apu/fpga/src/apb_uart/src/slib_input_filter.vhd:28' bound to instance 'RX_IFSB' of component 'slib_input_filter' [/home/jc/tmp/riscv-iommu-demo/cva6/corev_apu/fpga/src/apb_uart/src/uart_receiver.vhd:150]
INFO: [Synth 8-638] synthesizing module 'slib_input_filter__parameterized2' [/home/jc/tmp/riscv-iommu-demo/cva6/corev_apu/fpga/src/apb_uart/src/slib_input_filter.vhd:41]
	Parameter SIZE bound to: 4 - type: integer 
INFO: [Synth 8-256] done synthesizing module 'slib_input_filter__parameterized2' (0#1) [/home/jc/tmp/riscv-iommu-demo/cva6/corev_apu/fpga/src/apb_uart/src/slib_input_filter.vhd:41]
INFO: [Synth 8-256] done synthesizing module 'uart_receiver' (0#1) [/home/jc/tmp/riscv-iommu-demo/cva6/corev_apu/fpga/src/apb_uart/src/uart_receiver.vhd:49]
INFO: [Synth 8-226] default block is never used [/home/jc/tmp/riscv-iommu-demo/cva6/corev_apu/fpga/src/apb_uart/src/apb_uart.vhd:880]
INFO: [Synth 8-226] default block is never used [/home/jc/tmp/riscv-iommu-demo/cva6/corev_apu/fpga/src/apb_uart/src/apb_uart.vhd:919]
INFO: [Synth 8-226] default block is never used [/home/jc/tmp/riscv-iommu-demo/cva6/corev_apu/fpga/src/apb_uart/src/apb_uart.vhd:1006]
INFO: [Synth 8-256] done synthesizing module 'apb_uart' (0#1) [/home/jc/tmp/riscv-iommu-demo/cva6/corev_apu/fpga/src/apb_uart/src/apb_uart.vhd:66]
WARNING: [Synth 8-689] width (4) of port connection 'm_axi_awprot' does not match port width (3) of module 'xlnx_axi_dwidth_converter' [/home/jc/tmp/riscv-iommu-demo/cva6/corev_apu/fpga/src/ariane_peripherals_xilinx.sv:265]
WARNING: [Synth 8-689] width (4) of port connection 'm_axi_arprot' does not match port width (3) of module 'xlnx_axi_dwidth_converter' [/home/jc/tmp/riscv-iommu-demo/cva6/corev_apu/fpga/src/ariane_peripherals_xilinx.sv:274]
WARNING: [Synth 8-689] width (4) of port connection 's_axi4_awprot' does not match port width (3) of module 'xlnx_axi_quad_spi' [/home/jc/tmp/riscv-iommu-demo/cva6/corev_apu/fpga/src/ariane_peripherals_xilinx.sv:287]
WARNING: [Synth 8-689] width (4) of port connection 's_axi4_arprot' does not match port width (3) of module 'xlnx_axi_quad_spi' [/home/jc/tmp/riscv-iommu-demo/cva6/corev_apu/fpga/src/ariane_peripherals_xilinx.sv:296]
	Parameter AXI_ID_WIDTH bound to: 6 - type: integer 
	Parameter AXI_ADDR_WIDTH bound to: 64 - type: integer 
	Parameter AXI_DATA_WIDTH bound to: 64 - type: integer 
	Parameter AXI_USER_WIDTH bound to: 1 - type: integer 
INFO: [Synth 8-155] case statement is not full and has no default [/home/jc/tmp/riscv-iommu-demo/cva6/corev_apu/axi_mem_if/src/axi2mem.sv:192]
INFO: [Synth 8-155] case statement is not full and has no default [/home/jc/tmp/riscv-iommu-demo/cva6/corev_apu/axi_mem_if/src/axi2mem.sv:234]
INFO: [Synth 8-155] case statement is not full and has no default [/home/jc/tmp/riscv-iommu-demo/cva6/corev_apu/axi_mem_if/src/axi2mem.sv:122]
WARNING: [Synth 8-4446] all outputs are unconnected for this instance and logic may be removed [/home/jc/tmp/riscv-iommu-demo/cva6/corev_apu/fpga/src/ariane-ethernet/rgmii_soc.sv:86]
	Parameter IDELAY_TYPE bound to: FIXED - type: string 
	Parameter TARGET bound to: XILINX - type: string 
	Parameter IODDR_STYLE bound to: IODDR - type: string 
	Parameter CLOCK_INPUT_STYLE bound to: BUFR - type: string 
	Parameter USE_CLK90 bound to: TRUE - type: string 
	Parameter ENABLE_PADDING bound to: 1 - type: integer 
	Parameter MIN_FRAME_LENGTH bound to: 64 - type: integer 
	Parameter TX_FIFO_ADDR_WIDTH bound to: 12 - type: integer 
	Parameter TX_FRAME_FIFO bound to: 1 - type: integer 
	Parameter RX_FIFO_ADDR_WIDTH bound to: 12 - type: integer 
	Parameter RX_FRAME_FIFO bound to: 1 - type: integer 
	Parameter TARGET bound to: XILINX - type: string 
	Parameter IODDR_STYLE bound to: IODDR - type: string 
	Parameter CLOCK_INPUT_STYLE bound to: BUFR - type: string 
	Parameter USE_CLK90 bound to: TRUE - type: string 
	Parameter ENABLE_PADDING bound to: 1 - type: integer 
	Parameter MIN_FRAME_LENGTH bound to: 64 - type: integer 
	Parameter TARGET bound to: XILINX - type: string 
	Parameter IODDR_STYLE bound to: IODDR - type: string 
	Parameter CLOCK_INPUT_STYLE bound to: BUFR - type: string 
	Parameter USE_CLK90 bound to: TRUE - type: string 
	Parameter TARGET bound to: XILINX - type: string 
	Parameter IODDR_STYLE bound to: IODDR - type: string 
	Parameter CLOCK_INPUT_STYLE bound to: BUFR - type: string 
	Parameter WIDTH bound to: 5 - type: integer 
	Parameter BUFR_DIVIDE bound to: BYPASS - type: string 
	Parameter TARGET bound to: XILINX - type: string 
	Parameter IODDR_STYLE bound to: IODDR - type: string 
	Parameter WIDTH bound to: 5 - type: integer 
	Parameter DDR_CLK_EDGE bound to: SAME_EDGE_PIPELINED - type: string 
	Parameter SRTYPE bound to: ASYNC - type: string 
	Parameter TARGET bound to: XILINX - type: string 
	Parameter IODDR_STYLE bound to: IODDR - type: string 
	Parameter WIDTH bound to: 1 - type: integer 
	Parameter DDR_CLK_EDGE bound to: SAME_EDGE - type: string 
	Parameter SRTYPE bound to: ASYNC - type: string 
	Parameter TARGET bound to: XILINX - type: string 
	Parameter IODDR_STYLE bound to: IODDR - type: string 
	Parameter WIDTH bound to: 5 - type: integer 
	Parameter ENABLE_PADDING bound to: 1 - type: integer 
	Parameter MIN_FRAME_LENGTH bound to: 64 - type: integer 
	Parameter LFSR_WIDTH bound to: 32 - type: integer 
	Parameter LFSR_POLY bound to: 79764919 - type: integer 
	Parameter LFSR_CONFIG bound to: GALOIS - type: string 
	Parameter LFSR_FEED_FORWARD bound to: 0 - type: integer 
	Parameter REVERSE bound to: 1 - type: integer 
	Parameter DATA_WIDTH bound to: 8 - type: integer 
	Parameter STYLE bound to: AUTO - type: string 
	Parameter ENABLE_PADDING bound to: 1 - type: integer 
	Parameter MIN_FRAME_LENGTH bound to: 64 - type: integer 
	Parameter DRIVE bound to: 12 - type: integer 
	Parameter IBUF_LOW_PWR bound to: TRUE - type: string 
	Parameter IOSTANDARD bound to: DEFAULT - type: string 
	Parameter SLEW bound to: SLOW - type: string 
	Parameter AXI4_ADDRESS_WIDTH bound to: 64 - type: integer 
	Parameter AXI4_RDATA_WIDTH bound to: 64 - type: integer 
	Parameter AXI4_WDATA_WIDTH bound to: 64 - type: integer 
	Parameter AXI4_ID_WIDTH bound to: 6 - type: integer 
	Parameter AXI4_USER_WIDTH bound to: 1 - type: integer 
	Parameter BUFF_DEPTH_SLAVE bound to: 32'b00000000000000000000000000000010 
	Parameter APB_ADDR_WIDTH bound to: 32'b00000000000000000000000000100000 
	Parameter ID_WIDTH bound to: 6 - type: integer 
	Parameter ADDR_WIDTH bound to: 64 - type: integer 
	Parameter USER_WIDTH bound to: 1 - type: integer 
	Parameter BUFFER_DEPTH bound to: 32'sb00000000000000000000000000000010 
	Parameter BUFFER_DEPTH bound to: 32'sb00000000000000000000000000000010 
	Parameter DATA_WIDTH bound to: 32'sb00000000000000000000000001100100 
	Parameter FALL_THROUGH bound to: 1'b0 
	Parameter DATA_WIDTH bound to: 32'b00000000000000000000000001100100 
	Parameter DEPTH bound to: 32'b00000000000000000000000000000010 
	Parameter FALL_THROUGH bound to: 1'b0 
	Parameter DATA_WIDTH bound to: 32'b00000000000000000000000001100100 
	Parameter DEPTH bound to: 32'b00000000000000000000000000000010 
	Parameter ALM_FULL_TH bound to: 32'b00000000000000000000000000000001 
	Parameter FALL_THROUGH bound to: 1'b0 
	Parameter DATA_WIDTH bound to: 32'b00000000000000000000000001100100 
	Parameter DEPTH bound to: 32'b00000000000000000000000000000010 
	Parameter ID_WIDTH bound to: 6 - type: integer 
	Parameter ADDR_WIDTH bound to: 64 - type: integer 
	Parameter USER_WIDTH bound to: 1 - type: integer 
	Parameter BUFFER_DEPTH bound to: 32'sb00000000000000000000000000000010 
	Parameter DATA_WIDTH bound to: 64 - type: integer 
	Parameter USER_WIDTH bound to: 1 - type: integer 
	Parameter BUFFER_DEPTH bound to: 32'sb00000000000000000000000000000010 
	Parameter BUFFER_DEPTH bound to: 32'sb00000000000000000000000000000010 
	Parameter DATA_WIDTH bound to: 32'sb00000000000000000000000001001010 
	Parameter FALL_THROUGH bound to: 1'b0 
	Parameter DATA_WIDTH bound to: 32'b00000000000000000000000001001010 
	Parameter DEPTH bound to: 32'b00000000000000000000000000000010 
	Parameter FALL_THROUGH bound to: 1'b0 
	Parameter DATA_WIDTH bound to: 32'b00000000000000000000000001001010 
	Parameter DEPTH bound to: 32'b00000000000000000000000000000010 
	Parameter ALM_FULL_TH bound to: 32'b00000000000000000000000000000001 
	Parameter FALL_THROUGH bound to: 1'b0 
	Parameter DATA_WIDTH bound to: 32'b00000000000000000000000001001010 
	Parameter DEPTH bound to: 32'b00000000000000000000000000000010 
	Parameter ID_WIDTH bound to: 6 - type: integer 
	Parameter DATA_WIDTH bound to: 64 - type: integer 
	Parameter USER_WIDTH bound to: 1 - type: integer 
	Parameter BUFFER_DEPTH bound to: 2 - type: integer 
	Parameter ID_WIDTH bound to: 6 - type: integer 
	Parameter USER_WIDTH bound to: 1 - type: integer 
	Parameter BUFFER_DEPTH bound to: 32'sb00000000000000000000000000000010 
	Parameter BUFFER_DEPTH bound to: 32'sb00000000000000000000000000000010 
	Parameter DATA_WIDTH bound to: 32'sb00000000000000000000000000001001 
	Parameter FALL_THROUGH bound to: 1'b0 
	Parameter DATA_WIDTH bound to: 32'b00000000000000000000000000001001 
	Parameter DEPTH bound to: 32'b00000000000000000000000000000010 
	Parameter FALL_THROUGH bound to: 1'b0 
	Parameter DATA_WIDTH bound to: 32'b00000000000000000000000000001001 
	Parameter DEPTH bound to: 32'b00000000000000000000000000000010 
	Parameter ALM_FULL_TH bound to: 32'b00000000000000000000000000000001 
	Parameter FALL_THROUGH bound to: 1'b0 
	Parameter DATA_WIDTH bound to: 32'b00000000000000000000000000001001 
	Parameter DEPTH bound to: 32'b00000000000000000000000000000010 
	Parameter APB_ADDR_WIDTH bound to: 32 - type: integer 
	Parameter TIMER_CNT bound to: 2 - type: integer 
	Parameter APB_ADDR_WIDTH bound to: 32 - type: integer 
INFO: [Synth 8-155] case statement is not full and has no default [/home/jc/tmp/riscv-iommu-demo/cva6/corev_apu/fpga/src/apb_timer/timer.sv:92]
INFO: [Synth 8-155] case statement is not full and has no default [/home/jc/tmp/riscv-iommu-demo/cva6/corev_apu/fpga/src/apb_timer/timer.sv:116]
	Parameter ADDR_WIDTH bound to: 32'b00000000000000000000000000100000 
	Parameter DATA_WIDTH bound to: 32'b00000000000000000000000000100000 
	Parameter AXI_ADDR_WIDTH bound to: 64 - type: integer 
	Parameter AXI_DATA_WIDTH bound to: 64 - type: integer 
	Parameter AXI_ID_WIDTH bound to: 32'b00000000000000000000000000000110 
	Parameter AXI_USER_WIDTH bound to: 1 - type: integer 
	Parameter AXI_ADDR_WIDTH bound to: 64 - type: integer 
	Parameter AXI_DATA_WIDTH bound to: 64 - type: integer 
	Parameter AXI_ID_WIDTH bound to: 3 - type: integer 
	Parameter AXI_USER_WIDTH bound to: 1 - type: integer 
	Parameter AXI_ADDR_WIDTH bound to: 64 - type: integer 
	Parameter AXI_DATA_WIDTH bound to: 64 - type: integer 
	Parameter AXI_ID_WIDTH bound to: 3 - type: integer 
	Parameter AXI_USER_WIDTH bound to: 1 - type: integer 
	Parameter AXI_ADDR_WIDTH bound to: 64 - type: integer 
	Parameter AXI_DATA_WIDTH bound to: 64 - type: integer 
	Parameter AXI_ID_WIDTH bound to: 3 - type: integer 
	Parameter AXI_USER_WIDTH bound to: 1 - type: integer 
	Parameter AXI_ADDR_WIDTH bound to: 64 - type: integer 
	Parameter AXI_DATA_WIDTH bound to: 64 - type: integer 
	Parameter AXI_ID_WIDTH bound to: 32'b00000000000000000000000000000110 
	Parameter AXI_USER_WIDTH bound to: 1 - type: integer 
	Parameter PASS_THROUGH bound to: 1'b0 
	Parameter AXI_ADDR_WIDTH bound to: 64 - type: integer 
	Parameter AXI_DATA_WIDTH bound to: 64 - type: integer 
	Parameter AXI_ID_WIDTH bound to: 32'b00000000000000000000000000000011 
	Parameter AXI_USER_WIDTH bound to: 1 - type: integer 
	Parameter PASS_THROUGH bound to: 1'b0 
	Parameter AXI_ADDR_WIDTH bound to: 64 - type: integer 
	Parameter AXI_DATA_WIDTH bound to: 64 - type: integer 
	Parameter AXI_ID_WIDTH bound to: 32'b00000000000000000000000000000011 
	Parameter AXI_USER_WIDTH bound to: 1 - type: integer 
	Parameter AXI_SLV_ID_WIDTH bound to: 32'b00000000000000000000000000000110 
	Parameter STREAM_ID bound to: 24'b000000000000000000000010 
	Parameter IdWidth bound to: 3 - type: integer 
	Parameter IdWidthSlv bound to: 6 - type: integer 
	Parameter AddrWidth bound to: 64 - type: integer 
	Parameter UserWidth bound to: 1 - type: integer 
	Parameter DevIDWidth bound to: 24 - type: integer 
	Parameter ProcIDWidth bound to: 20 - type: integer 
	Parameter DataWidth bound to: 64 - type: integer 
	Parameter StrbWidth bound to: 8 - type: integer 
	Parameter DevIDWidth bound to: 24 - type: integer 
	Parameter AddrWidth bound to: 64 - type: integer 
	Parameter AddrWidth bound to: 64 - type: integer 
	Parameter DevIDWidth bound to: 24 - type: integer 
	Parameter MAX_FAILURES bound to: 3 - type: integer 
	Parameter BLOCK_DURATION bound to: 100000 - type: integer 
	Parameter WINDOW_CYCLES bound to: 100 - type: integer 
	Parameter MAX_REQ_PER_WINDOW bound to: 8 - type: integer 
	Parameter BLOCK_CYCLES bound to: 4 - type: integer 
	Parameter MAX_OUTSTANDING bound to: 16 - type: integer 
	Parameter BLOCK_CYCLES bound to: 10 - type: integer 
	Parameter WINDOW_CYCLES bound to: 32'b00000000000000000000010000000000 
	Parameter MAX_MSI_PER_WINDOW bound to: 32'b00000000000000000000000000100000 
	Parameter MAX_RATIO_MSI_DMA bound to: 32'b00000000000000000000000000000010 
	Parameter MAX_DELAY bound to: 32'b00000000000000000000000000010000 
WARNING: [Synth 8-639] system function call 'urandom_range' not supported [/home/jc/tmp/riscv-iommu-demo/cva6/corev_apu/fpga/src/armor/SRC/Delay_inserter.sv:36]
	Parameter AXI_ADDR_WIDTH bound to: 64 - type: integer 
	Parameter AXI_DATA_WIDTH bound to: 64 - type: integer 
	Parameter AXI_ID_WIDTH bound to: 32'b00000000000000000000000000000011 
	Parameter AXI_USER_WIDTH bound to: 1 - type: integer 
	Parameter AXI_ADDR_WIDTH bound to: 64 - type: integer 
	Parameter AXI_DATA_WIDTH bound to: 64 - type: integer 
	Parameter AXI_ID_WIDTH bound to: 32'b00000000000000000000000000000011 
	Parameter AXI_USER_WIDTH bound to: 1 - type: integer 
	Parameter AXI_ADDR_WIDTH bound to: 64 - type: integer 
	Parameter AXI_DATA_WIDTH bound to: 64 - type: integer 
	Parameter AXI_ID_WIDTH bound to: 3 - type: integer 
	Parameter AXI_USER_WIDTH bound to: 1 - type: integer 
	Parameter AXI_ADDR_WIDTH bound to: 64 - type: integer 
	Parameter AXI_DATA_WIDTH bound to: 64 - type: integer 
	Parameter AXI_ID_WIDTH bound to: 32'b00000000000000000000000000000100 
	Parameter AXI_USER_WIDTH bound to: 1 - type: integer 
	Parameter SLV_AXI_ID_WIDTH bound to: 32'b00000000000000000000000000000011 
	Parameter MST_AXI_ID_WIDTH bound to: 32'b00000000000000000000000000000100 
	Parameter AXI_ADDR_WIDTH bound to: 64 - type: integer 
	Parameter AXI_DATA_WIDTH bound to: 64 - type: integer 
	Parameter AXI_USER_WIDTH bound to: 1 - type: integer 
	Parameter NO_SLV_PORTS bound to: 32'b00000000000000000000000000000010 
	Parameter MAX_W_TRANS bound to: 32'b00000000000000000000000000000100 
	Parameter FALL_THROUGH bound to: 1'b0 
	Parameter SPILL_AW bound to: 1'b1 
	Parameter SPILL_AR bound to: 1'b1 
	Parameter SlvAxiIDWidth bound to: 32'b00000000000000000000000000000011 
	Parameter NoSlvPorts bound to: 32'b00000000000000000000000000000010 
	Parameter MaxWTrans bound to: 32'b00000000000000000000000000000100 
	Parameter FallThrough bound to: 1'b0 
	Parameter SpillAw bound to: 1'b1 
	Parameter SpillW bound to: 1'b0 
	Parameter SpillB bound to: 1'b0 
	Parameter SpillAr bound to: 1'b1 
	Parameter SpillR bound to: 1'b0 
	Parameter NoBus bound to: 1 - type: integer 
	Parameter AxiIdWidthSlvPort bound to: 32'b00000000000000000000000000000011 
	Parameter AxiIdWidthMstPort bound to: 32'b00000000000000000000000000000100 
	Parameter NumIn bound to: 32'b00000000000000000000000000000010 
	Parameter AxiVldRdy bound to: 1'b1 
	Parameter LockIn bound to: 1'b1 
	Parameter FALL_THROUGH bound to: 1'b0 
	Parameter DEPTH bound to: 32'b00000000000000000000000000000100 
	Parameter Bypass bound to: 1'b0 
	Parameter Bypass bound to: 1'b0 
	Parameter Bypass bound to: 1'b1 
	Parameter Bypass bound to: 1'b1 
	Parameter Bypass bound to: 1'b1 
	Parameter Bypass bound to: 1'b1 
	Parameter NumIn bound to: 32'b00000000000000000000000000000010 
	Parameter AxiVldRdy bound to: 1'b1 
	Parameter LockIn bound to: 1'b1 
	Parameter Bypass bound to: 1'b0 
	Parameter Bypass bound to: 1'b0 
	Parameter Bypass bound to: 1'b1 
	Parameter Bypass bound to: 1'b1 
	Parameter AXI_ADDR_WIDTH bound to: 64 - type: integer 
	Parameter AXI_DATA_WIDTH bound to: 64 - type: integer 
	Parameter AXI_ID_WIDTH bound to: 32'b00000000000000000000000000000110 
	Parameter AXI_USER_WIDTH bound to: 1 - type: integer 
	Parameter AXI_ADDR_WIDTH bound to: 64 - type: integer 
	Parameter AXI_DATA_WIDTH bound to: 64 - type: integer 
	Parameter AXI_ID_WIDTH bound to: 3 - type: integer 
	Parameter AXI_USER_WIDTH bound to: 1 - type: integer 
	Parameter AXI_ADDR_WIDTH bound to: 64 - type: integer 
	Parameter AXI_DATA_WIDTH bound to: 64 - type: integer 
	Parameter AXI_ID_WIDTH bound to: 3 - type: integer 
	Parameter AXI_USER_WIDTH bound to: 1 - type: integer 
	Parameter AXI_ADDR_WIDTH bound to: 64 - type: integer 
	Parameter AXI_DATA_WIDTH bound to: 64 - type: integer 
	Parameter AXI_ID_WIDTH bound to: 32'b00000000000000000000000000000110 
	Parameter AXI_USER_WIDTH bound to: 1 - type: integer 
	Parameter PASS_THROUGH bound to: 1'b0 
	Parameter AXI_ADDR_WIDTH bound to: 64 - type: integer 
	Parameter AXI_DATA_WIDTH bound to: 64 - type: integer 
	Parameter AXI_ID_WIDTH bound to: 32'b00000000000000000000000000000011 
	Parameter AXI_USER_WIDTH bound to: 1 - type: integer 
	Parameter PASS_THROUGH bound to: 1'b0 
	Parameter AXI_ADDR_WIDTH bound to: 64 - type: integer 
	Parameter AXI_DATA_WIDTH bound to: 64 - type: integer 
	Parameter AXI_ID_WIDTH bound to: 32'b00000000000000000000000000000011 
	Parameter AXI_USER_WIDTH bound to: 1 - type: integer 
	Parameter AXI_SLV_ID_WIDTH bound to: 32'b00000000000000000000000000000110 
	Parameter STREAM_ID bound to: 24'b000000000000000000000001 
	Parameter IOTLB_ENTRIES bound to: 32'b00000000000000000000000000001000 
	Parameter DDTC_ENTRIES bound to: 32'b00000000000000000000000000000100 
	Parameter PDTC_ENTRIES bound to: 32'b00000000000000000000000000000100 
	Parameter MRIFC_ENTRIES bound to: 32'b00000000000000000000000000000100 
	Parameter InclPC bound to: 1'b0 
	Parameter InclBC bound to: 1'b1 
	Parameter InclDBG bound to: 1'b0 
	Parameter MSITrans bound to: 2'b10 
	Parameter IGS bound to: 2'b10 
	Parameter N_INT_VEC bound to: 32'b00000000000000000000000000000100 
	Parameter N_IOHPMCTR bound to: 32'b00000000000000000000000000001000 
	Parameter ADDR_WIDTH bound to: 64 - type: integer 
	Parameter DATA_WIDTH bound to: 64 - type: integer 
	Parameter ID_WIDTH bound to: 32'sb00000000000000000000000000000100 
	Parameter ID_SLV_WIDTH bound to: 32'sb00000000000000000000000000000110 
	Parameter USER_WIDTH bound to: 1 - type: integer 
	Parameter AxiIdWidth bound to: 32'b00000000000000000000000000000100 
	Parameter Resp bound to: 2'b00 
	Parameter RespWidth bound to: 64 - type: integer 
	Parameter RespData bound to: 64'b0000000000000000000000000000000000000000000000000000000000000000 
	Parameter AxiIdWidth bound to: 32'b00000000000000000000000000000100 
	Parameter NoMstPorts bound to: 32'b00000000000000000000000000000011 
	Parameter AxiLookBits bound to: 32'b00000000000000000000000000000100 
	Parameter FallThrough bound to: 1'b0 
	Parameter SpillAw bound to: 1'b0 
	Parameter SpillW bound to: 1'b0 
	Parameter SpillB bound to: 1'b0 
	Parameter SpillAr bound to: 1'b0 
	Parameter SpillR bound to: 1'b0 
	Parameter AxiIdBits bound to: 32'b00000000000000000000000000000100 
	Parameter CounterWidth bound to: 32'b00000000000000000000000000000011 
	Parameter Bypass bound to: 1'b1 
	Parameter Bypass bound to: 1'b1 
	Parameter NumIn bound to: 32'b00000000000000000000000000000011 
	Parameter AxiVldRdy bound to: 1'b1 
	Parameter LockIn bound to: 1'b1 
	Parameter Bypass bound to: 1'b1 
	Parameter Bypass bound to: 1'b1 
	Parameter NumIn bound to: 32'b00000000000000000000000000000011 
	Parameter AxiVldRdy bound to: 1'b1 
	Parameter LockIn bound to: 1'b1 
	Parameter ADDR_WIDTH bound to: 64 - type: integer 
	Parameter DATA_WIDTH bound to: 64 - type: integer 
	Parameter ID_WIDTH bound to: 32'sb00000000000000000000000000000110 
	Parameter USER_WIDTH bound to: 1 - type: integer 
	Parameter ADDR_WIDTH bound to: 64 - type: integer 
	Parameter DATA_WIDTH bound to: 32'sb00000000000000000000000000100000 
	Parameter AXI4_ADDRESS_WIDTH bound to: 64 - type: integer 
	Parameter AXI4_RDATA_WIDTH bound to: 64 - type: integer 
	Parameter AXI4_WDATA_WIDTH bound to: 64 - type: integer 
	Parameter AXI4_ID_WIDTH bound to: 32'b00000000000000000000000000000110 
	Parameter AXI4_USER_WIDTH bound to: 1 - type: integer 
	Parameter BUFF_DEPTH_SLAVE bound to: 32'b00000000000000000000000000000010 
	Parameter APB_ADDR_WIDTH bound to: 64 - type: integer 
WARNING: [Synth 8-689] width (64) of port connection 'paddr_i' does not match port width (32) of module 'apb_to_reg' [/home/jc/tmp/riscv-iommu-demo/cva6/corev_apu/rv_iommu/rtl/ext_interfaces/rv_iommu_prog_if.sv:150]
	Parameter N_INP bound to: 5 - type: integer 
	Parameter N_INP bound to: 5 - type: integer 
	Parameter ARBITER bound to: rr - type: string 
	Parameter NumIn bound to: 5 - type: integer 
	Parameter ExtPrio bound to: 1'b0 
	Parameter AxiVldRdy bound to: 1'b1 
	Parameter LockIn bound to: 1'b1 
	Parameter N_INP bound to: 4 - type: integer 
	Parameter N_INP bound to: 4 - type: integer 
	Parameter ARBITER bound to: rr - type: string 
	Parameter NumIn bound to: 4 - type: integer 
	Parameter ExtPrio bound to: 1'b0 
	Parameter AxiVldRdy bound to: 1'b1 
	Parameter LockIn bound to: 1'b1 
	Parameter DATA_WIDTH bound to: 32'b00000000000000000000000000000010 
	Parameter DEPTH bound to: 32'b00000000000000000000000000000010 
	Parameter N_INP bound to: 4 - type: integer 
	Parameter N_OUP bound to: 32'b00000000000000000000000000000101 
	Parameter N_OUP bound to: 32'b00000000000000000000000000000100 
	Parameter IOTLB_ENTRIES bound to: 32'b00000000000000000000000000001000 
	Parameter DDTC_ENTRIES bound to: 32'b00000000000000000000000000000100 
	Parameter PDTC_ENTRIES bound to: 32'b00000000000000000000000000000100 
	Parameter MRIFC_ENTRIES bound to: 32'b00000000000000000000000000000100 
	Parameter InclPC bound to: 1'b0 
	Parameter MSITrans bound to: 2'b10 
	Parameter IOTLB_ENTRIES bound to: 32'b00000000000000000000000000001000 
	Parameter DDTC_ENTRIES bound to: 32'b00000000000000000000000000000100 
	Parameter MRIFC_ENTRIES bound to: 32'b00000000000000000000000000000100 
	Parameter MSITrans bound to: 2'b10 
	Parameter DC_WIDTH bound to: 32'sb00000000000000000000001000000000 
	Parameter MSITrans bound to: 2'b10 
	Parameter MRIFC_ENTRIES bound to: 32'b00000000000000000000000000000100 
	Parameter DDTC_ENTRIES bound to: 32'b00000000000000000000000000000100 
	Parameter DC_WIDTH bound to: 32'sb00000000000000000000001000000000 
	Parameter IOTLB_ENTRIES bound to: 32'b00000000000000000000000000001000 
	Parameter MSITrans bound to: 2'b10 
	Parameter MSITrans bound to: 2'b10 
	Parameter DC_WIDTH bound to: 32'sb00000000000000000000001000000000 
	Parameter MSITrans bound to: 2'b10 
	Parameter IGS bound to: 2'b10 
	Parameter N_INT_VEC bound to: 32'b00000000000000000000000000000100 
	Parameter N_IOHPMCTR bound to: 32'b00000000000000000000000000001000 
	Parameter InclPC bound to: 1'b0 
	Parameter InclDBG bound to: 1'b0 
	Parameter N_INT_VEC bound to: 32'b00000000000000000000000000000100 
	Parameter N_INT_SRCS bound to: 32'b00000000000000000000000000000011 
	Parameter N_IOHPMCTR bound to: 32'b00000000000000000000000000001000 
	Parameter N_INT_VEC bound to: 32'b00000000000000000000000000000100 
	Parameter N_INT_SRCS bound to: 32'b00000000000000000000000000000011 
	Parameter DATA_WIDTH bound to: 32'sb00000000000000000000000000100000 
	Parameter MSITrans bound to: 2'b10 
	Parameter IGS bound to: 2'b10 
	Parameter N_INT_VEC bound to: 32'b00000000000000000000000000000100 
	Parameter N_IOHPMCTR bound to: 32'b00000000000000000000000000001000 
	Parameter InclPC bound to: 1'b0 
	Parameter InclDBG bound to: 1'b0 
	Parameter DATA_WIDTH bound to: 32'sb00000000000000000000000000100000 
	Parameter SwAccess bound to: 3'b000 
	Parameter RESVAL bound to: 0 - type: integer 
	Parameter DATA_WIDTH bound to: 32'sb00000000000000000000000000100000 
	Parameter SwAccess bound to: 3'b000 
	Parameter DATA_WIDTH bound to: 32'sb00000000000000000000000000001111 
	Parameter SwAccess bound to: 3'b000 
	Parameter RESVAL bound to: 15'b000000000000000 
	Parameter DATA_WIDTH bound to: 32'sb00000000000000000000000000001111 
	Parameter SwAccess bound to: 3'b000 
	Parameter DATA_WIDTH bound to: 32'sb00000000000000000000000000000001 
	Parameter SwAccess bound to: 3'b000 
	Parameter RESVAL bound to: 1'b0 
	Parameter DATA_WIDTH bound to: 32'sb00000000000000000000000000000001 
	Parameter SwAccess bound to: 3'b000 
	Parameter DATA_WIDTH bound to: 32'sb00000000000000000000000000010000 
	Parameter SwAccess bound to: 3'b000 
	Parameter RESVAL bound to: 16'b0000000000000000 
	Parameter DATA_WIDTH bound to: 32'sb00000000000000000000000000010000 
	Parameter SwAccess bound to: 3'b000 
	Parameter DATA_WIDTH bound to: 32'sb00000000000000000000000000000100 
	Parameter SwAccess bound to: 3'b000 
	Parameter RESVAL bound to: 4'b0000 
	Parameter DATA_WIDTH bound to: 32'sb00000000000000000000000000000100 
	Parameter SwAccess bound to: 3'b000 
	Parameter DATA_WIDTH bound to: 32'sb00000000000000000000000000011000 
	Parameter SwAccess bound to: 3'b000 
	Parameter RESVAL bound to: 24'b000000000000000000000000 
	Parameter DATA_WIDTH bound to: 32'sb00000000000000000000000000011000 
	Parameter SwAccess bound to: 3'b000 
	Parameter DATA_WIDTH bound to: 32'sb00000000000000000000000000000001 
	Parameter SwAccess bound to: 3'b000 
	Parameter RESVAL bound to: 1'b1 
	Parameter DATA_WIDTH bound to: 32'sb00000000000000000000000000011111 
	Parameter SwAccess bound to: 3'b000 
	Parameter RESVAL bound to: 31'b0000000000000000000000000000000 
	Parameter DATA_WIDTH bound to: 32'sb00000000000000000000000000011111 
	Parameter SwAccess bound to: 3'b000 
	Parameter DATA_WIDTH bound to: 32'sb00000000000000000000000000011110 
	Parameter SwAccess bound to: 3'b000 
	Parameter RESVAL bound to: 30'b000000000000000000000000000000 
	Parameter DATA_WIDTH bound to: 32'sb00000000000000000000000000011110 
	Parameter SwAccess bound to: 3'b000 
	Parameter DATA_WIDTH bound to: 32'sb00000000000000000000000000000001 
	Parameter SwAccess bound to: 3'b001 
	Parameter RESVAL bound to: 1'b0 
	Parameter DATA_WIDTH bound to: 32'sb00000000000000000000000000000001 
	Parameter SwAccess bound to: 3'b001 
	Parameter DATA_WIDTH bound to: 32'sb00000000000000000000000000010110 
	Parameter SwAccess bound to: 3'b000 
	Parameter RESVAL bound to: 22'b0000000000000000000000 
	Parameter DATA_WIDTH bound to: 32'sb00000000000000000000000000010110 
	Parameter SwAccess bound to: 3'b000 
	Parameter DATA_WIDTH bound to: 32'sb00000000000000000000000000000101 
	Parameter SwAccess bound to: 3'b000 
	Parameter RESVAL bound to: 5'b00000 
	Parameter DATA_WIDTH bound to: 32'sb00000000000000000000000000000101 
	Parameter SwAccess bound to: 3'b000 
	Parameter DATA_WIDTH bound to: 32'sb00000000000000000000000000100000 
	Parameter SwAccess bound to: 3'b001 
	Parameter RESVAL bound to: 0 - type: integer 
	Parameter DATA_WIDTH bound to: 32'sb00000000000000000000000000100000 
	Parameter SwAccess bound to: 3'b001 
	Parameter DATA_WIDTH bound to: 32'sb00000000000000000000000000000001 
	Parameter SwAccess bound to: 3'b011 
	Parameter RESVAL bound to: 1'b0 
	Parameter DATA_WIDTH bound to: 32'sb00000000000000000000000000000001 
	Parameter SwAccess bound to: 3'b011 
	Parameter FALL_THROUGH bound to: 1'b1 
	Parameter DATA_WIDTH bound to: 32'b00000000000000000000000010101011 
	Parameter DEPTH bound to: 32'b00000000000000000000000000000100 
	Parameter AxiIdWidth bound to: 32'b00000000000000000000000000000100 
	Parameter Resp bound to: 2'b10 
	Parameter RespWidth bound to: 64 - type: integer 
	Parameter RespData bound to: 64'b1100101000010001101010110001111010111010110111001010101100011110 
	Parameter ATOPs bound to: 1'b1 
	Parameter MaxTrans bound to: 32'b00000000000000000000000000000001 
	Parameter AxiIdWidth bound to: 32'b00000000000000000000000000000100 
	Parameter AxiMaxWriteTxns bound to: 32'b00000000000000000000000000000001 
	Parameter FALL_THROUGH bound to: 1'b1 
	Parameter DEPTH bound to: 32'b00000000000000000000000000000001 
	Parameter FALL_THROUGH bound to: 1'b0 
	Parameter DEPTH bound to: 32'b00000000000000000000000000000001 
	Parameter ADDR_WIDTH bound to: 32'sb00000000000000000000000000100000 
	Parameter DATA_WIDTH bound to: 32'sb00000000000000000000000000100000 
	Parameter N_SOURCE bound to: 32'sb00000000000000000000000000011110 
	Parameter N_TARGET bound to: 32'sb00000000000000000000000000000010 
	Parameter MAX_PRIO bound to: 32'sb00000000000000000000000000000111 
	Parameter N_SOURCE bound to: 32'sb00000000000000000000000000011110 
	Parameter MAX_PRIO bound to: 32'sb00000000000000000000000000000111 
	Parameter ALGORITHM bound to: SEQUENTIAL - type: string 
	Parameter N_SOURCE bound to: 32'sb00000000000000000000000000011110 
	Parameter AXI_ADDR_WIDTH bound to: 64 - type: integer 
	Parameter AXI_DATA_WIDTH bound to: 64 - type: integer 
	Parameter AXI_ID_WIDTH bound to: 6 - type: integer 
	Parameter AXI_USER_WIDTH bound to: 1 - type: integer 
	Parameter AXI_ADDR_WIDTH bound to: 64 - type: integer 
	Parameter AXI_DATA_WIDTH bound to: 64 - type: integer 
	Parameter AXI_ID_WIDTH bound to: 6 - type: integer 
	Parameter AXI_USER_WIDTH bound to: 1 - type: integer 
	Parameter AXI_MAX_WRITE_TXNS bound to: 32'b00000000000000000000000000000001 
	Parameter RISCV_WORD_WIDTH bound to: 32'b00000000000000000000000001000000 
	Parameter AXI_ADDR_WIDTH bound to: 64 - type: integer 
	Parameter AXI_DATA_WIDTH bound to: 64 - type: integer 
	Parameter AXI_ID_WIDTH bound to: 6 - type: integer 
	Parameter AXI_USER_WIDTH bound to: 1 - type: integer 
	Parameter AXI_MAX_WRITE_TXNS bound to: 32'b00000000000000000000000000000001 
	Parameter RISCV_WORD_WIDTH bound to: 32'b00000000000000000000000001000000 
	Parameter AXI_ADDR_WIDTH bound to: 64 - type: integer 
	Parameter AXI_DATA_WIDTH bound to: 64 - type: integer 
	Parameter AXI_ID_WIDTH bound to: 6 - type: integer 
	Parameter AXI_USER_WIDTH bound to: 1 - type: integer 
	Parameter AXI_MAX_WRITE_TXNS bound to: 32'b00000000000000000000000000000001 
	Parameter RISCV_WORD_WIDTH bound to: 32'b00000000000000000000000001000000 
INFO: [Synth 8-226] default block is never used [/home/jc/tmp/riscv-iommu-demo/cva6/corev_apu/src/axi_riscv_atomics/src/axi_riscv_amos.sv:580]
INFO: [Synth 8-226] default block is never used [/home/jc/tmp/riscv-iommu-demo/cva6/corev_apu/src/axi_riscv_atomics/src/axi_riscv_amos.sv:809]
	Parameter DATA_WIDTH bound to: 32'b00000000000000000000000001000000 
INFO: [Synth 8-226] default block is never used [/home/jc/tmp/riscv-iommu-demo/cva6/corev_apu/src/axi_riscv_atomics/src/axi_riscv_amos_alu.sv:39]
	Parameter ADDR_BEGIN bound to: 64'b0000000000000000000000000000000000000000000000000000000000000000 
	Parameter ADDR_END bound to: 64'b1111111111111111111111111111111111111111111111111111111111111111 
	Parameter AXI_ADDR_WIDTH bound to: 64 - type: integer 
	Parameter AXI_DATA_WIDTH bound to: 64 - type: integer 
	Parameter AXI_ID_WIDTH bound to: 6 - type: integer 
	Parameter AXI_USER_WIDTH bound to: 1 - type: integer 
	Parameter AXI_ADDR_WIDTH bound to: 64 - type: integer 
	Parameter AXI_ID_WIDTH bound to: 6 - type: integer 
	Parameter N_INP bound to: 2 - type: integer 
	Parameter N_INP bound to: 2 - type: integer 
	Parameter ARBITER bound to: rr - type: string 
	Parameter NumIn bound to: 2 - type: integer 
	Parameter ExtPrio bound to: 1'b0 
	Parameter AxiVldRdy bound to: 1'b1 
	Parameter LockIn bound to: 1'b1 
WARNING: [Synth 8-6014] Unused sequential element read_pointer_q_reg was removed.  [/home/jc/tmp/riscv-iommu-demo/cva6/vendor/pulp-platform/common_cells/src/fifo_v3.sv:136]
WARNING: [Synth 8-3936] Found unconnected internal register 'havereset_d_aligned_reg' and it is trimmed from '2' to '1' bits. [/home/jc/tmp/riscv-iommu-demo/cva6/corev_apu/riscv-dbg/src/dm_csrs.sv:204]
WARNING: [Synth 8-6014] Unused sequential element word_enable32_q_reg was removed.  [/home/jc/tmp/riscv-iommu-demo/cva6/corev_apu/riscv-dbg/src/dm_mem.sv:504]
WARNING: [Synth 8-3936] Found unconnected internal register 'resuming_d_aligned_reg' and it is trimmed from '2' to '1' bits. [/home/jc/tmp/riscv-iommu-demo/cva6/corev_apu/riscv-dbg/src/dm_mem.sv:116]
WARNING: [Synth 8-3936] Found unconnected internal register 'halted_d_aligned_reg' and it is trimmed from '2' to '1' bits. [/home/jc/tmp/riscv-iommu-demo/cva6/corev_apu/riscv-dbg/src/dm_mem.sv:114]
WARNING: [Synth 8-6014] Unused sequential element ax_req_q_reg[size] was removed.  [/home/jc/tmp/riscv-iommu-demo/cva6/corev_apu/axi_mem_if/src/axi2mem.sv:289]
WARNING: [Synth 8-3848] Net x_mem_valid_o in module/entity cvxif_example_coprocessor does not have driver. [/home/jc/tmp/riscv-iommu-demo/cva6/core/cvxif_example/cvxif_example_coprocessor.sv:34]
WARNING: [Synth 8-3848] Net x_mem_req_o[id] in module/entity cvxif_example_coprocessor does not have driver. [/home/jc/tmp/riscv-iommu-demo/cva6/core/cvxif_example/cvxif_example_coprocessor.sv:36]
WARNING: [Synth 8-3848] Net x_mem_req_o[addr] in module/entity cvxif_example_coprocessor does not have driver. [/home/jc/tmp/riscv-iommu-demo/cva6/core/cvxif_example/cvxif_example_coprocessor.sv:36]
WARNING: [Synth 8-3848] Net x_mem_req_o[mode] in module/entity cvxif_example_coprocessor does not have driver. [/home/jc/tmp/riscv-iommu-demo/cva6/core/cvxif_example/cvxif_example_coprocessor.sv:36]
WARNING: [Synth 8-3848] Net x_mem_req_o[we] in module/entity cvxif_example_coprocessor does not have driver. [/home/jc/tmp/riscv-iommu-demo/cva6/core/cvxif_example/cvxif_example_coprocessor.sv:36]
WARNING: [Synth 8-3848] Net x_mem_req_o[size] in module/entity cvxif_example_coprocessor does not have driver. [/home/jc/tmp/riscv-iommu-demo/cva6/core/cvxif_example/cvxif_example_coprocessor.sv:36]
WARNING: [Synth 8-3848] Net x_mem_req_o[wdata] in module/entity cvxif_example_coprocessor does not have driver. [/home/jc/tmp/riscv-iommu-demo/cva6/core/cvxif_example/cvxif_example_coprocessor.sv:36]
WARNING: [Synth 8-3848] Net x_mem_req_o[last] in module/entity cvxif_example_coprocessor does not have driver. [/home/jc/tmp/riscv-iommu-demo/cva6/core/cvxif_example/cvxif_example_coprocessor.sv:36]
WARNING: [Synth 8-3848] Net x_mem_req_o[spec] in module/entity cvxif_example_coprocessor does not have driver. [/home/jc/tmp/riscv-iommu-demo/cva6/core/cvxif_example/cvxif_example_coprocessor.sv:36]
WARNING: [Synth 8-6014] Unused sequential element mem_q_reg[7][sbe][trans_id] was removed.  [/home/jc/tmp/riscv-iommu-demo/cva6/core/scoreboard.sv:394]
WARNING: [Synth 8-6014] Unused sequential element mem_q_reg[6][sbe][trans_id] was removed.  [/home/jc/tmp/riscv-iommu-demo/cva6/core/scoreboard.sv:394]
WARNING: [Synth 8-6014] Unused sequential element mem_q_reg[5][sbe][trans_id] was removed.  [/home/jc/tmp/riscv-iommu-demo/cva6/core/scoreboard.sv:394]
WARNING: [Synth 8-6014] Unused sequential element mem_q_reg[4][sbe][trans_id] was removed.  [/home/jc/tmp/riscv-iommu-demo/cva6/core/scoreboard.sv:394]
WARNING: [Synth 8-6014] Unused sequential element mem_q_reg[3][sbe][trans_id] was removed.  [/home/jc/tmp/riscv-iommu-demo/cva6/core/scoreboard.sv:394]
WARNING: [Synth 8-6014] Unused sequential element mem_q_reg[2][sbe][trans_id] was removed.  [/home/jc/tmp/riscv-iommu-demo/cva6/core/scoreboard.sv:394]
WARNING: [Synth 8-6014] Unused sequential element mem_q_reg[1][sbe][trans_id] was removed.  [/home/jc/tmp/riscv-iommu-demo/cva6/core/scoreboard.sv:394]
WARNING: [Synth 8-6014] Unused sequential element mem_q_reg[0][sbe][trans_id] was removed.  [/home/jc/tmp/riscv-iommu-demo/cva6/core/scoreboard.sv:394]
WARNING: [Synth 8-3936] Found unconnected internal register 'final_mantissa_reg' and it is trimmed from '25' to '24' bits. [/home/jc/tmp/riscv-iommu-demo/cva6/vendor/pulp-platform/fpnew/src/fpnew_fma.sv:533]
WARNING: [Synth 8-3936] Found unconnected internal register 'final_mantissa_reg' and it is trimmed from '54' to '53' bits. [/home/jc/tmp/riscv-iommu-demo/cva6/vendor/pulp-platform/fpnew/src/fpnew_fma.sv:533]
WARNING: [Synth 8-3848] Net Iteration_cell_sum_AMASK_D[3] in module/entity control_mvp does not have driver. [/home/jc/tmp/riscv-iommu-demo/cva6/vendor/pulp-platform/fpnew/src/fpu_div_sqrt_mvp/hdl/control_mvp.sv:842]
WARNING: [Synth 8-3848] Net Iteration_cell_carry_D[3] in module/entity control_mvp does not have driver. [/home/jc/tmp/riscv-iommu-demo/cva6/vendor/pulp-platform/fpnew/src/fpu_div_sqrt_mvp/hdl/control_mvp.sv:840]
WARNING: [Synth 8-6014] Unused sequential element gen_inside_pipeline[0].mid_pipe_info_q_reg[1][is_normal] was removed.  [/home/jc/tmp/riscv-iommu-demo/cva6/vendor/pulp-platform/fpnew/src/fpnew_cast_multi.sv:375]
WARNING: [Synth 8-6014] Unused sequential element gen_inside_pipeline[0].mid_pipe_info_q_reg[1][is_subnormal] was removed.  [/home/jc/tmp/riscv-iommu-demo/cva6/vendor/pulp-platform/fpnew/src/fpnew_cast_multi.sv:375]
WARNING: [Synth 8-6014] Unused sequential element gen_inside_pipeline[0].mid_pipe_info_q_reg[1][is_quiet] was removed.  [/home/jc/tmp/riscv-iommu-demo/cva6/vendor/pulp-platform/fpnew/src/fpnew_cast_multi.sv:375]
WARNING: [Synth 8-6014] Unused sequential element gen_inside_pipeline[0].mid_pipe_src_fmt_q_reg[1] was removed.  [/home/jc/tmp/riscv-iommu-demo/cva6/vendor/pulp-platform/fpnew/src/fpnew_cast_multi.sv:379]
WARNING: [Synth 8-6014] Unused sequential element target_regs.gen_bypass_pipeline[0].byp_pipe_valid_q_reg was removed.  [/home/jc/tmp/riscv-iommu-demo/cva6/vendor/pulp-platform/fpnew/src/fpnew_opgroup_multifmt_slice.sv:370]
WARNING: [Synth 8-6014] Unused sequential element target_regs.gen_bypass_pipeline[0].byp_pipe_target_q_reg[1] was removed.  [/home/jc/tmp/riscv-iommu-demo/cva6/vendor/pulp-platform/fpnew/src/fpnew_opgroup_multifmt_slice.sv:376]
WARNING: [Synth 8-6014] Unused sequential element target_regs.gen_bypass_pipeline[0].byp_pipe_aux_q_reg[1] was removed.  [/home/jc/tmp/riscv-iommu-demo/cva6/vendor/pulp-platform/fpnew/src/fpnew_opgroup_multifmt_slice.sv:377]
WARNING: [Synth 8-6014] Unused sequential element target_regs.gen_bypass_pipeline[1].byp_pipe_valid_q_reg was removed.  [/home/jc/tmp/riscv-iommu-demo/cva6/vendor/pulp-platform/fpnew/src/fpnew_opgroup_multifmt_slice.sv:370]
WARNING: [Synth 8-6014] Unused sequential element target_regs.gen_bypass_pipeline[1].byp_pipe_target_q_reg[2] was removed.  [/home/jc/tmp/riscv-iommu-demo/cva6/vendor/pulp-platform/fpnew/src/fpnew_opgroup_multifmt_slice.sv:376]
WARNING: [Synth 8-6014] Unused sequential element target_regs.gen_bypass_pipeline[1].byp_pipe_aux_q_reg[2] was removed.  [/home/jc/tmp/riscv-iommu-demo/cva6/vendor/pulp-platform/fpnew/src/fpnew_opgroup_multifmt_slice.sv:377]
WARNING: [Synth 8-3848] Net ifmt_slice_result[1] in module/entity fpnew_opgroup_multifmt_slice__parameterized0 does not have driver. [/home/jc/tmp/riscv-iommu-demo/cva6/vendor/pulp-platform/fpnew/src/fpnew_opgroup_multifmt_slice.sv:80]
WARNING: [Synth 8-3848] Net ifmt_slice_result[0] in module/entity fpnew_opgroup_multifmt_slice__parameterized0 does not have driver. [/home/jc/tmp/riscv-iommu-demo/cva6/vendor/pulp-platform/fpnew/src/fpnew_opgroup_multifmt_slice.sv:80]
WARNING: [Synth 8-3848] Net fpu_exception_o[tval] in module/entity fpu_wrap does not have driver. [/home/jc/tmp/riscv-iommu-demo/cva6/core/fpu_wrap.sv:31]
WARNING: [Synth 8-3848] Net fpu_exception_o[tval2] in module/entity fpu_wrap does not have driver. [/home/jc/tmp/riscv-iommu-demo/cva6/core/fpu_wrap.sv:31]
WARNING: [Synth 8-3848] Net fpu_exception_o[tinst] in module/entity fpu_wrap does not have driver. [/home/jc/tmp/riscv-iommu-demo/cva6/core/fpu_wrap.sv:31]
WARNING: [Synth 8-3848] Net fpu_exception_o[gva] in module/entity fpu_wrap does not have driver. [/home/jc/tmp/riscv-iommu-demo/cva6/core/fpu_wrap.sv:31]
WARNING: [Synth 8-3848] Net x_exception_o[tval2] in module/entity cvxif_fu does not have driver. [/home/jc/tmp/riscv-iommu-demo/cva6/core/cvxif_fu.sv:23]
WARNING: [Synth 8-3848] Net x_exception_o[tinst] in module/entity cvxif_fu does not have driver. [/home/jc/tmp/riscv-iommu-demo/cva6/core/cvxif_fu.sv:23]
WARNING: [Synth 8-3848] Net x_exception_o[gva] in module/entity cvxif_fu does not have driver. [/home/jc/tmp/riscv-iommu-demo/cva6/core/cvxif_fu.sv:23]
WARNING: [Synth 8-3848] Net clmul_q in module/entity multiplier does not have driver. [/home/jc/tmp/riscv-iommu-demo/cva6/core/multiplier.sv:32]
WARNING: [Synth 8-3848] Net clmulr_q in module/entity multiplier does not have driver. [/home/jc/tmp/riscv-iommu-demo/cva6/core/multiplier.sv:32]
WARNING: [Synth 8-3848] Net req_port_o[data_wuser] in module/entity cva6_ptw_sv39x4 does not have driver. [/home/jc/tmp/riscv-iommu-demo/cva6/core/mmu_sv39x4/cva6_ptw_sv39x4.sv:49]
WARNING: [Synth 8-6014] Unused sequential element dtlb_pte_q_reg[reserved] was removed.  [/home/jc/tmp/riscv-iommu-demo/cva6/core/mmu_sv39x4/cva6_mmu_sv39x4.sv:682]
WARNING: [Synth 8-6014] Unused sequential element dtlb_pte_q_reg[rsw] was removed.  [/home/jc/tmp/riscv-iommu-demo/cva6/core/mmu_sv39x4/cva6_mmu_sv39x4.sv:682]
WARNING: [Synth 8-6014] Unused sequential element dtlb_pte_q_reg[a] was removed.  [/home/jc/tmp/riscv-iommu-demo/cva6/core/mmu_sv39x4/cva6_mmu_sv39x4.sv:682]
WARNING: [Synth 8-6014] Unused sequential element dtlb_pte_q_reg[g] was removed.  [/home/jc/tmp/riscv-iommu-demo/cva6/core/mmu_sv39x4/cva6_mmu_sv39x4.sv:682]
WARNING: [Synth 8-6014] Unused sequential element dtlb_pte_q_reg[x] was removed.  [/home/jc/tmp/riscv-iommu-demo/cva6/core/mmu_sv39x4/cva6_mmu_sv39x4.sv:682]
WARNING: [Synth 8-6014] Unused sequential element dtlb_pte_q_reg[r] was removed.  [/home/jc/tmp/riscv-iommu-demo/cva6/core/mmu_sv39x4/cva6_mmu_sv39x4.sv:682]
WARNING: [Synth 8-6014] Unused sequential element dtlb_pte_q_reg[v] was removed.  [/home/jc/tmp/riscv-iommu-demo/cva6/core/mmu_sv39x4/cva6_mmu_sv39x4.sv:682]
WARNING: [Synth 8-6014] Unused sequential element dtlb_gpte_q_reg[reserved] was removed.  [/home/jc/tmp/riscv-iommu-demo/cva6/core/mmu_sv39x4/cva6_mmu_sv39x4.sv:683]
WARNING: [Synth 8-6014] Unused sequential element dtlb_gpte_q_reg[rsw] was removed.  [/home/jc/tmp/riscv-iommu-demo/cva6/core/mmu_sv39x4/cva6_mmu_sv39x4.sv:683]
WARNING: [Synth 8-6014] Unused sequential element dtlb_gpte_q_reg[a] was removed.  [/home/jc/tmp/riscv-iommu-demo/cva6/core/mmu_sv39x4/cva6_mmu_sv39x4.sv:683]
WARNING: [Synth 8-6014] Unused sequential element dtlb_gpte_q_reg[g] was removed.  [/home/jc/tmp/riscv-iommu-demo/cva6/core/mmu_sv39x4/cva6_mmu_sv39x4.sv:683]
WARNING: [Synth 8-6014] Unused sequential element dtlb_gpte_q_reg[x] was removed.  [/home/jc/tmp/riscv-iommu-demo/cva6/core/mmu_sv39x4/cva6_mmu_sv39x4.sv:683]
WARNING: [Synth 8-6014] Unused sequential element dtlb_gpte_q_reg[r] was removed.  [/home/jc/tmp/riscv-iommu-demo/cva6/core/mmu_sv39x4/cva6_mmu_sv39x4.sv:683]
WARNING: [Synth 8-6014] Unused sequential element dtlb_gpte_q_reg[v] was removed.  [/home/jc/tmp/riscv-iommu-demo/cva6/core/mmu_sv39x4/cva6_mmu_sv39x4.sv:683]
WARNING: [Synth 8-3848] Net req_port_o[data_wuser] in module/entity store_buffer does not have driver. [/home/jc/tmp/riscv-iommu-demo/cva6/core/store_buffer.sv:44]
WARNING: [Synth 8-6014] Unused sequential element read_pointer_q_reg was removed.  [/home/jc/tmp/riscv-iommu-demo/cva6/vendor/pulp-platform/common_cells/src/fifo_v3.sv:136]
WARNING: [Synth 8-3848] Net req_port_o[data_wuser] in module/entity load_unit does not have driver. [/home/jc/tmp/riscv-iommu-demo/cva6/core/load_unit.sv:48]
WARNING: [Synth 8-6014] Unused sequential element hgeie_q_reg was removed.  [/home/jc/tmp/riscv-iommu-demo/cva6/core/csr_regfile.sv:1866]
WARNING: [Synth 8-3848] Net ruser_aligned in module/entity sram does not have driver. [/home/jc/tmp/riscv-iommu-demo/cva6/common/local/util/sram.sv:50]
WARNING: [Synth 8-3848] Net ruser_aligned in module/entity sram__parameterized0 does not have driver. [/home/jc/tmp/riscv-iommu-demo/cva6/common/local/util/sram.sv:50]
WARNING: [Synth 8-6014] Unused sequential element mshr_q_reg[size] was removed.  [/home/jc/tmp/riscv-iommu-demo/cva6/core/cache_subsystem/wt_dcache_missunit.sv:343]
WARNING: [Synth 8-6014] Unused sequential element mshr_q_reg[vld_bits] was removed.  [/home/jc/tmp/riscv-iommu-demo/cva6/core/cache_subsystem/wt_dcache_missunit.sv:343]
WARNING: [Synth 8-6014] Unused sequential element mshr_q_reg[id] was removed.  [/home/jc/tmp/riscv-iommu-demo/cva6/core/cache_subsystem/wt_dcache_missunit.sv:343]
WARNING: [Synth 8-3936] Found unconnected internal register 'amo_user_reg' and it is trimmed from '64' to '1' bits. [/home/jc/tmp/riscv-iommu-demo/cva6/core/cache_subsystem/wt_dcache_missunit.sv:212]
WARNING: [Synth 8-3848] Net ruser_aligned in module/entity sram__parameterized1 does not have driver. [/home/jc/tmp/riscv-iommu-demo/cva6/common/local/util/sram.sv:50]
WARNING: [Synth 8-3848] Net rd_user_o in module/entity wt_dcache_mem does not have driver. [/home/jc/tmp/riscv-iommu-demo/cva6/core/cache_subsystem/wt_dcache_mem.sv:48]
WARNING: [Synth 8-3848] Net axi_resp_o[b][user] in module/entity axi_lite_interface does not have driver. [/home/jc/tmp/riscv-iommu-demo/cva6/corev_apu/clint/axi_lite_interface.sv:27]
WARNING: [Synth 8-3848] Net axi_resp_o[r][user] in module/entity axi_lite_interface does not have driver. [/home/jc/tmp/riscv-iommu-demo/cva6/corev_apu/clint/axi_lite_interface.sv:27]
WARNING: [Synth 8-6014] Unused sequential element ax_req_q_reg[size] was removed.  [/home/jc/tmp/riscv-iommu-demo/cva6/corev_apu/axi_mem_if/src/axi2mem.sv:289]
WARNING: [Synth 8-6014] Unused sequential element iFCR_DMAMode_reg was removed.  [/home/jc/tmp/riscv-iommu-demo/cva6/corev_apu/fpga/src/apb_uart/src/apb_uart.vhd:516]
WARNING: [Synth 8-6014] Unused sequential element ax_req_q_reg[size] was removed.  [/home/jc/tmp/riscv-iommu-demo/cva6/corev_apu/axi_mem_if/src/axi2mem.sv:289]
WARNING: [Synth 8-6014] Unused sequential element rgmii_tx_clk_rise_reg was removed.  [/home/jc/tmp/riscv-iommu-demo/cva6/corev_apu/fpga/src/ariane-ethernet/rgmii_phy_if.sv:118]
WARNING: [Synth 8-3848] Net tx_fifo_overflow in module/entity eth_mac_1g_rgmii_fifo does not have driver. [/home/jc/tmp/riscv-iommu-demo/cva6/corev_apu/fpga/src/ariane-ethernet/eth_mac_1g_rgmii_fifo.sv:95]
WARNING: [Synth 8-3848] Net tx_fifo_bad_frame in module/entity eth_mac_1g_rgmii_fifo does not have driver. [/home/jc/tmp/riscv-iommu-demo/cva6/corev_apu/fpga/src/ariane-ethernet/eth_mac_1g_rgmii_fifo.sv:96]
WARNING: [Synth 8-3848] Net tx_fifo_good_frame in module/entity eth_mac_1g_rgmii_fifo does not have driver. [/home/jc/tmp/riscv-iommu-demo/cva6/corev_apu/fpga/src/ariane-ethernet/eth_mac_1g_rgmii_fifo.sv:97]
WARNING: [Synth 8-3848] Net rx_fifo_overflow in module/entity eth_mac_1g_rgmii_fifo does not have driver. [/home/jc/tmp/riscv-iommu-demo/cva6/corev_apu/fpga/src/ariane-ethernet/eth_mac_1g_rgmii_fifo.sv:100]
WARNING: [Synth 8-3848] Net rx_fifo_bad_frame in module/entity eth_mac_1g_rgmii_fifo does not have driver. [/home/jc/tmp/riscv-iommu-demo/cva6/corev_apu/fpga/src/ariane-ethernet/eth_mac_1g_rgmii_fifo.sv:101]
WARNING: [Synth 8-3848] Net rx_fifo_good_frame in module/entity eth_mac_1g_rgmii_fifo does not have driver. [/home/jc/tmp/riscv-iommu-demo/cva6/corev_apu/fpga/src/ariane-ethernet/eth_mac_1g_rgmii_fifo.sv:102]
WARNING: [Synth 8-7137] Register gen_registered.m\.aw_id_reg in module rp_boundary_regs has both Set and reset with same priority. This may cause simulation mismatches. Consider rewriting code  [/home/jc/tmp/riscv-iommu-demo/dpr/src/rp_boundary_regs.sv:78]
WARNING: [Synth 8-7137] Register gen_registered.m\.aw_addr_reg in module rp_boundary_regs has both Set and reset with same priority. This may cause simulation mismatches. Consider rewriting code  [/home/jc/tmp/riscv-iommu-demo/dpr/src/rp_boundary_regs.sv:79]
WARNING: [Synth 8-7137] Register gen_registered.m\.aw_len_reg in module rp_boundary_regs has both Set and reset with same priority. This may cause simulation mismatches. Consider rewriting code  [/home/jc/tmp/riscv-iommu-demo/dpr/src/rp_boundary_regs.sv:80]
WARNING: [Synth 8-7137] Register gen_registered.m\.aw_size_reg in module rp_boundary_regs has both Set and reset with same priority. This may cause simulation mismatches. Consider rewriting code  [/home/jc/tmp/riscv-iommu-demo/dpr/src/rp_boundary_regs.sv:81]
WARNING: [Synth 8-7137] Register gen_registered.m\.aw_burst_reg in module rp_boundary_regs has both Set and reset with same priority. This may cause simulation mismatches. Consider rewriting code  [/home/jc/tmp/riscv-iommu-demo/dpr/src/rp_boundary_regs.sv:82]
WARNING: [Synth 8-7137] Register gen_registered.m\.aw_lock_reg in module rp_boundary_regs has both Set and reset with same priority. This may cause simulation mismatches. Consider rewriting code  [/home/jc/tmp/riscv-iommu-demo/dpr/src/rp_boundary_regs.sv:83]
WARNING: [Synth 8-7137] Register gen_registered.m\.aw_cache_reg in module rp_boundary_regs has both Set and reset with same priority. This may cause simulation mismatches. Consider rewriting code  [/home/jc/tmp/riscv-iommu-demo/dpr/src/rp_boundary_regs.sv:84]
WARNING: [Synth 8-7137] Register gen_registered.m\.aw_prot_reg in module rp_boundary_regs has both Set and reset with same priority. This may cause simulation mismatches. Consider rewriting code  [/home/jc/tmp/riscv-iommu-demo/dpr/src/rp_boundary_regs.sv:85]
WARNING: [Synth 8-7137] Register gen_registered.m\.aw_qos_reg in module rp_boundary_regs has both Set and reset with same priority. This may cause simulation mismatches. Consider rewriting code  [/home/jc/tmp/riscv-iommu-demo/dpr/src/rp_boundary_regs.sv:86]
WARNING: [Synth 8-7137] Register gen_registered.m\.aw_region_reg in module rp_boundary_regs has both Set and reset with same priority. This may cause simulation mismatches. Consider rewriting code  [/home/jc/tmp/riscv-iommu-demo/dpr/src/rp_boundary_regs.sv:87]
WARNING: [Synth 8-7137] Register gen_registered.m\.aw_atop_reg in module rp_boundary_regs has both Set and reset with same priority. This may cause simulation mismatches. Consider rewriting code  [/home/jc/tmp/riscv-iommu-demo/dpr/src/rp_boundary_regs.sv:88]
WARNING: [Synth 8-7137] Register gen_registered.m\.aw_user_reg in module rp_boundary_regs has both Set and reset with same priority. This may cause simulation mismatches. Consider rewriting code  [/home/jc/tmp/riscv-iommu-demo/dpr/src/rp_boundary_regs.sv:89]
WARNING: [Synth 8-7137] Register gen_registered.m\.ar_id_reg in module rp_boundary_regs has both Set and reset with same priority. This may cause simulation mismatches. Consider rewriting code  [/home/jc/tmp/riscv-iommu-demo/dpr/src/rp_boundary_regs.sv:99]
WARNING: [Synth 8-7137] Register gen_registered.m\.ar_addr_reg in module rp_boundary_regs has both Set and reset with same priority. This may cause simulation mismatches. Consider rewriting code  [/home/jc/tmp/riscv-iommu-demo/dpr/src/rp_boundary_regs.sv:100]
WARNING: [Synth 8-7137] Register gen_registered.m\.ar_len_reg in module rp_boundary_regs has both Set and reset with same priority. This may cause simulation mismatches. Consider rewriting code  [/home/jc/tmp/riscv-iommu-demo/dpr/src/rp_boundary_regs.sv:101]
WARNING: [Synth 8-7137] Register gen_registered.m\.ar_size_reg in module rp_boundary_regs has both Set and reset with same priority. This may cause simulation mismatches. Consider rewriting code  [/home/jc/tmp/riscv-iommu-demo/dpr/src/rp_boundary_regs.sv:102]
WARNING: [Synth 8-7137] Register gen_registered.m\.ar_burst_reg in module rp_boundary_regs has both Set and reset with same priority. This may cause simulation mismatches. Consider rewriting code  [/home/jc/tmp/riscv-iommu-demo/dpr/src/rp_boundary_regs.sv:103]
WARNING: [Synth 8-7137] Register gen_registered.m\.ar_lock_reg in module rp_boundary_regs has both Set and reset with same priority. This may cause simulation mismatches. Consider rewriting code  [/home/jc/tmp/riscv-iommu-demo/dpr/src/rp_boundary_regs.sv:104]
WARNING: [Synth 8-7137] Register gen_registered.m\.ar_cache_reg in module rp_boundary_regs has both Set and reset with same priority. This may cause simulation mismatches. Consider rewriting code  [/home/jc/tmp/riscv-iommu-demo/dpr/src/rp_boundary_regs.sv:105]
WARNING: [Synth 8-7137] Register gen_registered.m\.ar_prot_reg in module rp_boundary_regs has both Set and reset with same priority. This may cause simulation mismatches. Consider rewriting code  [/home/jc/tmp/riscv-iommu-demo/dpr/src/rp_boundary_regs.sv:106]
WARNING: [Synth 8-7137] Register gen_registered.m\.ar_qos_reg in module rp_boundary_regs has both Set and reset with same priority. This may cause simulation mismatches. Consider rewriting code  [/home/jc/tmp/riscv-iommu-demo/dpr/src/rp_boundary_regs.sv:107]
WARNING: [Synth 8-7137] Register gen_registered.m\.ar_region_reg in module rp_boundary_regs has both Set and reset with same priority. This may cause simulation mismatches. Consider rewriting code  [/home/jc/tmp/riscv-iommu-demo/dpr/src/rp_boundary_regs.sv:108]
WARNING: [Synth 8-7137] Register gen_registered.m\.ar_user_reg in module rp_boundary_regs has both Set and reset with same priority. This may cause simulation mismatches. Consider rewriting code  [/home/jc/tmp/riscv-iommu-demo/dpr/src/rp_boundary_regs.sv:109]
WARNING: [Synth 8-7137] Register gen_registered.m\.w_data_reg in module rp_boundary_regs has both Set and reset with same priority. This may cause simulation mismatches. Consider rewriting code  [/home/jc/tmp/riscv-iommu-demo/dpr/src/rp_boundary_regs.sv:119]
WARNING: [Synth 8-7137] Register gen_registered.m\.w_strb_reg in module rp_boundary_regs has both Set and reset with same priority. This may cause simulation mismatches. Consider rewriting code  [/home/jc/tmp/riscv-iommu-demo/dpr/src/rp_boundary_regs.sv:120]
WARNING: [Synth 8-7137] Register gen_registered.m\.w_last_reg in module rp_boundary_regs has both Set and reset with same priority. This may cause simulation mismatches. Consider rewriting code  [/home/jc/tmp/riscv-iommu-demo/dpr/src/rp_boundary_regs.sv:121]
WARNING: [Synth 8-7137] Register gen_registered.m\.w_user_reg in module rp_boundary_regs has both Set and reset with same priority. This may cause simulation mismatches. Consider rewriting code  [/home/jc/tmp/riscv-iommu-demo/dpr/src/rp_boundary_regs.sv:122]
WARNING: [Synth 8-7137] Register gen_registered.s\.b_id_reg in module rp_boundary_regs has both Set and reset with same priority. This may cause simulation mismatches. Consider rewriting code  [/home/jc/tmp/riscv-iommu-demo/dpr/src/rp_boundary_regs.sv:132]
WARNING: [Synth 8-7137] Register gen_registered.s\.b_resp_reg in module rp_boundary_regs has both Set and reset with same priority. This may cause simulation mismatches. Consider rewriting code  [/home/jc/tmp/riscv-iommu-demo/dpr/src/rp_boundary_regs.sv:133]
WARNING: [Synth 8-7137] Register gen_registered.s\.b_user_reg in module rp_boundary_regs has both Set and reset with same priority. This may cause simulation mismatches. Consider rewriting code  [/home/jc/tmp/riscv-iommu-demo/dpr/src/rp_boundary_regs.sv:134]
WARNING: [Synth 8-7137] Register gen_registered.s\.r_id_reg in module rp_boundary_regs has both Set and reset with same priority. This may cause simulation mismatches. Consider rewriting code  [/home/jc/tmp/riscv-iommu-demo/dpr/src/rp_boundary_regs.sv:144]
WARNING: [Synth 8-7137] Register gen_registered.s\.r_data_reg in module rp_boundary_regs has both Set and reset with same priority. This may cause simulation mismatches. Consider rewriting code  [/home/jc/tmp/riscv-iommu-demo/dpr/src/rp_boundary_regs.sv:145]
WARNING: [Synth 8-7137] Register gen_registered.s\.r_resp_reg in module rp_boundary_regs has both Set and reset with same priority. This may cause simulation mismatches. Consider rewriting code  [/home/jc/tmp/riscv-iommu-demo/dpr/src/rp_boundary_regs.sv:146]
WARNING: [Synth 8-7137] Register gen_registered.s\.r_last_reg in module rp_boundary_regs has both Set and reset with same priority. This may cause simulation mismatches. Consider rewriting code  [/home/jc/tmp/riscv-iommu-demo/dpr/src/rp_boundary_regs.sv:147]
WARNING: [Synth 8-7137] Register gen_registered.s\.r_user_reg in module rp_boundary_regs has both Set and reset with same priority. This may cause simulation mismatches. Consider rewriting code  [/home/jc/tmp/riscv-iommu-demo/dpr/src/rp_boundary_regs.sv:148]
WARNING: [Synth 8-7137] Register gen_registered.m\.aw_id_reg in module rp_boundary_regs_mmu has both Set and reset with same priority. This may cause simulation mismatches. Consider rewriting code  [/home/jc/tmp/riscv-iommu-demo/dpr/src/rp_boundary_regs_mmu.sv:93]
WARNING: [Synth 8-7137] Register gen_registered.m\.aw_addr_reg in module rp_boundary_regs_mmu has both Set and reset with same priority. This may cause simulation mismatches. Consider rewriting code  [/home/jc/tmp/riscv-iommu-demo/dpr/src/rp_boundary_regs_mmu.sv:94]
WARNING: [Synth 8-7137] Register gen_registered.m\.aw_len_reg in module rp_boundary_regs_mmu has both Set and reset with same priority. This may cause simulation mismatches. Consider rewriting code  [/home/jc/tmp/riscv-iommu-demo/dpr/src/rp_boundary_regs_mmu.sv:95]
WARNING: [Synth 8-7137] Register gen_registered.m\.aw_size_reg in module rp_boundary_regs_mmu has both Set and reset with same priority. This may cause simulation mismatches. Consider rewriting code  [/home/jc/tmp/riscv-iommu-demo/dpr/src/rp_boundary_regs_mmu.sv:96]
WARNING: [Synth 8-7137] Register gen_registered.m\.aw_burst_reg in module rp_boundary_regs_mmu has both Set and reset with same priority. This may cause simulation mismatches. Consider rewriting code  [/home/jc/tmp/riscv-iommu-demo/dpr/src/rp_boundary_regs_mmu.sv:97]
WARNING: [Synth 8-7137] Register gen_registered.m\.aw_lock_reg in module rp_boundary_regs_mmu has both Set and reset with same priority. This may cause simulation mismatches. Consider rewriting code  [/home/jc/tmp/riscv-iommu-demo/dpr/src/rp_boundary_regs_mmu.sv:98]
WARNING: [Synth 8-7137] Register gen_registered.m\.aw_cache_reg in module rp_boundary_regs_mmu has both Set and reset with same priority. This may cause simulation mismatches. Consider rewriting code  [/home/jc/tmp/riscv-iommu-demo/dpr/src/rp_boundary_regs_mmu.sv:99]
WARNING: [Synth 8-7137] Register gen_registered.m\.aw_prot_reg in module rp_boundary_regs_mmu has both Set and reset with same priority. This may cause simulation mismatches. Consider rewriting code  [/home/jc/tmp/riscv-iommu-demo/dpr/src/rp_boundary_regs_mmu.sv:100]
WARNING: [Synth 8-7137] Register gen_registered.m\.aw_qos_reg in module rp_boundary_regs_mmu has both Set and reset with same priority. This may cause simulation mismatches. Consider rewriting code  [/home/jc/tmp/riscv-iommu-demo/dpr/src/rp_boundary_regs_mmu.sv:101]
WARNING: [Synth 8-7137] Register gen_registered.m\.aw_atop_reg in module rp_boundary_regs_mmu has both Set and reset with same priority. This may cause simulation mismatches. Consider rewriting code  [/home/jc/tmp/riscv-iommu-demo/dpr/src/rp_boundary_regs_mmu.sv:102]
WARNING: [Synth 8-7137] Register gen_registered.m\.aw_region_reg in module rp_boundary_regs_mmu has both Set and reset with same priority. This may cause simulation mismatches. Consider rewriting code  [/home/jc/tmp/riscv-iommu-demo/dpr/src/rp_boundary_regs_mmu.sv:103]
WARNING: [Synth 8-7137] Register gen_registered.m\.aw_user_reg in module rp_boundary_regs_mmu has both Set and reset with same priority. This may cause simulation mismatches. Consider rewriting code  [/home/jc/tmp/riscv-iommu-demo/dpr/src/rp_boundary_regs_mmu.sv:104]
WARNING: [Synth 8-7137] Register gen_registered.m\.aw_stream_id_reg in module rp_boundary_regs_mmu has both Set and reset with same priority. This may cause simulation mismatches. Consider rewriting code  [/home/jc/tmp/riscv-iommu-demo/dpr/src/rp_boundary_regs_mmu.sv:105]
WARNING: [Synth 8-7137] Register gen_registered.m\.aw_ss_id_valid_reg in module rp_boundary_regs_mmu has both Set and reset with same priority. This may cause simulation mismatches. Consider rewriting code  [/home/jc/tmp/riscv-iommu-demo/dpr/src/rp_boundary_regs_mmu.sv:106]
WARNING: [Synth 8-7137] Register gen_registered.m\.aw_substream_id_reg in module rp_boundary_regs_mmu has both Set and reset with same priority. This may cause simulation mismatches. Consider rewriting code  [/home/jc/tmp/riscv-iommu-demo/dpr/src/rp_boundary_regs_mmu.sv:107]
WARNING: [Synth 8-7137] Register gen_registered.m\.ar_id_reg in module rp_boundary_regs_mmu has both Set and reset with same priority. This may cause simulation mismatches. Consider rewriting code  [/home/jc/tmp/riscv-iommu-demo/dpr/src/rp_boundary_regs_mmu.sv:118]
WARNING: [Synth 8-7137] Register gen_registered.m\.ar_addr_reg in module rp_boundary_regs_mmu has both Set and reset with same priority. This may cause simulation mismatches. Consider rewriting code  [/home/jc/tmp/riscv-iommu-demo/dpr/src/rp_boundary_regs_mmu.sv:119]
WARNING: [Synth 8-7137] Register gen_registered.m\.ar_len_reg in module rp_boundary_regs_mmu has both Set and reset with same priority. This may cause simulation mismatches. Consider rewriting code  [/home/jc/tmp/riscv-iommu-demo/dpr/src/rp_boundary_regs_mmu.sv:120]
WARNING: [Synth 8-7137] Register gen_registered.m\.ar_size_reg in module rp_boundary_regs_mmu has both Set and reset with same priority. This may cause simulation mismatches. Consider rewriting code  [/home/jc/tmp/riscv-iommu-demo/dpr/src/rp_boundary_regs_mmu.sv:121]
WARNING: [Synth 8-7137] Register gen_registered.m\.ar_burst_reg in module rp_boundary_regs_mmu has both Set and reset with same priority. This may cause simulation mismatches. Consider rewriting code  [/home/jc/tmp/riscv-iommu-demo/dpr/src/rp_boundary_regs_mmu.sv:122]
WARNING: [Synth 8-7137] Register gen_registered.m\.ar_lock_reg in module rp_boundary_regs_mmu has both Set and reset with same priority. This may cause simulation mismatches. Consider rewriting code  [/home/jc/tmp/riscv-iommu-demo/dpr/src/rp_boundary_regs_mmu.sv:123]
WARNING: [Synth 8-7137] Register gen_registered.m\.ar_cache_reg in module rp_boundary_regs_mmu has both Set and reset with same priority. This may cause simulation mismatches. Consider rewriting code  [/home/jc/tmp/riscv-iommu-demo/dpr/src/rp_boundary_regs_mmu.sv:124]
WARNING: [Synth 8-7137] Register gen_registered.m\.ar_prot_reg in module rp_boundary_regs_mmu has both Set and reset with same priority. This may cause simulation mismatches. Consider rewriting code  [/home/jc/tmp/riscv-iommu-demo/dpr/src/rp_boundary_regs_mmu.sv:125]
WARNING: [Synth 8-7137] Register gen_registered.m\.ar_qos_reg in module rp_boundary_regs_mmu has both Set and reset with same priority. This may cause simulation mismatches. Consider rewriting code  [/home/jc/tmp/riscv-iommu-demo/dpr/src/rp_boundary_regs_mmu.sv:126]
WARNING: [Synth 8-7137] Register gen_registered.m\.ar_region_reg in module rp_boundary_regs_mmu has both Set and reset with same priority. This may cause simulation mismatches. Consider rewriting code  [/home/jc/tmp/riscv-iommu-demo/dpr/src/rp_boundary_regs_mmu.sv:127]
WARNING: [Synth 8-7137] Register gen_registered.m\.ar_user_reg in module rp_boundary_regs_mmu has both Set and reset with same priority. This may cause simulation mismatches. Consider rewriting code  [/home/jc/tmp/riscv-iommu-demo/dpr/src/rp_boundary_regs_mmu.sv:128]
WARNING: [Synth 8-7137] Register gen_registered.m\.ar_stream_id_reg in module rp_boundary_regs_mmu has both Set and reset with same priority. This may cause simulation mismatches. Consider rewriting code  [/home/jc/tmp/riscv-iommu-demo/dpr/src/rp_boundary_regs_mmu.sv:129]
WARNING: [Synth 8-7137] Register gen_registered.m\.ar_ss_id_valid_reg in module rp_boundary_regs_mmu has both Set and reset with same priority. This may cause simulation mismatches. Consider rewriting code  [/home/jc/tmp/riscv-iommu-demo/dpr/src/rp_boundary_regs_mmu.sv:130]
WARNING: [Synth 8-7137] Register gen_registered.m\.ar_substream_id_reg in module rp_boundary_regs_mmu has both Set and reset with same priority. This may cause simulation mismatches. Consider rewriting code  [/home/jc/tmp/riscv-iommu-demo/dpr/src/rp_boundary_regs_mmu.sv:131]
WARNING: [Synth 8-7137] Register gen_registered.m\.w_data_reg in module rp_boundary_regs_mmu has both Set and reset with same priority. This may cause simulation mismatches. Consider rewriting code  [/home/jc/tmp/riscv-iommu-demo/dpr/src/rp_boundary_regs_mmu.sv:142]
WARNING: [Synth 8-7137] Register gen_registered.m\.w_strb_reg in module rp_boundary_regs_mmu has both Set and reset with same priority. This may cause simulation mismatches. Consider rewriting code  [/home/jc/tmp/riscv-iommu-demo/dpr/src/rp_boundary_regs_mmu.sv:143]
WARNING: [Synth 8-7137] Register gen_registered.m\.w_last_reg in module rp_boundary_regs_mmu has both Set and reset with same priority. This may cause simulation mismatches. Consider rewriting code  [/home/jc/tmp/riscv-iommu-demo/dpr/src/rp_boundary_regs_mmu.sv:144]
WARNING: [Synth 8-7137] Register gen_registered.m\.w_user_reg in module rp_boundary_regs_mmu has both Set and reset with same priority. This may cause simulation mismatches. Consider rewriting code  [/home/jc/tmp/riscv-iommu-demo/dpr/src/rp_boundary_regs_mmu.sv:145]
WARNING: [Synth 8-7137] Register gen_registered.s\.b_id_reg in module rp_boundary_regs_mmu has both Set and reset with same priority. This may cause simulation mismatches. Consider rewriting code  [/home/jc/tmp/riscv-iommu-demo/dpr/src/rp_boundary_regs_mmu.sv:156]
WARNING: [Synth 8-7137] Register gen_registered.s\.b_resp_reg in module rp_boundary_regs_mmu has both Set and reset with same priority. This may cause simulation mismatches. Consider rewriting code  [/home/jc/tmp/riscv-iommu-demo/dpr/src/rp_boundary_regs_mmu.sv:157]
WARNING: [Synth 8-7137] Register gen_registered.s\.b_user_reg in module rp_boundary_regs_mmu has both Set and reset with same priority. This may cause simulation mismatches. Consider rewriting code  [/home/jc/tmp/riscv-iommu-demo/dpr/src/rp_boundary_regs_mmu.sv:158]
WARNING: [Synth 8-7137] Register gen_registered.s\.r_id_reg in module rp_boundary_regs_mmu has both Set and reset with same priority. This may cause simulation mismatches. Consider rewriting code  [/home/jc/tmp/riscv-iommu-demo/dpr/src/rp_boundary_regs_mmu.sv:169]
WARNING: [Synth 8-7137] Register gen_registered.s\.r_data_reg in module rp_boundary_regs_mmu has both Set and reset with same priority. This may cause simulation mismatches. Consider rewriting code  [/home/jc/tmp/riscv-iommu-demo/dpr/src/rp_boundary_regs_mmu.sv:170]
WARNING: [Synth 8-7137] Register gen_registered.s\.r_resp_reg in module rp_boundary_regs_mmu has both Set and reset with same priority. This may cause simulation mismatches. Consider rewriting code  [/home/jc/tmp/riscv-iommu-demo/dpr/src/rp_boundary_regs_mmu.sv:171]
WARNING: [Synth 8-7137] Register gen_registered.s\.r_last_reg in module rp_boundary_regs_mmu has both Set and reset with same priority. This may cause simulation mismatches. Consider rewriting code  [/home/jc/tmp/riscv-iommu-demo/dpr/src/rp_boundary_regs_mmu.sv:172]
WARNING: [Synth 8-7137] Register gen_registered.s\.r_user_reg in module rp_boundary_regs_mmu has both Set and reset with same priority. This may cause simulation mismatches. Consider rewriting code  [/home/jc/tmp/riscv-iommu-demo/dpr/src/rp_boundary_regs_mmu.sv:173]
WARNING: [Synth 8-6014] Unused sequential element aw_prev_reg was removed.  [/home/jc/tmp/riscv-iommu-demo/cva6/corev_apu/fpga/src/armor/SRC/request_flow_monitor.sv:37]
WARNING: [Synth 8-6014] Unused sequential element ar_prev_reg was removed.  [/home/jc/tmp/riscv-iommu-demo/cva6/corev_apu/fpga/src/armor/SRC/request_flow_monitor.sv:38]
WARNING: [Synth 8-7137] Register aw_id_prev_reg in module request_flow_monitor has both Set and reset with same priority. This may cause simulation mismatches. Consider rewriting code  [/home/jc/tmp/riscv-iommu-demo/cva6/corev_apu/fpga/src/armor/SRC/request_flow_monitor.sv:47]
WARNING: [Synth 8-7137] Register ar_id_prev_reg in module request_flow_monitor has both Set and reset with same priority. This may cause simulation mismatches. Consider rewriting code  [/home/jc/tmp/riscv-iommu-demo/cva6/corev_apu/fpga/src/armor/SRC/request_flow_monitor.sv:51]
WARNING: [Synth 8-3848] Net resp_CPU_Wrapper_o[aw_ready] in module/entity wrapper does not have driver. [/home/jc/tmp/riscv-iommu-demo/cva6/corev_apu/fpga/src/armor/SRC/wrapper.sv:63]
WARNING: [Synth 8-3848] Net resp_CPU_Wrapper_o[ar_ready] in module/entity wrapper does not have driver. [/home/jc/tmp/riscv-iommu-demo/cva6/corev_apu/fpga/src/armor/SRC/wrapper.sv:63]
WARNING: [Synth 8-3848] Net resp_CPU_Wrapper_o[w_ready] in module/entity wrapper does not have driver. [/home/jc/tmp/riscv-iommu-demo/cva6/corev_apu/fpga/src/armor/SRC/wrapper.sv:63]
WARNING: [Synth 8-3848] Net resp_CPU_Wrapper_o[b_valid] in module/entity wrapper does not have driver. [/home/jc/tmp/riscv-iommu-demo/cva6/corev_apu/fpga/src/armor/SRC/wrapper.sv:63]
WARNING: [Synth 8-3848] Net resp_CPU_Wrapper_o[b][id] in module/entity wrapper does not have driver. [/home/jc/tmp/riscv-iommu-demo/cva6/corev_apu/fpga/src/armor/SRC/wrapper.sv:63]
WARNING: [Synth 8-3848] Net resp_CPU_Wrapper_o[b][resp] in module/entity wrapper does not have driver. [/home/jc/tmp/riscv-iommu-demo/cva6/corev_apu/fpga/src/armor/SRC/wrapper.sv:63]
WARNING: [Synth 8-3848] Net resp_CPU_Wrapper_o[b][user] in module/entity wrapper does not have driver. [/home/jc/tmp/riscv-iommu-demo/cva6/corev_apu/fpga/src/armor/SRC/wrapper.sv:63]
WARNING: [Synth 8-3848] Net resp_CPU_Wrapper_o[r_valid] in module/entity wrapper does not have driver. [/home/jc/tmp/riscv-iommu-demo/cva6/corev_apu/fpga/src/armor/SRC/wrapper.sv:63]
WARNING: [Synth 8-3848] Net resp_CPU_Wrapper_o[r][id] in module/entity wrapper does not have driver. [/home/jc/tmp/riscv-iommu-demo/cva6/corev_apu/fpga/src/armor/SRC/wrapper.sv:63]
WARNING: [Synth 8-3848] Net resp_CPU_Wrapper_o[r][data] in module/entity wrapper does not have driver. [/home/jc/tmp/riscv-iommu-demo/cva6/corev_apu/fpga/src/armor/SRC/wrapper.sv:63]
WARNING: [Synth 8-3848] Net resp_CPU_Wrapper_o[r][resp] in module/entity wrapper does not have driver. [/home/jc/tmp/riscv-iommu-demo/cva6/corev_apu/fpga/src/armor/SRC/wrapper.sv:63]
WARNING: [Synth 8-3848] Net resp_CPU_Wrapper_o[r][last] in module/entity wrapper does not have driver. [/home/jc/tmp/riscv-iommu-demo/cva6/corev_apu/fpga/src/armor/SRC/wrapper.sv:63]
WARNING: [Synth 8-3848] Net resp_CPU_Wrapper_o[r][user] in module/entity wrapper does not have driver. [/home/jc/tmp/riscv-iommu-demo/cva6/corev_apu/fpga/src/armor/SRC/wrapper.sv:63]
WARNING: [Synth 8-3848] Net fixed_ID_reg in module/entity wrapper does not have driver. [/home/jc/tmp/riscv-iommu-demo/cva6/corev_apu/fpga/src/armor/SRC/wrapper.sv:76]
WARNING: [Synth 8-3848] Net msi_address_config in module/entity wrapper does not have driver. [/home/jc/tmp/riscv-iommu-demo/cva6/corev_apu/fpga/src/armor/SRC/wrapper.sv:90]
WARNING: [Synth 8-7137] Register gen_registered.m\.aw_id_reg in module rp_boundary_regs__parameterized0 has both Set and reset with same priority. This may cause simulation mismatches. Consider rewriting code  [/home/jc/tmp/riscv-iommu-demo/dpr/src/rp_boundary_regs.sv:78]
WARNING: [Synth 8-7137] Register gen_registered.m\.aw_addr_reg in module rp_boundary_regs__parameterized0 has both Set and reset with same priority. This may cause simulation mismatches. Consider rewriting code  [/home/jc/tmp/riscv-iommu-demo/dpr/src/rp_boundary_regs.sv:79]
WARNING: [Synth 8-7137] Register gen_registered.m\.aw_len_reg in module rp_boundary_regs__parameterized0 has both Set and reset with same priority. This may cause simulation mismatches. Consider rewriting code  [/home/jc/tmp/riscv-iommu-demo/dpr/src/rp_boundary_regs.sv:80]
WARNING: [Synth 8-7137] Register gen_registered.m\.aw_size_reg in module rp_boundary_regs__parameterized0 has both Set and reset with same priority. This may cause simulation mismatches. Consider rewriting code  [/home/jc/tmp/riscv-iommu-demo/dpr/src/rp_boundary_regs.sv:81]
WARNING: [Synth 8-7137] Register gen_registered.m\.aw_burst_reg in module rp_boundary_regs__parameterized0 has both Set and reset with same priority. This may cause simulation mismatches. Consider rewriting code  [/home/jc/tmp/riscv-iommu-demo/dpr/src/rp_boundary_regs.sv:82]
WARNING: [Synth 8-7137] Register gen_registered.m\.aw_lock_reg in module rp_boundary_regs__parameterized0 has both Set and reset with same priority. This may cause simulation mismatches. Consider rewriting code  [/home/jc/tmp/riscv-iommu-demo/dpr/src/rp_boundary_regs.sv:83]
WARNING: [Synth 8-7137] Register gen_registered.m\.aw_cache_reg in module rp_boundary_regs__parameterized0 has both Set and reset with same priority. This may cause simulation mismatches. Consider rewriting code  [/home/jc/tmp/riscv-iommu-demo/dpr/src/rp_boundary_regs.sv:84]
WARNING: [Synth 8-7137] Register gen_registered.m\.aw_prot_reg in module rp_boundary_regs__parameterized0 has both Set and reset with same priority. This may cause simulation mismatches. Consider rewriting code  [/home/jc/tmp/riscv-iommu-demo/dpr/src/rp_boundary_regs.sv:85]
WARNING: [Synth 8-7137] Register gen_registered.m\.aw_qos_reg in module rp_boundary_regs__parameterized0 has both Set and reset with same priority. This may cause simulation mismatches. Consider rewriting code  [/home/jc/tmp/riscv-iommu-demo/dpr/src/rp_boundary_regs.sv:86]
WARNING: [Synth 8-7137] Register gen_registered.m\.aw_region_reg in module rp_boundary_regs__parameterized0 has both Set and reset with same priority. This may cause simulation mismatches. Consider rewriting code  [/home/jc/tmp/riscv-iommu-demo/dpr/src/rp_boundary_regs.sv:87]
WARNING: [Synth 8-7137] Register gen_registered.m\.aw_atop_reg in module rp_boundary_regs__parameterized0 has both Set and reset with same priority. This may cause simulation mismatches. Consider rewriting code  [/home/jc/tmp/riscv-iommu-demo/dpr/src/rp_boundary_regs.sv:88]
WARNING: [Synth 8-7137] Register gen_registered.m\.aw_user_reg in module rp_boundary_regs__parameterized0 has both Set and reset with same priority. This may cause simulation mismatches. Consider rewriting code  [/home/jc/tmp/riscv-iommu-demo/dpr/src/rp_boundary_regs.sv:89]
WARNING: [Synth 8-7137] Register gen_registered.m\.ar_id_reg in module rp_boundary_regs__parameterized0 has both Set and reset with same priority. This may cause simulation mismatches. Consider rewriting code  [/home/jc/tmp/riscv-iommu-demo/dpr/src/rp_boundary_regs.sv:99]
WARNING: [Synth 8-7137] Register gen_registered.m\.ar_addr_reg in module rp_boundary_regs__parameterized0 has both Set and reset with same priority. This may cause simulation mismatches. Consider rewriting code  [/home/jc/tmp/riscv-iommu-demo/dpr/src/rp_boundary_regs.sv:100]
WARNING: [Synth 8-7137] Register gen_registered.m\.ar_len_reg in module rp_boundary_regs__parameterized0 has both Set and reset with same priority. This may cause simulation mismatches. Consider rewriting code  [/home/jc/tmp/riscv-iommu-demo/dpr/src/rp_boundary_regs.sv:101]
WARNING: [Synth 8-7137] Register gen_registered.m\.ar_size_reg in module rp_boundary_regs__parameterized0 has both Set and reset with same priority. This may cause simulation mismatches. Consider rewriting code  [/home/jc/tmp/riscv-iommu-demo/dpr/src/rp_boundary_regs.sv:102]
WARNING: [Synth 8-7137] Register gen_registered.m\.ar_burst_reg in module rp_boundary_regs__parameterized0 has both Set and reset with same priority. This may cause simulation mismatches. Consider rewriting code  [/home/jc/tmp/riscv-iommu-demo/dpr/src/rp_boundary_regs.sv:103]
WARNING: [Synth 8-7137] Register gen_registered.m\.ar_lock_reg in module rp_boundary_regs__parameterized0 has both Set and reset with same priority. This may cause simulation mismatches. Consider rewriting code  [/home/jc/tmp/riscv-iommu-demo/dpr/src/rp_boundary_regs.sv:104]
WARNING: [Synth 8-7137] Register gen_registered.m\.ar_cache_reg in module rp_boundary_regs__parameterized0 has both Set and reset with same priority. This may cause simulation mismatches. Consider rewriting code  [/home/jc/tmp/riscv-iommu-demo/dpr/src/rp_boundary_regs.sv:105]
WARNING: [Synth 8-7137] Register gen_registered.m\.ar_prot_reg in module rp_boundary_regs__parameterized0 has both Set and reset with same priority. This may cause simulation mismatches. Consider rewriting code  [/home/jc/tmp/riscv-iommu-demo/dpr/src/rp_boundary_regs.sv:106]
WARNING: [Synth 8-7137] Register gen_registered.m\.ar_qos_reg in module rp_boundary_regs__parameterized0 has both Set and reset with same priority. This may cause simulation mismatches. Consider rewriting code  [/home/jc/tmp/riscv-iommu-demo/dpr/src/rp_boundary_regs.sv:107]
WARNING: [Synth 8-7137] Register gen_registered.m\.ar_region_reg in module rp_boundary_regs__parameterized0 has both Set and reset with same priority. This may cause simulation mismatches. Consider rewriting code  [/home/jc/tmp/riscv-iommu-demo/dpr/src/rp_boundary_regs.sv:108]
INFO: [Common 17-14] Message 'Synth 8-7137' appears 100 times and further instances of the messages will be disabled. Use the Tcl command set_msg_config to change the current settings.
WARNING: [Synth 8-3848] Net reg2hw[tr_req_ctl][nw][q] in module/entity rv_iommu_regmap does not have driver. [/home/jc/tmp/riscv-iommu-demo/cva6/corev_apu/rv_iommu/rtl/software_interface/regmap/rv_iommu_regmap.sv:51]
WARNING: [Synth 8-6014] Unused sequential element read_pointer_q_reg was removed.  [/home/jc/tmp/riscv-iommu-demo/cva6/vendor/pulp-platform/common_cells/src/fifo_v3.sv:136]
WARNING: [Synth 8-6014] Unused sequential element read_pointer_q_reg was removed.  [/home/jc/tmp/riscv-iommu-demo/cva6/vendor/pulp-platform/common_cells/src/fifo_v3.sv:136]
WARNING: [Synth 8-87] always_comb on 'ip_re_o_reg' did not result in combinational logic [/home/jc/tmp/riscv-iommu-demo/cva6/corev_apu/rv_plic/rtl/plic_regmap.sv:325]
CRITICAL WARNING: [Synth 8-6859] multi-driven net on pin /home/jc/tmp/riscv-iommu-demo/cva6/corev_apu/fpga/src/ariane_peripherals_xilinx.sv-159.6 with 1st driver pin 'ariane_peripherals:/gen_iommu.i_riscv_iommu/wsi_wires_o[3]' [/home/jc/tmp/riscv-iommu-demo/cva6/corev_apu/fpga/src/ariane_peripherals_xilinx.sv:159]
CRITICAL WARNING: [Synth 8-6859] multi-driven net on pin /home/jc/tmp/riscv-iommu-demo/cva6/corev_apu/fpga/src/ariane_peripherals_xilinx.sv-159.6 with 2nd driver pin 'GND' [/home/jc/tmp/riscv-iommu-demo/cva6/corev_apu/fpga/src/ariane_peripherals_xilinx.sv:159]
CRITICAL WARNING: [Synth 8-6858] multi-driven net /home/jc/tmp/riscv-iommu-demo/cva6/corev_apu/fpga/src/ariane_peripherals_xilinx.sv-159.6 is connected to at least one constant driver which has been preserved, other driver is ignored [/home/jc/tmp/riscv-iommu-demo/cva6/corev_apu/fpga/src/ariane_peripherals_xilinx.sv:159]
WARNING: [Synth 8-3848] Net gen_ethernet.eth_int_n in module/entity ariane_peripherals does not have driver. [/home/jc/tmp/riscv-iommu-demo/cva6/corev_apu/fpga/src/ariane_peripherals_xilinx.sv:320]
WARNING: [Synth 8-3848] Net gen_ethernet.eth_pme_n in module/entity ariane_peripherals does not have driver. [/home/jc/tmp/riscv-iommu-demo/cva6/corev_apu/fpga/src/ariane_peripherals_xilinx.sv:320]
WARNING: [Synth 8-3848] Net master\.aw_ready in module/entity ariane_xilinx does not have driver. [/home/jc/tmp/riscv-iommu-demo/cva6/corev_apu/fpga/src/armor/SRC/axi_intf.sv:49]
WARNING: [Synth 8-3848] Net master\.w_ready in module/entity ariane_xilinx does not have driver. [/home/jc/tmp/riscv-iommu-demo/cva6/corev_apu/fpga/src/armor/SRC/axi_intf.sv:56]
WARNING: [Synth 8-3848] Net master\.b_id in module/entity ariane_xilinx does not have driver. [/home/jc/tmp/riscv-iommu-demo/cva6/corev_apu/fpga/src/armor/SRC/axi_intf.sv:58]
WARNING: [Synth 8-3848] Net master\.b_resp in module/entity ariane_xilinx does not have driver. [/home/jc/tmp/riscv-iommu-demo/cva6/corev_apu/fpga/src/armor/SRC/axi_intf.sv:59]
WARNING: [Synth 8-3848] Net master\.b_user in module/entity ariane_xilinx does not have driver. [/home/jc/tmp/riscv-iommu-demo/cva6/corev_apu/fpga/src/armor/SRC/axi_intf.sv:60]
WARNING: [Synth 8-3848] Net master\.b_valid in module/entity ariane_xilinx does not have driver. [/home/jc/tmp/riscv-iommu-demo/cva6/corev_apu/fpga/src/armor/SRC/axi_intf.sv:61]
WARNING: [Synth 8-3848] Net master\.ar_ready in module/entity ariane_xilinx does not have driver. [/home/jc/tmp/riscv-iommu-demo/cva6/corev_apu/fpga/src/armor/SRC/axi_intf.sv:76]
WARNING: [Synth 8-3848] Net master\.r_id in module/entity ariane_xilinx does not have driver. [/home/jc/tmp/riscv-iommu-demo/cva6/corev_apu/fpga/src/armor/SRC/axi_intf.sv:78]
WARNING: [Synth 8-3848] Net master\.r_data in module/entity ariane_xilinx does not have driver. [/home/jc/tmp/riscv-iommu-demo/cva6/corev_apu/fpga/src/armor/SRC/axi_intf.sv:79]
WARNING: [Synth 8-3848] Net master\.r_resp in module/entity ariane_xilinx does not have driver. [/home/jc/tmp/riscv-iommu-demo/cva6/corev_apu/fpga/src/armor/SRC/axi_intf.sv:80]
WARNING: [Synth 8-3848] Net master\.r_last in module/entity ariane_xilinx does not have driver. [/home/jc/tmp/riscv-iommu-demo/cva6/corev_apu/fpga/src/armor/SRC/axi_intf.sv:81]
WARNING: [Synth 8-3848] Net master\.r_user in module/entity ariane_xilinx does not have driver. [/home/jc/tmp/riscv-iommu-demo/cva6/corev_apu/fpga/src/armor/SRC/axi_intf.sv:82]
WARNING: [Synth 8-3848] Net master\.r_valid in module/entity ariane_xilinx does not have driver. [/home/jc/tmp/riscv-iommu-demo/cva6/corev_apu/fpga/src/armor/SRC/axi_intf.sv:83]
WARNING: [Synth 8-3848] Net master_to_dm\.aw_id in module/entity ariane_xilinx does not have driver. [/home/jc/tmp/riscv-iommu-demo/cva6/corev_apu/fpga/src/armor/SRC/axi_intf.sv:36]
WARNING: [Synth 8-3848] Net master_to_dm\.aw_addr in module/entity ariane_xilinx does not have driver. [/home/jc/tmp/riscv-iommu-demo/cva6/corev_apu/fpga/src/armor/SRC/axi_intf.sv:37]
WARNING: [Synth 8-3848] Net master_to_dm\.aw_len in module/entity ariane_xilinx does not have driver. [/home/jc/tmp/riscv-iommu-demo/cva6/corev_apu/fpga/src/armor/SRC/axi_intf.sv:38]
WARNING: [Synth 8-3848] Net master_to_dm\.aw_size in module/entity ariane_xilinx does not have driver. [/home/jc/tmp/riscv-iommu-demo/cva6/corev_apu/fpga/src/armor/SRC/axi_intf.sv:39]
WARNING: [Synth 8-3848] Net master_to_dm\.aw_burst in module/entity ariane_xilinx does not have driver. [/home/jc/tmp/riscv-iommu-demo/cva6/corev_apu/fpga/src/armor/SRC/axi_intf.sv:40]
WARNING: [Synth 8-3848] Net master_to_dm\.aw_lock in module/entity ariane_xilinx does not have driver. [/home/jc/tmp/riscv-iommu-demo/cva6/corev_apu/fpga/src/armor/SRC/axi_intf.sv:41]
WARNING: [Synth 8-3848] Net master_to_dm\.aw_cache in module/entity ariane_xilinx does not have driver. [/home/jc/tmp/riscv-iommu-demo/cva6/corev_apu/fpga/src/armor/SRC/axi_intf.sv:42]
WARNING: [Synth 8-3848] Net master_to_dm\.aw_prot in module/entity ariane_xilinx does not have driver. [/home/jc/tmp/riscv-iommu-demo/cva6/corev_apu/fpga/src/armor/SRC/axi_intf.sv:43]
WARNING: [Synth 8-3848] Net master_to_dm\.aw_qos in module/entity ariane_xilinx does not have driver. [/home/jc/tmp/riscv-iommu-demo/cva6/corev_apu/fpga/src/armor/SRC/axi_intf.sv:44]
WARNING: [Synth 8-3848] Net master_to_dm\.aw_region in module/entity ariane_xilinx does not have driver. [/home/jc/tmp/riscv-iommu-demo/cva6/corev_apu/fpga/src/armor/SRC/axi_intf.sv:45]
WARNING: [Synth 8-3848] Net master_to_dm\.aw_atop in module/entity ariane_xilinx does not have driver. [/home/jc/tmp/riscv-iommu-demo/cva6/corev_apu/fpga/src/armor/SRC/axi_intf.sv:46]
WARNING: [Synth 8-3848] Net master_to_dm\.aw_user in module/entity ariane_xilinx does not have driver. [/home/jc/tmp/riscv-iommu-demo/cva6/corev_apu/fpga/src/armor/SRC/axi_intf.sv:47]
WARNING: [Synth 8-3848] Net master_to_dm\.aw_valid in module/entity ariane_xilinx does not have driver. [/home/jc/tmp/riscv-iommu-demo/cva6/corev_apu/fpga/src/armor/SRC/axi_intf.sv:48]
WARNING: [Synth 8-3848] Net master_to_dm\.w_data in module/entity ariane_xilinx does not have driver. [/home/jc/tmp/riscv-iommu-demo/cva6/corev_apu/fpga/src/armor/SRC/axi_intf.sv:51]
WARNING: [Synth 8-3848] Net master_to_dm\.w_strb in module/entity ariane_xilinx does not have driver. [/home/jc/tmp/riscv-iommu-demo/cva6/corev_apu/fpga/src/armor/SRC/axi_intf.sv:52]
WARNING: [Synth 8-3848] Net master_to_dm\.w_last in module/entity ariane_xilinx does not have driver. [/home/jc/tmp/riscv-iommu-demo/cva6/corev_apu/fpga/src/armor/SRC/axi_intf.sv:53]
WARNING: [Synth 8-3848] Net master_to_dm\.w_user in module/entity ariane_xilinx does not have driver. [/home/jc/tmp/riscv-iommu-demo/cva6/corev_apu/fpga/src/armor/SRC/axi_intf.sv:54]
WARNING: [Synth 8-3848] Net master_to_dm\.w_valid in module/entity ariane_xilinx does not have driver. [/home/jc/tmp/riscv-iommu-demo/cva6/corev_apu/fpga/src/armor/SRC/axi_intf.sv:55]
WARNING: [Synth 8-3848] Net master_to_dm\.b_ready in module/entity ariane_xilinx does not have driver. [/home/jc/tmp/riscv-iommu-demo/cva6/corev_apu/fpga/src/armor/SRC/axi_intf.sv:62]
WARNING: [Synth 8-3848] Net master_to_dm\.ar_id in module/entity ariane_xilinx does not have driver. [/home/jc/tmp/riscv-iommu-demo/cva6/corev_apu/fpga/src/armor/SRC/axi_intf.sv:64]
WARNING: [Synth 8-3848] Net master_to_dm\.ar_addr in module/entity ariane_xilinx does not have driver. [/home/jc/tmp/riscv-iommu-demo/cva6/corev_apu/fpga/src/armor/SRC/axi_intf.sv:65]
WARNING: [Synth 8-3848] Net master_to_dm\.ar_len in module/entity ariane_xilinx does not have driver. [/home/jc/tmp/riscv-iommu-demo/cva6/corev_apu/fpga/src/armor/SRC/axi_intf.sv:66]
WARNING: [Synth 8-3848] Net master_to_dm\.ar_size in module/entity ariane_xilinx does not have driver. [/home/jc/tmp/riscv-iommu-demo/cva6/corev_apu/fpga/src/armor/SRC/axi_intf.sv:67]
WARNING: [Synth 8-3848] Net master_to_dm\.ar_burst in module/entity ariane_xilinx does not have driver. [/home/jc/tmp/riscv-iommu-demo/cva6/corev_apu/fpga/src/armor/SRC/axi_intf.sv:68]
WARNING: [Synth 8-3848] Net master_to_dm\.ar_lock in module/entity ariane_xilinx does not have driver. [/home/jc/tmp/riscv-iommu-demo/cva6/corev_apu/fpga/src/armor/SRC/axi_intf.sv:69]
WARNING: [Synth 8-3848] Net master_to_dm\.ar_cache in module/entity ariane_xilinx does not have driver. [/home/jc/tmp/riscv-iommu-demo/cva6/corev_apu/fpga/src/armor/SRC/axi_intf.sv:70]
WARNING: [Synth 8-3848] Net master_to_dm\.ar_prot in module/entity ariane_xilinx does not have driver. [/home/jc/tmp/riscv-iommu-demo/cva6/corev_apu/fpga/src/armor/SRC/axi_intf.sv:71]
WARNING: [Synth 8-3848] Net master_to_dm\.ar_qos in module/entity ariane_xilinx does not have driver. [/home/jc/tmp/riscv-iommu-demo/cva6/corev_apu/fpga/src/armor/SRC/axi_intf.sv:72]
WARNING: [Synth 8-3848] Net master_to_dm\.ar_region in module/entity ariane_xilinx does not have driver. [/home/jc/tmp/riscv-iommu-demo/cva6/corev_apu/fpga/src/armor/SRC/axi_intf.sv:73]
WARNING: [Synth 8-3848] Net master_to_dm\.ar_user in module/entity ariane_xilinx does not have driver. [/home/jc/tmp/riscv-iommu-demo/cva6/corev_apu/fpga/src/armor/SRC/axi_intf.sv:74]
WARNING: [Synth 8-3848] Net master_to_dm\.ar_valid in module/entity ariane_xilinx does not have driver. [/home/jc/tmp/riscv-iommu-demo/cva6/corev_apu/fpga/src/armor/SRC/axi_intf.sv:75]
WARNING: [Synth 8-3848] Net master_to_dm\.r_ready in module/entity ariane_xilinx does not have driver. [/home/jc/tmp/riscv-iommu-demo/cva6/corev_apu/fpga/src/armor/SRC/axi_intf.sv:84]
INFO: [Common 17-14] Message 'Synth 8-3848' appears 100 times and further instances of the messages will be disabled. Use the Tcl command set_msg_config to change the current settings.
WARNING: [Synth 8-7129] Port rr_i[0] in module rr_arb_tree__parameterized18 is either unconnected or has no load
WARNING: [Synth 8-7129] Port testmode_i in module fifo_v3__parameterized16 is either unconnected or has no load
WARNING: [Synth 8-7129] Port testmode_i in module fifo_v3__parameterized15 is either unconnected or has no load
WARNING: [Synth 8-7129] Port testmode_i in module fifo_v3__parameterized14 is either unconnected or has no load
WARNING: [Synth 8-7129] Port PSLVERR in module axi2apb_64_32 is either unconnected or has no load
WARNING: [Synth 8-7129] Port req_i[wdata][31] in module plic_regs is either unconnected or has no load
WARNING: [Synth 8-7129] Port req_i[wstrb][3] in module plic_regs is either unconnected or has no load
WARNING: [Synth 8-7129] Port req_i[wstrb][2] in module plic_regs is either unconnected or has no load
WARNING: [Synth 8-7129] Port req_i[wstrb][1] in module plic_regs is either unconnected or has no load
WARNING: [Synth 8-7129] Port req_i[wstrb][0] in module plic_regs is either unconnected or has no load
WARNING: [Synth 8-7129] Port reg_o\.clk_i in module apb_to_reg__parameterized0 is either unconnected or has no load
WARNING: [Synth 8-7129] Port clk_i in module apb_to_reg__parameterized0 is either unconnected or has no load
WARNING: [Synth 8-7129] Port rst_ni in module apb_to_reg__parameterized0 is either unconnected or has no load
WARNING: [Synth 8-7129] Port testmode_i in module fifo_v3__parameterized21 is either unconnected or has no load
WARNING: [Synth 8-7129] Port testmode_i in module fifo_v3__parameterized2 is either unconnected or has no load
WARNING: [Synth 8-7129] Port testmode_i in module fifo_v3__parameterized20 is either unconnected or has no load
WARNING: [Synth 8-7129] Port testmode_i in module fifo_v3__parameterized0 is either unconnected or has no load
WARNING: [Synth 8-7129] Port slv_req_i[aw][atop][3] in module axi_atop_filter__parameterized0 is either unconnected or has no load
WARNING: [Synth 8-7129] Port slv_req_i[aw][atop][2] in module axi_atop_filter__parameterized0 is either unconnected or has no load
WARNING: [Synth 8-7129] Port slv_req_i[aw][atop][1] in module axi_atop_filter__parameterized0 is either unconnected or has no load
WARNING: [Synth 8-7129] Port slv_req_i[aw][atop][0] in module axi_atop_filter__parameterized0 is either unconnected or has no load
WARNING: [Synth 8-7129] Port testmode_i in module fifo_v3__parameterized19 is either unconnected or has no load
WARNING: [Synth 8-7129] Port mem_resp_i[ar_ready] in module rv_iommu_fq_handler is either unconnected or has no load
WARNING: [Synth 8-7129] Port mem_resp_i[b][id][3] in module rv_iommu_fq_handler is either unconnected or has no load
WARNING: [Synth 8-7129] Port mem_resp_i[b][id][2] in module rv_iommu_fq_handler is either unconnected or has no load
WARNING: [Synth 8-7129] Port mem_resp_i[b][id][1] in module rv_iommu_fq_handler is either unconnected or has no load
WARNING: [Synth 8-7129] Port mem_resp_i[b][id][0] in module rv_iommu_fq_handler is either unconnected or has no load
WARNING: [Synth 8-7129] Port mem_resp_i[b][user][0] in module rv_iommu_fq_handler is either unconnected or has no load
WARNING: [Synth 8-7129] Port mem_resp_i[r_valid] in module rv_iommu_fq_handler is either unconnected or has no load
WARNING: [Synth 8-7129] Port mem_resp_i[r][id][3] in module rv_iommu_fq_handler is either unconnected or has no load
WARNING: [Synth 8-7129] Port mem_resp_i[r][id][2] in module rv_iommu_fq_handler is either unconnected or has no load
WARNING: [Synth 8-7129] Port mem_resp_i[r][id][1] in module rv_iommu_fq_handler is either unconnected or has no load
WARNING: [Synth 8-7129] Port mem_resp_i[r][id][0] in module rv_iommu_fq_handler is either unconnected or has no load
WARNING: [Synth 8-7129] Port mem_resp_i[r][data][63] in module rv_iommu_fq_handler is either unconnected or has no load
WARNING: [Synth 8-7129] Port mem_resp_i[r][data][62] in module rv_iommu_fq_handler is either unconnected or has no load
WARNING: [Synth 8-7129] Port mem_resp_i[r][data][61] in module rv_iommu_fq_handler is either unconnected or has no load
WARNING: [Synth 8-7129] Port mem_resp_i[r][data][60] in module rv_iommu_fq_handler is either unconnected or has no load
WARNING: [Synth 8-7129] Port mem_resp_i[r][data][59] in module rv_iommu_fq_handler is either unconnected or has no load
WARNING: [Synth 8-7129] Port mem_resp_i[r][data][58] in module rv_iommu_fq_handler is either unconnected or has no load
WARNING: [Synth 8-7129] Port mem_resp_i[r][data][57] in module rv_iommu_fq_handler is either unconnected or has no load
WARNING: [Synth 8-7129] Port mem_resp_i[r][data][56] in module rv_iommu_fq_handler is either unconnected or has no load
WARNING: [Synth 8-7129] Port mem_resp_i[r][data][55] in module rv_iommu_fq_handler is either unconnected or has no load
WARNING: [Synth 8-7129] Port mem_resp_i[r][data][54] in module rv_iommu_fq_handler is either unconnected or has no load
WARNING: [Synth 8-7129] Port mem_resp_i[r][data][53] in module rv_iommu_fq_handler is either unconnected or has no load
WARNING: [Synth 8-7129] Port mem_resp_i[r][data][52] in module rv_iommu_fq_handler is either unconnected or has no load
WARNING: [Synth 8-7129] Port mem_resp_i[r][data][51] in module rv_iommu_fq_handler is either unconnected or has no load
WARNING: [Synth 8-7129] Port mem_resp_i[r][data][50] in module rv_iommu_fq_handler is either unconnected or has no load
WARNING: [Synth 8-7129] Port mem_resp_i[r][data][49] in module rv_iommu_fq_handler is either unconnected or has no load
WARNING: [Synth 8-7129] Port mem_resp_i[r][data][48] in module rv_iommu_fq_handler is either unconnected or has no load
WARNING: [Synth 8-7129] Port mem_resp_i[r][data][47] in module rv_iommu_fq_handler is either unconnected or has no load
WARNING: [Synth 8-7129] Port mem_resp_i[r][data][46] in module rv_iommu_fq_handler is either unconnected or has no load
WARNING: [Synth 8-7129] Port mem_resp_i[r][data][45] in module rv_iommu_fq_handler is either unconnected or has no load
WARNING: [Synth 8-7129] Port mem_resp_i[r][data][44] in module rv_iommu_fq_handler is either unconnected or has no load
WARNING: [Synth 8-7129] Port mem_resp_i[r][data][43] in module rv_iommu_fq_handler is either unconnected or has no load
WARNING: [Synth 8-7129] Port mem_resp_i[r][data][42] in module rv_iommu_fq_handler is either unconnected or has no load
WARNING: [Synth 8-7129] Port mem_resp_i[r][data][41] in module rv_iommu_fq_handler is either unconnected or has no load
WARNING: [Synth 8-7129] Port mem_resp_i[r][data][40] in module rv_iommu_fq_handler is either unconnected or has no load
WARNING: [Synth 8-7129] Port mem_resp_i[r][data][39] in module rv_iommu_fq_handler is either unconnected or has no load
WARNING: [Synth 8-7129] Port mem_resp_i[r][data][38] in module rv_iommu_fq_handler is either unconnected or has no load
WARNING: [Synth 8-7129] Port mem_resp_i[r][data][37] in module rv_iommu_fq_handler is either unconnected or has no load
WARNING: [Synth 8-7129] Port mem_resp_i[r][data][36] in module rv_iommu_fq_handler is either unconnected or has no load
WARNING: [Synth 8-7129] Port mem_resp_i[r][data][35] in module rv_iommu_fq_handler is either unconnected or has no load
WARNING: [Synth 8-7129] Port mem_resp_i[r][data][34] in module rv_iommu_fq_handler is either unconnected or has no load
WARNING: [Synth 8-7129] Port mem_resp_i[r][data][33] in module rv_iommu_fq_handler is either unconnected or has no load
WARNING: [Synth 8-7129] Port mem_resp_i[r][data][32] in module rv_iommu_fq_handler is either unconnected or has no load
WARNING: [Synth 8-7129] Port mem_resp_i[r][data][31] in module rv_iommu_fq_handler is either unconnected or has no load
WARNING: [Synth 8-7129] Port mem_resp_i[r][data][30] in module rv_iommu_fq_handler is either unconnected or has no load
WARNING: [Synth 8-7129] Port mem_resp_i[r][data][29] in module rv_iommu_fq_handler is either unconnected or has no load
WARNING: [Synth 8-7129] Port mem_resp_i[r][data][28] in module rv_iommu_fq_handler is either unconnected or has no load
WARNING: [Synth 8-7129] Port mem_resp_i[r][data][27] in module rv_iommu_fq_handler is either unconnected or has no load
WARNING: [Synth 8-7129] Port mem_resp_i[r][data][26] in module rv_iommu_fq_handler is either unconnected or has no load
WARNING: [Synth 8-7129] Port mem_resp_i[r][data][25] in module rv_iommu_fq_handler is either unconnected or has no load
WARNING: [Synth 8-7129] Port mem_resp_i[r][data][24] in module rv_iommu_fq_handler is either unconnected or has no load
WARNING: [Synth 8-7129] Port mem_resp_i[r][data][23] in module rv_iommu_fq_handler is either unconnected or has no load
WARNING: [Synth 8-7129] Port mem_resp_i[r][data][22] in module rv_iommu_fq_handler is either unconnected or has no load
WARNING: [Synth 8-7129] Port mem_resp_i[r][data][21] in module rv_iommu_fq_handler is either unconnected or has no load
WARNING: [Synth 8-7129] Port mem_resp_i[r][data][20] in module rv_iommu_fq_handler is either unconnected or has no load
WARNING: [Synth 8-7129] Port mem_resp_i[r][data][19] in module rv_iommu_fq_handler is either unconnected or has no load
WARNING: [Synth 8-7129] Port mem_resp_i[r][data][18] in module rv_iommu_fq_handler is either unconnected or has no load
WARNING: [Synth 8-7129] Port mem_resp_i[r][data][17] in module rv_iommu_fq_handler is either unconnected or has no load
WARNING: [Synth 8-7129] Port mem_resp_i[r][data][16] in module rv_iommu_fq_handler is either unconnected or has no load
WARNING: [Synth 8-7129] Port mem_resp_i[r][data][15] in module rv_iommu_fq_handler is either unconnected or has no load
WARNING: [Synth 8-7129] Port mem_resp_i[r][data][14] in module rv_iommu_fq_handler is either unconnected or has no load
WARNING: [Synth 8-7129] Port mem_resp_i[r][data][13] in module rv_iommu_fq_handler is either unconnected or has no load
WARNING: [Synth 8-7129] Port mem_resp_i[r][data][12] in module rv_iommu_fq_handler is either unconnected or has no load
WARNING: [Synth 8-7129] Port mem_resp_i[r][data][11] in module rv_iommu_fq_handler is either unconnected or has no load
WARNING: [Synth 8-7129] Port mem_resp_i[r][data][10] in module rv_iommu_fq_handler is either unconnected or has no load
WARNING: [Synth 8-7129] Port mem_resp_i[r][data][9] in module rv_iommu_fq_handler is either unconnected or has no load
WARNING: [Synth 8-7129] Port mem_resp_i[r][data][8] in module rv_iommu_fq_handler is either unconnected or has no load
WARNING: [Synth 8-7129] Port mem_resp_i[r][data][7] in module rv_iommu_fq_handler is either unconnected or has no load
WARNING: [Synth 8-7129] Port mem_resp_i[r][data][6] in module rv_iommu_fq_handler is either unconnected or has no load
WARNING: [Synth 8-7129] Port mem_resp_i[r][data][5] in module rv_iommu_fq_handler is either unconnected or has no load
WARNING: [Synth 8-7129] Port mem_resp_i[r][data][4] in module rv_iommu_fq_handler is either unconnected or has no load
WARNING: [Synth 8-7129] Port mem_resp_i[r][data][3] in module rv_iommu_fq_handler is either unconnected or has no load
WARNING: [Synth 8-7129] Port mem_resp_i[r][data][2] in module rv_iommu_fq_handler is either unconnected or has no load
WARNING: [Synth 8-7129] Port mem_resp_i[r][data][1] in module rv_iommu_fq_handler is either unconnected or has no load
WARNING: [Synth 8-7129] Port mem_resp_i[r][data][0] in module rv_iommu_fq_handler is either unconnected or has no load
WARNING: [Synth 8-7129] Port mem_resp_i[r][resp][1] in module rv_iommu_fq_handler is either unconnected or has no load
WARNING: [Synth 8-7129] Port mem_resp_i[r][resp][0] in module rv_iommu_fq_handler is either unconnected or has no load
WARNING: [Synth 8-7129] Port mem_resp_i[r][last] in module rv_iommu_fq_handler is either unconnected or has no load
INFO: [Common 17-14] Message 'Synth 8-7129' appears 100 times and further instances of the messages will be disabled. Use the Tcl command set_msg_config to change the current settings.
---------------------------------------------------------------------------------
Finished RTL Elaboration : Time (s): cpu = 00:00:11 ; elapsed = 00:00:19 . Memory (MB): peak = 3130.969 ; gain = 1333.137 ; free physical = 8228 ; free virtual = 16385
Synthesis current peak Physical Memory [PSS] (MB): peak = 2409.138; parent = 2204.579; children = 204.559
Synthesis current peak Virtual Memory [VSS] (MB): peak = 4111.496; parent = 3130.973; children = 980.523
---------------------------------------------------------------------------------
---------------------------------------------------------------------------------
Start Handling Custom Attributes
---------------------------------------------------------------------------------
---------------------------------------------------------------------------------
Finished Handling Custom Attributes : Time (s): cpu = 00:00:12 ; elapsed = 00:00:20 . Memory (MB): peak = 3145.812 ; gain = 1347.980 ; free physical = 8234 ; free virtual = 16391
Synthesis current peak Physical Memory [PSS] (MB): peak = 2409.138; parent = 2204.579; children = 204.559
Synthesis current peak Virtual Memory [VSS] (MB): peak = 4126.340; parent = 3145.816; children = 980.523
---------------------------------------------------------------------------------
---------------------------------------------------------------------------------
Finished RTL Optimization Phase 1 : Time (s): cpu = 00:00:12 ; elapsed = 00:00:20 . Memory (MB): peak = 3145.812 ; gain = 1347.980 ; free physical = 8234 ; free virtual = 16391
Synthesis current peak Physical Memory [PSS] (MB): peak = 2409.138; parent = 2204.579; children = 204.559
Synthesis current peak Virtual Memory [VSS] (MB): peak = 4126.340; parent = 3145.816; children = 980.523
---------------------------------------------------------------------------------
Netlist sorting complete. Time (s): cpu = 00:00:00.83 ; elapsed = 00:00:01 . Memory (MB): peak = 3178.742 ; gain = 0.000 ; free physical = 8025 ; free virtual = 16182
INFO: [Netlist 29-17] Analyzing 28 Unisim elements for replacement
INFO: [Netlist 29-28] Unisim Transformation completed in 0 CPU seconds
INFO: [Project 1-570] Preparing netlist for logic optimization

Processing XDC Constraints
Initializing timing engine
Parsing XDC File [/home/jc/tmp/riscv-iommu-demo/cva6/corev_apu/fpga/xilinx/xlnx_mig_7_ddr3/xlnx_mig_7_ddr3.gen/sources_1/ip/xlnx_mig_7_ddr3/xlnx_mig_7_ddr3/xlnx_mig_7_ddr3_in_context.xdc] for cell 'i_ddr'
Finished Parsing XDC File [/home/jc/tmp/riscv-iommu-demo/cva6/corev_apu/fpga/xilinx/xlnx_mig_7_ddr3/xlnx_mig_7_ddr3.gen/sources_1/ip/xlnx_mig_7_ddr3/xlnx_mig_7_ddr3/xlnx_mig_7_ddr3_in_context.xdc] for cell 'i_ddr'
Parsing XDC File [/home/jc/tmp/riscv-iommu-demo/cva6/corev_apu/fpga/xilinx/xlnx_clk_gen/xlnx_clk_gen.gen/sources_1/ip/xlnx_clk_gen/xlnx_clk_gen/xlnx_clk_gen_in_context.xdc] for cell 'i_xlnx_clk_gen'
Finished Parsing XDC File [/home/jc/tmp/riscv-iommu-demo/cva6/corev_apu/fpga/xilinx/xlnx_clk_gen/xlnx_clk_gen.gen/sources_1/ip/xlnx_clk_gen/xlnx_clk_gen/xlnx_clk_gen_in_context.xdc] for cell 'i_xlnx_clk_gen'
Parsing XDC File [/home/jc/tmp/riscv-iommu-demo/cva6/corev_apu/fpga/xilinx/xlnx_axi_clock_converter/xlnx_axi_clock_converter.gen/sources_1/ip/xlnx_axi_clock_converter/xlnx_axi_clock_converter/xlnx_axi_clock_converter_in_context.xdc] for cell 'i_xlnx_axi_clock_converter_ddr'
Finished Parsing XDC File [/home/jc/tmp/riscv-iommu-demo/cva6/corev_apu/fpga/xilinx/xlnx_axi_clock_converter/xlnx_axi_clock_converter.gen/sources_1/ip/xlnx_axi_clock_converter/xlnx_axi_clock_converter/xlnx_axi_clock_converter_in_context.xdc] for cell 'i_xlnx_axi_clock_converter_ddr'
Parsing XDC File [/home/jc/tmp/riscv-iommu-demo/cva6/corev_apu/fpga/xilinx/xlnx_axi_hwicap/xlnx_axi_hwicap.gen/sources_1/ip/xlnx_axi_hwicap/xlnx_axi_hwicap/xlnx_axi_hwicap_in_context.xdc] for cell 'i_ariane_peripherals/gen_hwicap.i_hwicap'
Finished Parsing XDC File [/home/jc/tmp/riscv-iommu-demo/cva6/corev_apu/fpga/xilinx/xlnx_axi_hwicap/xlnx_axi_hwicap.gen/sources_1/ip/xlnx_axi_hwicap/xlnx_axi_hwicap/xlnx_axi_hwicap_in_context.xdc] for cell 'i_ariane_peripherals/gen_hwicap.i_hwicap'
Parsing XDC File [/home/jc/tmp/riscv-iommu-demo/cva6/corev_apu/fpga/xilinx/xlnx_axi_gpio/xlnx_axi_gpio.gen/sources_1/ip/xlnx_axi_gpio/xlnx_axi_gpio/xlnx_axi_gpio_in_context.xdc] for cell 'i_ariane_peripherals/gen_gpio.i_xlnx_axi_gpio'
Finished Parsing XDC File [/home/jc/tmp/riscv-iommu-demo/cva6/corev_apu/fpga/xilinx/xlnx_axi_gpio/xlnx_axi_gpio.gen/sources_1/ip/xlnx_axi_gpio/xlnx_axi_gpio/xlnx_axi_gpio_in_context.xdc] for cell 'i_ariane_peripherals/gen_gpio.i_xlnx_axi_gpio'
Parsing XDC File [/home/jc/tmp/riscv-iommu-demo/cva6/corev_apu/fpga/xilinx/xlnx_axi_dwidth_converter/xlnx_axi_dwidth_converter.gen/sources_1/ip/xlnx_axi_dwidth_converter/xlnx_axi_dwidth_converter/xlnx_axi_dwidth_converter_in_context.xdc] for cell 'i_ariane_peripherals/gen_spi.i_xlnx_axi_dwidth_converter_spi'
Finished Parsing XDC File [/home/jc/tmp/riscv-iommu-demo/cva6/corev_apu/fpga/xilinx/xlnx_axi_dwidth_converter/xlnx_axi_dwidth_converter.gen/sources_1/ip/xlnx_axi_dwidth_converter/xlnx_axi_dwidth_converter/xlnx_axi_dwidth_converter_in_context.xdc] for cell 'i_ariane_peripherals/gen_spi.i_xlnx_axi_dwidth_converter_spi'
Parsing XDC File [/home/jc/tmp/riscv-iommu-demo/cva6/corev_apu/fpga/xilinx/xlnx_axi_dwidth_converter/xlnx_axi_dwidth_converter.gen/sources_1/ip/xlnx_axi_dwidth_converter/xlnx_axi_dwidth_converter/xlnx_axi_dwidth_converter_in_context.xdc] for cell 'i_ariane_peripherals/gen_gpio.i_xlnx_axi_dwidth_converter_gpio'
Finished Parsing XDC File [/home/jc/tmp/riscv-iommu-demo/cva6/corev_apu/fpga/xilinx/xlnx_axi_dwidth_converter/xlnx_axi_dwidth_converter.gen/sources_1/ip/xlnx_axi_dwidth_converter/xlnx_axi_dwidth_converter/xlnx_axi_dwidth_converter_in_context.xdc] for cell 'i_ariane_peripherals/gen_gpio.i_xlnx_axi_dwidth_converter_gpio'
Parsing XDC File [/home/jc/tmp/riscv-iommu-demo/cva6/corev_apu/fpga/xilinx/xlnx_axi_quad_spi/xlnx_axi_quad_spi.gen/sources_1/ip/xlnx_axi_quad_spi/xlnx_axi_quad_spi/xlnx_axi_quad_spi_in_context.xdc] for cell 'i_ariane_peripherals/gen_spi.i_xlnx_axi_quad_spi'
Finished Parsing XDC File [/home/jc/tmp/riscv-iommu-demo/cva6/corev_apu/fpga/xilinx/xlnx_axi_quad_spi/xlnx_axi_quad_spi.gen/sources_1/ip/xlnx_axi_quad_spi/xlnx_axi_quad_spi/xlnx_axi_quad_spi_in_context.xdc] for cell 'i_ariane_peripherals/gen_spi.i_xlnx_axi_quad_spi'
Parsing XDC File [/home/jc/tmp/riscv-iommu-demo/cva6/corev_apu/fpga/constraints/genesys-2.xdc]
WARNING: [Vivado 12-627] No clocks matched 'clk_out2_xlnx_clk_gen'. [/home/jc/tmp/riscv-iommu-demo/cva6/corev_apu/fpga/constraints/genesys-2.xdc:72]
INFO: [Vivado 12-626] No clocks found. Please use 'create_clock' or 'create_generated_clock' command to create clocks. [/home/jc/tmp/riscv-iommu-demo/cva6/corev_apu/fpga/constraints/genesys-2.xdc:72]
CRITICAL WARNING: [Vivado 12-4739] set_clock_groups:No valid object(s) found for '-group [get_clocks clk_out2_xlnx_clk_gen]'. [/home/jc/tmp/riscv-iommu-demo/cva6/corev_apu/fpga/constraints/genesys-2.xdc:72]
Resolution: Check if the specified object(s) exists in the current design. If it does, ensure that the correct design hierarchy was specified for the object. If you are working with clocks, make sure create_clock was used to create the clock object before it is referenced.
CRITICAL WARNING: [Vivado 12-4739] set_clock_groups:No valid object(s) found for '-group '. [/home/jc/tmp/riscv-iommu-demo/cva6/corev_apu/fpga/constraints/genesys-2.xdc:72]
Resolution: Check if the specified object(s) exists in the current design. If it does, ensure that the correct design hierarchy was specified for the object. If you are working with clocks, make sure create_clock was used to create the clock object before it is referenced.
WARNING: [Vivado 12-508] No pins matched 'i_ddr/u_xlnx_mig_7_ddr3_mig/u_ddr3_infrastructure/rstdiv0_sync_r1_reg_rep/C'. [/home/jc/tmp/riscv-iommu-demo/cva6/corev_apu/fpga/constraints/genesys-2.xdc:132]
Finished Parsing XDC File [/home/jc/tmp/riscv-iommu-demo/cva6/corev_apu/fpga/constraints/genesys-2.xdc]
WARNING: [Project 1-498] One or more constraints failed evaluation while reading constraint file [/home/jc/tmp/riscv-iommu-demo/cva6/corev_apu/fpga/constraints/genesys-2.xdc] and the design contains unresolved black boxes. These constraints will be read post-synthesis (as long as their source constraint file is marked as used_in_implementation) and should be applied correctly then. You should review the constraints listed in the file [.Xil/ariane_xilinx_propImpl.xdc] and check the run log file to verify that these constraints were correctly applied.
INFO: [Project 1-236] Implementation specific constraints were found while reading constraint file [/home/jc/tmp/riscv-iommu-demo/cva6/corev_apu/fpga/constraints/genesys-2.xdc]. These constraints will be ignored for synthesis but will be used in implementation. Impacted constraints are listed in the file [.Xil/ariane_xilinx_propImpl.xdc].
Resolution: To avoid this warning, move constraints listed in [.Xil/ariane_xilinx_propImpl.xdc] to another XDC file and exclude this new file from synthesis with the used_in_synthesis property (File Properties dialog in GUI) and re-run elaboration/synthesis.
Parsing XDC File [/home/jc/tmp/riscv-iommu-demo/cva6/corev_apu/fpga/constraints/ariane.xdc]
WARNING: [Designutils 20-1567] Use of 'set_multicycle_path' with '-hold' is not supported by synthesis. The constraint will not be passed to synthesis. [/home/jc/tmp/riscv-iommu-demo/cva6/corev_apu/fpga/constraints/ariane.xdc:19]
Finished Parsing XDC File [/home/jc/tmp/riscv-iommu-demo/cva6/corev_apu/fpga/constraints/ariane.xdc]
INFO: [Project 1-236] Implementation specific constraints were found while reading constraint file [/home/jc/tmp/riscv-iommu-demo/cva6/corev_apu/fpga/constraints/ariane.xdc]. These constraints will be ignored for synthesis but will be used in implementation. Impacted constraints are listed in the file [.Xil/ariane_xilinx_propImpl.xdc].
Resolution: To avoid this warning, move constraints listed in [.Xil/ariane_xilinx_propImpl.xdc] to another XDC file and exclude this new file from synthesis with the used_in_synthesis property (File Properties dialog in GUI) and re-run elaboration/synthesis.
Parsing XDC File [/home/jc/tmp/riscv-iommu-demo/cva6/corev_apu/fpga/ariane.runs/synth_1/dont_touch.xdc]
Finished Parsing XDC File [/home/jc/tmp/riscv-iommu-demo/cva6/corev_apu/fpga/ariane.runs/synth_1/dont_touch.xdc]
Completed Processing XDC Constraints

Netlist sorting complete. Time (s): cpu = 00:00:00.02 ; elapsed = 00:00:00.02 . Memory (MB): peak = 3673.070 ; gain = 0.000 ; free physical = 7652 ; free virtual = 15809
INFO: [Project 1-111] Unisim Transformation Summary:
  A total of 11 instances were transformed.
  IOBUF => IOBUF (IBUF, OBUFT): 1 instance 
  RAMB16_S9_S36 => RAMB36E1: 10 instances

Constraint Validation Runtime : Time (s): cpu = 00:00:00.39 ; elapsed = 00:00:00.38 . Memory (MB): peak = 3673.070 ; gain = 0.000 ; free physical = 7653 ; free virtual = 15810
WARNING: [Timing 38-316] Clock period '100.000' specified during out-of-context synthesis of instance 'i_xlnx_axi_clock_converter_ddr' at clock pin 'm_axi_aclk' is different from the actual clock period '5.000', this can lead to different synthesis results.
WARNING: [Timing 38-316] Clock period '100.000' specified during out-of-context synthesis of instance 'i_ariane_peripherals/gen_gpio.i_xlnx_axi_dwidth_converter_gpio' at clock pin 's_axi_aclk' is different from the actual clock period '20.000', this can lead to different synthesis results.
WARNING: [Timing 38-316] Clock period '100.000' specified during out-of-context synthesis of instance 'i_ariane_peripherals/gen_spi.i_xlnx_axi_dwidth_converter_spi' at clock pin 's_axi_aclk' is different from the actual clock period '20.000', this can lead to different synthesis results.
INFO: [Synth 8-11241] undeclared symbol 'REGCCE', assumed default net type 'wire' [/tools/Xilinx/Vivado/2022.2/data/verilog/src/unimacro/BRAM_SINGLE_MACRO.v:2170]
---------------------------------------------------------------------------------
Finished Constraint Validation : Time (s): cpu = 00:00:58 ; elapsed = 00:00:46 . Memory (MB): peak = 3673.070 ; gain = 1875.238 ; free physical = 8478 ; free virtual = 16635
Synthesis current peak Physical Memory [PSS] (MB): peak = 2793.345; parent = 2588.817; children = 204.559
Synthesis current peak Virtual Memory [VSS] (MB): peak = 4621.582; parent = 3641.059; children = 980.523
---------------------------------------------------------------------------------
---------------------------------------------------------------------------------
Start Cross Boundary and Area Optimization
---------------------------------------------------------------------------------
WARNING: [Synth 8-7080] Parallel synthesis criteria is not met
WARNING: [Synth 8-7077] IncrSyn: subsequent runs will still be incremental as the reference run was parallel and that data is reused
---------------------------------------------------------------------------------
Finished Cross Boundary and Area Optimization : Time (s): cpu = 00:01:23 ; elapsed = 00:01:26 . Memory (MB): peak = 3893.379 ; gain = 2095.547 ; free physical = 3045 ; free virtual = 11456
Synthesis current peak Physical Memory [PSS] (MB): peak = 7268.857; parent = 2709.219; children = 5023.161
Synthesis current peak Virtual Memory [VSS] (MB): peak = 13478.520; parent = 3893.383; children = 9589.055
---------------------------------------------------------------------------------
---------------------------------------------------------------------------------
Start Stitch Unchanged AreaOpt Partitions
---------------------------------------------------------------------------------
---------------------------------------------------------------------------------
Finished Stitch Unchanged AreaOpt Partitions : Time (s): cpu = 00:01:25 ; elapsed = 00:01:28 . Memory (MB): peak = 3893.379 ; gain = 2095.547 ; free physical = 2972 ; free virtual = 11382
Synthesis current peak Physical Memory [PSS] (MB): peak = 7375.521; parent = 2709.219; children = 5023.161
Synthesis current peak Virtual Memory [VSS] (MB): peak = 13478.520; parent = 3893.383; children = 9589.055
---------------------------------------------------------------------------------
---------------------------------------------------------------------------------
Start Applying XDC Timing Constraints
---------------------------------------------------------------------------------
---------------------------------------------------------------------------------
Finished Applying XDC Timing Constraints : Time (s): cpu = 00:01:41 ; elapsed = 00:01:44 . Memory (MB): peak = 3893.379 ; gain = 2095.547 ; free physical = 2738 ; free virtual = 11355
Synthesis current peak Physical Memory [PSS] (MB): peak = 7559.990; parent = 2709.219; children = 5023.161
Synthesis current peak Virtual Memory [VSS] (MB): peak = 13478.520; parent = 3893.383; children = 9589.055
---------------------------------------------------------------------------------
---------------------------------------------------------------------------------
Start Timing Optimization
---------------------------------------------------------------------------------
---------------------------------------------------------------------------------
Finished Timing Optimization : Time (s): cpu = 00:01:43 ; elapsed = 00:01:46 . Memory (MB): peak = 3893.379 ; gain = 2095.547 ; free physical = 2967 ; free virtual = 11552
Synthesis current peak Physical Memory [PSS] (MB): peak = 7559.990; parent = 2709.219; children = 5023.161
Synthesis current peak Virtual Memory [VSS] (MB): peak = 13478.520; parent = 3893.383; children = 9589.055
---------------------------------------------------------------------------------
---------------------------------------------------------------------------------
Start Technology Mapping
---------------------------------------------------------------------------------
WARNING: [Synth 8-7080] Parallel synthesis criteria is not met
WARNING: [Synth 8-7077] IncrSyn: subsequent runs will still be incremental as the reference run was parallel and that data is reused
---------------------------------------------------------------------------------
Finished Technology Mapping : Time (s): cpu = 00:01:43 ; elapsed = 00:01:46 . Memory (MB): peak = 3893.379 ; gain = 2095.547 ; free physical = 2957 ; free virtual = 11542
Synthesis current peak Physical Memory [PSS] (MB): peak = 7559.990; parent = 2709.219; children = 5023.161
Synthesis current peak Virtual Memory [VSS] (MB): peak = 13478.520; parent = 3893.383; children = 9589.055
---------------------------------------------------------------------------------
---------------------------------------------------------------------------------
Start Stitch Unchanged Partitions
---------------------------------------------------------------------------------
---------------------------------------------------------------------------------
Finished Stitch Unchanged Partitions : Time (s): cpu = 00:01:45 ; elapsed = 00:01:48 . Memory (MB): peak = 3893.379 ; gain = 2095.547 ; free physical = 2750 ; free virtual = 11335
Synthesis current peak Physical Memory [PSS] (MB): peak = 7595.596; parent = 2709.219; children = 5023.161
Synthesis current peak Virtual Memory [VSS] (MB): peak = 13478.520; parent = 3893.383; children = 9589.055
---------------------------------------------------------------------------------
---------------------------------------------------------------------------------
Start IO Insertion
---------------------------------------------------------------------------------
---------------------------------------------------------------------------------
Start Final Netlist Cleanup
---------------------------------------------------------------------------------
INFO: [Synth 8-7052] The timing for the instance i_ariane/i_cva6/i_cache_subsystem/i_wt_dcache/i_wt_dcache_mem/gen_data_banks[0].i_data_sram/gen_cut[0].gen_mem.i_tc_sram_wrapper/i_ram/Mem_DP_reg (implemented as a Block RAM) might be sub-optimal as no optional output register could be merged into the ram block. Providing additional output register may help in improving timing.
INFO: [Synth 8-7052] The timing for the instance i_ariane/i_cva6/i_cache_subsystem/i_wt_dcache/i_wt_dcache_mem/gen_data_banks[0].i_data_sram/gen_cut[1].gen_mem.i_tc_sram_wrapper/i_ram/Mem_DP_reg (implemented as a Block RAM) might be sub-optimal as no optional output register could be merged into the ram block. Providing additional output register may help in improving timing.
INFO: [Synth 8-7052] The timing for the instance i_ariane/i_cva6/i_cache_subsystem/i_wt_dcache/i_wt_dcache_mem/gen_data_banks[0].i_data_sram/gen_cut[2].gen_mem.i_tc_sram_wrapper/i_ram/Mem_DP_reg (implemented as a Block RAM) might be sub-optimal as no optional output register could be merged into the ram block. Providing additional output register may help in improving timing.
INFO: [Synth 8-7052] The timing for the instance i_ariane/i_cva6/i_cache_subsystem/i_wt_dcache/i_wt_dcache_mem/gen_data_banks[0].i_data_sram/gen_cut[3].gen_mem.i_tc_sram_wrapper/i_ram/Mem_DP_reg (implemented as a Block RAM) might be sub-optimal as no optional output register could be merged into the ram block. Providing additional output register may help in improving timing.
INFO: [Synth 8-7052] The timing for the instance i_ariane/i_cva6/i_cache_subsystem/i_wt_dcache/i_wt_dcache_mem/gen_data_banks[0].i_data_sram/gen_cut[4].gen_mem.i_tc_sram_wrapper/i_ram/Mem_DP_reg (implemented as a Block RAM) might be sub-optimal as no optional output register could be merged into the ram block. Providing additional output register may help in improving timing.
INFO: [Synth 8-7052] The timing for the instance i_ariane/i_cva6/i_cache_subsystem/i_wt_dcache/i_wt_dcache_mem/gen_data_banks[0].i_data_sram/gen_cut[5].gen_mem.i_tc_sram_wrapper/i_ram/Mem_DP_reg (implemented as a Block RAM) might be sub-optimal as no optional output register could be merged into the ram block. Providing additional output register may help in improving timing.
INFO: [Synth 8-7052] The timing for the instance i_ariane/i_cva6/i_cache_subsystem/i_wt_dcache/i_wt_dcache_mem/gen_data_banks[0].i_data_sram/gen_cut[6].gen_mem.i_tc_sram_wrapper/i_ram/Mem_DP_reg (implemented as a Block RAM) might be sub-optimal as no optional output register could be merged into the ram block. Providing additional output register may help in improving timing.
INFO: [Synth 8-7052] The timing for the instance i_ariane/i_cva6/i_cache_subsystem/i_wt_dcache/i_wt_dcache_mem/gen_data_banks[0].i_data_sram/gen_cut[7].gen_mem.i_tc_sram_wrapper/i_ram/Mem_DP_reg (implemented as a Block RAM) might be sub-optimal as no optional output register could be merged into the ram block. Providing additional output register may help in improving timing.
INFO: [Synth 8-7052] The timing for the instance i_ariane/i_cva6/i_cache_subsystem/i_wt_dcache/i_wt_dcache_mem/gen_data_banks[1].i_data_sram/gen_cut[0].gen_mem.i_tc_sram_wrapper/i_ram/Mem_DP_reg (implemented as a Block RAM) might be sub-optimal as no optional output register could be merged into the ram block. Providing additional output register may help in improving timing.
INFO: [Synth 8-7052] The timing for the instance i_ariane/i_cva6/i_cache_subsystem/i_wt_dcache/i_wt_dcache_mem/gen_data_banks[1].i_data_sram/gen_cut[1].gen_mem.i_tc_sram_wrapper/i_ram/Mem_DP_reg (implemented as a Block RAM) might be sub-optimal as no optional output register could be merged into the ram block. Providing additional output register may help in improving timing.
INFO: [Synth 8-7052] The timing for the instance i_ariane/i_cva6/i_cache_subsystem/i_wt_dcache/i_wt_dcache_mem/gen_data_banks[1].i_data_sram/gen_cut[2].gen_mem.i_tc_sram_wrapper/i_ram/Mem_DP_reg (implemented as a Block RAM) might be sub-optimal as no optional output register could be merged into the ram block. Providing additional output register may help in improving timing.
INFO: [Synth 8-7052] The timing for the instance i_ariane/i_cva6/i_cache_subsystem/i_wt_dcache/i_wt_dcache_mem/gen_data_banks[1].i_data_sram/gen_cut[3].gen_mem.i_tc_sram_wrapper/i_ram/Mem_DP_reg (implemented as a Block RAM) might be sub-optimal as no optional output register could be merged into the ram block. Providing additional output register may help in improving timing.
INFO: [Synth 8-7052] The timing for the instance i_ariane/i_cva6/i_cache_subsystem/i_wt_dcache/i_wt_dcache_mem/gen_data_banks[1].i_data_sram/gen_cut[4].gen_mem.i_tc_sram_wrapper/i_ram/Mem_DP_reg (implemented as a Block RAM) might be sub-optimal as no optional output register could be merged into the ram block. Providing additional output register may help in improving timing.
INFO: [Synth 8-7052] The timing for the instance i_ariane/i_cva6/i_cache_subsystem/i_wt_dcache/i_wt_dcache_mem/gen_data_banks[1].i_data_sram/gen_cut[5].gen_mem.i_tc_sram_wrapper/i_ram/Mem_DP_reg (implemented as a Block RAM) might be sub-optimal as no optional output register could be merged into the ram block. Providing additional output register may help in improving timing.
INFO: [Synth 8-7052] The timing for the instance i_ariane/i_cva6/i_cache_subsystem/i_wt_dcache/i_wt_dcache_mem/gen_data_banks[1].i_data_sram/gen_cut[6].gen_mem.i_tc_sram_wrapper/i_ram/Mem_DP_reg (implemented as a Block RAM) might be sub-optimal as no optional output register could be merged into the ram block. Providing additional output register may help in improving timing.
INFO: [Synth 8-7052] The timing for the instance i_ariane/i_cva6/i_cache_subsystem/i_wt_dcache/i_wt_dcache_mem/gen_data_banks[1].i_data_sram/gen_cut[7].gen_mem.i_tc_sram_wrapper/i_ram/Mem_DP_reg (implemented as a Block RAM) might be sub-optimal as no optional output register could be merged into the ram block. Providing additional output register may help in improving timing.
INFO: [Synth 8-7052] The timing for the instance i_ariane/i_cva6/i_cache_subsystem/i_wt_dcache/i_wt_dcache_mem/gen_tag_srams[0].i_tag_sram/gen_cut[0].gen_mem.i_tc_sram_wrapper/i_ram/Mem_DP_reg (implemented as a Block RAM) might be sub-optimal as no optional output register could be merged into the ram block. Providing additional output register may help in improving timing.
INFO: [Synth 8-7052] The timing for the instance i_ariane/i_cva6/i_cache_subsystem/i_wt_dcache/i_wt_dcache_mem/gen_tag_srams[1].i_tag_sram/gen_cut[0].gen_mem.i_tc_sram_wrapper/i_ram/Mem_DP_reg (implemented as a Block RAM) might be sub-optimal as no optional output register could be merged into the ram block. Providing additional output register may help in improving timing.
INFO: [Synth 8-7052] The timing for the instance i_ariane/i_cva6/i_cache_subsystem/i_wt_dcache/i_wt_dcache_mem/gen_tag_srams[2].i_tag_sram/gen_cut[0].gen_mem.i_tc_sram_wrapper/i_ram/Mem_DP_reg (implemented as a Block RAM) might be sub-optimal as no optional output register could be merged into the ram block. Providing additional output register may help in improving timing.
INFO: [Synth 8-7052] The timing for the instance i_ariane/i_cva6/i_cache_subsystem/i_wt_dcache/i_wt_dcache_mem/gen_tag_srams[3].i_tag_sram/gen_cut[0].gen_mem.i_tc_sram_wrapper/i_ram/Mem_DP_reg (implemented as a Block RAM) might be sub-optimal as no optional output register could be merged into the ram block. Providing additional output register may help in improving timing.
INFO: [Synth 8-7052] The timing for the instance i_ariane/i_cva6/i_cache_subsystem/i_wt_dcache/i_wt_dcache_mem/gen_tag_srams[4].i_tag_sram/gen_cut[0].gen_mem.i_tc_sram_wrapper/i_ram/Mem_DP_reg (implemented as a Block RAM) might be sub-optimal as no optional output register could be merged into the ram block. Providing additional output register may help in improving timing.
INFO: [Synth 8-7052] The timing for the instance i_ariane/i_cva6/i_cache_subsystem/i_wt_dcache/i_wt_dcache_mem/gen_tag_srams[5].i_tag_sram/gen_cut[0].gen_mem.i_tc_sram_wrapper/i_ram/Mem_DP_reg (implemented as a Block RAM) might be sub-optimal as no optional output register could be merged into the ram block. Providing additional output register may help in improving timing.
INFO: [Synth 8-7052] The timing for the instance i_ariane/i_cva6/i_cache_subsystem/i_wt_dcache/i_wt_dcache_mem/gen_tag_srams[6].i_tag_sram/gen_cut[0].gen_mem.i_tc_sram_wrapper/i_ram/Mem_DP_reg (implemented as a Block RAM) might be sub-optimal as no optional output register could be merged into the ram block. Providing additional output register may help in improving timing.
INFO: [Synth 8-7052] The timing for the instance i_ariane/i_cva6/i_cache_subsystem/i_wt_dcache/i_wt_dcache_mem/gen_tag_srams[7].i_tag_sram/gen_cut[0].gen_mem.i_tc_sram_wrapper/i_ram/Mem_DP_reg (implemented as a Block RAM) might be sub-optimal as no optional output register could be merged into the ram block. Providing additional output register may help in improving timing.
INFO: [Synth 8-7052] The timing for the instance i_ariane/i_cva6/i_cache_subsystem/i_cva6_icache/gen_sram[0].tag_sram/gen_cut[0].gen_mem.i_tc_sram_wrapper/i_ram/Mem_DP_reg (implemented as a Block RAM) might be sub-optimal as no optional output register could be merged into the ram block. Providing additional output register may help in improving timing.
INFO: [Synth 8-7052] The timing for the instance i_ariane/i_cva6/i_cache_subsystem/i_cva6_icache/gen_sram[0].data_sram/gen_cut[0].gen_mem.i_tc_sram_wrapper/i_ram/Mem_DP_reg (implemented as a Block RAM) might be sub-optimal as no optional output register could be merged into the ram block. Providing additional output register may help in improving timing.
INFO: [Synth 8-7052] The timing for the instance i_ariane/i_cva6/i_cache_subsystem/i_cva6_icache/gen_sram[0].data_sram/gen_cut[1].gen_mem.i_tc_sram_wrapper/i_ram/Mem_DP_reg (implemented as a Block RAM) might be sub-optimal as no optional output register could be merged into the ram block. Providing additional output register may help in improving timing.
INFO: [Synth 8-7052] The timing for the instance i_ariane/i_cva6/i_cache_subsystem/i_cva6_icache/gen_sram[1].tag_sram/gen_cut[0].gen_mem.i_tc_sram_wrapper/i_ram/Mem_DP_reg (implemented as a Block RAM) might be sub-optimal as no optional output register could be merged into the ram block. Providing additional output register may help in improving timing.
INFO: [Synth 8-7052] The timing for the instance i_ariane/i_cva6/i_cache_subsystem/i_cva6_icache/gen_sram[1].data_sram/gen_cut[0].gen_mem.i_tc_sram_wrapper/i_ram/Mem_DP_reg (implemented as a Block RAM) might be sub-optimal as no optional output register could be merged into the ram block. Providing additional output register may help in improving timing.
INFO: [Synth 8-7052] The timing for the instance i_ariane/i_cva6/i_cache_subsystem/i_cva6_icache/gen_sram[1].data_sram/gen_cut[1].gen_mem.i_tc_sram_wrapper/i_ram/Mem_DP_reg (implemented as a Block RAM) might be sub-optimal as no optional output register could be merged into the ram block. Providing additional output register may help in improving timing.
INFO: [Synth 8-7052] The timing for the instance i_ariane/i_cva6/i_cache_subsystem/i_cva6_icache/gen_sram[2].tag_sram/gen_cut[0].gen_mem.i_tc_sram_wrapper/i_ram/Mem_DP_reg (implemented as a Block RAM) might be sub-optimal as no optional output register could be merged into the ram block. Providing additional output register may help in improving timing.
INFO: [Synth 8-7052] The timing for the instance i_ariane/i_cva6/i_cache_subsystem/i_cva6_icache/gen_sram[2].data_sram/gen_cut[0].gen_mem.i_tc_sram_wrapper/i_ram/Mem_DP_reg (implemented as a Block RAM) might be sub-optimal as no optional output register could be merged into the ram block. Providing additional output register may help in improving timing.
INFO: [Synth 8-7052] The timing for the instance i_ariane/i_cva6/i_cache_subsystem/i_cva6_icache/gen_sram[2].data_sram/gen_cut[1].gen_mem.i_tc_sram_wrapper/i_ram/Mem_DP_reg (implemented as a Block RAM) might be sub-optimal as no optional output register could be merged into the ram block. Providing additional output register may help in improving timing.
INFO: [Synth 8-7052] The timing for the instance i_ariane/i_cva6/i_cache_subsystem/i_cva6_icache/gen_sram[3].tag_sram/gen_cut[0].gen_mem.i_tc_sram_wrapper/i_ram/Mem_DP_reg (implemented as a Block RAM) might be sub-optimal as no optional output register could be merged into the ram block. Providing additional output register may help in improving timing.
INFO: [Synth 8-7052] The timing for the instance i_ariane/i_cva6/i_cache_subsystem/i_cva6_icache/gen_sram[3].data_sram/gen_cut[0].gen_mem.i_tc_sram_wrapper/i_ram/Mem_DP_reg (implemented as a Block RAM) might be sub-optimal as no optional output register could be merged into the ram block. Providing additional output register may help in improving timing.
INFO: [Synth 8-7052] The timing for the instance i_ariane/i_cva6/i_cache_subsystem/i_cva6_icache/gen_sram[3].data_sram/gen_cut[1].gen_mem.i_tc_sram_wrapper/i_ram/Mem_DP_reg (implemented as a Block RAM) might be sub-optimal as no optional output register could be merged into the ram block. Providing additional output register may help in improving timing.
INFO: [Synth 8-7052] The timing for the instance i_bootrom/addr_q_reg_rep_0 (implemented as a Block RAM) might be sub-optimal as no optional output register could be merged into the ram block. Providing additional output register may help in improving timing.
INFO: [Synth 8-7052] The timing for the instance i_bootrom/addr_q_reg_rep_1 (implemented as a Block RAM) might be sub-optimal as no optional output register could be merged into the ram block. Providing additional output register may help in improving timing.
INFO: [Synth 8-4649] Removing BlackBox instance i_unread of module unread having unconnected or no output ports
INFO: [Synth 8-4649] Removing BlackBox instance i_unread of module unread__6 having unconnected or no output ports
INFO: [Synth 8-4649] Removing BlackBox instance i_unread_address_fifo of module unread__1 having unconnected or no output ports
INFO: [Synth 8-4649] Removing BlackBox instance i_unread_branch_mask of module unread__2 having unconnected or no output ports
INFO: [Synth 8-4649] Removing BlackBox instance i_unread_lzc of module unread__3 having unconnected or no output ports
INFO: [Synth 8-4649] Removing BlackBox instance i_unread_fifo_pos of module unread__4 having unconnected or no output ports
INFO: [Synth 8-4649] Removing BlackBox instance i_unread_instr_fifo of module unread__5 having unconnected or no output ports
---------------------------------------------------------------------------------
Finished Final Netlist Cleanup
---------------------------------------------------------------------------------
---------------------------------------------------------------------------------
Finished IO Insertion : Time (s): cpu = 00:01:54 ; elapsed = 00:02:01 . Memory (MB): peak = 3893.379 ; gain = 2095.547 ; free physical = 2723 ; free virtual = 11499
Synthesis current peak Physical Memory [PSS] (MB): peak = 7595.596; parent = 2709.219; children = 5023.161
Synthesis current peak Virtual Memory [VSS] (MB): peak = 13478.520; parent = 3893.383; children = 9589.055
---------------------------------------------------------------------------------
---------------------------------------------------------------------------------
Start Renaming Generated Instances
---------------------------------------------------------------------------------
---------------------------------------------------------------------------------
Finished Renaming Generated Instances : Time (s): cpu = 00:01:55 ; elapsed = 00:02:02 . Memory (MB): peak = 3893.379 ; gain = 2095.547 ; free physical = 2726 ; free virtual = 11503
Synthesis current peak Physical Memory [PSS] (MB): peak = 7595.596; parent = 2709.219; children = 5023.161
Synthesis current peak Virtual Memory [VSS] (MB): peak = 13478.520; parent = 3893.383; children = 9589.055
---------------------------------------------------------------------------------
---------------------------------------------------------------------------------
Start Handling Custom Attributes
---------------------------------------------------------------------------------
---------------------------------------------------------------------------------
Finished Handling Custom Attributes : Time (s): cpu = 00:01:59 ; elapsed = 00:02:06 . Memory (MB): peak = 3893.379 ; gain = 2095.547 ; free physical = 2734 ; free virtual = 11510
Synthesis current peak Physical Memory [PSS] (MB): peak = 7595.596; parent = 2709.219; children = 5023.161
Synthesis current peak Virtual Memory [VSS] (MB): peak = 13478.520; parent = 3893.383; children = 9589.055
---------------------------------------------------------------------------------
---------------------------------------------------------------------------------
Start ROM, RAM, DSP, Shift Register and Retiming Reporting
---------------------------------------------------------------------------------

Static Shift Register Report:
+-----------------+---------------------+--------+-------+--------------+--------------------+-------------------+--------+---------+
|Module Name      | RTL Name            | Length | Width | Reset Signal | Pull out first Reg | Pull out last Reg | SRL16E | SRLC32E | 
+-----------------+---------------------+--------+-------+--------------+--------------------+-------------------+--------+---------+
|axis_gmii_rx     | gmii_rx_er_d4_reg   | 4      | 1     | NO           | NO                 | YES               | 1      | 0       | 
|axis_gmii_rx     | gmii_rxd_d4_reg[7]  | 4      | 8     | NO           | NO                 | YES               | 8      | 0       | 
|eth_mac_1g_rgmii | rx_mii_select_3_reg | 3      | 1     | NO           | NO                 | YES               | 1      | 0       | 
|eth_mac_1g_rgmii | tx_mii_select_3_reg | 3      | 1     | NO           | NO                 | YES               | 1      | 0       | 
+-----------------+---------------------+--------+-------+--------------+--------------------+-------------------+--------+---------+

---------------------------------------------------------------------------------
Finished ROM, RAM, DSP, Shift Register and Retiming Reporting
---------------------------------------------------------------------------------
---------------------------------------------------------------------------------
Start Writing Synthesis Report
---------------------------------------------------------------------------------

DSP Final Report (the ' indicates corresponding REG is set)
+------------+-----------------+--------+--------+--------+--------+--------+------+------+------+------+-------+------+------+
|Module Name | DSP Mapping     | A Size | B Size | C Size | D Size | P Size | AREG | BREG | CREG | DREG | ADREG | MREG | PREG | 
+------------+-----------------+--------+--------+--------+--------+--------+------+------+------+------+-------+------+------+
|fpnew_fma   | A*B             | 24     | 17     | -      | -      | 48     | 0    | 0    | -    | -    | -     | 0    | 0    | 
|fpnew_fma   | PCIN>>17+A*B    | 0      | 7      | -      | -      | 31     | 0    | 0    | -    | -    | -     | 0    | 0    | 
|fpnew_fma   | A*B             | 19     | 17     | -      | -      | 48     | 0    | 0    | -    | -    | -     | 0    | 0    | 
|fpnew_fma   | PCIN+A*B        | 19     | 17     | -      | -      | 48     | 0    | 0    | -    | -    | -     | 0    | 0    | 
|fpnew_fma   | PCIN>>17+A*B    | 19     | 17     | -      | -      | 48     | 0    | 0    | -    | -    | -     | 0    | 0    | 
|fpnew_fma   | A*B             | 19     | 17     | -      | -      | 48     | 0    | 0    | -    | -    | -     | 0    | 0    | 
|fpnew_fma   | PCIN+A*B        | 17     | 17     | -      | -      | 48     | 0    | 0    | -    | -    | -     | 0    | 0    | 
|fpnew_fma   | PCIN+A*B        | 19     | 17     | -      | -      | 48     | 0    | 0    | -    | -    | -     | 0    | 0    | 
|fpnew_fma   | A*B             | 17     | 17     | -      | -      | 48     | 0    | 0    | -    | -    | -     | 0    | 0    | 
|fpnew_fma   | PCIN>>17+A*B    | 17     | 17     | -      | -      | 48     | 0    | 0    | -    | -    | -     | 0    | 0    | 
|fpnew_fma   | PCIN+A*B        | 17     | 17     | -      | -      | 48     | 0    | 0    | -    | -    | -     | 0    | 0    | 
|multiplier  | A*B             | 17     | 18     | -      | -      | 48     | 0    | 0    | -    | -    | -     | 0    | 0    | 
|multiplier  | PCIN>>17+A*B    | 17     | 18     | -      | -      | 48     | 0    | 0    | -    | -    | -     | 0    | 0    | 
|multiplier  | PCIN+A*B        | 17     | 18     | -      | -      | 48     | 0    | 0    | -    | -    | -     | 0    | 0    | 
|multiplier  | (PCIN>>17+A*B)' | 30     | 18     | -      | -      | 48     | 0    | 0    | -    | -    | -     | 0    | 1    | 
|multiplier  | A*B             | 17     | 17     | -      | -      | 48     | 0    | 0    | -    | -    | -     | 0    | 0    | 
|multiplier  | PCIN+A*B        | 17     | 18     | -      | -      | 48     | 0    | 0    | -    | -    | -     | 0    | 0    | 
|multiplier  | PCIN>>17+A*B    | 17     | 18     | -      | -      | 48     | 0    | 0    | -    | -    | -     | 0    | 0    | 
|multiplier  | (PCIN+A*B)'     | 17     | 17     | -      | -      | 48     | 0    | 0    | -    | -    | -     | 0    | 1    | 
|multiplier  | A*B             | 17     | 17     | -      | -      | 48     | 0    | 0    | -    | -    | -     | 0    | 0    | 
|multiplier  | PCIN+A*B        | 17     | 17     | -      | -      | 48     | 0    | 0    | -    | -    | -     | 0    | 0    | 
|multiplier  | PCIN>>17+A*B    | 17     | 18     | -      | -      | 48     | 0    | 0    | -    | -    | -     | 0    | 0    | 
|multiplier  | (PCIN+A*B)'     | 17     | 17     | -      | -      | 48     | 0    | 0    | -    | -    | -     | 0    | 1    | 
|multiplier  | A*B             | 17     | 17     | -      | -      | 48     | 0    | 0    | -    | -    | -     | 0    | 0    | 
|multiplier  | PCIN>>17+A*B    | 17     | 17     | -      | -      | 48     | 0    | 0    | -    | -    | -     | 0    | 0    | 
|multiplier  | PCIN+A*B        | 17     | 17     | -      | -      | 48     | 0    | 0    | -    | -    | -     | 0    | 0    | 
|multiplier  | (PCIN>>17+A*B)' | 17     | 17     | -      | -      | 48     | 0    | 0    | -    | -    | -     | 0    | 1    | 
+------------+-----------------+--------+--------+--------+--------+--------+------+------+------+------+-------+------+------+


Report BlackBoxes: 
+------+--------------------------+----------+
|      |BlackBox name             |Instances |
+------+--------------------------+----------+
|1     |xlnx_axi_gpio             |         1|
|2     |xlnx_axi_dwidth_converter |         2|
|3     |xlnx_axi_quad_spi         |         1|
|4     |xlnx_axi_hwicap           |         1|
|5     |xlnx_axi_clock_converter  |         1|
|6     |xlnx_mig_7_ddr3           |         1|
|7     |xlnx_clk_gen              |         1|
+------+--------------------------+----------+

Report Cell Usage: 
+------+--------------------------+------+
|      |Cell                      |Count |
+------+--------------------------+------+
|1     |xlnx_axi_clock_converter  |     1|
|2     |xlnx_axi_dwidth_converter |     2|
|4     |xlnx_axi_gpio             |     1|
|5     |xlnx_axi_hwicap           |     1|
|6     |xlnx_axi_quad_spi         |     1|
|7     |xlnx_clk_gen              |     1|
|8     |xlnx_mig_7_ddr3           |     1|
|9     |BUFG                      |     1|
|10    |BUFIO                     |     1|
|11    |BUFR                      |     1|
|12    |CARRY4                    |  4725|
|13    |DSP48E1                   |    27|
|14    |IDDR                      |     5|
|15    |IDELAYCTRL                |     1|
|16    |IDELAYE2                  |     5|
|17    |LUT1                      |  2874|
|18    |LUT2                      | 17104|
|19    |LUT3                      | 21104|
|20    |LUT4                      | 13432|
|21    |LUT5                      | 14365|
|22    |LUT6                      | 35197|
|23    |MUXF7                     |  3910|
|24    |MUXF8                     |   387|
|25    |ODDR                      |     6|
|26    |RAM32M                    |     2|
|27    |RAMB16_S9_S36             |    10|
|28    |RAMB36E1                  |    38|
|29    |SRL16E                    |    11|
|30    |FDCE                      | 48650|
|31    |FDPE                      |    74|
|32    |FDRE                      |  1201|
|33    |FDSE                      |   141|
|34    |IBUF                      |    26|
|35    |IOBUF                     |     1|
|36    |OBUF                      |    22|
+------+--------------------------+------+
---------------------------------------------------------------------------------
Finished Writing Synthesis Report : Time (s): cpu = 00:01:59 ; elapsed = 00:02:06 . Memory (MB): peak = 3893.379 ; gain = 2095.547 ; free physical = 2734 ; free virtual = 11511
Synthesis current peak Physical Memory [PSS] (MB): peak = 7595.596; parent = 2709.219; children = 5023.161
Synthesis current peak Virtual Memory [VSS] (MB): peak = 13478.520; parent = 3893.383; children = 9589.055
---------------------------------------------------------------------------------
Synthesis finished with 0 errors, 0 critical warnings and 714 warnings.
Synthesis Optimization Runtime : Time (s): cpu = 00:01:20 ; elapsed = 00:01:54 . Memory (MB): peak = 3893.379 ; gain = 1568.289 ; free physical = 7508 ; free virtual = 16284
Synthesis Optimization Complete : Time (s): cpu = 00:02:00 ; elapsed = 00:02:14 . Memory (MB): peak = 3893.379 ; gain = 2095.547 ; free physical = 7508 ; free virtual = 16284
INFO: [Project 1-571] Translating synthesized netlist
Netlist sorting complete. Time (s): cpu = 00:00:00.93 ; elapsed = 00:00:00.93 . Memory (MB): peak = 3893.379 ; gain = 0.000 ; free physical = 7427 ; free virtual = 16203
INFO: [Netlist 29-17] Analyzing 9117 Unisim elements for replacement
INFO: [Netlist 29-28] Unisim Transformation completed in 0 CPU seconds
INFO: [Project 1-570] Preparing netlist for logic optimization
INFO: [Opt 31-138] Pushed 1 inverter(s) to 2 load pin(s).
Netlist sorting complete. Time (s): cpu = 00:00:00.01 ; elapsed = 00:00:00.01 . Memory (MB): peak = 3921.477 ; gain = 0.000 ; free physical = 7352 ; free virtual = 16128
INFO: [Project 1-111] Unisim Transformation Summary:
  A total of 13 instances were transformed.
  IOBUF => IOBUF (IBUF, OBUFT): 1 instance 
  RAM32M => RAM32M (RAMD32(x6), RAMS32(x2)): 2 instances
  RAMB16_S9_S36 => RAMB36E1: 8 instances
  RAMB16_S9_S36 => RAMB36E1 (inverted pins: CLKARDCLK): 2 instances

Synth Design complete, checksum: e4816e16
INFO: [Common 17-83] Releasing license: Synthesis
473 Infos, 508 Warnings, 9 Critical Warnings and 0 Errors encountered.
synth_design completed successfully
synth_design: Time (s): cpu = 00:02:17 ; elapsed = 00:02:30 . Memory (MB): peak = 3921.477 ; gain = 2502.414 ; free physical = 7672 ; free virtual = 16448
INFO: [runtcl-6] Synthesis results are not added to the cache due to CRITICAL_WARNING
INFO: [Common 17-1381] The checkpoint '/home/jc/tmp/riscv-iommu-demo/cva6/corev_apu/fpga/ariane.runs/synth_1/ariane_xilinx.dcp' has been generated.
write_checkpoint: Time (s): cpu = 00:00:16 ; elapsed = 00:00:13 . Memory (MB): peak = 3993.512 ; gain = 72.035 ; free physical = 7549 ; free virtual = 16448
INFO: [runtcl-4] Executing : report_utilization -file ariane_xilinx_utilization_synth.rpt -pb ariane_xilinx_utilization_synth.pb
INFO: [Common 17-206] Exiting Vivado at Fri Apr 10 00:07:33 2026...
[Fri Apr 10 00:07:41 2026] synth_1 finished
wait_on_runs: Time (s): cpu = 00:02:40 ; elapsed = 00:03:00 . Memory (MB): peak = 1512.727 ; gain = 0.000 ; free physical = 10978 ; free virtual = 18651
Design is defaulting to impl run constrset: constrs_1
Design is defaulting to synth run part: xc7k325tffg900-2
INFO: [Device 21-403] Loading part xc7k325tffg900-2
INFO: [Project 1-454] Reading design checkpoint '/home/jc/tmp/riscv-iommu-demo/cva6/corev_apu/fpga/xilinx/xlnx_mig_7_ddr3/xlnx_mig_7_ddr3.gen/sources_1/ip/xlnx_mig_7_ddr3/xlnx_mig_7_ddr3.dcp' for cell 'i_ddr'
INFO: [Project 1-454] Reading design checkpoint '/home/jc/tmp/riscv-iommu-demo/cva6/corev_apu/fpga/xilinx/xlnx_axi_clock_converter/xlnx_axi_clock_converter.gen/sources_1/ip/xlnx_axi_clock_converter/xlnx_axi_clock_converter.dcp' for cell 'i_xlnx_axi_clock_converter_ddr'
INFO: [Project 1-454] Reading design checkpoint '/home/jc/tmp/riscv-iommu-demo/cva6/corev_apu/fpga/xilinx/xlnx_clk_gen/xlnx_clk_gen.gen/sources_1/ip/xlnx_clk_gen/xlnx_clk_gen.dcp' for cell 'i_xlnx_clk_gen'
INFO: [Project 1-454] Reading design checkpoint '/home/jc/tmp/riscv-iommu-demo/cva6/corev_apu/fpga/xilinx/xlnx_axi_dwidth_converter/xlnx_axi_dwidth_converter.gen/sources_1/ip/xlnx_axi_dwidth_converter/xlnx_axi_dwidth_converter.dcp' for cell 'i_ariane_peripherals/gen_gpio.i_xlnx_axi_dwidth_converter_gpio'
INFO: [Project 1-454] Reading design checkpoint '/home/jc/tmp/riscv-iommu-demo/cva6/corev_apu/fpga/xilinx/xlnx_axi_gpio/xlnx_axi_gpio.gen/sources_1/ip/xlnx_axi_gpio/xlnx_axi_gpio.dcp' for cell 'i_ariane_peripherals/gen_gpio.i_xlnx_axi_gpio'
INFO: [Project 1-454] Reading design checkpoint '/home/jc/tmp/riscv-iommu-demo/cva6/corev_apu/fpga/xilinx/xlnx_axi_hwicap/xlnx_axi_hwicap.gen/sources_1/ip/xlnx_axi_hwicap/xlnx_axi_hwicap.dcp' for cell 'i_ariane_peripherals/gen_hwicap.i_hwicap'
INFO: [Project 1-454] Reading design checkpoint '/home/jc/tmp/riscv-iommu-demo/cva6/corev_apu/fpga/xilinx/xlnx_axi_quad_spi/xlnx_axi_quad_spi.gen/sources_1/ip/xlnx_axi_quad_spi/xlnx_axi_quad_spi.dcp' for cell 'i_ariane_peripherals/gen_spi.i_xlnx_axi_quad_spi'
Netlist sorting complete. Time (s): cpu = 00:00:00.7 ; elapsed = 00:00:00.72 . Memory (MB): peak = 2077.594 ; gain = 0.000 ; free physical = 10384 ; free virtual = 18058
INFO: [Netlist 29-17] Analyzing 9986 Unisim elements for replacement
INFO: [Netlist 29-28] Unisim Transformation completed in 0 CPU seconds
INFO: [Project 1-479] Netlist was created with Vivado 2022.2
INFO: [Project 1-570] Preparing netlist for logic optimization
WARNING: [Opt 31-32] Removing redundant IBUF since it is not being driven by a top-level port. i_xlnx_clk_gen/inst/clkin1_ibufg 
Resolution: The tool has removed redundant IBUF. To resolve this warning, check for redundant IBUF in the input design.
WARNING: [Constraints 18-550] Could not create 'IBUF_LOW_PWR' constraint because net 'i_xlnx_clk_gen/clk_in1' is not directly connected to top level port. Synthesis is ignored for IBUF_LOW_PWR but preserved for implementation.
Parsing XDC File [/home/jc/tmp/riscv-iommu-demo/cva6/corev_apu/fpga/xilinx/xlnx_mig_7_ddr3/xlnx_mig_7_ddr3.gen/sources_1/ip/xlnx_mig_7_ddr3/xlnx_mig_7_ddr3/user_design/constraints/xlnx_mig_7_ddr3.xdc] for cell 'i_ddr'
Finished Parsing XDC File [/home/jc/tmp/riscv-iommu-demo/cva6/corev_apu/fpga/xilinx/xlnx_mig_7_ddr3/xlnx_mig_7_ddr3.gen/sources_1/ip/xlnx_mig_7_ddr3/xlnx_mig_7_ddr3/user_design/constraints/xlnx_mig_7_ddr3.xdc] for cell 'i_ddr'
Parsing XDC File [/home/jc/tmp/riscv-iommu-demo/cva6/corev_apu/fpga/xilinx/xlnx_clk_gen/xlnx_clk_gen.gen/sources_1/ip/xlnx_clk_gen/xlnx_clk_gen_board.xdc] for cell 'i_xlnx_clk_gen/inst'
Finished Parsing XDC File [/home/jc/tmp/riscv-iommu-demo/cva6/corev_apu/fpga/xilinx/xlnx_clk_gen/xlnx_clk_gen.gen/sources_1/ip/xlnx_clk_gen/xlnx_clk_gen_board.xdc] for cell 'i_xlnx_clk_gen/inst'
Parsing XDC File [/home/jc/tmp/riscv-iommu-demo/cva6/corev_apu/fpga/xilinx/xlnx_clk_gen/xlnx_clk_gen.gen/sources_1/ip/xlnx_clk_gen/xlnx_clk_gen.xdc] for cell 'i_xlnx_clk_gen/inst'
INFO: [Timing 38-35] Done setting XDC timing constraints. [/home/jc/tmp/riscv-iommu-demo/cva6/corev_apu/fpga/xilinx/xlnx_clk_gen/xlnx_clk_gen.gen/sources_1/ip/xlnx_clk_gen/xlnx_clk_gen.xdc:57]
INFO: [Timing 38-2] Deriving generated clocks [/home/jc/tmp/riscv-iommu-demo/cva6/corev_apu/fpga/xilinx/xlnx_clk_gen/xlnx_clk_gen.gen/sources_1/ip/xlnx_clk_gen/xlnx_clk_gen.xdc:57]
get_clocks: Time (s): cpu = 00:00:11 ; elapsed = 00:00:07 . Memory (MB): peak = 3106.215 ; gain = 718.359 ; free physical = 9494 ; free virtual = 17168
Finished Parsing XDC File [/home/jc/tmp/riscv-iommu-demo/cva6/corev_apu/fpga/xilinx/xlnx_clk_gen/xlnx_clk_gen.gen/sources_1/ip/xlnx_clk_gen/xlnx_clk_gen.xdc] for cell 'i_xlnx_clk_gen/inst'
Parsing XDC File [/home/jc/tmp/riscv-iommu-demo/cva6/corev_apu/fpga/xilinx/xlnx_axi_hwicap/xlnx_axi_hwicap.gen/sources_1/ip/xlnx_axi_hwicap/xlnx_axi_hwicap.xdc] for cell 'i_ariane_peripherals/gen_hwicap.i_hwicap/U0'
Finished Parsing XDC File [/home/jc/tmp/riscv-iommu-demo/cva6/corev_apu/fpga/xilinx/xlnx_axi_hwicap/xlnx_axi_hwicap.gen/sources_1/ip/xlnx_axi_hwicap/xlnx_axi_hwicap.xdc] for cell 'i_ariane_peripherals/gen_hwicap.i_hwicap/U0'
Parsing XDC File [/home/jc/tmp/riscv-iommu-demo/cva6/corev_apu/fpga/xilinx/xlnx_axi_gpio/xlnx_axi_gpio.gen/sources_1/ip/xlnx_axi_gpio/xlnx_axi_gpio_board.xdc] for cell 'i_ariane_peripherals/gen_gpio.i_xlnx_axi_gpio/U0'
Finished Parsing XDC File [/home/jc/tmp/riscv-iommu-demo/cva6/corev_apu/fpga/xilinx/xlnx_axi_gpio/xlnx_axi_gpio.gen/sources_1/ip/xlnx_axi_gpio/xlnx_axi_gpio_board.xdc] for cell 'i_ariane_peripherals/gen_gpio.i_xlnx_axi_gpio/U0'
Parsing XDC File [/home/jc/tmp/riscv-iommu-demo/cva6/corev_apu/fpga/xilinx/xlnx_axi_gpio/xlnx_axi_gpio.gen/sources_1/ip/xlnx_axi_gpio/xlnx_axi_gpio.xdc] for cell 'i_ariane_peripherals/gen_gpio.i_xlnx_axi_gpio/U0'
Finished Parsing XDC File [/home/jc/tmp/riscv-iommu-demo/cva6/corev_apu/fpga/xilinx/xlnx_axi_gpio/xlnx_axi_gpio.gen/sources_1/ip/xlnx_axi_gpio/xlnx_axi_gpio.xdc] for cell 'i_ariane_peripherals/gen_gpio.i_xlnx_axi_gpio/U0'
Parsing XDC File [/home/jc/tmp/riscv-iommu-demo/cva6/corev_apu/fpga/xilinx/xlnx_axi_quad_spi/xlnx_axi_quad_spi.gen/sources_1/ip/xlnx_axi_quad_spi/xlnx_axi_quad_spi_board.xdc] for cell 'i_ariane_peripherals/gen_spi.i_xlnx_axi_quad_spi/U0'
Finished Parsing XDC File [/home/jc/tmp/riscv-iommu-demo/cva6/corev_apu/fpga/xilinx/xlnx_axi_quad_spi/xlnx_axi_quad_spi.gen/sources_1/ip/xlnx_axi_quad_spi/xlnx_axi_quad_spi_board.xdc] for cell 'i_ariane_peripherals/gen_spi.i_xlnx_axi_quad_spi/U0'
Parsing XDC File [/home/jc/tmp/riscv-iommu-demo/cva6/corev_apu/fpga/xilinx/xlnx_axi_quad_spi/xlnx_axi_quad_spi.gen/sources_1/ip/xlnx_axi_quad_spi/xlnx_axi_quad_spi.xdc] for cell 'i_ariane_peripherals/gen_spi.i_xlnx_axi_quad_spi/U0'
Finished Parsing XDC File [/home/jc/tmp/riscv-iommu-demo/cva6/corev_apu/fpga/xilinx/xlnx_axi_quad_spi/xlnx_axi_quad_spi.gen/sources_1/ip/xlnx_axi_quad_spi/xlnx_axi_quad_spi.xdc] for cell 'i_ariane_peripherals/gen_spi.i_xlnx_axi_quad_spi/U0'
Parsing XDC File [/home/jc/tmp/riscv-iommu-demo/cva6/corev_apu/fpga/constraints/genesys-2.xdc]
Finished Parsing XDC File [/home/jc/tmp/riscv-iommu-demo/cva6/corev_apu/fpga/constraints/genesys-2.xdc]
Parsing XDC File [/home/jc/tmp/riscv-iommu-demo/cva6/corev_apu/fpga/constraints/ariane.xdc]
Finished Parsing XDC File [/home/jc/tmp/riscv-iommu-demo/cva6/corev_apu/fpga/constraints/ariane.xdc]
CRITICAL WARNING: [Designutils 20-1280] Could not find module 'xlnx_axi_dwidth_converter_dm_master'. The XDC file /home/jc/tmp/riscv-iommu-demo/cva6/corev_apu/fpga/xilinx/xlnx_axi_dwidth_converter_dm_master/xlnx_axi_dwidth_converter_dm_master.gen/sources_1/ip/xlnx_axi_dwidth_converter_dm_master/xlnx_axi_dwidth_converter_dm_master_clocks.xdc will not be read for any cell of this module.
CRITICAL WARNING: [Designutils 20-1280] Could not find module 'xlnx_axi_dwidth_converter_dm_slave'. The XDC file /home/jc/tmp/riscv-iommu-demo/cva6/corev_apu/fpga/xilinx/xlnx_axi_dwidth_converter_dm_slave/xlnx_axi_dwidth_converter_dm_slave.gen/sources_1/ip/xlnx_axi_dwidth_converter_dm_slave/xlnx_axi_dwidth_converter_dm_slave_clocks.xdc will not be read for any cell of this module.
Parsing XDC File [/home/jc/tmp/riscv-iommu-demo/cva6/corev_apu/fpga/xilinx/xlnx_axi_clock_converter/xlnx_axi_clock_converter.gen/sources_1/ip/xlnx_axi_clock_converter/xlnx_axi_clock_converter_clocks.xdc] for cell 'i_xlnx_axi_clock_converter_ddr/inst'
Finished Parsing XDC File [/home/jc/tmp/riscv-iommu-demo/cva6/corev_apu/fpga/xilinx/xlnx_axi_clock_converter/xlnx_axi_clock_converter.gen/sources_1/ip/xlnx_axi_clock_converter/xlnx_axi_clock_converter_clocks.xdc] for cell 'i_xlnx_axi_clock_converter_ddr/inst'
Parsing XDC File [/home/jc/tmp/riscv-iommu-demo/cva6/corev_apu/fpga/xilinx/xlnx_axi_hwicap/xlnx_axi_hwicap.gen/sources_1/ip/xlnx_axi_hwicap/xlnx_axi_hwicap_clocks.xdc] for cell 'i_ariane_peripherals/gen_hwicap.i_hwicap/U0'
Finished Parsing XDC File [/home/jc/tmp/riscv-iommu-demo/cva6/corev_apu/fpga/xilinx/xlnx_axi_hwicap/xlnx_axi_hwicap.gen/sources_1/ip/xlnx_axi_hwicap/xlnx_axi_hwicap_clocks.xdc] for cell 'i_ariane_peripherals/gen_hwicap.i_hwicap/U0'
Parsing XDC File [/home/jc/tmp/riscv-iommu-demo/cva6/corev_apu/fpga/xilinx/xlnx_axi_dwidth_converter/xlnx_axi_dwidth_converter.gen/sources_1/ip/xlnx_axi_dwidth_converter/xlnx_axi_dwidth_converter_clocks.xdc] for cell 'i_ariane_peripherals/gen_gpio.i_xlnx_axi_dwidth_converter_gpio/inst'
Finished Parsing XDC File [/home/jc/tmp/riscv-iommu-demo/cva6/corev_apu/fpga/xilinx/xlnx_axi_dwidth_converter/xlnx_axi_dwidth_converter.gen/sources_1/ip/xlnx_axi_dwidth_converter/xlnx_axi_dwidth_converter_clocks.xdc] for cell 'i_ariane_peripherals/gen_gpio.i_xlnx_axi_dwidth_converter_gpio/inst'
Parsing XDC File [/home/jc/tmp/riscv-iommu-demo/cva6/corev_apu/fpga/xilinx/xlnx_axi_dwidth_converter/xlnx_axi_dwidth_converter.gen/sources_1/ip/xlnx_axi_dwidth_converter/xlnx_axi_dwidth_converter_clocks.xdc] for cell 'i_ariane_peripherals/gen_spi.i_xlnx_axi_dwidth_converter_spi/inst'
Finished Parsing XDC File [/home/jc/tmp/riscv-iommu-demo/cva6/corev_apu/fpga/xilinx/xlnx_axi_dwidth_converter/xlnx_axi_dwidth_converter.gen/sources_1/ip/xlnx_axi_dwidth_converter/xlnx_axi_dwidth_converter_clocks.xdc] for cell 'i_ariane_peripherals/gen_spi.i_xlnx_axi_dwidth_converter_spi/inst'
Parsing XDC File [/home/jc/tmp/riscv-iommu-demo/cva6/corev_apu/fpga/xilinx/xlnx_axi_quad_spi/xlnx_axi_quad_spi.gen/sources_1/ip/xlnx_axi_quad_spi/xlnx_axi_quad_spi_clocks.xdc] for cell 'i_ariane_peripherals/gen_spi.i_xlnx_axi_quad_spi/U0'
Finished Parsing XDC File [/home/jc/tmp/riscv-iommu-demo/cva6/corev_apu/fpga/xilinx/xlnx_axi_quad_spi/xlnx_axi_quad_spi.gen/sources_1/ip/xlnx_axi_quad_spi/xlnx_axi_quad_spi_clocks.xdc] for cell 'i_ariane_peripherals/gen_spi.i_xlnx_axi_quad_spi/U0'
WARNING: [XPM_CDC_GRAY: TCL-1000] The source and destination clocks are the same. 
     Instance: i_ariane_peripherals/gen_hwicap.i_hwicap/U0/ICAP_NOT_SHARED.HWICAP_CTRL_I/IPIC_IF_I/WRFIFO.WRDATA_FIFO_I/xpm_fifo_instance.xpm_fifo_async_inst/gnuram_async_fifo.xpm_fifo_base_inst/gen_cdc_pntr.rd_pntr_cdc_inst 
  This will add unnecessary latency to the design. Please check the design for the following: 
 1) Manually instantiated XPM_CDC modules: Xilinx recommends that you remove these modules. 
 2) Xilinx IP that contains XPM_CDC modules: Verify the connections to the IP to determine whether you can safely ignore this message.
 [/tools/Xilinx/Vivado/2022.2/data/ip/xpm/xpm_cdc/tcl/xpm_cdc_gray.tcl:16]
WARNING: [XPM_CDC_GRAY: TCL-1000] The source and destination clocks are the same. 
     Instance: i_ariane_peripherals/gen_hwicap.i_hwicap/U0/ICAP_NOT_SHARED.HWICAP_CTRL_I/IPIC_IF_I/WRFIFO.WRDATA_FIFO_I/xpm_fifo_instance.xpm_fifo_async_inst/gnuram_async_fifo.xpm_fifo_base_inst/gen_cdc_pntr.wr_pntr_cdc_inst 
  This will add unnecessary latency to the design. Please check the design for the following: 
 1) Manually instantiated XPM_CDC modules: Xilinx recommends that you remove these modules. 
 2) Xilinx IP that contains XPM_CDC modules: Verify the connections to the IP to determine whether you can safely ignore this message.
 [/tools/Xilinx/Vivado/2022.2/data/ip/xpm/xpm_cdc/tcl/xpm_cdc_gray.tcl:16]
WARNING: [XPM_CDC_GRAY: TCL-1000] The source and destination clocks are the same. 
     Instance: i_ariane_peripherals/gen_hwicap.i_hwicap/U0/ICAP_NOT_SHARED.HWICAP_CTRL_I/IPIC_IF_I/RD_FIFO.RDDATA_FIFO_I/xpm_fifo_instance.xpm_fifo_async_inst/gnuram_async_fifo.xpm_fifo_base_inst/gen_cdc_pntr.rd_pntr_cdc_inst 
  This will add unnecessary latency to the design. Please check the design for the following: 
 1) Manually instantiated XPM_CDC modules: Xilinx recommends that you remove these modules. 
 2) Xilinx IP that contains XPM_CDC modules: Verify the connections to the IP to determine whether you can safely ignore this message.
 [/tools/Xilinx/Vivado/2022.2/data/ip/xpm/xpm_cdc/tcl/xpm_cdc_gray.tcl:16]
WARNING: [XPM_CDC_GRAY: TCL-1000] The source and destination clocks are the same. 
     Instance: i_ariane_peripherals/gen_hwicap.i_hwicap/U0/ICAP_NOT_SHARED.HWICAP_CTRL_I/IPIC_IF_I/WRFIFO.WRDATA_FIFO_I/xpm_fifo_instance.xpm_fifo_async_inst/gnuram_async_fifo.xpm_fifo_base_inst/gen_cdc_pntr.wr_pntr_cdc_dc_inst 
  This will add unnecessary latency to the design. Please check the design for the following: 
 1) Manually instantiated XPM_CDC modules: Xilinx recommends that you remove these modules. 
 2) Xilinx IP that contains XPM_CDC modules: Verify the connections to the IP to determine whether you can safely ignore this message.
 [/tools/Xilinx/Vivado/2022.2/data/ip/xpm/xpm_cdc/tcl/xpm_cdc_gray.tcl:16]
WARNING: [XPM_CDC_GRAY: TCL-1000] The source and destination clocks are the same. 
     Instance: i_ariane_peripherals/gen_hwicap.i_hwicap/U0/ICAP_NOT_SHARED.HWICAP_CTRL_I/IPIC_IF_I/WRFIFO.WRDATA_FIFO_I/xpm_fifo_instance.xpm_fifo_async_inst/gnuram_async_fifo.xpm_fifo_base_inst/gen_cdc_pntr.rd_pntr_cdc_dc_inst 
  This will add unnecessary latency to the design. Please check the design for the following: 
 1) Manually instantiated XPM_CDC modules: Xilinx recommends that you remove these modules. 
 2) Xilinx IP that contains XPM_CDC modules: Verify the connections to the IP to determine whether you can safely ignore this message.
 [/tools/Xilinx/Vivado/2022.2/data/ip/xpm/xpm_cdc/tcl/xpm_cdc_gray.tcl:16]
WARNING: [XPM_CDC_GRAY: TCL-1000] The source and destination clocks are the same. 
     Instance: i_ariane_peripherals/gen_hwicap.i_hwicap/U0/ICAP_NOT_SHARED.HWICAP_CTRL_I/IPIC_IF_I/RD_FIFO.RDDATA_FIFO_I/xpm_fifo_instance.xpm_fifo_async_inst/gnuram_async_fifo.xpm_fifo_base_inst/gen_cdc_pntr.wr_pntr_cdc_inst 
  This will add unnecessary latency to the design. Please check the design for the following: 
 1) Manually instantiated XPM_CDC modules: Xilinx recommends that you remove these modules. 
 2) Xilinx IP that contains XPM_CDC modules: Verify the connections to the IP to determine whether you can safely ignore this message.
 [/tools/Xilinx/Vivado/2022.2/data/ip/xpm/xpm_cdc/tcl/xpm_cdc_gray.tcl:16]
WARNING: [XPM_CDC_GRAY: TCL-1000] The source and destination clocks are the same. 
     Instance: i_ariane_peripherals/gen_hwicap.i_hwicap/U0/ICAP_NOT_SHARED.HWICAP_CTRL_I/IPIC_IF_I/RD_FIFO.RDDATA_FIFO_I/xpm_fifo_instance.xpm_fifo_async_inst/gnuram_async_fifo.xpm_fifo_base_inst/gen_cdc_pntr.rd_pntr_cdc_dc_inst 
  This will add unnecessary latency to the design. Please check the design for the following: 
 1) Manually instantiated XPM_CDC modules: Xilinx recommends that you remove these modules. 
 2) Xilinx IP that contains XPM_CDC modules: Verify the connections to the IP to determine whether you can safely ignore this message.
 [/tools/Xilinx/Vivado/2022.2/data/ip/xpm/xpm_cdc/tcl/xpm_cdc_gray.tcl:16]
WARNING: [XPM_CDC_GRAY: TCL-1000] The source and destination clocks are the same. 
     Instance: i_ariane_peripherals/gen_hwicap.i_hwicap/U0/ICAP_NOT_SHARED.HWICAP_CTRL_I/IPIC_IF_I/RD_FIFO.RDDATA_FIFO_I/xpm_fifo_instance.xpm_fifo_async_inst/gnuram_async_fifo.xpm_fifo_base_inst/gen_cdc_pntr.wr_pntr_cdc_dc_inst 
  This will add unnecessary latency to the design. Please check the design for the following: 
 1) Manually instantiated XPM_CDC modules: Xilinx recommends that you remove these modules. 
 2) Xilinx IP that contains XPM_CDC modules: Verify the connections to the IP to determine whether you can safely ignore this message.
 [/tools/Xilinx/Vivado/2022.2/data/ip/xpm/xpm_cdc/tcl/xpm_cdc_gray.tcl:16]
WARNING: [XPM_CDC_GRAY: TCL-1000] The source and destination clocks are the same. 
     Instance: i_ariane_peripherals/gen_spi.i_xlnx_axi_quad_spi/U0/NO_DUAL_QUAD_MODE.QSPI_NORMAL/QSPI_ENHANCED_MD_GEN.QSPI_CORE_INTERFACE_I/FIFO_EXISTS.TX_FIFO_II/xpm_fifo_instance.xpm_fifo_async_inst/gnuram_async_fifo.xpm_fifo_base_inst/gen_cdc_pntr.rd_pntr_cdc_inst 
  This will add unnecessary latency to the design. Please check the design for the following: 
 1) Manually instantiated XPM_CDC modules: Xilinx recommends that you remove these modules. 
 2) Xilinx IP that contains XPM_CDC modules: Verify the connections to the IP to determine whether you can safely ignore this message.
 [/tools/Xilinx/Vivado/2022.2/data/ip/xpm/xpm_cdc/tcl/xpm_cdc_gray.tcl:16]
WARNING: [XPM_CDC_GRAY: TCL-1000] The source and destination clocks are the same. 
     Instance: i_ariane_peripherals/gen_spi.i_xlnx_axi_quad_spi/U0/NO_DUAL_QUAD_MODE.QSPI_NORMAL/QSPI_ENHANCED_MD_GEN.QSPI_CORE_INTERFACE_I/FIFO_EXISTS.RX_FIFO_II/gnuram_async_fifo.xpm_fifo_base_inst/gen_cdc_pntr.wr_pntr_cdc_inst 
  This will add unnecessary latency to the design. Please check the design for the following: 
 1) Manually instantiated XPM_CDC modules: Xilinx recommends that you remove these modules. 
 2) Xilinx IP that contains XPM_CDC modules: Verify the connections to the IP to determine whether you can safely ignore this message.
 [/tools/Xilinx/Vivado/2022.2/data/ip/xpm/xpm_cdc/tcl/xpm_cdc_gray.tcl:16]
WARNING: [XPM_CDC_GRAY: TCL-1000] The source and destination clocks are the same. 
     Instance: i_ariane_peripherals/gen_spi.i_xlnx_axi_quad_spi/U0/NO_DUAL_QUAD_MODE.QSPI_NORMAL/QSPI_ENHANCED_MD_GEN.QSPI_CORE_INTERFACE_I/FIFO_EXISTS.RX_FIFO_II/gnuram_async_fifo.xpm_fifo_base_inst/gen_cdc_pntr.rd_pntr_cdc_inst 
  This will add unnecessary latency to the design. Please check the design for the following: 
 1) Manually instantiated XPM_CDC modules: Xilinx recommends that you remove these modules. 
 2) Xilinx IP that contains XPM_CDC modules: Verify the connections to the IP to determine whether you can safely ignore this message.
 [/tools/Xilinx/Vivado/2022.2/data/ip/xpm/xpm_cdc/tcl/xpm_cdc_gray.tcl:16]
WARNING: [XPM_CDC_GRAY: TCL-1000] The source and destination clocks are the same. 
     Instance: i_ariane_peripherals/gen_spi.i_xlnx_axi_quad_spi/U0/NO_DUAL_QUAD_MODE.QSPI_NORMAL/QSPI_ENHANCED_MD_GEN.QSPI_CORE_INTERFACE_I/FIFO_EXISTS.TX_FIFO_II/xpm_fifo_instance.xpm_fifo_async_inst/gnuram_async_fifo.xpm_fifo_base_inst/gen_cdc_pntr.wr_pntr_cdc_inst 
  This will add unnecessary latency to the design. Please check the design for the following: 
 1) Manually instantiated XPM_CDC modules: Xilinx recommends that you remove these modules. 
 2) Xilinx IP that contains XPM_CDC modules: Verify the connections to the IP to determine whether you can safely ignore this message.
 [/tools/Xilinx/Vivado/2022.2/data/ip/xpm/xpm_cdc/tcl/xpm_cdc_gray.tcl:16]
WARNING: [XPM_CDC_GRAY: TCL-1000] The source and destination clocks are the same. 
     Instance: i_ariane_peripherals/gen_spi.i_xlnx_axi_quad_spi/U0/NO_DUAL_QUAD_MODE.QSPI_NORMAL/QSPI_ENHANCED_MD_GEN.QSPI_CORE_INTERFACE_I/FIFO_EXISTS.TX_FIFO_II/xpm_fifo_instance.xpm_fifo_async_inst/gnuram_async_fifo.xpm_fifo_base_inst/gen_cdc_pntr.wr_pntr_cdc_dc_inst 
  This will add unnecessary latency to the design. Please check the design for the following: 
 1) Manually instantiated XPM_CDC modules: Xilinx recommends that you remove these modules. 
 2) Xilinx IP that contains XPM_CDC modules: Verify the connections to the IP to determine whether you can safely ignore this message.
 [/tools/Xilinx/Vivado/2022.2/data/ip/xpm/xpm_cdc/tcl/xpm_cdc_gray.tcl:16]
WARNING: [XPM_CDC_GRAY: TCL-1000] The source and destination clocks are the same. 
     Instance: i_ariane_peripherals/gen_spi.i_xlnx_axi_quad_spi/U0/NO_DUAL_QUAD_MODE.QSPI_NORMAL/QSPI_ENHANCED_MD_GEN.QSPI_CORE_INTERFACE_I/FIFO_EXISTS.RX_FIFO_II/gnuram_async_fifo.xpm_fifo_base_inst/gen_cdc_pntr.wr_pntr_cdc_dc_inst 
  This will add unnecessary latency to the design. Please check the design for the following: 
 1) Manually instantiated XPM_CDC modules: Xilinx recommends that you remove these modules. 
 2) Xilinx IP that contains XPM_CDC modules: Verify the connections to the IP to determine whether you can safely ignore this message.
 [/tools/Xilinx/Vivado/2022.2/data/ip/xpm/xpm_cdc/tcl/xpm_cdc_gray.tcl:16]
WARNING: [XPM_CDC_GRAY: TCL-1000] The source and destination clocks are the same. 
     Instance: i_ariane_peripherals/gen_spi.i_xlnx_axi_quad_spi/U0/NO_DUAL_QUAD_MODE.QSPI_NORMAL/QSPI_ENHANCED_MD_GEN.QSPI_CORE_INTERFACE_I/FIFO_EXISTS.TX_FIFO_II/xpm_fifo_instance.xpm_fifo_async_inst/gnuram_async_fifo.xpm_fifo_base_inst/gen_cdc_pntr.rd_pntr_cdc_dc_inst 
  This will add unnecessary latency to the design. Please check the design for the following: 
 1) Manually instantiated XPM_CDC modules: Xilinx recommends that you remove these modules. 
 2) Xilinx IP that contains XPM_CDC modules: Verify the connections to the IP to determine whether you can safely ignore this message.
 [/tools/Xilinx/Vivado/2022.2/data/ip/xpm/xpm_cdc/tcl/xpm_cdc_gray.tcl:16]
WARNING: [XPM_CDC_GRAY: TCL-1000] The source and destination clocks are the same. 
     Instance: i_ariane_peripherals/gen_spi.i_xlnx_axi_quad_spi/U0/NO_DUAL_QUAD_MODE.QSPI_NORMAL/QSPI_ENHANCED_MD_GEN.QSPI_CORE_INTERFACE_I/FIFO_EXISTS.RX_FIFO_II/gnuram_async_fifo.xpm_fifo_base_inst/gen_cdc_pntr.rd_pntr_cdc_dc_inst 
  This will add unnecessary latency to the design. Please check the design for the following: 
 1) Manually instantiated XPM_CDC modules: Xilinx recommends that you remove these modules. 
 2) Xilinx IP that contains XPM_CDC modules: Verify the connections to the IP to determine whether you can safely ignore this message.
 [/tools/Xilinx/Vivado/2022.2/data/ip/xpm/xpm_cdc/tcl/xpm_cdc_gray.tcl:16]
INFO: [Project 1-1714] 67 XPM XDC files have been applied to the design.
INFO: [Opt 31-138] Pushed 0 inverter(s) to 0 load pin(s).
WARNING: [Constraints 18-5572] Instance i_ariane_peripherals/gen_spi.i_xlnx_axi_quad_spi/U0/NO_DUAL_QUAD_MODE.QSPI_NORMAL/IO0_I_REG has IOB constraint set, However, the instance does not seem to have valid I/O connection to be placed into I/O. The constraint on the instance will be ignored.
Netlist sorting complete. Time (s): cpu = 00:00:00.01 ; elapsed = 00:00:00 . Memory (MB): peak = 3112.215 ; gain = 0.000 ; free physical = 9639 ; free virtual = 17313
INFO: [Project 1-111] Unisim Transformation Summary:
  A total of 376 instances were transformed.
  IOBUF => IOBUF (IBUF, OBUFT): 1 instance 
  IOBUFDS_DIFF_OUT_DCIEN => IOBUFDS_DIFF_OUT_DCIEN (IBUFDS_IBUFDISABLE_INT(x2), INV, OBUFTDS_DCIEN(x2)): 4 instances
  IOBUF_DCIEN => IOBUF_DCIEN (IBUF_IBUFDISABLE, OBUFT_DCIEN): 32 instances
  LUT6_2 => LUT6_2 (LUT5, LUT6): 26 instances
  OBUFDS => OBUFDS_DUAL_BUF (INV, OBUFDS(x2)): 1 instance 
  RAM32M => RAM32M (RAMD32(x6), RAMS32(x2)): 292 instances
  RAM32X1D => RAM32X1D (RAMD32(x2)): 20 instances

open_run: Time (s): cpu = 00:00:31 ; elapsed = 00:00:24 . Memory (MB): peak = 3112.215 ; gain = 1599.488 ; free physical = 9639 ; free virtual = 17313
==> Extraction checkpoint accel1 (STREAM_ID=1)...
WARNING: [Vivado 12-7117] write_checkpoint: the -cell option is not recommended on a hierarchical cell that is not marked as HD.RECONFIGURABLE = TRUE.
Resolution: To avoid physical conflicts during design assembly, set DONT_TOUCH = TRUE on the hierarchical cell, and exclusively assign the cell to a PBlock with EXCLUDE_PLACEMENT = TRUE and CONTAIN_ROUTING = TRUE
INFO: [Timing 38-35] Done setting XDC timing constraints.
Writing XDEF routing.
Writing XDEF routing logical nets.
Writing XDEF routing special nets.
Write XDEF Complete: Time (s): cpu = 00:00:00.01 ; elapsed = 00:00:00.02 . Memory (MB): peak = 3144.230 ; gain = 8.004 ; free physical = 9513 ; free virtual = 17187
INFO: [Common 17-1381] The checkpoint '/home/jc/tmp/riscv-iommu-demo/cva6/corev_apu/fpga/work-dpr/3_build_B_dpr/accel_default_accel1_synth.dcp' has been generated.
  -> checkpoint accel1 : /home/jc/tmp/riscv-iommu-demo/cva6/corev_apu/fpga/work-dpr/3_build_B_dpr/accel_default_accel1_synth.dcp
==> Extraction checkpoint accel2 (STREAM_ID=2)...
WARNING: [Vivado 12-7117] write_checkpoint: the -cell option is not recommended on a hierarchical cell that is not marked as HD.RECONFIGURABLE = TRUE.
Resolution: To avoid physical conflicts during design assembly, set DONT_TOUCH = TRUE on the hierarchical cell, and exclusively assign the cell to a PBlock with EXCLUDE_PLACEMENT = TRUE and CONTAIN_ROUTING = TRUE
Writing XDEF routing.
Writing XDEF routing logical nets.
Writing XDEF routing special nets.
Write XDEF Complete: Time (s): cpu = 00:00:00.02 ; elapsed = 00:00:00.02 . Memory (MB): peak = 3144.230 ; gain = 0.000 ; free physical = 9488 ; free virtual = 17162
INFO: [Common 17-1381] The checkpoint '/home/jc/tmp/riscv-iommu-demo/cva6/corev_apu/fpga/work-dpr/3_build_B_dpr/accel_default_accel2_synth.dcp' has been generated.
  -> checkpoint accel2 : /home/jc/tmp/riscv-iommu-demo/cva6/corev_apu/fpga/work-dpr/3_build_B_dpr/accel_default_accel2_synth.dcp
# puts "==> Ouverture du checkpoint statique..."
==> Ouverture du checkpoint statique...
# open_checkpoint $work_dpr/static_routed.dcp
Command: open_checkpoint /home/jc/tmp/riscv-iommu-demo/cva6/corev_apu/fpga/work-dpr/3_build_B_dpr/static_routed.dcp

Starting open_checkpoint Task

Time (s): cpu = 00:00:00 ; elapsed = 00:00:00 . Memory (MB): peak = 3144.230 ; gain = 0.000 ; free physical = 10007 ; free virtual = 17681
Netlist sorting complete. Time (s): cpu = 00:00:00.68 ; elapsed = 00:00:00.69 . Memory (MB): peak = 3144.230 ; gain = 0.000 ; free physical = 9861 ; free virtual = 17535
INFO: [Netlist 29-17] Analyzing 9860 Unisim elements for replacement
INFO: [Netlist 29-28] Unisim Transformation completed in 0 CPU seconds
INFO: [Project 1-479] Netlist was created with Vivado 2022.2
INFO: [Project 1-570] Preparing netlist for logic optimization
WARNING: [Constraints 18-550] Could not create 'IBUF_LOW_PWR' constraint because net 'i_xlnx_clk_gen/clk_in1' is not directly connected to top level port. Synthesis is ignored for IBUF_LOW_PWR but preserved for implementation.
INFO: [Timing 38-478] Restoring timing data from binary archive.
INFO: [Timing 38-479] Binary timing data restore complete.
INFO: [Project 1-856] Restoring constraints from binary archive.
INFO: [Project 1-853] Binary constraint restore complete.
Reading XDEF placement.
Reading placer database...
Reading XDEF routing.
Read XDEF Files: Time (s): cpu = 00:00:07 ; elapsed = 00:00:07 . Memory (MB): peak = 3421.137 ; gain = 190.961 ; free physical = 9127 ; free virtual = 16801
Restored from archive | CPU: 7.250000 secs | Memory: 177.567390 MB |
Finished XDEF File Restore: Time (s): cpu = 00:00:07 ; elapsed = 00:00:07 . Memory (MB): peak = 3421.137 ; gain = 190.961 ; free physical = 9127 ; free virtual = 16801
INFO: [Project 1-486] Could not resolve non-primitive black box cell 'accel_wrap__parameterized0_bb' instantiated as 'i_ariane_peripherals/gen_dma.i_accel1' [/home/jc/tmp/riscv-iommu-demo/cva6/corev_apu/fpga/src/ariane_peripherals_xilinx.sv:748]
INFO: [Project 1-486] Could not resolve non-primitive black box cell 'accel_wrap_bb' instantiated as 'i_ariane_peripherals/gen_dma.gen_accel2.i_accel2' [/home/jc/tmp/riscv-iommu-demo/cva6/corev_apu/fpga/src/ariane_peripherals_xilinx.sv:993]
Netlist sorting complete. Time (s): cpu = 00:00:00.01 ; elapsed = 00:00:00.02 . Memory (MB): peak = 3421.137 ; gain = 0.000 ; free physical = 9128 ; free virtual = 16802
INFO: [Project 1-111] Unisim Transformation Summary:
  A total of 355 instances were transformed.
  IOBUF => IOBUF (IBUF, OBUFT): 1 instance 
  IOBUFDS_DIFF_OUT_DCIEN => IOBUFDS_DIFF_OUT_DCIEN (IBUFDS_IBUFDISABLE_INT(x2), INV, OBUFTDS_DCIEN(x2)): 4 instances
  IOBUF_DCIEN => IOBUF_DCIEN (IBUF_IBUFDISABLE, OBUFT_DCIEN): 32 instances
  LUT6_2 => LUT6_2 (LUT5, LUT6): 17 instances
  OBUFDS => OBUFDS_DUAL_BUF (INV, OBUFDS(x2)): 1 instance 
  RAM32M => RAM32M (RAMD32(x6), RAMS32(x2)): 282 instances
  RAM32X1D => RAM32X1D (RAMD32(x2)): 18 instances

INFO: [Project 1-604] Checkpoint was created with Vivado v2022.2 (64-bit) build 3671981
OpenCheckpoint Checksum | Checksum: 1541ae91a
----- Checksum: PlaceDB: 1341d5d1 ShapeSum: b77783ce RouteDB: 89618f7b 
open_checkpoint: Time (s): cpu = 00:00:22 ; elapsed = 00:00:23 . Memory (MB): peak = 3421.137 ; gain = 276.906 ; free physical = 9138 ; free virtual = 16812
# puts "==> Rechargement du XDC des pblocks DFX..."
==> Rechargement du XDC des pblocks DFX...
# set pblock_xdc $dpr_dir/constraints/pblock_accels_impl.xdc
# if {![file exists $pblock_xdc]} {
#     puts "ERROR: XDC pblock introuvable : $pblock_xdc"
#     exit 1
# }
# foreach pb [get_pblocks -quiet] {
#     delete_pblocks $pb
# }
# read_xdc $pblock_xdc
Parsing XDC File [/home/jc/tmp/riscv-iommu-demo/dpr/constraints/pblock_accels_impl.xdc]
WARNING: [Vivado 12-4775] These ranges will be aligned to a tile boundary: DSP48_X0Y60:DSP48_X1Y64 [/home/jc/tmp/riscv-iommu-demo/dpr/constraints/pblock_accels_impl.xdc:5]
WARNING: [Vivado 12-4775] These ranges will be aligned to a tile boundary: DSP48_X2Y60:DSP48_X5Y64 [/home/jc/tmp/riscv-iommu-demo/dpr/constraints/pblock_accels_impl.xdc:15]
Finished Parsing XDC File [/home/jc/tmp/riscv-iommu-demo/dpr/constraints/pblock_accels_impl.xdc]
# set_property used_in_synthesis false [get_files $pblock_xdc]
# puts "  -> XDC chargé : $pblock_xdc"
  -> XDC chargé : /home/jc/tmp/riscv-iommu-demo/dpr/constraints/pblock_accels_impl.xdc
# foreach pb [get_pblocks] {
#     puts "  PBLOCK: $pb -> [get_property GRID_RANGES $pb]"
# }
  PBLOCK: pblock_accel1 -> RAMB36_X0Y25:RAMB36_X1Y29 RAMB18_X0Y50:RAMB18_X1Y59 DSP48_X0Y60:DSP48_X1Y65 SLICE_X0Y250:SLICE_X71Y299
  PBLOCK: pblock_accel2 -> RAMB36_X2Y25:RAMB36_X4Y29 RAMB18_X2Y50:RAMB18_X4Y59 DSP48_X2Y60:DSP48_X5Y65 SLICE_X72Y250:SLICE_X145Y299
# set cell1 [get_cells -quiet i_ariane_peripherals/gen_dma.i_accel1]
# set cell2 [get_cells -quiet i_ariane_peripherals/gen_dma.gen_accel2.i_accel2]
# if {[llength $cell1] == 0} { puts "ERROR: i_accel1 non trouvé"; exit 1 }
# if {[llength $cell2] == 0} { puts "ERROR: i_accel2 non trouvé"; exit 1 }
# read_checkpoint -cell $cell1 $rm_synth1
Command: read_checkpoint -cell [get_cells -quiet i_ariane_peripherals/gen_dma.i_accel1] /home/jc/tmp/riscv-iommu-demo/cva6/corev_apu/fpga/work-dpr/3_build_B_dpr/accel_default_accel1_synth.dcp
WARNING: [Vivado 12-12435] Any Tcl variable pointing to design objects become invalid when read_checkpoint is executed subsequently after open_checkpoint. The content of those variables need to be rebuilt after read_checkpoint. Otherwise this could result in unwanted behavior due to referencing objects that do not exist anymore.
INFO: [Timing 38-480] Writing timing data to binary archive.
Writing XDEF routing.
Writing XDEF routing logical nets.
Writing XDEF routing special nets.
Write XDEF Complete: Time (s): cpu = 00:00:20 ; elapsed = 00:00:12 . Memory (MB): peak = 3688.629 ; gain = 187.473 ; free physical = 8738 ; free virtual = 16678
report_design_analysis: Time (s): cpu = 00:00:23 ; elapsed = 00:00:11 . Memory (MB): peak = 3702.613 ; gain = 13.984 ; free physical = 8639 ; free virtual = 16579
INFO: [Project 1-454] Reading design checkpoint '/home/jc/tmp/riscv-iommu-demo/cva6/corev_apu/fpga/work-dpr/3_build_B_dpr/accel_default_accel1_synth.dcp' for cell 'i_ariane_peripherals/gen_dma.i_accel1'
Netlist sorting complete. Time (s): cpu = 00:00:00.62 ; elapsed = 00:00:00.69 . Memory (MB): peak = 3702.613 ; gain = 0.000 ; free physical = 9572 ; free virtual = 17315
INFO: [Netlist 29-17] Analyzing 9860 Unisim elements for replacement
INFO: [Netlist 29-28] Unisim Transformation completed in 0 CPU seconds
INFO: [Project 1-479] Netlist was created with Vivado 2022.2
INFO: [Project 1-570] Preparing netlist for logic optimization
WARNING: [Constraints 18-550] Could not create 'IBUF_LOW_PWR' constraint because net 'i_xlnx_clk_gen/clk_in1' is not directly connected to top level port. Synthesis is ignored for IBUF_LOW_PWR but preserved for implementation.
Parsing XDC File [/home/jc/tmp/riscv-iommu-demo/dpr/.Xil/Vivado-78493-jc-VirtualBox/readCheckpointCellTempDcp/temp/ariane_xilinx_board.xdc]
Finished Parsing XDC File [/home/jc/tmp/riscv-iommu-demo/dpr/.Xil/Vivado-78493-jc-VirtualBox/readCheckpointCellTempDcp/temp/ariane_xilinx_board.xdc]
Parsing XDC File [/home/jc/tmp/riscv-iommu-demo/dpr/.Xil/Vivado-78493-jc-VirtualBox/readCheckpointCellTempDcp/temp/ariane_xilinx_early.xdc]
INFO: [Timing 38-35] Done setting XDC timing constraints. [/home/jc/tmp/riscv-iommu-demo/cva6/corev_apu/fpga/xilinx/xlnx_clk_gen/xlnx_clk_gen.gen/sources_1/ip/xlnx_clk_gen/xlnx_clk_gen.xdc:57]
INFO: [Timing 38-2] Deriving generated clocks [/home/jc/tmp/riscv-iommu-demo/cva6/corev_apu/fpga/xilinx/xlnx_clk_gen/xlnx_clk_gen.gen/sources_1/ip/xlnx_clk_gen/xlnx_clk_gen.xdc:57]
Finished Parsing XDC File [/home/jc/tmp/riscv-iommu-demo/dpr/.Xil/Vivado-78493-jc-VirtualBox/readCheckpointCellTempDcp/temp/ariane_xilinx_early.xdc]
Parsing XDC File [/home/jc/tmp/riscv-iommu-demo/dpr/.Xil/Vivado-78493-jc-VirtualBox/readCheckpointCellTempDcp/temp/ariane_xilinx.xdc]
Finished Parsing XDC File [/home/jc/tmp/riscv-iommu-demo/dpr/.Xil/Vivado-78493-jc-VirtualBox/readCheckpointCellTempDcp/temp/ariane_xilinx.xdc]
Parsing XDC File [/home/jc/tmp/riscv-iommu-demo/dpr/.Xil/Vivado-78493-jc-VirtualBox/readCheckpointCellTempDcp/temp/ariane_xilinx_late.xdc]
Finished Parsing XDC File [/home/jc/tmp/riscv-iommu-demo/dpr/.Xil/Vivado-78493-jc-VirtualBox/readCheckpointCellTempDcp/temp/ariane_xilinx_late.xdc]
Reading XDEF placement.
Reading placer database...
Reading XDEF routing.
Read XDEF Files: Time (s): cpu = 00:00:07 ; elapsed = 00:00:07 . Memory (MB): peak = 3702.613 ; gain = 0.000 ; free physical = 9119 ; free virtual = 16862
Restored from archive | CPU: 6.930000 secs | Memory: 177.977966 MB |
Finished XDEF File Restore: Time (s): cpu = 00:00:07 ; elapsed = 00:00:07 . Memory (MB): peak = 3702.613 ; gain = 0.000 ; free physical = 9119 ; free virtual = 16862
Reading XDEF placement.
Reading placer database...
Reading XDEF routing.
Read XDEF Files: Time (s): cpu = 00:00:00.01 ; elapsed = 00:00:00.03 . Memory (MB): peak = 3702.613 ; gain = 0.000 ; free physical = 9081 ; free virtual = 16823
Restored from archive | CPU: 0.010000 secs | Memory: 0.000000 MB |
Finished XDEF File Restore: Time (s): cpu = 00:00:00.02 ; elapsed = 00:00:00.03 . Memory (MB): peak = 3702.613 ; gain = 0.000 ; free physical = 9081 ; free virtual = 16823
INFO: [Project 1-486] Could not resolve non-primitive black box cell 'accel_wrap_bb' instantiated as 'i_ariane_peripherals/gen_dma.gen_accel2.i_accel2' [/home/jc/tmp/riscv-iommu-demo/cva6/corev_apu/fpga/src/ariane_peripherals_xilinx.sv:993]
Netlist sorting complete. Time (s): cpu = 00:00:00.01 ; elapsed = 00:00:00 . Memory (MB): peak = 3702.613 ; gain = 0.000 ; free physical = 9060 ; free virtual = 16803
INFO: [Project 1-111] Unisim Transformation Summary:
  A total of 355 instances were transformed.
  IOBUF => IOBUF (IBUF, OBUFT): 1 instance 
  IOBUFDS_DIFF_OUT_DCIEN => IOBUFDS_DIFF_OUT_DCIEN (IBUFDS_IBUFDISABLE_INT(x2), INV, OBUFTDS_DCIEN(x2)): 4 instances
  IOBUF_DCIEN => IOBUF_DCIEN (IBUF_IBUFDISABLE, OBUFT_DCIEN): 32 instances
  LUT6_2 => LUT6_2 (LUT5, LUT6): 17 instances
  OBUFDS => OBUFDS_DUAL_BUF (INV, OBUFDS(x2)): 1 instance 
  RAM32M => RAM32M (RAMD32(x6), RAMS32(x2)): 282 instances
  RAM32X1D => RAM32X1D (RAMD32(x2)): 18 instances

read_checkpoint: Time (s): cpu = 00:01:21 ; elapsed = 00:00:56 . Memory (MB): peak = 3702.613 ; gain = 281.477 ; free physical = 9146 ; free virtual = 16820
# puts "  -> RM accel1 chargé (STREAM_ID=1) : $rm_synth1"
  -> RM accel1 chargé (STREAM_ID=1) : /home/jc/tmp/riscv-iommu-demo/cva6/corev_apu/fpga/work-dpr/3_build_B_dpr/accel_default_accel1_synth.dcp
# set cell2 [get_cells -quiet i_ariane_peripherals/gen_dma.gen_accel2.i_accel2]
# if {[llength $cell2] == 0} {
#     puts "ERROR: i_accel2 non trouvé après chargement accel1"
#     exit 1
# }
# read_checkpoint -cell $cell2 $rm_synth2
Command: read_checkpoint -cell [get_cells -quiet i_ariane_peripherals/gen_dma.gen_accel2.i_accel2] /home/jc/tmp/riscv-iommu-demo/cva6/corev_apu/fpga/work-dpr/3_build_B_dpr/accel_default_accel2_synth.dcp
WARNING: [Vivado 12-12435] Any Tcl variable pointing to design objects become invalid when read_checkpoint is executed subsequently after open_checkpoint. The content of those variables need to be rebuilt after read_checkpoint. Otherwise this could result in unwanted behavior due to referencing objects that do not exist anymore.
INFO: [Timing 38-480] Writing timing data to binary archive.
Writing XDEF routing.
Writing XDEF routing logical nets.
Writing XDEF routing special nets.
Write XDEF Complete: Time (s): cpu = 00:00:20 ; elapsed = 00:00:09 . Memory (MB): peak = 3735.285 ; gain = 32.672 ; free physical = 8735 ; free virtual = 16648
report_design_analysis: Time (s): cpu = 00:00:15 ; elapsed = 00:00:09 . Memory (MB): peak = 3749.270 ; gain = 13.984 ; free physical = 8682 ; free virtual = 16596
INFO: [Project 1-454] Reading design checkpoint '/home/jc/tmp/riscv-iommu-demo/cva6/corev_apu/fpga/work-dpr/3_build_B_dpr/accel_default_accel2_synth.dcp' for cell 'i_ariane_peripherals/gen_dma.gen_accel2.i_accel2'
Netlist sorting complete. Time (s): cpu = 00:00:00.63 ; elapsed = 00:00:00.7 . Memory (MB): peak = 3749.270 ; gain = 0.000 ; free physical = 9436 ; free virtual = 17178
INFO: [Netlist 29-17] Analyzing 9860 Unisim elements for replacement
INFO: [Netlist 29-28] Unisim Transformation completed in 0 CPU seconds
INFO: [Project 1-479] Netlist was created with Vivado 2022.2
INFO: [Project 1-570] Preparing netlist for logic optimization
WARNING: [Constraints 18-550] Could not create 'IBUF_LOW_PWR' constraint because net 'i_xlnx_clk_gen/clk_in1' is not directly connected to top level port. Synthesis is ignored for IBUF_LOW_PWR but preserved for implementation.
Parsing XDC File [/home/jc/tmp/riscv-iommu-demo/dpr/.Xil/Vivado-78493-jc-VirtualBox/readCheckpointCellTempDcp/temp/ariane_xilinx_board.xdc]
Finished Parsing XDC File [/home/jc/tmp/riscv-iommu-demo/dpr/.Xil/Vivado-78493-jc-VirtualBox/readCheckpointCellTempDcp/temp/ariane_xilinx_board.xdc]
Parsing XDC File [/home/jc/tmp/riscv-iommu-demo/dpr/.Xil/Vivado-78493-jc-VirtualBox/readCheckpointCellTempDcp/temp/ariane_xilinx_early.xdc]
INFO: [Timing 38-35] Done setting XDC timing constraints. [/home/jc/tmp/riscv-iommu-demo/cva6/corev_apu/fpga/xilinx/xlnx_clk_gen/xlnx_clk_gen.gen/sources_1/ip/xlnx_clk_gen/xlnx_clk_gen.xdc:57]
INFO: [Timing 38-2] Deriving generated clocks [/home/jc/tmp/riscv-iommu-demo/cva6/corev_apu/fpga/xilinx/xlnx_clk_gen/xlnx_clk_gen.gen/sources_1/ip/xlnx_clk_gen/xlnx_clk_gen.xdc:57]
Finished Parsing XDC File [/home/jc/tmp/riscv-iommu-demo/dpr/.Xil/Vivado-78493-jc-VirtualBox/readCheckpointCellTempDcp/temp/ariane_xilinx_early.xdc]
Parsing XDC File [/home/jc/tmp/riscv-iommu-demo/dpr/.Xil/Vivado-78493-jc-VirtualBox/readCheckpointCellTempDcp/temp/ariane_xilinx.xdc]
Finished Parsing XDC File [/home/jc/tmp/riscv-iommu-demo/dpr/.Xil/Vivado-78493-jc-VirtualBox/readCheckpointCellTempDcp/temp/ariane_xilinx.xdc]
Parsing XDC File [/home/jc/tmp/riscv-iommu-demo/dpr/.Xil/Vivado-78493-jc-VirtualBox/readCheckpointCellTempDcp/temp/ariane_xilinx_late.xdc]
Finished Parsing XDC File [/home/jc/tmp/riscv-iommu-demo/dpr/.Xil/Vivado-78493-jc-VirtualBox/readCheckpointCellTempDcp/temp/ariane_xilinx_late.xdc]
Reading XDEF placement.
Reading placer database...
Reading XDEF routing.
Read XDEF Files: Time (s): cpu = 00:00:07 ; elapsed = 00:00:07 . Memory (MB): peak = 3749.270 ; gain = 0.000 ; free physical = 8950 ; free virtual = 16693
Restored from archive | CPU: 7.140000 secs | Memory: 177.977730 MB |
Finished XDEF File Restore: Time (s): cpu = 00:00:07 ; elapsed = 00:00:07 . Memory (MB): peak = 3749.270 ; gain = 0.000 ; free physical = 8950 ; free virtual = 16693
Reading XDEF placement.
Reading placer database...
Reading XDEF routing.
Read XDEF Files: Time (s): cpu = 00:00:00.03 ; elapsed = 00:00:00.02 . Memory (MB): peak = 3749.270 ; gain = 0.000 ; free physical = 8911 ; free virtual = 16654
Restored from archive | CPU: 0.030000 secs | Memory: 0.000000 MB |
Finished XDEF File Restore: Time (s): cpu = 00:00:00.03 ; elapsed = 00:00:00.03 . Memory (MB): peak = 3749.270 ; gain = 0.000 ; free physical = 8911 ; free virtual = 16654
Netlist sorting complete. Time (s): cpu = 00:00:00.01 ; elapsed = 00:00:00.01 . Memory (MB): peak = 3749.270 ; gain = 0.000 ; free physical = 8896 ; free virtual = 16639
INFO: [Project 1-111] Unisim Transformation Summary:
  A total of 355 instances were transformed.
  IOBUF => IOBUF (IBUF, OBUFT): 1 instance 
  IOBUFDS_DIFF_OUT_DCIEN => IOBUFDS_DIFF_OUT_DCIEN (IBUFDS_IBUFDISABLE_INT(x2), INV, OBUFTDS_DCIEN(x2)): 4 instances
  IOBUF_DCIEN => IOBUF_DCIEN (IBUF_IBUFDISABLE, OBUFT_DCIEN): 32 instances
  LUT6_2 => LUT6_2 (LUT5, LUT6): 17 instances
  OBUFDS => OBUFDS_DUAL_BUF (INV, OBUFDS(x2)): 1 instance 
  RAM32M => RAM32M (RAMD32(x6), RAMS32(x2)): 282 instances
  RAM32X1D => RAM32X1D (RAMD32(x2)): 18 instances

read_checkpoint: Time (s): cpu = 00:01:14 ; elapsed = 00:00:51 . Memory (MB): peak = 3749.270 ; gain = 46.656 ; free physical = 8975 ; free virtual = 16650
# puts "  -> RM accel2 chargé (STREAM_ID=2) : $rm_synth2"
  -> RM accel2 chargé (STREAM_ID=2) : /home/jc/tmp/riscv-iommu-demo/cva6/corev_apu/fpga/work-dpr/3_build_B_dpr/accel_default_accel2_synth.dcp
# puts "==> opt_design..."
==> opt_design...
# opt_design
Command: opt_design
Attempting to get a license for feature 'Implementation' and/or device 'xc7k325t'
INFO: [Common 17-349] Got license for feature 'Implementation' and/or device 'xc7k325t'
INFO: [Common 17-1540] The version limit for your license is '2025.10' and has expired for new software. A version limit expiration means that, although you may be able to continue to use the current version of tools or IP with this license, you will not be eligible for new releases.
Running DRC as a precondition to command opt_design

Starting DRC Task
INFO: [DRC 23-27] Running DRC with 8 threads
INFO: [Project 1-461] DRC finished with 0 Errors
INFO: [Project 1-462] Please refer to the DRC report (report_drc) for more information.

Time (s): cpu = 00:00:05 ; elapsed = 00:00:03 . Memory (MB): peak = 3773.281 ; gain = 24.012 ; free physical = 8935 ; free virtual = 16610

Starting Cache Timing Information Task
Ending Cache Timing Information Task | Checksum: 15b213971

Time (s): cpu = 00:00:03 ; elapsed = 00:00:02 . Memory (MB): peak = 3773.281 ; gain = 0.000 ; free physical = 8941 ; free virtual = 16616

Starting Logic Optimization Task

Phase 1 Retarget
INFO: [Opt 31-138] Pushed 0 inverter(s) to 0 load pin(s).
INFO: [Opt 31-49] Retargeted 0 cell(s).
Phase 1 Retarget | Checksum: 1b2aecb26

Time (s): cpu = 00:00:25 ; elapsed = 00:00:15 . Memory (MB): peak = 4107.273 ; gain = 170.125 ; free physical = 8808 ; free virtual = 16483
INFO: [Opt 31-389] Phase Retarget created 26 cells and removed 26 cells
INFO: [Opt 31-1021] In phase Retarget, 10814 netlist objects are constrained preventing optimization. Please run opt_design with -debug_log to get more detail. 

Phase 2 Constant propagation
INFO: [Opt 31-138] Pushed 0 inverter(s) to 0 load pin(s).
Phase 2 Constant propagation | Checksum: 1686fd351

Time (s): cpu = 00:00:27 ; elapsed = 00:00:18 . Memory (MB): peak = 4107.273 ; gain = 170.125 ; free physical = 8814 ; free virtual = 16489
INFO: [Opt 31-389] Phase Constant propagation created 4 cells and removed 12 cells
INFO: [Opt 31-1021] In phase Constant propagation, 300 netlist objects are constrained preventing optimization. Please run opt_design with -debug_log to get more detail. 

Phase 3 Sweep
Phase 3 Sweep | Checksum: 1effed3aa

Time (s): cpu = 00:00:31 ; elapsed = 00:00:22 . Memory (MB): peak = 4107.273 ; gain = 170.125 ; free physical = 8690 ; free virtual = 16365
INFO: [Opt 31-389] Phase Sweep created 0 cells and removed 0 cells
INFO: [Opt 31-1021] In phase Sweep, 612155 netlist objects are constrained preventing optimization. Please run opt_design with -debug_log to get more detail. 

Phase 4 BUFG optimization
Phase 4 BUFG optimization | Checksum: 1effed3aa

Time (s): cpu = 00:00:34 ; elapsed = 00:00:25 . Memory (MB): peak = 4107.273 ; gain = 170.125 ; free physical = 8775 ; free virtual = 16450
INFO: [Opt 31-662] Phase BUFG optimization created 0 cells of which 0 are BUFGs and removed 0 cells.

Phase 5 Shift Register Optimization
INFO: [Opt 31-1064] SRL Remap converted 0 SRLs to 0 registers and converted 0 registers of register chains to 0 SRLs
Phase 5 Shift Register Optimization | Checksum: 1effed3aa

Time (s): cpu = 00:00:36 ; elapsed = 00:00:27 . Memory (MB): peak = 4107.273 ; gain = 170.125 ; free physical = 8788 ; free virtual = 16463
INFO: [Opt 31-389] Phase Shift Register Optimization created 0 cells and removed 0 cells

Phase 6 Post Processing Netlist
Phase 6 Post Processing Netlist | Checksum: 1effed3aa

Time (s): cpu = 00:00:38 ; elapsed = 00:00:29 . Memory (MB): peak = 4107.273 ; gain = 170.125 ; free physical = 8804 ; free virtual = 16479
INFO: [Opt 31-389] Phase Post Processing Netlist created 0 cells and removed 0 cells
INFO: [Opt 31-1021] In phase Post Processing Netlist, 369 netlist objects are constrained preventing optimization. Please run opt_design with -debug_log to get more detail. 
Opt_design Change Summary
=========================


-------------------------------------------------------------------------------------------------------------------------
|  Phase                        |  #Cells created  |  #Cells Removed  |  #Constrained objects preventing optimizations  |
-------------------------------------------------------------------------------------------------------------------------
|  Retarget                     |              26  |              26  |                                          10814  |
|  Constant propagation         |               4  |              12  |                                            300  |
|  Sweep                        |               0  |               0  |                                         612155  |
|  BUFG optimization            |               0  |               0  |                                              0  |
|  Shift Register Optimization  |               0  |               0  |                                              0  |
|  Post Processing Netlist      |               0  |               0  |                                            369  |
-------------------------------------------------------------------------------------------------------------------------



Starting Connectivity Check Task

Time (s): cpu = 00:00:00.29 ; elapsed = 00:00:00.29 . Memory (MB): peak = 4107.273 ; gain = 0.000 ; free physical = 8806 ; free virtual = 16481
Ending Logic Optimization Task | Checksum: 1d160e7b2

Time (s): cpu = 00:00:40 ; elapsed = 00:00:31 . Memory (MB): peak = 4107.273 ; gain = 170.125 ; free physical = 8816 ; free virtual = 16491

Starting Power Optimization Task
INFO: [Pwropt 34-132] Skipping clock gating for clocks with a period < 2.00 ns.
INFO: [Pwropt 34-232] Skipping BRAM gating because all BRAMs are in high frequency (i.e. period < 3.12 ns) clock domains.
INFO: [Pwropt 34-162] WRITE_MODE attribute of 0 BRAM(s) out of a total of 53 has been updated to save power. Run report_power_opt to get a complete listing of the BRAMs updated.
Ending Power Optimization Task | Checksum: 1d160e7b2

Time (s): cpu = 00:00:03 ; elapsed = 00:00:03 . Memory (MB): peak = 4299.273 ; gain = 192.000 ; free physical = 8765 ; free virtual = 16440

Starting Final Cleanup Task
Ending Final Cleanup Task | Checksum: 1d160e7b2

Time (s): cpu = 00:00:02 ; elapsed = 00:00:02 . Memory (MB): peak = 4299.273 ; gain = 0.000 ; free physical = 8782 ; free virtual = 16457

Starting Netlist Obfuscation Task
Netlist sorting complete. Time (s): cpu = 00:00:00.01 ; elapsed = 00:00:00.01 . Memory (MB): peak = 4299.273 ; gain = 0.000 ; free physical = 8782 ; free virtual = 16457
Ending Netlist Obfuscation Task | Checksum: 1d160e7b2

Time (s): cpu = 00:00:02 ; elapsed = 00:00:02 . Memory (MB): peak = 4299.273 ; gain = 0.000 ; free physical = 8791 ; free virtual = 16466
INFO: [Common 17-83] Releasing license: Implementation
23 Infos, 0 Warnings, 0 Critical Warnings and 0 Errors encountered.
opt_design completed successfully
opt_design: Time (s): cpu = 00:00:56 ; elapsed = 00:00:45 . Memory (MB): peak = 4299.273 ; gain = 550.004 ; free physical = 8791 ; free virtual = 16466
# puts "==> place_design..."
==> place_design...
# place_design
Command: place_design
Attempting to get a license for feature 'Implementation' and/or device 'xc7k325t'
INFO: [Common 17-349] Got license for feature 'Implementation' and/or device 'xc7k325t'
INFO: [Common 17-1540] The version limit for your license is '2025.10' and has expired for new software. A version limit expiration means that, although you may be able to continue to use the current version of tools or IP with this license, you will not be eligible for new releases.
INFO: [DRC 23-27] Running DRC with 8 threads
INFO: [Vivado_Tcl 4-198] DRC finished with 0 Errors
INFO: [Vivado_Tcl 4-199] Please refer to the DRC report (report_drc) for more information.
Running DRC as a precondition to command place_design
INFO: [DRC 23-27] Running DRC with 8 threads
GCIO site IOB_X0Y22
GCIO site IOB_X0Y24
GCIO site IOB_X0Y26
GCIO site IOB_X0Y28
GCIO site IOB_X1Y22
GCIO site IOB_X1Y24
GCIO site IOB_X1Y26
GCIO site IOB_X1Y28
GCIO site IOB_X0Y72
GCIO site IOB_X0Y74
GCIO site IOB_X0Y76
GCIO site IOB_X0Y78
GCIO site IOB_X1Y72
GCIO site IOB_X1Y74
GCIO site IOB_X1Y76
GCIO site IOB_X1Y78
GCIO site IOB_X0Y122
GCIO site IOB_X0Y124
GCIO site IOB_X0Y126
GCIO site IOB_X0Y128
GCIO site IOB_X1Y122
GCIO site IOB_X1Y124
GCIO site IOB_X1Y126
GCIO site IOB_X1Y128
GCIO site IOB_X0Y172
GCIO site IOB_X0Y174
GCIO site IOB_X0Y176
GCIO site IOB_X0Y178
GCIO site IOB_X0Y222
GCIO site IOB_X0Y224
GCIO site IOB_X0Y226
GCIO site IOB_X0Y228
GCIO site IOB_X0Y272
GCIO site IOB_X0Y274
GCIO site IOB_X0Y276
GCIO site IOB_X0Y278
GCIO site IOB_X0Y322
GCIO site IOB_X0Y324
GCIO site IOB_X0Y326
GCIO site IOB_X0Y328
WARNING: [DRC 23-804] Only the first 20 REQP-1839 messages were issued by report_drc. An additional 1 messages have not been issued. Use 'set_property MAX_MESSAGES <number> [get_drc_check REQP-1839]' to change the number of messages that should be reported.
INFO: [Vivado_Tcl 4-198] DRC finished with 0 Errors, 34 Warnings
INFO: [Vivado_Tcl 4-199] Please refer to the DRC report (report_drc) for more information.

Starting Placer Task
INFO: [Place 30-611] Multithreading enabled for place_design using a maximum of 8 CPUs

Phase 1 Placer Initialization

Phase 1.1 Placer Initialization Netlist Sorting
Netlist sorting complete. Time (s): cpu = 00:00:00.01 ; elapsed = 00:00:00.01 . Memory (MB): peak = 4331.289 ; gain = 0.000 ; free physical = 8540 ; free virtual = 16214
Phase 1.1 Placer Initialization Netlist Sorting | Checksum: 10d915b03

Time (s): cpu = 00:00:00.95 ; elapsed = 00:00:01 . Memory (MB): peak = 4331.289 ; gain = 0.000 ; free physical = 8540 ; free virtual = 16215
Netlist sorting complete. Time (s): cpu = 00:00:00.01 ; elapsed = 00:00:00.01 . Memory (MB): peak = 4331.289 ; gain = 0.000 ; free physical = 8545 ; free virtual = 16220

Phase 1.2 IO Placement/ Clock Placement/ Build Placer Device
INFO: [Timing 38-35] Done setting XDC timing constraints.
GCIO site IOB_X0Y22
GCIO site IOB_X0Y24
GCIO site IOB_X0Y26
GCIO site IOB_X0Y28
GCIO site IOB_X1Y22
GCIO site IOB_X1Y24
GCIO site IOB_X1Y26
GCIO site IOB_X1Y28
GCIO site IOB_X0Y72
GCIO site IOB_X0Y74
GCIO site IOB_X0Y76
GCIO site IOB_X0Y78
GCIO site IOB_X1Y72
GCIO site IOB_X1Y74
GCIO site IOB_X1Y76
GCIO site IOB_X1Y78
GCIO site IOB_X0Y122
GCIO site IOB_X0Y124
GCIO site IOB_X0Y126
GCIO site IOB_X0Y128
GCIO site IOB_X1Y122
GCIO site IOB_X1Y124
GCIO site IOB_X1Y126
GCIO site IOB_X1Y128
GCIO site IOB_X0Y172
GCIO site IOB_X0Y174
GCIO site IOB_X0Y176
GCIO site IOB_X0Y178
GCIO site IOB_X0Y222
GCIO site IOB_X0Y224
GCIO site IOB_X0Y226
GCIO site IOB_X0Y228
GCIO site IOB_X0Y272
GCIO site IOB_X0Y274
GCIO site IOB_X0Y276
GCIO site IOB_X0Y278
GCIO site IOB_X0Y322
GCIO site IOB_X0Y324
GCIO site IOB_X0Y326
GCIO site IOB_X0Y328
WARNING: [Place 30-575] Sub-optimal placement for a clock-capable IO pin and MMCM pair. This is normally an ERROR but the CLOCK_DEDICATED_ROUTE constraint is set to FALSE allowing your design to continue. The use of this override is highly discouraged as it may lead to very poor timing results. It is recommended that this error condition be corrected in the design.

	i_ddr/u_xlnx_mig_7_ddr3_mig/u_ddr3_clk_ibuf/diff_input_clk.u_ibufg_sys_clk (IBUFDS.O) is locked to IOB_X1Y76
	i_ddr/u_xlnx_mig_7_ddr3_mig/u_iodelay_ctrl/clk_ref_mmcm_gen.mmcm_i (MMCME2_ADV.CLKIN1) is locked to MMCME2_ADV_X1Y2
Resolution: A dedicated routing path between the two can be used if: (a) The clock-capable IO (CCIO) is placed on a CCIO capable site (b) The MMCM is placed in the same clock region as the CCIO pin. If the IOB is driving multiple MMCMs, all MMCMs must be placed in the same clock region, one clock region above or one clock region below the IOB. Both the above conditions must be met at the same time, else it may lead to longer and less predictable clock insertion delays.
Phase 1.2 IO Placement/ Clock Placement/ Build Placer Device | Checksum: dda9c509

Time (s): cpu = 00:00:20 ; elapsed = 00:00:16 . Memory (MB): peak = 4502.000 ; gain = 170.711 ; free physical = 8247 ; free virtual = 15922

Phase 1.3 Build Placer Netlist Model
Phase 1.3 Build Placer Netlist Model | Checksum: 1f86a5426

Time (s): cpu = 00:00:58 ; elapsed = 00:00:36 . Memory (MB): peak = 4831.129 ; gain = 499.840 ; free physical = 7964 ; free virtual = 15639

Phase 1.4 Constrain Clocks/Macros
Phase 1.4 Constrain Clocks/Macros | Checksum: 1f86a5426

Time (s): cpu = 00:00:58 ; elapsed = 00:00:37 . Memory (MB): peak = 4831.129 ; gain = 499.840 ; free physical = 7964 ; free virtual = 15639
Phase 1 Placer Initialization | Checksum: 1f86a5426

Time (s): cpu = 00:01:07 ; elapsed = 00:00:42 . Memory (MB): peak = 4855.141 ; gain = 523.852 ; free physical = 7994 ; free virtual = 15669

Phase 2 Global Placement

Phase 2.1 Floorplanning
Phase 2.1 Floorplanning | Checksum: 1567f04c7

Time (s): cpu = 00:01:30 ; elapsed = 00:00:49 . Memory (MB): peak = 4919.172 ; gain = 587.883 ; free physical = 7922 ; free virtual = 15597

Phase 2.2 Update Timing before SLR Path Opt
Phase 2.2 Update Timing before SLR Path Opt | Checksum: 1f98aac6f

Time (s): cpu = 00:01:48 ; elapsed = 00:00:55 . Memory (MB): peak = 4919.172 ; gain = 587.883 ; free physical = 7923 ; free virtual = 15598

Phase 2.3 Post-Processing in Floorplanning
Phase 2.3 Post-Processing in Floorplanning | Checksum: 1f98aac6f

Time (s): cpu = 00:01:49 ; elapsed = 00:00:55 . Memory (MB): peak = 4919.172 ; gain = 587.883 ; free physical = 7928 ; free virtual = 15603

Phase 2.4 Global Placement Core

Phase 2.4.1 UpdateTiming Before Physical Synthesis
Phase 2.4.1 UpdateTiming Before Physical Synthesis | Checksum: 13672b180

Time (s): cpu = 00:02:28 ; elapsed = 00:01:11 . Memory (MB): peak = 4927.176 ; gain = 595.887 ; free physical = 7911 ; free virtual = 15586

Phase 2.4.2 Physical Synthesis In Placer
INFO: [Physopt 32-1044] Break lutnm for timing: one critical 0, two critical 0, total 0, new lutff created 0
INFO: [Physopt 32-1138] End 1 Pass. Optimized 0 net or LUT. Breaked 0 LUT, combined 0 existing LUT and moved 0 existing LUT
INFO: [Physopt 32-65] No nets found for high-fanout optimization.
INFO: [Physopt 32-232] Optimized 0 net. Created 0 new instance.
INFO: [Physopt 32-775] End 1 Pass. Optimized 0 net or cell. Created 0 new cell, deleted 0 existing cell and moved 0 existing cell
INFO: [Physopt 32-896] DSP i_ariane/i_cva6/ex_stage_i/fpu_gen.fpu_i/fpu_gen.i_fpnew_bulk/gen_operation_groups[0].i_opgroup_block/gen_parallel_slices[0].active_format.i_fmt_slice/gen_num_lanes[0].active_lane.lane_instance.i_fma/product is not considered for optimization due to don't touch constraint
INFO: [Physopt 32-896] DSP i_ariane/i_cva6/ex_stage_i/fpu_gen.fpu_i/fpu_gen.i_fpnew_bulk/gen_operation_groups[0].i_opgroup_block/gen_parallel_slices[0].active_format.i_fmt_slice/gen_num_lanes[0].active_lane.lane_instance.i_fma/product__0 is not considered for optimization due to don't touch constraint
INFO: [Physopt 32-896] DSP i_ariane/i_cva6/ex_stage_i/fpu_gen.fpu_i/fpu_gen.i_fpnew_bulk/gen_operation_groups[0].i_opgroup_block/gen_parallel_slices[1].active_format.i_fmt_slice/gen_num_lanes[0].active_lane.lane_instance.i_fma/product is not considered for optimization due to don't touch constraint
INFO: [Physopt 32-896] DSP i_ariane/i_cva6/ex_stage_i/fpu_gen.fpu_i/fpu_gen.i_fpnew_bulk/gen_operation_groups[0].i_opgroup_block/gen_parallel_slices[1].active_format.i_fmt_slice/gen_num_lanes[0].active_lane.lane_instance.i_fma/product__0 is not considered for optimization due to don't touch constraint
INFO: [Physopt 32-896] DSP i_ariane/i_cva6/ex_stage_i/fpu_gen.fpu_i/fpu_gen.i_fpnew_bulk/gen_operation_groups[0].i_opgroup_block/gen_parallel_slices[1].active_format.i_fmt_slice/gen_num_lanes[0].active_lane.lane_instance.i_fma/product__1 is not considered for optimization due to don't touch constraint
INFO: [Physopt 32-896] DSP i_ariane/i_cva6/ex_stage_i/fpu_gen.fpu_i/fpu_gen.i_fpnew_bulk/gen_operation_groups[0].i_opgroup_block/gen_parallel_slices[1].active_format.i_fmt_slice/gen_num_lanes[0].active_lane.lane_instance.i_fma/product__2 is not considered for optimization due to don't touch constraint
INFO: [Physopt 32-896] DSP i_ariane/i_cva6/ex_stage_i/fpu_gen.fpu_i/fpu_gen.i_fpnew_bulk/gen_operation_groups[0].i_opgroup_block/gen_parallel_slices[1].active_format.i_fmt_slice/gen_num_lanes[0].active_lane.lane_instance.i_fma/product__3 is not considered for optimization due to don't touch constraint
INFO: [Physopt 32-896] DSP i_ariane/i_cva6/ex_stage_i/fpu_gen.fpu_i/fpu_gen.i_fpnew_bulk/gen_operation_groups[0].i_opgroup_block/gen_parallel_slices[1].active_format.i_fmt_slice/gen_num_lanes[0].active_lane.lane_instance.i_fma/product__4 is not considered for optimization due to don't touch constraint
INFO: [Physopt 32-896] DSP i_ariane/i_cva6/ex_stage_i/fpu_gen.fpu_i/fpu_gen.i_fpnew_bulk/gen_operation_groups[0].i_opgroup_block/gen_parallel_slices[1].active_format.i_fmt_slice/gen_num_lanes[0].active_lane.lane_instance.i_fma/product__5 is not considered for optimization due to don't touch constraint
INFO: [Physopt 32-896] DSP i_ariane/i_cva6/ex_stage_i/fpu_gen.fpu_i/fpu_gen.i_fpnew_bulk/gen_operation_groups[0].i_opgroup_block/gen_parallel_slices[1].active_format.i_fmt_slice/gen_num_lanes[0].active_lane.lane_instance.i_fma/product__6 is not considered for optimization due to don't touch constraint
INFO: [Physopt 32-896] DSP i_ariane/i_cva6/ex_stage_i/fpu_gen.fpu_i/fpu_gen.i_fpnew_bulk/gen_operation_groups[0].i_opgroup_block/gen_parallel_slices[1].active_format.i_fmt_slice/gen_num_lanes[0].active_lane.lane_instance.i_fma/product__7 is not considered for optimization due to don't touch constraint
INFO: [Physopt 32-896] DSP i_ariane/i_cva6/ex_stage_i/i_mult/i_multiplier/mult_result_d is not considered for optimization due to don't touch constraint
INFO: [Physopt 32-896] DSP i_ariane/i_cva6/ex_stage_i/i_mult/i_multiplier/mult_result_d__0 is not considered for optimization due to don't touch constraint
INFO: [Physopt 32-896] DSP i_ariane/i_cva6/ex_stage_i/i_mult/i_multiplier/mult_result_d__1 is not considered for optimization due to don't touch constraint
INFO: [Physopt 32-896] DSP i_ariane/i_cva6/ex_stage_i/i_mult/i_multiplier/mult_result_d__10 is not considered for optimization due to don't touch constraint
INFO: [Physopt 32-896] DSP i_ariane/i_cva6/ex_stage_i/i_mult/i_multiplier/mult_result_d__11 is not considered for optimization due to don't touch constraint
INFO: [Physopt 32-896] DSP i_ariane/i_cva6/ex_stage_i/i_mult/i_multiplier/mult_result_d__12 is not considered for optimization due to don't touch constraint
INFO: [Physopt 32-896] DSP i_ariane/i_cva6/ex_stage_i/i_mult/i_multiplier/mult_result_d__13 is not considered for optimization due to don't touch constraint
INFO: [Physopt 32-896] DSP i_ariane/i_cva6/ex_stage_i/i_mult/i_multiplier/mult_result_d__14 is not considered for optimization due to don't touch constraint
INFO: [Physopt 32-896] DSP i_ariane/i_cva6/ex_stage_i/i_mult/i_multiplier/mult_result_d__2 is not considered for optimization due to don't touch constraint
INFO: [Physopt 32-896] DSP i_ariane/i_cva6/ex_stage_i/i_mult/i_multiplier/mult_result_d__3 is not considered for optimization due to don't touch constraint
INFO: [Physopt 32-896] DSP i_ariane/i_cva6/ex_stage_i/i_mult/i_multiplier/mult_result_d__4 is not considered for optimization due to don't touch constraint
INFO: [Physopt 32-896] DSP i_ariane/i_cva6/ex_stage_i/i_mult/i_multiplier/mult_result_d__5 is not considered for optimization due to don't touch constraint
INFO: [Physopt 32-896] DSP i_ariane/i_cva6/ex_stage_i/i_mult/i_multiplier/mult_result_d__6 is not considered for optimization due to don't touch constraint
INFO: [Physopt 32-896] DSP i_ariane/i_cva6/ex_stage_i/i_mult/i_multiplier/mult_result_d__7 is not considered for optimization due to don't touch constraint
INFO: [Physopt 32-896] DSP i_ariane/i_cva6/ex_stage_i/i_mult/i_multiplier/mult_result_d__8 is not considered for optimization due to don't touch constraint
INFO: [Physopt 32-896] DSP i_ariane/i_cva6/ex_stage_i/i_mult/i_multiplier/mult_result_d__9 is not considered for optimization due to don't touch constraint
INFO: [Physopt 32-456] No candidate cells for DSP register optimization found in the design.
INFO: [Physopt 32-775] End 2 Pass. Optimized 0 net or cell. Created 0 new cell, deleted 0 existing cell and moved 0 existing cell
INFO: [Physopt 32-1123] No candidate cells found for Shift Register to Pipeline optimization
INFO: [Physopt 32-775] End 2 Pass. Optimized 0 net or cell. Created 0 new cell, deleted 0 existing cell and moved 0 existing cell
INFO: [Physopt 32-677] No candidate cells for Shift Register optimization found in the design
INFO: [Physopt 32-775] End 1 Pass. Optimized 0 net or cell. Created 0 new cell, deleted 0 existing cell and moved 0 existing cell
INFO: [Physopt 32-526] No candidate cells for BRAM register optimization found in the design
INFO: [Physopt 32-775] End 1 Pass. Optimized 0 net or cell. Created 0 new cell, deleted 0 existing cell and moved 0 existing cell
INFO: [Physopt 32-846] No candidate cells for URAM register optimization found in the design
INFO: [Physopt 32-775] End 2 Pass. Optimized 0 net or cell. Created 0 new cell, deleted 0 existing cell and moved 0 existing cell
INFO: [Physopt 32-949] No candidate nets found for dynamic/static region interface net replication
INFO: [Physopt 32-775] End 1 Pass. Optimized 0 net or cell. Created 0 new cell, deleted 0 existing cell and moved 0 existing cell
Netlist sorting complete. Time (s): cpu = 00:00:00.02 ; elapsed = 00:00:00.01 . Memory (MB): peak = 4927.176 ; gain = 0.000 ; free physical = 7907 ; free virtual = 15582

Summary of Physical Synthesis Optimizations
============================================


-----------------------------------------------------------------------------------------------------------------------------------------------------------
|  Optimization                                     |  Added Cells  |  Removed Cells  |  Optimized Cells/Nets  |  Dont Touch  |  Iterations  |  Elapsed   |
-----------------------------------------------------------------------------------------------------------------------------------------------------------
|  LUT Combining                                    |            0  |              0  |                     0  |           0  |           1  |  00:00:00  |
|  Retime                                           |            0  |              0  |                     0  |           0  |           1  |  00:00:00  |
|  Very High Fanout                                 |            0  |              0  |                     0  |           0  |           1  |  00:00:00  |
|  DSP Register                                     |            0  |              0  |                     0  |          27  |           1  |  00:00:00  |
|  Shift Register to Pipeline                       |            0  |              0  |                     0  |           0  |           1  |  00:00:00  |
|  Shift Register                                   |            0  |              0  |                     0  |           0  |           1  |  00:00:00  |
|  BRAM Register                                    |            0  |              0  |                     0  |          53  |           1  |  00:00:00  |
|  URAM Register                                    |            0  |              0  |                     0  |           0  |           1  |  00:00:00  |
|  Dynamic/Static Region Interface Net Replication  |            0  |              0  |                     0  |           0  |           1  |  00:00:00  |
|  Total                                            |            0  |              0  |                     0  |          80  |           9  |  00:00:01  |
-----------------------------------------------------------------------------------------------------------------------------------------------------------


Phase 2.4.2 Physical Synthesis In Placer | Checksum: 13672b180

Time (s): cpu = 00:02:32 ; elapsed = 00:01:16 . Memory (MB): peak = 4927.176 ; gain = 595.887 ; free physical = 7932 ; free virtual = 15607
Phase 2.4 Global Placement Core | Checksum: 17b5d3baf

Time (s): cpu = 00:02:35 ; elapsed = 00:01:17 . Memory (MB): peak = 4927.176 ; gain = 595.887 ; free physical = 7947 ; free virtual = 15622
Phase 2 Global Placement | Checksum: 17b5d3baf

Time (s): cpu = 00:02:36 ; elapsed = 00:01:17 . Memory (MB): peak = 4927.176 ; gain = 595.887 ; free physical = 7968 ; free virtual = 15643

Phase 3 Detail Placement

Phase 3.1 Commit Multi Column Macros
Phase 3.1 Commit Multi Column Macros | Checksum: 1af35ad7f

Time (s): cpu = 00:02:41 ; elapsed = 00:01:22 . Memory (MB): peak = 4927.176 ; gain = 595.887 ; free physical = 7981 ; free virtual = 15657

Phase 3.2 Commit Most Macros & LUTRAMs
Phase 3.2 Commit Most Macros & LUTRAMs | Checksum: 18ffe701a

Time (s): cpu = 00:02:43 ; elapsed = 00:01:24 . Memory (MB): peak = 4927.176 ; gain = 595.887 ; free physical = 7947 ; free virtual = 15622

Phase 3.3 Area Swap Optimization
Phase 3.3 Area Swap Optimization | Checksum: 155e5d84f

Time (s): cpu = 00:02:44 ; elapsed = 00:01:25 . Memory (MB): peak = 4927.176 ; gain = 595.887 ; free physical = 7952 ; free virtual = 15627

Phase 3.4 Pipeline Register Optimization
Phase 3.4 Pipeline Register Optimization | Checksum: 155e5d84f

Time (s): cpu = 00:02:45 ; elapsed = 00:01:25 . Memory (MB): peak = 4927.176 ; gain = 595.887 ; free physical = 7957 ; free virtual = 15632

Phase 3.5 Fast Optimization
Phase 3.5 Fast Optimization | Checksum: 16e073a67

Time (s): cpu = 00:03:30 ; elapsed = 00:01:40 . Memory (MB): peak = 4927.176 ; gain = 595.887 ; free physical = 7936 ; free virtual = 15611

Phase 3.6 Small Shape Detail Placement
Phase 3.6 Small Shape Detail Placement | Checksum: 256ef4882

Time (s): cpu = 00:03:35 ; elapsed = 00:01:43 . Memory (MB): peak = 4927.176 ; gain = 595.887 ; free physical = 7933 ; free virtual = 15609

Phase 3.7 Re-assign LUT pins
Phase 3.7 Re-assign LUT pins | Checksum: 24027a2d4

Time (s): cpu = 00:03:36 ; elapsed = 00:01:44 . Memory (MB): peak = 4927.176 ; gain = 595.887 ; free physical = 7940 ; free virtual = 15616

Phase 3.8 Pipeline Register Optimization
Phase 3.8 Pipeline Register Optimization | Checksum: 24027a2d4

Time (s): cpu = 00:03:36 ; elapsed = 00:01:45 . Memory (MB): peak = 4927.176 ; gain = 595.887 ; free physical = 7943 ; free virtual = 15618

Phase 3.9 Fast Optimization
Phase 3.9 Fast Optimization | Checksum: 277eb14c3

Time (s): cpu = 00:04:49 ; elapsed = 00:02:10 . Memory (MB): peak = 4927.176 ; gain = 595.887 ; free physical = 7981 ; free virtual = 15657
Phase 3 Detail Placement | Checksum: 277eb14c3

Time (s): cpu = 00:04:49 ; elapsed = 00:02:11 . Memory (MB): peak = 4927.176 ; gain = 595.887 ; free physical = 7985 ; free virtual = 15660

Phase 4 Post Placement Optimization and Clean-Up

Phase 4.1 Post Commit Optimization
INFO: [Timing 38-35] Done setting XDC timing constraints.

Phase 4.1.1 Post Placement Optimization
Post Placement Optimization Initialization | Checksum: 1a8726230

Phase 4.1.1.1 BUFG Insertion

Starting Physical Synthesis Task

Phase 1 Physical Synthesis Initialization
INFO: [Physopt 32-721] Multithreading enabled for phys_opt_design using a maximum of 8 CPUs
INFO: [Physopt 32-619] Estimated Timing Summary | WNS=-1.099 | TNS=-18.256 |
Phase 1 Physical Synthesis Initialization | Checksum: 1a788817f

Time (s): cpu = 00:00:16 ; elapsed = 00:00:07 . Memory (MB): peak = 4927.176 ; gain = 0.000 ; free physical = 8099 ; free virtual = 15774
INFO: [Place 46-56] BUFG insertion identified 0 candidate nets. Inserted BUFG: 0, Replicated BUFG Driver: 0, Skipped due to Placement/Routing Conflicts: 0, Skipped due to Timing Degradation: 0, Skipped due to Illegal Netlist: 0.
Ending Physical Synthesis Task | Checksum: 1a7951db0

Time (s): cpu = 00:00:19 ; elapsed = 00:00:09 . Memory (MB): peak = 4927.176 ; gain = 0.000 ; free physical = 8090 ; free virtual = 15766
Phase 4.1.1.1 BUFG Insertion | Checksum: 1a8726230

Time (s): cpu = 00:06:50 ; elapsed = 00:02:55 . Memory (MB): peak = 4927.176 ; gain = 595.887 ; free physical = 8095 ; free virtual = 15770

Phase 4.1.1.2 Post Placement Timing Optimization
INFO: [Place 30-746] Post Placement Timing Summary WNS=-1.099. For the most accurate timing information please run report_timing.
Phase 4.1.1.2 Post Placement Timing Optimization | Checksum: 134e66548

Time (s): cpu = 00:06:52 ; elapsed = 00:02:57 . Memory (MB): peak = 4927.176 ; gain = 595.887 ; free physical = 8069 ; free virtual = 15744

Time (s): cpu = 00:06:52 ; elapsed = 00:02:57 . Memory (MB): peak = 4927.176 ; gain = 595.887 ; free physical = 8071 ; free virtual = 15747
Phase 4.1 Post Commit Optimization | Checksum: 134e66548

Time (s): cpu = 00:06:53 ; elapsed = 00:02:57 . Memory (MB): peak = 4927.176 ; gain = 595.887 ; free physical = 8082 ; free virtual = 15757

Phase 4.2 Post Placement Cleanup
Phase 4.2 Post Placement Cleanup | Checksum: 156bdfeb5

Time (s): cpu = 00:06:55 ; elapsed = 00:02:59 . Memory (MB): peak = 4927.176 ; gain = 595.887 ; free physical = 8094 ; free virtual = 15769

Phase 4.3 Placer Reporting

Phase 4.3.1 Print Estimated Congestion
INFO: [Place 30-612] Post-Placement Estimated Congestion 
 ____________________________________________________
|           | Global Congestion | Short Congestion  |
| Direction | Region Size       | Region Size       |
|___________|___________________|___________________|
|      North|                8x8|                4x4|
|___________|___________________|___________________|
|      South|                8x8|                8x8|
|___________|___________________|___________________|
|       East|                8x8|                8x8|
|___________|___________________|___________________|
|       West|              16x16|                4x4|
|___________|___________________|___________________|

Phase 4.3.1 Print Estimated Congestion | Checksum: 156bdfeb5

Time (s): cpu = 00:06:57 ; elapsed = 00:03:01 . Memory (MB): peak = 4927.176 ; gain = 595.887 ; free physical = 8099 ; free virtual = 15774
Phase 4.3 Placer Reporting | Checksum: 156bdfeb5

Time (s): cpu = 00:06:59 ; elapsed = 00:03:03 . Memory (MB): peak = 4927.176 ; gain = 595.887 ; free physical = 8098 ; free virtual = 15773

Phase 4.4 Final Placement Cleanup
Netlist sorting complete. Time (s): cpu = 00:00:00.02 ; elapsed = 00:00:00.01 . Memory (MB): peak = 4927.176 ; gain = 0.000 ; free physical = 8113 ; free virtual = 15789

Time (s): cpu = 00:06:59 ; elapsed = 00:03:03 . Memory (MB): peak = 4927.176 ; gain = 595.887 ; free physical = 8113 ; free virtual = 15789
Phase 4 Post Placement Optimization and Clean-Up | Checksum: 1c5016260

Time (s): cpu = 00:07:00 ; elapsed = 00:03:05 . Memory (MB): peak = 4927.176 ; gain = 595.887 ; free physical = 8111 ; free virtual = 15786
Ending Placer Task | Checksum: 173e08e19

Time (s): cpu = 00:07:02 ; elapsed = 00:03:07 . Memory (MB): peak = 4927.176 ; gain = 595.887 ; free physical = 8158 ; free virtual = 15833
INFO: [Common 17-83] Releasing license: Implementation
61 Infos, 2 Warnings, 0 Critical Warnings and 0 Errors encountered.
place_design completed successfully
place_design: Time (s): cpu = 00:07:16 ; elapsed = 00:03:13 . Memory (MB): peak = 4927.176 ; gain = 627.902 ; free physical = 8487 ; free virtual = 16162
# puts "==> phys_opt_design..."
==> phys_opt_design...
# phys_opt_design
Command: phys_opt_design
Attempting to get a license for feature 'Implementation' and/or device 'xc7k325t'
INFO: [Common 17-349] Got license for feature 'Implementation' and/or device 'xc7k325t'
INFO: [Common 17-1540] The version limit for your license is '2025.10' and has expired for new software. A version limit expiration means that, although you may be able to continue to use the current version of tools or IP with this license, you will not be eligible for new releases.

Starting Initial Update Timing Task

Time (s): cpu = 00:00:38 ; elapsed = 00:00:12 . Memory (MB): peak = 4944.438 ; gain = 0.000 ; free physical = 8387 ; free virtual = 16063
INFO: [Vivado_Tcl 4-1435] PhysOpt_Tcl_Interface Runtime Before Starting Physical Synthesis Task | CPU: 60.75s |  WALL: 15.59s
Netlist sorting complete. Time (s): cpu = 00:00:00.02 ; elapsed = 00:00:00.02 . Memory (MB): peak = 4944.438 ; gain = 0.000 ; free physical = 8389 ; free virtual = 16065

Starting Physical Synthesis Task

Phase 1 Physical Synthesis Initialization
INFO: [Physopt 32-245] Routed nets are present in the design. phys_opt_design will optimize unrouted part of the design.
INFO: [Physopt 32-721] Multithreading enabled for phys_opt_design using a maximum of 8 CPUs
INFO: [Physopt 32-619] Estimated Timing Summary | WNS=-1.099 | TNS=-18.256 |
Phase 1 Physical Synthesis Initialization | Checksum: 234a58c53

Time (s): cpu = 00:00:27 ; elapsed = 00:00:14 . Memory (MB): peak = 5062.254 ; gain = 117.816 ; free physical = 8312 ; free virtual = 15987
INFO: [Physopt 32-245] Routed nets are present in the design. phys_opt_design will optimize unrouted part of the design.
INFO: [Physopt 32-619] Estimated Timing Summary | WNS=-1.099 | TNS=-18.256 |

Phase 2 DSP Register Optimization
INFO: [Physopt 32-896] DSP i_ariane/i_cva6/ex_stage_i/fpu_gen.fpu_i/fpu_gen.i_fpnew_bulk/gen_operation_groups[0].i_opgroup_block/gen_parallel_slices[0].active_format.i_fmt_slice/gen_num_lanes[0].active_lane.lane_instance.i_fma/product is not considered for optimization due to don't touch constraint
INFO: [Physopt 32-896] DSP i_ariane/i_cva6/ex_stage_i/fpu_gen.fpu_i/fpu_gen.i_fpnew_bulk/gen_operation_groups[0].i_opgroup_block/gen_parallel_slices[0].active_format.i_fmt_slice/gen_num_lanes[0].active_lane.lane_instance.i_fma/product__0 is not considered for optimization due to don't touch constraint
INFO: [Physopt 32-896] DSP i_ariane/i_cva6/ex_stage_i/fpu_gen.fpu_i/fpu_gen.i_fpnew_bulk/gen_operation_groups[0].i_opgroup_block/gen_parallel_slices[1].active_format.i_fmt_slice/gen_num_lanes[0].active_lane.lane_instance.i_fma/product is not considered for optimization due to don't touch constraint
INFO: [Physopt 32-896] DSP i_ariane/i_cva6/ex_stage_i/fpu_gen.fpu_i/fpu_gen.i_fpnew_bulk/gen_operation_groups[0].i_opgroup_block/gen_parallel_slices[1].active_format.i_fmt_slice/gen_num_lanes[0].active_lane.lane_instance.i_fma/product__0 is not considered for optimization due to don't touch constraint
INFO: [Physopt 32-896] DSP i_ariane/i_cva6/ex_stage_i/fpu_gen.fpu_i/fpu_gen.i_fpnew_bulk/gen_operation_groups[0].i_opgroup_block/gen_parallel_slices[1].active_format.i_fmt_slice/gen_num_lanes[0].active_lane.lane_instance.i_fma/product__1 is not considered for optimization due to don't touch constraint
INFO: [Physopt 32-896] DSP i_ariane/i_cva6/ex_stage_i/fpu_gen.fpu_i/fpu_gen.i_fpnew_bulk/gen_operation_groups[0].i_opgroup_block/gen_parallel_slices[1].active_format.i_fmt_slice/gen_num_lanes[0].active_lane.lane_instance.i_fma/product__2 is not considered for optimization due to don't touch constraint
INFO: [Physopt 32-896] DSP i_ariane/i_cva6/ex_stage_i/fpu_gen.fpu_i/fpu_gen.i_fpnew_bulk/gen_operation_groups[0].i_opgroup_block/gen_parallel_slices[1].active_format.i_fmt_slice/gen_num_lanes[0].active_lane.lane_instance.i_fma/product__3 is not considered for optimization due to don't touch constraint
INFO: [Physopt 32-896] DSP i_ariane/i_cva6/ex_stage_i/fpu_gen.fpu_i/fpu_gen.i_fpnew_bulk/gen_operation_groups[0].i_opgroup_block/gen_parallel_slices[1].active_format.i_fmt_slice/gen_num_lanes[0].active_lane.lane_instance.i_fma/product__4 is not considered for optimization due to don't touch constraint
INFO: [Physopt 32-896] DSP i_ariane/i_cva6/ex_stage_i/fpu_gen.fpu_i/fpu_gen.i_fpnew_bulk/gen_operation_groups[0].i_opgroup_block/gen_parallel_slices[1].active_format.i_fmt_slice/gen_num_lanes[0].active_lane.lane_instance.i_fma/product__5 is not considered for optimization due to don't touch constraint
INFO: [Physopt 32-896] DSP i_ariane/i_cva6/ex_stage_i/fpu_gen.fpu_i/fpu_gen.i_fpnew_bulk/gen_operation_groups[0].i_opgroup_block/gen_parallel_slices[1].active_format.i_fmt_slice/gen_num_lanes[0].active_lane.lane_instance.i_fma/product__6 is not considered for optimization due to don't touch constraint
INFO: [Physopt 32-896] DSP i_ariane/i_cva6/ex_stage_i/fpu_gen.fpu_i/fpu_gen.i_fpnew_bulk/gen_operation_groups[0].i_opgroup_block/gen_parallel_slices[1].active_format.i_fmt_slice/gen_num_lanes[0].active_lane.lane_instance.i_fma/product__7 is not considered for optimization due to don't touch constraint
INFO: [Physopt 32-896] DSP i_ariane/i_cva6/ex_stage_i/i_mult/i_multiplier/mult_result_d is not considered for optimization due to don't touch constraint
INFO: [Physopt 32-896] DSP i_ariane/i_cva6/ex_stage_i/i_mult/i_multiplier/mult_result_d__0 is not considered for optimization due to don't touch constraint
INFO: [Physopt 32-896] DSP i_ariane/i_cva6/ex_stage_i/i_mult/i_multiplier/mult_result_d__1 is not considered for optimization due to don't touch constraint
INFO: [Physopt 32-896] DSP i_ariane/i_cva6/ex_stage_i/i_mult/i_multiplier/mult_result_d__10 is not considered for optimization due to don't touch constraint
INFO: [Physopt 32-896] DSP i_ariane/i_cva6/ex_stage_i/i_mult/i_multiplier/mult_result_d__11 is not considered for optimization due to don't touch constraint
INFO: [Physopt 32-896] DSP i_ariane/i_cva6/ex_stage_i/i_mult/i_multiplier/mult_result_d__12 is not considered for optimization due to don't touch constraint
INFO: [Physopt 32-896] DSP i_ariane/i_cva6/ex_stage_i/i_mult/i_multiplier/mult_result_d__13 is not considered for optimization due to don't touch constraint
INFO: [Physopt 32-896] DSP i_ariane/i_cva6/ex_stage_i/i_mult/i_multiplier/mult_result_d__14 is not considered for optimization due to don't touch constraint
INFO: [Physopt 32-896] DSP i_ariane/i_cva6/ex_stage_i/i_mult/i_multiplier/mult_result_d__2 is not considered for optimization due to don't touch constraint
INFO: [Physopt 32-896] DSP i_ariane/i_cva6/ex_stage_i/i_mult/i_multiplier/mult_result_d__3 is not considered for optimization due to don't touch constraint
INFO: [Physopt 32-896] DSP i_ariane/i_cva6/ex_stage_i/i_mult/i_multiplier/mult_result_d__4 is not considered for optimization due to don't touch constraint
INFO: [Physopt 32-896] DSP i_ariane/i_cva6/ex_stage_i/i_mult/i_multiplier/mult_result_d__5 is not considered for optimization due to don't touch constraint
INFO: [Physopt 32-896] DSP i_ariane/i_cva6/ex_stage_i/i_mult/i_multiplier/mult_result_d__6 is not considered for optimization due to don't touch constraint
INFO: [Physopt 32-896] DSP i_ariane/i_cva6/ex_stage_i/i_mult/i_multiplier/mult_result_d__7 is not considered for optimization due to don't touch constraint
INFO: [Physopt 32-896] DSP i_ariane/i_cva6/ex_stage_i/i_mult/i_multiplier/mult_result_d__8 is not considered for optimization due to don't touch constraint
INFO: [Physopt 32-896] DSP i_ariane/i_cva6/ex_stage_i/i_mult/i_multiplier/mult_result_d__9 is not considered for optimization due to don't touch constraint
INFO: [Physopt 32-456] No candidate cells for DSP register optimization found in the design.
INFO: [Physopt 32-775] End 2 Pass. Optimized 0 net or cell. Created 0 new cell, deleted 0 existing cell and moved 0 existing cell
Phase 2 DSP Register Optimization | Checksum: 234a58c53

Time (s): cpu = 00:00:29 ; elapsed = 00:00:16 . Memory (MB): peak = 5062.254 ; gain = 117.816 ; free physical = 8312 ; free virtual = 15987

Phase 3 Critical Path Optimization
INFO: [Physopt 32-619] Estimated Timing Summary | WNS=-1.099 | TNS=-18.256 |
INFO: [Physopt 32-619] Estimated Timing Summary | WNS=-1.099 | TNS=-18.256 |
Phase 3 Critical Path Optimization | Checksum: 234a58c53

Time (s): cpu = 00:00:30 ; elapsed = 00:00:16 . Memory (MB): peak = 5062.254 ; gain = 117.816 ; free physical = 8312 ; free virtual = 15987
Netlist sorting complete. Time (s): cpu = 00:00:00.01 ; elapsed = 00:00:00.01 . Memory (MB): peak = 5062.254 ; gain = 0.000 ; free physical = 8312 ; free virtual = 15987
INFO: [Physopt 32-603] Post Physical Optimization Timing Summary | WNS=-1.099 | TNS=-18.256 |

Summary of Physical Synthesis Optimizations
============================================


-------------------------------------------------------------------------------------------------------------------------------------------------------------
|  Optimization   |  WNS Gain (ns)  |  TNS Gain (ns)  |  Added Cells  |  Removed Cells  |  Optimized Cells/Nets  |  Dont Touch  |  Iterations  |  Elapsed   |
-------------------------------------------------------------------------------------------------------------------------------------------------------------
|  DSP Register   |          0.000  |          0.000  |            0  |              0  |                     0  |          27  |           1  |  00:00:00  |
|  Critical Path  |          0.000  |          0.000  |            0  |              0  |                     0  |           0  |           1  |  00:00:00  |
|  Total          |          0.000  |          0.000  |            0  |              0  |                     0  |          27  |           2  |  00:00:00  |
-------------------------------------------------------------------------------------------------------------------------------------------------------------


Netlist sorting complete. Time (s): cpu = 00:00:00.01 ; elapsed = 00:00:00.02 . Memory (MB): peak = 5062.254 ; gain = 0.000 ; free physical = 8323 ; free virtual = 15998
Ending Physical Synthesis Task | Checksum: 1aceeb961

Time (s): cpu = 00:00:32 ; elapsed = 00:00:18 . Memory (MB): peak = 5062.254 ; gain = 117.816 ; free physical = 8332 ; free virtual = 16007
INFO: [Common 17-83] Releasing license: Implementation
41 Infos, 0 Warnings, 0 Critical Warnings and 0 Errors encountered.
phys_opt_design completed successfully
phys_opt_design: Time (s): cpu = 00:01:18 ; elapsed = 00:00:34 . Memory (MB): peak = 5062.254 ; gain = 135.078 ; free physical = 8441 ; free virtual = 16116
# puts "==> route_design..."
==> route_design...
# route_design
Command: route_design
Attempting to get a license for feature 'Implementation' and/or device 'xc7k325t'
INFO: [Common 17-349] Got license for feature 'Implementation' and/or device 'xc7k325t'
INFO: [Common 17-1540] The version limit for your license is '2025.10' and has expired for new software. A version limit expiration means that, although you may be able to continue to use the current version of tools or IP with this license, you will not be eligible for new releases.
Running DRC as a precondition to command route_design
INFO: [DRC 23-27] Running DRC with 8 threads
GCIO site IOB_X0Y22
GCIO site IOB_X0Y24
GCIO site IOB_X0Y26
GCIO site IOB_X0Y28
GCIO site IOB_X1Y22
GCIO site IOB_X1Y24
GCIO site IOB_X1Y26
GCIO site IOB_X1Y28
GCIO site IOB_X0Y72
GCIO site IOB_X0Y74
GCIO site IOB_X0Y76
GCIO site IOB_X0Y78
GCIO site IOB_X1Y72
GCIO site IOB_X1Y74
GCIO site IOB_X1Y76
GCIO site IOB_X1Y78
GCIO site IOB_X0Y122
GCIO site IOB_X0Y124
GCIO site IOB_X0Y126
GCIO site IOB_X0Y128
GCIO site IOB_X1Y122
GCIO site IOB_X1Y124
GCIO site IOB_X1Y126
GCIO site IOB_X1Y128
GCIO site IOB_X0Y172
GCIO site IOB_X0Y174
GCIO site IOB_X0Y176
GCIO site IOB_X0Y178
GCIO site IOB_X0Y222
GCIO site IOB_X0Y224
GCIO site IOB_X0Y226
GCIO site IOB_X0Y228
GCIO site IOB_X0Y272
GCIO site IOB_X0Y274
GCIO site IOB_X0Y276
GCIO site IOB_X0Y278
GCIO site IOB_X0Y322
GCIO site IOB_X0Y324
GCIO site IOB_X0Y326
GCIO site IOB_X0Y328
INFO: [Vivado_Tcl 4-198] DRC finished with 0 Errors, 1 Warnings
INFO: [Vivado_Tcl 4-199] Please refer to the DRC report (report_drc) for more information.


Starting Routing Task
INFO: [Route 35-254] Multithreading enabled for route_design using a maximum of 8 CPUs

Phase 1 Build RT Design
Checksum: PlaceDB: a2e1d3f3 ConstDB: 0 ShapeSum: 463d58bf RouteDB: 21d7996d
Post Restoration Checksum: NetGraph: 104ca611 NumContArr: e55f17da Constraints: 9b25203e Timing: 0
Phase 1 Build RT Design | Checksum: 190d0de29

Time (s): cpu = 00:01:22 ; elapsed = 00:00:31 . Memory (MB): peak = 5094.270 ; gain = 0.000 ; free physical = 8095 ; free virtual = 15770

Phase 2 Router Initialization

Phase 2.1 Fix Topology Constraints
Phase 2.1 Fix Topology Constraints | Checksum: 190d0de29

Time (s): cpu = 00:01:23 ; elapsed = 00:00:32 . Memory (MB): peak = 5094.270 ; gain = 0.000 ; free physical = 8024 ; free virtual = 15699

Phase 2.2 Pre Route Cleanup
Phase 2.2 Pre Route Cleanup | Checksum: 190d0de29

Time (s): cpu = 00:01:24 ; elapsed = 00:00:33 . Memory (MB): peak = 5094.270 ; gain = 0.000 ; free physical = 8026 ; free virtual = 15701
 Number of Nodes with overlaps = 0

Phase 2.3 Update Timing
Phase 2.3 Update Timing | Checksum: 2a2ab7819

Time (s): cpu = 00:02:25 ; elapsed = 00:00:58 . Memory (MB): peak = 5094.270 ; gain = 0.000 ; free physical = 7906 ; free virtual = 15581
INFO: [Route 35-416] Intermediate Timing Summary | WNS=-1.114 | TNS=-19.913| WHS=-0.175 | THS=-208.249|


Phase 2.4 Update Timing for Bus Skew

Phase 2.4.1 Update Timing
Phase 2.4.1 Update Timing | Checksum: 2b06a7636

Time (s): cpu = 00:02:59 ; elapsed = 00:01:11 . Memory (MB): peak = 5094.270 ; gain = 0.000 ; free physical = 7932 ; free virtual = 15608
INFO: [Route 35-416] Intermediate Timing Summary | WNS=-1.114 | TNS=-18.155| WHS=N/A    | THS=N/A    |

Phase 2.4 Update Timing for Bus Skew | Checksum: 20eb6e6d8

Time (s): cpu = 00:02:59 ; elapsed = 00:01:11 . Memory (MB): peak = 5094.270 ; gain = 0.000 ; free physical = 7932 ; free virtual = 15607

Router Utilization Summary
  Global Vertical Routing Utilization    = 0 %
  Global Horizontal Routing Utilization  = 0 %
  Routable Net Status*
  *Does not include unroutable nets such as driverless and loadless.
  Run report_route_status for detailed report.
  Number of Failed Nets               = 965
    (Failed Nets is the sum of unrouted and partially routed nets)
  Number of Unrouted Nets             = 950
  Number of Partially Routed Nets     = 15
  Number of Node Overlaps             = 0

Phase 2 Router Initialization | Checksum: 2bfe4e0ae

Time (s): cpu = 00:03:01 ; elapsed = 00:01:12 . Memory (MB): peak = 5094.270 ; gain = 0.000 ; free physical = 7873 ; free virtual = 15548

Phase 3 Initial Routing

Phase 3.1 Global Routing
Phase 3.1 Global Routing | Checksum: 2bfe4e0ae

Time (s): cpu = 00:03:01 ; elapsed = 00:01:12 . Memory (MB): peak = 5094.270 ; gain = 0.000 ; free physical = 7873 ; free virtual = 15548
WARNING: [Route 35-3387] High violations detected on bus-skew constraints. This can potentially cause WNS degradation and routing congestion.
Resolution: Please review the set_bus_skew constraints.
Phase 3 Initial Routing | Checksum: 24ef0bf59

Time (s): cpu = 00:03:03 ; elapsed = 00:01:13 . Memory (MB): peak = 5094.270 ; gain = 0.000 ; free physical = 7867 ; free virtual = 15543

Phase 4 Initial Routing Verification

Post Initial-Routing Verification
---------------------------------
CRITICAL WARNING: [Route 35-54] Net: i_ariane_peripherals/gen_dma.i_accel1/cfg_b_id_ff[5]_i_1_n_0 is not completely routed.
Resolution: Run report_route_status for more information.
INFO: [Route 35-3320] Number of nets that did not attempt to route: 141986

Unroutable connection Types:
----------------------------
Type 1 : SLICEM.D->SLICEL.SR
-----Num Open nets: 2
-----Representative Net: Net[63699] i_ariane_peripherals/gen_dma.i_accel1/cfg_b_id_ff[5]_i_1_n_0
-----SLICE_X16Y150.D -> SLICE_X44Y251.SR
-----Driver Term: i_ariane_peripherals/gen_dma.i_accel1/cfg_b_id_ff[5]_i_1/O Load Term [374838]: i_ariane_peripherals/gen_dma.i_accel1/cfg_b_id_ff_reg[2]/R
Phase 4 Initial Routing Verification | Checksum: 24ef0bf59

Time (s): cpu = 00:03:04 ; elapsed = 00:01:14 . Memory (MB): peak = 5094.270 ; gain = 0.000 ; free physical = 7870 ; free virtual = 15545

Phase 5 Rip-up And Reroute

Phase 5.1 Global Iteration 0
 Number of Nodes with overlaps = 14
 Number of Nodes with overlaps = 0
INFO: [Route 35-416] Intermediate Timing Summary | WNS=-1.114 | TNS=-19.913| WHS=N/A    | THS=N/A    |

Phase 5.1 Global Iteration 0 | Checksum: 2871178c6

Time (s): cpu = 00:03:47 ; elapsed = 00:01:41 . Memory (MB): peak = 5094.270 ; gain = 0.000 ; free physical = 7858 ; free virtual = 15533
Phase 5 Rip-up And Reroute | Checksum: 2871178c6

Time (s): cpu = 00:03:48 ; elapsed = 00:01:41 . Memory (MB): peak = 5094.270 ; gain = 0.000 ; free physical = 7856 ; free virtual = 15532

Phase 6 Delay and Skew Optimization

Phase 6.1 Delay CleanUp

Phase 6.1.1 Update Timing
Phase 6.1.1 Update Timing | Checksum: 2831711b7

Time (s): cpu = 00:04:12 ; elapsed = 00:01:54 . Memory (MB): peak = 5094.270 ; gain = 0.000 ; free physical = 7846 ; free virtual = 15522
INFO: [Route 35-416] Intermediate Timing Summary | WNS=-1.100 | TNS=-18.298| WHS=N/A    | THS=N/A    |

 Number of Nodes with overlaps = 0
Phase 6.1 Delay CleanUp | Checksum: 2c846078c

Time (s): cpu = 00:04:14 ; elapsed = 00:01:55 . Memory (MB): peak = 5094.270 ; gain = 0.000 ; free physical = 7830 ; free virtual = 15506

Phase 6.2 Clock Skew Optimization
Phase 6.2 Clock Skew Optimization | Checksum: 2c846078c

Time (s): cpu = 00:04:15 ; elapsed = 00:01:55 . Memory (MB): peak = 5094.270 ; gain = 0.000 ; free physical = 7830 ; free virtual = 15506
Phase 6 Delay and Skew Optimization | Checksum: 2c846078c

Time (s): cpu = 00:04:15 ; elapsed = 00:01:55 . Memory (MB): peak = 5094.270 ; gain = 0.000 ; free physical = 7834 ; free virtual = 15510

Phase 7 Post Hold Fix

Phase 7.1 Hold Fix Iter

Phase 7.1.1 Update Timing
Phase 7.1.1 Update Timing | Checksum: 293f88069

Time (s): cpu = 00:04:34 ; elapsed = 00:02:05 . Memory (MB): peak = 5094.270 ; gain = 0.000 ; free physical = 7902 ; free virtual = 15578
INFO: [Route 35-416] Intermediate Timing Summary | WNS=-1.100 | TNS=-18.298| WHS=0.052  | THS=0.000  |

Phase 7.1 Hold Fix Iter | Checksum: 1ea594a0f

Time (s): cpu = 00:04:34 ; elapsed = 00:02:05 . Memory (MB): peak = 5094.270 ; gain = 0.000 ; free physical = 7906 ; free virtual = 15581
Phase 7 Post Hold Fix | Checksum: 1ea594a0f

Time (s): cpu = 00:04:35 ; elapsed = 00:02:06 . Memory (MB): peak = 5094.270 ; gain = 0.000 ; free physical = 7907 ; free virtual = 15583

Phase 8 Route finalize

Router Utilization Summary
  Global Vertical Routing Utilization    = 0.0233099 %
  Global Horizontal Routing Utilization  = 0.0292728 %
  Routable Net Status*
  *Does not include unroutable nets such as driverless and loadless.
  Run report_route_status for detailed report.
  Number of Failed Nets               = 1
    (Failed Nets is the sum of unrouted and partially routed nets)
  Number of Unrouted Nets             = 0
  Number of Partially Routed Nets     = 1
  Number of Node Overlaps             = 0

Congestion Report
North Dir 1x1 Area, Max Cong = 17.9775%, No Congested Regions.
South Dir 1x1 Area, Max Cong = 25%, No Congested Regions.
East Dir 1x1 Area, Max Cong = 22.2222%, No Congested Regions.
West Dir 1x1 Area, Max Cong = 50%, No Congested Regions.

------------------------------
Reporting congestion hotspots
------------------------------
Direction: North
----------------
Congested clusters found at Level 0
Effective congestion level: 0 Aspect Ratio: 1 Sparse Ratio: 0
Direction: South
----------------
Congested clusters found at Level 0
Effective congestion level: 0 Aspect Ratio: 1 Sparse Ratio: 0
Direction: East
----------------
Congested clusters found at Level 0
Effective congestion level: 0 Aspect Ratio: 1 Sparse Ratio: 0
Direction: West
----------------
Congested clusters found at Level 0
Effective congestion level: 0 Aspect Ratio: 1 Sparse Ratio: 0

Phase 8 Route finalize | Checksum: 25902340a

Time (s): cpu = 00:04:36 ; elapsed = 00:02:06 . Memory (MB): peak = 5094.270 ; gain = 0.000 ; free physical = 7906 ; free virtual = 15581

Phase 9 Verifying routed nets
CRITICAL WARNING: [Route 35-54] Net: i_ariane_peripherals/gen_dma.i_accel1/cfg_b_id_ff[5]_i_1_n_0 is not completely routed.
Resolution: Run report_route_status for more information.
CRITICAL WARNING: [Route 35-8] Design has 2 unrouted pins, that are still reachable.

 Verification failed
Phase 9 Verifying routed nets | Checksum: 25902340a

Time (s): cpu = 00:04:37 ; elapsed = 00:02:07 . Memory (MB): peak = 5094.270 ; gain = 0.000 ; free physical = 7905 ; free virtual = 15580
CRITICAL WARNING: [Route 35-1] Design is not completely routed. There is  1  net that is not completely routed.

Phase 10 Depositing Routes
Phase 10 Depositing Routes | Checksum: 206bed20e

Time (s): cpu = 00:04:47 ; elapsed = 00:02:15 . Memory (MB): peak = 5094.270 ; gain = 0.000 ; free physical = 7895 ; free virtual = 15571
INFO: [Route 35-77] Router completed with failures. Please check the log file for Critical Warnings and run report_route_status for a summary of routing status.

Time (s): cpu = 00:05:17 ; elapsed = 00:02:31 . Memory (MB): peak = 5094.270 ; gain = 0.000 ; free physical = 8075 ; free virtual = 15751

Routing Is Done.
INFO: [Common 17-83] Releasing license: Implementation
14 Infos, 1 Warnings, 4 Critical Warnings and 0 Errors encountered.
route_design completed successfully
route_design: Time (s): cpu = 00:05:28 ; elapsed = 00:02:36 . Memory (MB): peak = 5094.270 ; gain = 32.016 ; free physical = 8075 ; free virtual = 15751
# write_bitstream -force $work_dpr/full_${rm_name}.bit
Command: write_bitstream -force /home/jc/tmp/riscv-iommu-demo/cva6/corev_apu/fpga/work-dpr/3_build_B_dpr/full_accel_default.bit
Attempting to get a license for feature 'Implementation' and/or device 'xc7k325t'
INFO: [Common 17-349] Got license for feature 'Implementation' and/or device 'xc7k325t'
INFO: [Common 17-1540] The version limit for your license is '2025.10' and has expired for new software. A version limit expiration means that, although you may be able to continue to use the current version of tools or IP with this license, you will not be eligible for new releases.
Running DRC as a precondition to command write_bitstream
INFO: [IP_Flow 19-234] Refreshing IP repositories
INFO: [IP_Flow 19-1704] No user IP repositories specified
INFO: [IP_Flow 19-2313] Loaded Vivado IP repository '/tools/Xilinx/Vivado/2022.2/data/ip'.
INFO: [DRC 23-27] Running DRC with 8 threads
GCIO site IOB_X0Y22
GCIO site IOB_X0Y24
GCIO site IOB_X0Y26
GCIO site IOB_X0Y28
GCIO site IOB_X1Y22
GCIO site IOB_X1Y24
GCIO site IOB_X1Y26
GCIO site IOB_X1Y28
GCIO site IOB_X0Y72
GCIO site IOB_X0Y74
GCIO site IOB_X0Y76
GCIO site IOB_X0Y78
GCIO site IOB_X1Y72
GCIO site IOB_X1Y74
GCIO site IOB_X1Y76
GCIO site IOB_X1Y78
GCIO site IOB_X0Y122
GCIO site IOB_X0Y124
GCIO site IOB_X0Y126
GCIO site IOB_X0Y128
GCIO site IOB_X1Y122
GCIO site IOB_X1Y124
GCIO site IOB_X1Y126
GCIO site IOB_X1Y128
GCIO site IOB_X0Y172
GCIO site IOB_X0Y174
GCIO site IOB_X0Y176
GCIO site IOB_X0Y178
GCIO site IOB_X0Y222
GCIO site IOB_X0Y224
GCIO site IOB_X0Y226
GCIO site IOB_X0Y228
GCIO site IOB_X0Y272
GCIO site IOB_X0Y274
GCIO site IOB_X0Y276
GCIO site IOB_X0Y278
GCIO site IOB_X0Y322
GCIO site IOB_X0Y324
GCIO site IOB_X0Y326
GCIO site IOB_X0Y328
WARNING: [DRC 23-804] Only the first 20 REQP-1839 messages were issued by report_drc. An additional 1 messages have not been issued. Use 'set_property MAX_MESSAGES <number> [get_drc_check REQP-1839]' to change the number of messages that should be reported.
ERROR: [DRC RTSTAT-2] Partially routed nets: 1 net(s) are partially routed. The problem bus(es) and/or net(s) are i_ariane_peripherals/gen_dma.i_accel1/cfg_b_id_ff[5]_i_1_n_0.
WARNING: [DRC CFGBVS-1] Missing CFGBVS and CONFIG_VOLTAGE Design Properties: Neither the CFGBVS nor CONFIG_VOLTAGE voltage property is set in the current_design.  Configuration bank voltage select (CFGBVS) must be set to VCCO or GND, and CONFIG_VOLTAGE must be set to the correct configuration voltage, in order to determine the I/O voltage support for the pins in bank 0.  It is suggested to specify these either using the 'Edit Device Properties' function in the GUI or directly in the XDC file using the following syntax:

 set_property CFGBVS value1 [current_design]
 #where value1 is either VCCO or GND

 set_property CONFIG_VOLTAGE value2 [current_design]
 #where value2 is the voltage provided to configuration bank 0

Refer to the device configuration user guide for more information.
WARNING: [DRC CHECK-3] Report rule limit reached: REQP-1839 rule limit reached: 20 violations have been found.
WARNING: [DRC CHECK-3] Report rule limit reached: REQP-1839 rule limit reached: 20 violations have been found.
WARNING: [DRC DPIP-1] Input pipelining: DSP i_ariane/i_cva6/ex_stage_i/fpu_gen.fpu_i/fpu_gen.i_fpnew_bulk/gen_operation_groups[0].i_opgroup_block/gen_parallel_slices[0].active_format.i_fmt_slice/gen_num_lanes[0].active_lane.lane_instance.i_fma/product input i_ariane/i_cva6/ex_stage_i/fpu_gen.fpu_i/fpu_gen.i_fpnew_bulk/gen_operation_groups[0].i_opgroup_block/gen_parallel_slices[0].active_format.i_fmt_slice/gen_num_lanes[0].active_lane.lane_instance.i_fma/product/A[29:0] is not pipelined. Pipelining DSP48 input will improve performance.
WARNING: [DRC DPIP-1] Input pipelining: DSP i_ariane/i_cva6/ex_stage_i/fpu_gen.fpu_i/fpu_gen.i_fpnew_bulk/gen_operation_groups[0].i_opgroup_block/gen_parallel_slices[0].active_format.i_fmt_slice/gen_num_lanes[0].active_lane.lane_instance.i_fma/product input i_ariane/i_cva6/ex_stage_i/fpu_gen.fpu_i/fpu_gen.i_fpnew_bulk/gen_operation_groups[0].i_opgroup_block/gen_parallel_slices[0].active_format.i_fmt_slice/gen_num_lanes[0].active_lane.lane_instance.i_fma/product/B[17:0] is not pipelined. Pipelining DSP48 input will improve performance.
WARNING: [DRC DPIP-1] Input pipelining: DSP i_ariane/i_cva6/ex_stage_i/fpu_gen.fpu_i/fpu_gen.i_fpnew_bulk/gen_operation_groups[0].i_opgroup_block/gen_parallel_slices[0].active_format.i_fmt_slice/gen_num_lanes[0].active_lane.lane_instance.i_fma/product__0 input i_ariane/i_cva6/ex_stage_i/fpu_gen.fpu_i/fpu_gen.i_fpnew_bulk/gen_operation_groups[0].i_opgroup_block/gen_parallel_slices[0].active_format.i_fmt_slice/gen_num_lanes[0].active_lane.lane_instance.i_fma/product__0/B[17:0] is not pipelined. Pipelining DSP48 input will improve performance.
WARNING: [DRC DPIP-1] Input pipelining: DSP i_ariane/i_cva6/ex_stage_i/fpu_gen.fpu_i/fpu_gen.i_fpnew_bulk/gen_operation_groups[0].i_opgroup_block/gen_parallel_slices[1].active_format.i_fmt_slice/gen_num_lanes[0].active_lane.lane_instance.i_fma/product input i_ariane/i_cva6/ex_stage_i/fpu_gen.fpu_i/fpu_gen.i_fpnew_bulk/gen_operation_groups[0].i_opgroup_block/gen_parallel_slices[1].active_format.i_fmt_slice/gen_num_lanes[0].active_lane.lane_instance.i_fma/product/A[29:0] is not pipelined. Pipelining DSP48 input will improve performance.
WARNING: [DRC DPIP-1] Input pipelining: DSP i_ariane/i_cva6/ex_stage_i/fpu_gen.fpu_i/fpu_gen.i_fpnew_bulk/gen_operation_groups[0].i_opgroup_block/gen_parallel_slices[1].active_format.i_fmt_slice/gen_num_lanes[0].active_lane.lane_instance.i_fma/product input i_ariane/i_cva6/ex_stage_i/fpu_gen.fpu_i/fpu_gen.i_fpnew_bulk/gen_operation_groups[0].i_opgroup_block/gen_parallel_slices[1].active_format.i_fmt_slice/gen_num_lanes[0].active_lane.lane_instance.i_fma/product/B[17:0] is not pipelined. Pipelining DSP48 input will improve performance.
WARNING: [DRC DPIP-1] Input pipelining: DSP i_ariane/i_cva6/ex_stage_i/fpu_gen.fpu_i/fpu_gen.i_fpnew_bulk/gen_operation_groups[0].i_opgroup_block/gen_parallel_slices[1].active_format.i_fmt_slice/gen_num_lanes[0].active_lane.lane_instance.i_fma/product__0 input i_ariane/i_cva6/ex_stage_i/fpu_gen.fpu_i/fpu_gen.i_fpnew_bulk/gen_operation_groups[0].i_opgroup_block/gen_parallel_slices[1].active_format.i_fmt_slice/gen_num_lanes[0].active_lane.lane_instance.i_fma/product__0/A[29:0] is not pipelined. Pipelining DSP48 input will improve performance.
WARNING: [DRC DPIP-1] Input pipelining: DSP i_ariane/i_cva6/ex_stage_i/fpu_gen.fpu_i/fpu_gen.i_fpnew_bulk/gen_operation_groups[0].i_opgroup_block/gen_parallel_slices[1].active_format.i_fmt_slice/gen_num_lanes[0].active_lane.lane_instance.i_fma/product__0 input i_ariane/i_cva6/ex_stage_i/fpu_gen.fpu_i/fpu_gen.i_fpnew_bulk/gen_operation_groups[0].i_opgroup_block/gen_parallel_slices[1].active_format.i_fmt_slice/gen_num_lanes[0].active_lane.lane_instance.i_fma/product__0/B[17:0] is not pipelined. Pipelining DSP48 input will improve performance.
WARNING: [DRC DPIP-1] Input pipelining: DSP i_ariane/i_cva6/ex_stage_i/fpu_gen.fpu_i/fpu_gen.i_fpnew_bulk/gen_operation_groups[0].i_opgroup_block/gen_parallel_slices[1].active_format.i_fmt_slice/gen_num_lanes[0].active_lane.lane_instance.i_fma/product__1 input i_ariane/i_cva6/ex_stage_i/fpu_gen.fpu_i/fpu_gen.i_fpnew_bulk/gen_operation_groups[0].i_opgroup_block/gen_parallel_slices[1].active_format.i_fmt_slice/gen_num_lanes[0].active_lane.lane_instance.i_fma/product__1/A[29:0] is not pipelined. Pipelining DSP48 input will improve performance.
WARNING: [DRC DPIP-1] Input pipelining: DSP i_ariane/i_cva6/ex_stage_i/fpu_gen.fpu_i/fpu_gen.i_fpnew_bulk/gen_operation_groups[0].i_opgroup_block/gen_parallel_slices[1].active_format.i_fmt_slice/gen_num_lanes[0].active_lane.lane_instance.i_fma/product__1 input i_ariane/i_cva6/ex_stage_i/fpu_gen.fpu_i/fpu_gen.i_fpnew_bulk/gen_operation_groups[0].i_opgroup_block/gen_parallel_slices[1].active_format.i_fmt_slice/gen_num_lanes[0].active_lane.lane_instance.i_fma/product__1/B[17:0] is not pipelined. Pipelining DSP48 input will improve performance.
WARNING: [DRC DPIP-1] Input pipelining: DSP i_ariane/i_cva6/ex_stage_i/fpu_gen.fpu_i/fpu_gen.i_fpnew_bulk/gen_operation_groups[0].i_opgroup_block/gen_parallel_slices[1].active_format.i_fmt_slice/gen_num_lanes[0].active_lane.lane_instance.i_fma/product__2 input i_ariane/i_cva6/ex_stage_i/fpu_gen.fpu_i/fpu_gen.i_fpnew_bulk/gen_operation_groups[0].i_opgroup_block/gen_parallel_slices[1].active_format.i_fmt_slice/gen_num_lanes[0].active_lane.lane_instance.i_fma/product__2/A[29:0] is not pipelined. Pipelining DSP48 input will improve performance.
WARNING: [DRC DPIP-1] Input pipelining: DSP i_ariane/i_cva6/ex_stage_i/fpu_gen.fpu_i/fpu_gen.i_fpnew_bulk/gen_operation_groups[0].i_opgroup_block/gen_parallel_slices[1].active_format.i_fmt_slice/gen_num_lanes[0].active_lane.lane_instance.i_fma/product__2 input i_ariane/i_cva6/ex_stage_i/fpu_gen.fpu_i/fpu_gen.i_fpnew_bulk/gen_operation_groups[0].i_opgroup_block/gen_parallel_slices[1].active_format.i_fmt_slice/gen_num_lanes[0].active_lane.lane_instance.i_fma/product__2/B[17:0] is not pipelined. Pipelining DSP48 input will improve performance.
WARNING: [DRC DPIP-1] Input pipelining: DSP i_ariane/i_cva6/ex_stage_i/fpu_gen.fpu_i/fpu_gen.i_fpnew_bulk/gen_operation_groups[0].i_opgroup_block/gen_parallel_slices[1].active_format.i_fmt_slice/gen_num_lanes[0].active_lane.lane_instance.i_fma/product__3 input i_ariane/i_cva6/ex_stage_i/fpu_gen.fpu_i/fpu_gen.i_fpnew_bulk/gen_operation_groups[0].i_opgroup_block/gen_parallel_slices[1].active_format.i_fmt_slice/gen_num_lanes[0].active_lane.lane_instance.i_fma/product__3/A[29:0] is not pipelined. Pipelining DSP48 input will improve performance.
WARNING: [DRC DPIP-1] Input pipelining: DSP i_ariane/i_cva6/ex_stage_i/fpu_gen.fpu_i/fpu_gen.i_fpnew_bulk/gen_operation_groups[0].i_opgroup_block/gen_parallel_slices[1].active_format.i_fmt_slice/gen_num_lanes[0].active_lane.lane_instance.i_fma/product__3 input i_ariane/i_cva6/ex_stage_i/fpu_gen.fpu_i/fpu_gen.i_fpnew_bulk/gen_operation_groups[0].i_opgroup_block/gen_parallel_slices[1].active_format.i_fmt_slice/gen_num_lanes[0].active_lane.lane_instance.i_fma/product__3/B[17:0] is not pipelined. Pipelining DSP48 input will improve performance.
WARNING: [DRC DPIP-1] Input pipelining: DSP i_ariane/i_cva6/ex_stage_i/fpu_gen.fpu_i/fpu_gen.i_fpnew_bulk/gen_operation_groups[0].i_opgroup_block/gen_parallel_slices[1].active_format.i_fmt_slice/gen_num_lanes[0].active_lane.lane_instance.i_fma/product__4 input i_ariane/i_cva6/ex_stage_i/fpu_gen.fpu_i/fpu_gen.i_fpnew_bulk/gen_operation_groups[0].i_opgroup_block/gen_parallel_slices[1].active_format.i_fmt_slice/gen_num_lanes[0].active_lane.lane_instance.i_fma/product__4/A[29:0] is not pipelined. Pipelining DSP48 input will improve performance.
WARNING: [DRC DPIP-1] Input pipelining: DSP i_ariane/i_cva6/ex_stage_i/fpu_gen.fpu_i/fpu_gen.i_fpnew_bulk/gen_operation_groups[0].i_opgroup_block/gen_parallel_slices[1].active_format.i_fmt_slice/gen_num_lanes[0].active_lane.lane_instance.i_fma/product__4 input i_ariane/i_cva6/ex_stage_i/fpu_gen.fpu_i/fpu_gen.i_fpnew_bulk/gen_operation_groups[0].i_opgroup_block/gen_parallel_slices[1].active_format.i_fmt_slice/gen_num_lanes[0].active_lane.lane_instance.i_fma/product__4/B[17:0] is not pipelined. Pipelining DSP48 input will improve performance.
WARNING: [DRC DPIP-1] Input pipelining: DSP i_ariane/i_cva6/ex_stage_i/fpu_gen.fpu_i/fpu_gen.i_fpnew_bulk/gen_operation_groups[0].i_opgroup_block/gen_parallel_slices[1].active_format.i_fmt_slice/gen_num_lanes[0].active_lane.lane_instance.i_fma/product__5 input i_ariane/i_cva6/ex_stage_i/fpu_gen.fpu_i/fpu_gen.i_fpnew_bulk/gen_operation_groups[0].i_opgroup_block/gen_parallel_slices[1].active_format.i_fmt_slice/gen_num_lanes[0].active_lane.lane_instance.i_fma/product__5/A[29:0] is not pipelined. Pipelining DSP48 input will improve performance.
WARNING: [DRC DPIP-1] Input pipelining: DSP i_ariane/i_cva6/ex_stage_i/fpu_gen.fpu_i/fpu_gen.i_fpnew_bulk/gen_operation_groups[0].i_opgroup_block/gen_parallel_slices[1].active_format.i_fmt_slice/gen_num_lanes[0].active_lane.lane_instance.i_fma/product__5 input i_ariane/i_cva6/ex_stage_i/fpu_gen.fpu_i/fpu_gen.i_fpnew_bulk/gen_operation_groups[0].i_opgroup_block/gen_parallel_slices[1].active_format.i_fmt_slice/gen_num_lanes[0].active_lane.lane_instance.i_fma/product__5/B[17:0] is not pipelined. Pipelining DSP48 input will improve performance.
WARNING: [DRC DPIP-1] Input pipelining: DSP i_ariane/i_cva6/ex_stage_i/fpu_gen.fpu_i/fpu_gen.i_fpnew_bulk/gen_operation_groups[0].i_opgroup_block/gen_parallel_slices[1].active_format.i_fmt_slice/gen_num_lanes[0].active_lane.lane_instance.i_fma/product__6 input i_ariane/i_cva6/ex_stage_i/fpu_gen.fpu_i/fpu_gen.i_fpnew_bulk/gen_operation_groups[0].i_opgroup_block/gen_parallel_slices[1].active_format.i_fmt_slice/gen_num_lanes[0].active_lane.lane_instance.i_fma/product__6/A[29:0] is not pipelined. Pipelining DSP48 input will improve performance.
WARNING: [DRC DPIP-1] Input pipelining: DSP i_ariane/i_cva6/ex_stage_i/fpu_gen.fpu_i/fpu_gen.i_fpnew_bulk/gen_operation_groups[0].i_opgroup_block/gen_parallel_slices[1].active_format.i_fmt_slice/gen_num_lanes[0].active_lane.lane_instance.i_fma/product__6 input i_ariane/i_cva6/ex_stage_i/fpu_gen.fpu_i/fpu_gen.i_fpnew_bulk/gen_operation_groups[0].i_opgroup_block/gen_parallel_slices[1].active_format.i_fmt_slice/gen_num_lanes[0].active_lane.lane_instance.i_fma/product__6/B[17:0] is not pipelined. Pipelining DSP48 input will improve performance.
WARNING: [DRC DPIP-1] Input pipelining: DSP i_ariane/i_cva6/ex_stage_i/fpu_gen.fpu_i/fpu_gen.i_fpnew_bulk/gen_operation_groups[0].i_opgroup_block/gen_parallel_slices[1].active_format.i_fmt_slice/gen_num_lanes[0].active_lane.lane_instance.i_fma/product__7 input i_ariane/i_cva6/ex_stage_i/fpu_gen.fpu_i/fpu_gen.i_fpnew_bulk/gen_operation_groups[0].i_opgroup_block/gen_parallel_slices[1].active_format.i_fmt_slice/gen_num_lanes[0].active_lane.lane_instance.i_fma/product__7/A[29:0] is not pipelined. Pipelining DSP48 input will improve performance.
WARNING: [DRC DPIP-1] Input pipelining: DSP i_ariane/i_cva6/ex_stage_i/fpu_gen.fpu_i/fpu_gen.i_fpnew_bulk/gen_operation_groups[0].i_opgroup_block/gen_parallel_slices[1].active_format.i_fmt_slice/gen_num_lanes[0].active_lane.lane_instance.i_fma/product__7 input i_ariane/i_cva6/ex_stage_i/fpu_gen.fpu_i/fpu_gen.i_fpnew_bulk/gen_operation_groups[0].i_opgroup_block/gen_parallel_slices[1].active_format.i_fmt_slice/gen_num_lanes[0].active_lane.lane_instance.i_fma/product__7/B[17:0] is not pipelined. Pipelining DSP48 input will improve performance.
WARNING: [DRC DPIP-1] Input pipelining: DSP i_ariane/i_cva6/ex_stage_i/i_mult/i_multiplier/mult_result_d input i_ariane/i_cva6/ex_stage_i/i_mult/i_multiplier/mult_result_d/A[29:0] is not pipelined. Pipelining DSP48 input will improve performance.
WARNING: [DRC DPIP-1] Input pipelining: DSP i_ariane/i_cva6/ex_stage_i/i_mult/i_multiplier/mult_result_d input i_ariane/i_cva6/ex_stage_i/i_mult/i_multiplier/mult_result_d/B[17:0] is not pipelined. Pipelining DSP48 input will improve performance.
WARNING: [DRC DPIP-1] Input pipelining: DSP i_ariane/i_cva6/ex_stage_i/i_mult/i_multiplier/mult_result_d__0 input i_ariane/i_cva6/ex_stage_i/i_mult/i_multiplier/mult_result_d__0/A[29:0] is not pipelined. Pipelining DSP48 input will improve performance.
WARNING: [DRC DPIP-1] Input pipelining: DSP i_ariane/i_cva6/ex_stage_i/i_mult/i_multiplier/mult_result_d__0 input i_ariane/i_cva6/ex_stage_i/i_mult/i_multiplier/mult_result_d__0/B[17:0] is not pipelined. Pipelining DSP48 input will improve performance.
WARNING: [DRC DPIP-1] Input pipelining: DSP i_ariane/i_cva6/ex_stage_i/i_mult/i_multiplier/mult_result_d__1 input i_ariane/i_cva6/ex_stage_i/i_mult/i_multiplier/mult_result_d__1/A[29:0] is not pipelined. Pipelining DSP48 input will improve performance.
WARNING: [DRC DPIP-1] Input pipelining: DSP i_ariane/i_cva6/ex_stage_i/i_mult/i_multiplier/mult_result_d__1 input i_ariane/i_cva6/ex_stage_i/i_mult/i_multiplier/mult_result_d__1/B[17:0] is not pipelined. Pipelining DSP48 input will improve performance.
WARNING: [DRC DPIP-1] Input pipelining: DSP i_ariane/i_cva6/ex_stage_i/i_mult/i_multiplier/mult_result_d__10 input i_ariane/i_cva6/ex_stage_i/i_mult/i_multiplier/mult_result_d__10/A[29:0] is not pipelined. Pipelining DSP48 input will improve performance.
WARNING: [DRC DPIP-1] Input pipelining: DSP i_ariane/i_cva6/ex_stage_i/i_mult/i_multiplier/mult_result_d__10 input i_ariane/i_cva6/ex_stage_i/i_mult/i_multiplier/mult_result_d__10/B[17:0] is not pipelined. Pipelining DSP48 input will improve performance.
WARNING: [DRC DPIP-1] Input pipelining: DSP i_ariane/i_cva6/ex_stage_i/i_mult/i_multiplier/mult_result_d__11 input i_ariane/i_cva6/ex_stage_i/i_mult/i_multiplier/mult_result_d__11/A[29:0] is not pipelined. Pipelining DSP48 input will improve performance.
WARNING: [DRC DPIP-1] Input pipelining: DSP i_ariane/i_cva6/ex_stage_i/i_mult/i_multiplier/mult_result_d__11 input i_ariane/i_cva6/ex_stage_i/i_mult/i_multiplier/mult_result_d__11/B[17:0] is not pipelined. Pipelining DSP48 input will improve performance.
WARNING: [DRC DPIP-1] Input pipelining: DSP i_ariane/i_cva6/ex_stage_i/i_mult/i_multiplier/mult_result_d__12 input i_ariane/i_cva6/ex_stage_i/i_mult/i_multiplier/mult_result_d__12/A[29:0] is not pipelined. Pipelining DSP48 input will improve performance.
WARNING: [DRC DPIP-1] Input pipelining: DSP i_ariane/i_cva6/ex_stage_i/i_mult/i_multiplier/mult_result_d__12 input i_ariane/i_cva6/ex_stage_i/i_mult/i_multiplier/mult_result_d__12/B[17:0] is not pipelined. Pipelining DSP48 input will improve performance.
WARNING: [DRC DPIP-1] Input pipelining: DSP i_ariane/i_cva6/ex_stage_i/i_mult/i_multiplier/mult_result_d__13 input i_ariane/i_cva6/ex_stage_i/i_mult/i_multiplier/mult_result_d__13/A[29:0] is not pipelined. Pipelining DSP48 input will improve performance.
WARNING: [DRC DPIP-1] Input pipelining: DSP i_ariane/i_cva6/ex_stage_i/i_mult/i_multiplier/mult_result_d__13 input i_ariane/i_cva6/ex_stage_i/i_mult/i_multiplier/mult_result_d__13/B[17:0] is not pipelined. Pipelining DSP48 input will improve performance.
WARNING: [DRC DPIP-1] Input pipelining: DSP i_ariane/i_cva6/ex_stage_i/i_mult/i_multiplier/mult_result_d__14 input i_ariane/i_cva6/ex_stage_i/i_mult/i_multiplier/mult_result_d__14/A[29:0] is not pipelined. Pipelining DSP48 input will improve performance.
WARNING: [DRC DPIP-1] Input pipelining: DSP i_ariane/i_cva6/ex_stage_i/i_mult/i_multiplier/mult_result_d__14 input i_ariane/i_cva6/ex_stage_i/i_mult/i_multiplier/mult_result_d__14/B[17:0] is not pipelined. Pipelining DSP48 input will improve performance.
WARNING: [DRC DPIP-1] Input pipelining: DSP i_ariane/i_cva6/ex_stage_i/i_mult/i_multiplier/mult_result_d__2 input i_ariane/i_cva6/ex_stage_i/i_mult/i_multiplier/mult_result_d__2/A[29:0] is not pipelined. Pipelining DSP48 input will improve performance.
WARNING: [DRC DPIP-1] Input pipelining: DSP i_ariane/i_cva6/ex_stage_i/i_mult/i_multiplier/mult_result_d__2 input i_ariane/i_cva6/ex_stage_i/i_mult/i_multiplier/mult_result_d__2/B[17:0] is not pipelined. Pipelining DSP48 input will improve performance.
WARNING: [DRC DPIP-1] Input pipelining: DSP i_ariane/i_cva6/ex_stage_i/i_mult/i_multiplier/mult_result_d__3 input i_ariane/i_cva6/ex_stage_i/i_mult/i_multiplier/mult_result_d__3/A[29:0] is not pipelined. Pipelining DSP48 input will improve performance.
WARNING: [DRC DPIP-1] Input pipelining: DSP i_ariane/i_cva6/ex_stage_i/i_mult/i_multiplier/mult_result_d__3 input i_ariane/i_cva6/ex_stage_i/i_mult/i_multiplier/mult_result_d__3/B[17:0] is not pipelined. Pipelining DSP48 input will improve performance.
WARNING: [DRC DPIP-1] Input pipelining: DSP i_ariane/i_cva6/ex_stage_i/i_mult/i_multiplier/mult_result_d__4 input i_ariane/i_cva6/ex_stage_i/i_mult/i_multiplier/mult_result_d__4/A[29:0] is not pipelined. Pipelining DSP48 input will improve performance.
WARNING: [DRC DPIP-1] Input pipelining: DSP i_ariane/i_cva6/ex_stage_i/i_mult/i_multiplier/mult_result_d__4 input i_ariane/i_cva6/ex_stage_i/i_mult/i_multiplier/mult_result_d__4/B[17:0] is not pipelined. Pipelining DSP48 input will improve performance.
WARNING: [DRC DPIP-1] Input pipelining: DSP i_ariane/i_cva6/ex_stage_i/i_mult/i_multiplier/mult_result_d__5 input i_ariane/i_cva6/ex_stage_i/i_mult/i_multiplier/mult_result_d__5/A[29:0] is not pipelined. Pipelining DSP48 input will improve performance.
WARNING: [DRC DPIP-1] Input pipelining: DSP i_ariane/i_cva6/ex_stage_i/i_mult/i_multiplier/mult_result_d__5 input i_ariane/i_cva6/ex_stage_i/i_mult/i_multiplier/mult_result_d__5/B[17:0] is not pipelined. Pipelining DSP48 input will improve performance.
WARNING: [DRC DPIP-1] Input pipelining: DSP i_ariane/i_cva6/ex_stage_i/i_mult/i_multiplier/mult_result_d__6 input i_ariane/i_cva6/ex_stage_i/i_mult/i_multiplier/mult_result_d__6/A[29:0] is not pipelined. Pipelining DSP48 input will improve performance.
WARNING: [DRC DPIP-1] Input pipelining: DSP i_ariane/i_cva6/ex_stage_i/i_mult/i_multiplier/mult_result_d__6 input i_ariane/i_cva6/ex_stage_i/i_mult/i_multiplier/mult_result_d__6/B[17:0] is not pipelined. Pipelining DSP48 input will improve performance.
WARNING: [DRC DPIP-1] Input pipelining: DSP i_ariane/i_cva6/ex_stage_i/i_mult/i_multiplier/mult_result_d__7 input i_ariane/i_cva6/ex_stage_i/i_mult/i_multiplier/mult_result_d__7/A[29:0] is not pipelined. Pipelining DSP48 input will improve performance.
WARNING: [DRC DPIP-1] Input pipelining: DSP i_ariane/i_cva6/ex_stage_i/i_mult/i_multiplier/mult_result_d__7 input i_ariane/i_cva6/ex_stage_i/i_mult/i_multiplier/mult_result_d__7/B[17:0] is not pipelined. Pipelining DSP48 input will improve performance.
WARNING: [DRC DPIP-1] Input pipelining: DSP i_ariane/i_cva6/ex_stage_i/i_mult/i_multiplier/mult_result_d__8 input i_ariane/i_cva6/ex_stage_i/i_mult/i_multiplier/mult_result_d__8/A[29:0] is not pipelined. Pipelining DSP48 input will improve performance.
WARNING: [DRC DPIP-1] Input pipelining: DSP i_ariane/i_cva6/ex_stage_i/i_mult/i_multiplier/mult_result_d__8 input i_ariane/i_cva6/ex_stage_i/i_mult/i_multiplier/mult_result_d__8/B[17:0] is not pipelined. Pipelining DSP48 input will improve performance.
WARNING: [DRC DPIP-1] Input pipelining: DSP i_ariane/i_cva6/ex_stage_i/i_mult/i_multiplier/mult_result_d__9 input i_ariane/i_cva6/ex_stage_i/i_mult/i_multiplier/mult_result_d__9/A[29:0] is not pipelined. Pipelining DSP48 input will improve performance.
WARNING: [DRC DPIP-1] Input pipelining: DSP i_ariane/i_cva6/ex_stage_i/i_mult/i_multiplier/mult_result_d__9 input i_ariane/i_cva6/ex_stage_i/i_mult/i_multiplier/mult_result_d__9/B[17:0] is not pipelined. Pipelining DSP48 input will improve performance.
WARNING: [DRC DPOP-1] PREG Output pipelining: DSP i_ariane/i_cva6/ex_stage_i/fpu_gen.fpu_i/fpu_gen.i_fpnew_bulk/gen_operation_groups[0].i_opgroup_block/gen_parallel_slices[0].active_format.i_fmt_slice/gen_num_lanes[0].active_lane.lane_instance.i_fma/product output i_ariane/i_cva6/ex_stage_i/fpu_gen.fpu_i/fpu_gen.i_fpnew_bulk/gen_operation_groups[0].i_opgroup_block/gen_parallel_slices[0].active_format.i_fmt_slice/gen_num_lanes[0].active_lane.lane_instance.i_fma/product/P[47:0] is not pipelined (PREG=0). Pipelining the DSP48 output will improve performance and often saves power so it is suggested whenever possible to fully pipeline this function.  If this DSP48 function was inferred, it is suggested to describe an additional register stage after this function.  If the DSP48 was instantiated in the design, it is suggested to set the PREG attribute to 1.
WARNING: [DRC DPOP-1] PREG Output pipelining: DSP i_ariane/i_cva6/ex_stage_i/fpu_gen.fpu_i/fpu_gen.i_fpnew_bulk/gen_operation_groups[0].i_opgroup_block/gen_parallel_slices[0].active_format.i_fmt_slice/gen_num_lanes[0].active_lane.lane_instance.i_fma/product__0 output i_ariane/i_cva6/ex_stage_i/fpu_gen.fpu_i/fpu_gen.i_fpnew_bulk/gen_operation_groups[0].i_opgroup_block/gen_parallel_slices[0].active_format.i_fmt_slice/gen_num_lanes[0].active_lane.lane_instance.i_fma/product__0/P[47:0] is not pipelined (PREG=0). Pipelining the DSP48 output will improve performance and often saves power so it is suggested whenever possible to fully pipeline this function.  If this DSP48 function was inferred, it is suggested to describe an additional register stage after this function.  If the DSP48 was instantiated in the design, it is suggested to set the PREG attribute to 1.
WARNING: [DRC DPOP-1] PREG Output pipelining: DSP i_ariane/i_cva6/ex_stage_i/fpu_gen.fpu_i/fpu_gen.i_fpnew_bulk/gen_operation_groups[0].i_opgroup_block/gen_parallel_slices[1].active_format.i_fmt_slice/gen_num_lanes[0].active_lane.lane_instance.i_fma/product__0 output i_ariane/i_cva6/ex_stage_i/fpu_gen.fpu_i/fpu_gen.i_fpnew_bulk/gen_operation_groups[0].i_opgroup_block/gen_parallel_slices[1].active_format.i_fmt_slice/gen_num_lanes[0].active_lane.lane_instance.i_fma/product__0/P[47:0] is not pipelined (PREG=0). Pipelining the DSP48 output will improve performance and often saves power so it is suggested whenever possible to fully pipeline this function.  If this DSP48 function was inferred, it is suggested to describe an additional register stage after this function.  If the DSP48 was instantiated in the design, it is suggested to set the PREG attribute to 1.
WARNING: [DRC DPOP-1] PREG Output pipelining: DSP i_ariane/i_cva6/ex_stage_i/fpu_gen.fpu_i/fpu_gen.i_fpnew_bulk/gen_operation_groups[0].i_opgroup_block/gen_parallel_slices[1].active_format.i_fmt_slice/gen_num_lanes[0].active_lane.lane_instance.i_fma/product__1 output i_ariane/i_cva6/ex_stage_i/fpu_gen.fpu_i/fpu_gen.i_fpnew_bulk/gen_operation_groups[0].i_opgroup_block/gen_parallel_slices[1].active_format.i_fmt_slice/gen_num_lanes[0].active_lane.lane_instance.i_fma/product__1/P[47:0] is not pipelined (PREG=0). Pipelining the DSP48 output will improve performance and often saves power so it is suggested whenever possible to fully pipeline this function.  If this DSP48 function was inferred, it is suggested to describe an additional register stage after this function.  If the DSP48 was instantiated in the design, it is suggested to set the PREG attribute to 1.
WARNING: [DRC DPOP-1] PREG Output pipelining: DSP i_ariane/i_cva6/ex_stage_i/fpu_gen.fpu_i/fpu_gen.i_fpnew_bulk/gen_operation_groups[0].i_opgroup_block/gen_parallel_slices[1].active_format.i_fmt_slice/gen_num_lanes[0].active_lane.lane_instance.i_fma/product__4 output i_ariane/i_cva6/ex_stage_i/fpu_gen.fpu_i/fpu_gen.i_fpnew_bulk/gen_operation_groups[0].i_opgroup_block/gen_parallel_slices[1].active_format.i_fmt_slice/gen_num_lanes[0].active_lane.lane_instance.i_fma/product__4/P[47:0] is not pipelined (PREG=0). Pipelining the DSP48 output will improve performance and often saves power so it is suggested whenever possible to fully pipeline this function.  If this DSP48 function was inferred, it is suggested to describe an additional register stage after this function.  If the DSP48 was instantiated in the design, it is suggested to set the PREG attribute to 1.
WARNING: [DRC DPOP-1] PREG Output pipelining: DSP i_ariane/i_cva6/ex_stage_i/fpu_gen.fpu_i/fpu_gen.i_fpnew_bulk/gen_operation_groups[0].i_opgroup_block/gen_parallel_slices[1].active_format.i_fmt_slice/gen_num_lanes[0].active_lane.lane_instance.i_fma/product__5 output i_ariane/i_cva6/ex_stage_i/fpu_gen.fpu_i/fpu_gen.i_fpnew_bulk/gen_operation_groups[0].i_opgroup_block/gen_parallel_slices[1].active_format.i_fmt_slice/gen_num_lanes[0].active_lane.lane_instance.i_fma/product__5/P[47:0] is not pipelined (PREG=0). Pipelining the DSP48 output will improve performance and often saves power so it is suggested whenever possible to fully pipeline this function.  If this DSP48 function was inferred, it is suggested to describe an additional register stage after this function.  If the DSP48 was instantiated in the design, it is suggested to set the PREG attribute to 1.
WARNING: [DRC DPOP-1] PREG Output pipelining: DSP i_ariane/i_cva6/ex_stage_i/fpu_gen.fpu_i/fpu_gen.i_fpnew_bulk/gen_operation_groups[0].i_opgroup_block/gen_parallel_slices[1].active_format.i_fmt_slice/gen_num_lanes[0].active_lane.lane_instance.i_fma/product__7 output i_ariane/i_cva6/ex_stage_i/fpu_gen.fpu_i/fpu_gen.i_fpnew_bulk/gen_operation_groups[0].i_opgroup_block/gen_parallel_slices[1].active_format.i_fmt_slice/gen_num_lanes[0].active_lane.lane_instance.i_fma/product__7/P[47:0] is not pipelined (PREG=0). Pipelining the DSP48 output will improve performance and often saves power so it is suggested whenever possible to fully pipeline this function.  If this DSP48 function was inferred, it is suggested to describe an additional register stage after this function.  If the DSP48 was instantiated in the design, it is suggested to set the PREG attribute to 1.
WARNING: [DRC DPOP-1] PREG Output pipelining: DSP i_ariane/i_cva6/ex_stage_i/i_mult/i_multiplier/mult_result_d output i_ariane/i_cva6/ex_stage_i/i_mult/i_multiplier/mult_result_d/P[47:0] is not pipelined (PREG=0). Pipelining the DSP48 output will improve performance and often saves power so it is suggested whenever possible to fully pipeline this function.  If this DSP48 function was inferred, it is suggested to describe an additional register stage after this function.  If the DSP48 was instantiated in the design, it is suggested to set the PREG attribute to 1.
WARNING: [DRC DPOP-1] PREG Output pipelining: DSP i_ariane/i_cva6/ex_stage_i/i_mult/i_multiplier/mult_result_d__1 output i_ariane/i_cva6/ex_stage_i/i_mult/i_multiplier/mult_result_d__1/P[47:0] is not pipelined (PREG=0). Pipelining the DSP48 output will improve performance and often saves power so it is suggested whenever possible to fully pipeline this function.  If this DSP48 function was inferred, it is suggested to describe an additional register stage after this function.  If the DSP48 was instantiated in the design, it is suggested to set the PREG attribute to 1.
WARNING: [DRC DPOP-1] PREG Output pipelining: DSP i_ariane/i_cva6/ex_stage_i/i_mult/i_multiplier/mult_result_d__11 output i_ariane/i_cva6/ex_stage_i/i_mult/i_multiplier/mult_result_d__11/P[47:0] is not pipelined (PREG=0). Pipelining the DSP48 output will improve performance and often saves power so it is suggested whenever possible to fully pipeline this function.  If this DSP48 function was inferred, it is suggested to describe an additional register stage after this function.  If the DSP48 was instantiated in the design, it is suggested to set the PREG attribute to 1.
WARNING: [DRC DPOP-1] PREG Output pipelining: DSP i_ariane/i_cva6/ex_stage_i/i_mult/i_multiplier/mult_result_d__13 output i_ariane/i_cva6/ex_stage_i/i_mult/i_multiplier/mult_result_d__13/P[47:0] is not pipelined (PREG=0). Pipelining the DSP48 output will improve performance and often saves power so it is suggested whenever possible to fully pipeline this function.  If this DSP48 function was inferred, it is suggested to describe an additional register stage after this function.  If the DSP48 was instantiated in the design, it is suggested to set the PREG attribute to 1.
WARNING: [DRC DPOP-1] PREG Output pipelining: DSP i_ariane/i_cva6/ex_stage_i/i_mult/i_multiplier/mult_result_d__4 output i_ariane/i_cva6/ex_stage_i/i_mult/i_multiplier/mult_result_d__4/P[47:0] is not pipelined (PREG=0). Pipelining the DSP48 output will improve performance and often saves power so it is suggested whenever possible to fully pipeline this function.  If this DSP48 function was inferred, it is suggested to describe an additional register stage after this function.  If the DSP48 was instantiated in the design, it is suggested to set the PREG attribute to 1.
WARNING: [DRC DPOP-1] PREG Output pipelining: DSP i_ariane/i_cva6/ex_stage_i/i_mult/i_multiplier/mult_result_d__8 output i_ariane/i_cva6/ex_stage_i/i_mult/i_multiplier/mult_result_d__8/P[47:0] is not pipelined (PREG=0). Pipelining the DSP48 output will improve performance and often saves power so it is suggested whenever possible to fully pipeline this function.  If this DSP48 function was inferred, it is suggested to describe an additional register stage after this function.  If the DSP48 was instantiated in the design, it is suggested to set the PREG attribute to 1.
WARNING: [DRC DPOP-2] MREG Output pipelining: DSP i_ariane/i_cva6/ex_stage_i/fpu_gen.fpu_i/fpu_gen.i_fpnew_bulk/gen_operation_groups[0].i_opgroup_block/gen_parallel_slices[0].active_format.i_fmt_slice/gen_num_lanes[0].active_lane.lane_instance.i_fma/product multiplier stage i_ariane/i_cva6/ex_stage_i/fpu_gen.fpu_i/fpu_gen.i_fpnew_bulk/gen_operation_groups[0].i_opgroup_block/gen_parallel_slices[0].active_format.i_fmt_slice/gen_num_lanes[0].active_lane.lane_instance.i_fma/product/P[47:0] is not pipelined (MREG=0). Pipelining the multiplier function will improve performance and will save significant power so it is suggested whenever possible to fully pipeline this function.  If this multiplier was inferred, it is suggested to describe an additional register stage after this function.  If there is no registered adder/accumulator following the multiply function, two pipeline stages are suggested to allow both the MREG and PREG registers to be used.  If the DSP48 was instantiated in the design, it is suggested to set both the MREG and PREG attributes to 1 when performing multiply functions.
WARNING: [DRC DPOP-2] MREG Output pipelining: DSP i_ariane/i_cva6/ex_stage_i/fpu_gen.fpu_i/fpu_gen.i_fpnew_bulk/gen_operation_groups[0].i_opgroup_block/gen_parallel_slices[0].active_format.i_fmt_slice/gen_num_lanes[0].active_lane.lane_instance.i_fma/product__0 multiplier stage i_ariane/i_cva6/ex_stage_i/fpu_gen.fpu_i/fpu_gen.i_fpnew_bulk/gen_operation_groups[0].i_opgroup_block/gen_parallel_slices[0].active_format.i_fmt_slice/gen_num_lanes[0].active_lane.lane_instance.i_fma/product__0/P[47:0] is not pipelined (MREG=0). Pipelining the multiplier function will improve performance and will save significant power so it is suggested whenever possible to fully pipeline this function.  If this multiplier was inferred, it is suggested to describe an additional register stage after this function.  If there is no registered adder/accumulator following the multiply function, two pipeline stages are suggested to allow both the MREG and PREG registers to be used.  If the DSP48 was instantiated in the design, it is suggested to set both the MREG and PREG attributes to 1 when performing multiply functions.
WARNING: [DRC DPOP-2] MREG Output pipelining: DSP i_ariane/i_cva6/ex_stage_i/fpu_gen.fpu_i/fpu_gen.i_fpnew_bulk/gen_operation_groups[0].i_opgroup_block/gen_parallel_slices[1].active_format.i_fmt_slice/gen_num_lanes[0].active_lane.lane_instance.i_fma/product__0 multiplier stage i_ariane/i_cva6/ex_stage_i/fpu_gen.fpu_i/fpu_gen.i_fpnew_bulk/gen_operation_groups[0].i_opgroup_block/gen_parallel_slices[1].active_format.i_fmt_slice/gen_num_lanes[0].active_lane.lane_instance.i_fma/product__0/P[47:0] is not pipelined (MREG=0). Pipelining the multiplier function will improve performance and will save significant power so it is suggested whenever possible to fully pipeline this function.  If this multiplier was inferred, it is suggested to describe an additional register stage after this function.  If there is no registered adder/accumulator following the multiply function, two pipeline stages are suggested to allow both the MREG and PREG registers to be used.  If the DSP48 was instantiated in the design, it is suggested to set both the MREG and PREG attributes to 1 when performing multiply functions.
WARNING: [DRC DPOP-2] MREG Output pipelining: DSP i_ariane/i_cva6/ex_stage_i/fpu_gen.fpu_i/fpu_gen.i_fpnew_bulk/gen_operation_groups[0].i_opgroup_block/gen_parallel_slices[1].active_format.i_fmt_slice/gen_num_lanes[0].active_lane.lane_instance.i_fma/product__1 multiplier stage i_ariane/i_cva6/ex_stage_i/fpu_gen.fpu_i/fpu_gen.i_fpnew_bulk/gen_operation_groups[0].i_opgroup_block/gen_parallel_slices[1].active_format.i_fmt_slice/gen_num_lanes[0].active_lane.lane_instance.i_fma/product__1/P[47:0] is not pipelined (MREG=0). Pipelining the multiplier function will improve performance and will save significant power so it is suggested whenever possible to fully pipeline this function.  If this multiplier was inferred, it is suggested to describe an additional register stage after this function.  If there is no registered adder/accumulator following the multiply function, two pipeline stages are suggested to allow both the MREG and PREG registers to be used.  If the DSP48 was instantiated in the design, it is suggested to set both the MREG and PREG attributes to 1 when performing multiply functions.
WARNING: [DRC DPOP-2] MREG Output pipelining: DSP i_ariane/i_cva6/ex_stage_i/fpu_gen.fpu_i/fpu_gen.i_fpnew_bulk/gen_operation_groups[0].i_opgroup_block/gen_parallel_slices[1].active_format.i_fmt_slice/gen_num_lanes[0].active_lane.lane_instance.i_fma/product__4 multiplier stage i_ariane/i_cva6/ex_stage_i/fpu_gen.fpu_i/fpu_gen.i_fpnew_bulk/gen_operation_groups[0].i_opgroup_block/gen_parallel_slices[1].active_format.i_fmt_slice/gen_num_lanes[0].active_lane.lane_instance.i_fma/product__4/P[47:0] is not pipelined (MREG=0). Pipelining the multiplier function will improve performance and will save significant power so it is suggested whenever possible to fully pipeline this function.  If this multiplier was inferred, it is suggested to describe an additional register stage after this function.  If there is no registered adder/accumulator following the multiply function, two pipeline stages are suggested to allow both the MREG and PREG registers to be used.  If the DSP48 was instantiated in the design, it is suggested to set both the MREG and PREG attributes to 1 when performing multiply functions.
WARNING: [DRC DPOP-2] MREG Output pipelining: DSP i_ariane/i_cva6/ex_stage_i/fpu_gen.fpu_i/fpu_gen.i_fpnew_bulk/gen_operation_groups[0].i_opgroup_block/gen_parallel_slices[1].active_format.i_fmt_slice/gen_num_lanes[0].active_lane.lane_instance.i_fma/product__5 multiplier stage i_ariane/i_cva6/ex_stage_i/fpu_gen.fpu_i/fpu_gen.i_fpnew_bulk/gen_operation_groups[0].i_opgroup_block/gen_parallel_slices[1].active_format.i_fmt_slice/gen_num_lanes[0].active_lane.lane_instance.i_fma/product__5/P[47:0] is not pipelined (MREG=0). Pipelining the multiplier function will improve performance and will save significant power so it is suggested whenever possible to fully pipeline this function.  If this multiplier was inferred, it is suggested to describe an additional register stage after this function.  If there is no registered adder/accumulator following the multiply function, two pipeline stages are suggested to allow both the MREG and PREG registers to be used.  If the DSP48 was instantiated in the design, it is suggested to set both the MREG and PREG attributes to 1 when performing multiply functions.
WARNING: [DRC DPOP-2] MREG Output pipelining: DSP i_ariane/i_cva6/ex_stage_i/fpu_gen.fpu_i/fpu_gen.i_fpnew_bulk/gen_operation_groups[0].i_opgroup_block/gen_parallel_slices[1].active_format.i_fmt_slice/gen_num_lanes[0].active_lane.lane_instance.i_fma/product__7 multiplier stage i_ariane/i_cva6/ex_stage_i/fpu_gen.fpu_i/fpu_gen.i_fpnew_bulk/gen_operation_groups[0].i_opgroup_block/gen_parallel_slices[1].active_format.i_fmt_slice/gen_num_lanes[0].active_lane.lane_instance.i_fma/product__7/P[47:0] is not pipelined (MREG=0). Pipelining the multiplier function will improve performance and will save significant power so it is suggested whenever possible to fully pipeline this function.  If this multiplier was inferred, it is suggested to describe an additional register stage after this function.  If there is no registered adder/accumulator following the multiply function, two pipeline stages are suggested to allow both the MREG and PREG registers to be used.  If the DSP48 was instantiated in the design, it is suggested to set both the MREG and PREG attributes to 1 when performing multiply functions.
WARNING: [DRC DPOP-2] MREG Output pipelining: DSP i_ariane/i_cva6/ex_stage_i/i_mult/i_multiplier/mult_result_d multiplier stage i_ariane/i_cva6/ex_stage_i/i_mult/i_multiplier/mult_result_d/P[47:0] is not pipelined (MREG=0). Pipelining the multiplier function will improve performance and will save significant power so it is suggested whenever possible to fully pipeline this function.  If this multiplier was inferred, it is suggested to describe an additional register stage after this function.  If there is no registered adder/accumulator following the multiply function, two pipeline stages are suggested to allow both the MREG and PREG registers to be used.  If the DSP48 was instantiated in the design, it is suggested to set both the MREG and PREG attributes to 1 when performing multiply functions.
WARNING: [DRC DPOP-2] MREG Output pipelining: DSP i_ariane/i_cva6/ex_stage_i/i_mult/i_multiplier/mult_result_d__1 multiplier stage i_ariane/i_cva6/ex_stage_i/i_mult/i_multiplier/mult_result_d__1/P[47:0] is not pipelined (MREG=0). Pipelining the multiplier function will improve performance and will save significant power so it is suggested whenever possible to fully pipeline this function.  If this multiplier was inferred, it is suggested to describe an additional register stage after this function.  If there is no registered adder/accumulator following the multiply function, two pipeline stages are suggested to allow both the MREG and PREG registers to be used.  If the DSP48 was instantiated in the design, it is suggested to set both the MREG and PREG attributes to 1 when performing multiply functions.
WARNING: [DRC DPOP-2] MREG Output pipelining: DSP i_ariane/i_cva6/ex_stage_i/i_mult/i_multiplier/mult_result_d__10 multiplier stage i_ariane/i_cva6/ex_stage_i/i_mult/i_multiplier/mult_result_d__10/P[47:0] is not pipelined (MREG=0). Pipelining the multiplier function will improve performance and will save significant power so it is suggested whenever possible to fully pipeline this function.  If this multiplier was inferred, it is suggested to describe an additional register stage after this function.  If there is no registered adder/accumulator following the multiply function, two pipeline stages are suggested to allow both the MREG and PREG registers to be used.  If the DSP48 was instantiated in the design, it is suggested to set both the MREG and PREG attributes to 1 when performing multiply functions.
WARNING: [DRC DPOP-2] MREG Output pipelining: DSP i_ariane/i_cva6/ex_stage_i/i_mult/i_multiplier/mult_result_d__11 multiplier stage i_ariane/i_cva6/ex_stage_i/i_mult/i_multiplier/mult_result_d__11/P[47:0] is not pipelined (MREG=0). Pipelining the multiplier function will improve performance and will save significant power so it is suggested whenever possible to fully pipeline this function.  If this multiplier was inferred, it is suggested to describe an additional register stage after this function.  If there is no registered adder/accumulator following the multiply function, two pipeline stages are suggested to allow both the MREG and PREG registers to be used.  If the DSP48 was instantiated in the design, it is suggested to set both the MREG and PREG attributes to 1 when performing multiply functions.
WARNING: [DRC DPOP-2] MREG Output pipelining: DSP i_ariane/i_cva6/ex_stage_i/i_mult/i_multiplier/mult_result_d__13 multiplier stage i_ariane/i_cva6/ex_stage_i/i_mult/i_multiplier/mult_result_d__13/P[47:0] is not pipelined (MREG=0). Pipelining the multiplier function will improve performance and will save significant power so it is suggested whenever possible to fully pipeline this function.  If this multiplier was inferred, it is suggested to describe an additional register stage after this function.  If there is no registered adder/accumulator following the multiply function, two pipeline stages are suggested to allow both the MREG and PREG registers to be used.  If the DSP48 was instantiated in the design, it is suggested to set both the MREG and PREG attributes to 1 when performing multiply functions.
WARNING: [DRC DPOP-2] MREG Output pipelining: DSP i_ariane/i_cva6/ex_stage_i/i_mult/i_multiplier/mult_result_d__14 multiplier stage i_ariane/i_cva6/ex_stage_i/i_mult/i_multiplier/mult_result_d__14/P[47:0] is not pipelined (MREG=0). Pipelining the multiplier function will improve performance and will save significant power so it is suggested whenever possible to fully pipeline this function.  If this multiplier was inferred, it is suggested to describe an additional register stage after this function.  If there is no registered adder/accumulator following the multiply function, two pipeline stages are suggested to allow both the MREG and PREG registers to be used.  If the DSP48 was instantiated in the design, it is suggested to set both the MREG and PREG attributes to 1 when performing multiply functions.
WARNING: [DRC DPOP-2] MREG Output pipelining: DSP i_ariane/i_cva6/ex_stage_i/i_mult/i_multiplier/mult_result_d__2 multiplier stage i_ariane/i_cva6/ex_stage_i/i_mult/i_multiplier/mult_result_d__2/P[47:0] is not pipelined (MREG=0). Pipelining the multiplier function will improve performance and will save significant power so it is suggested whenever possible to fully pipeline this function.  If this multiplier was inferred, it is suggested to describe an additional register stage after this function.  If there is no registered adder/accumulator following the multiply function, two pipeline stages are suggested to allow both the MREG and PREG registers to be used.  If the DSP48 was instantiated in the design, it is suggested to set both the MREG and PREG attributes to 1 when performing multiply functions.
WARNING: [DRC DPOP-2] MREG Output pipelining: DSP i_ariane/i_cva6/ex_stage_i/i_mult/i_multiplier/mult_result_d__4 multiplier stage i_ariane/i_cva6/ex_stage_i/i_mult/i_multiplier/mult_result_d__4/P[47:0] is not pipelined (MREG=0). Pipelining the multiplier function will improve performance and will save significant power so it is suggested whenever possible to fully pipeline this function.  If this multiplier was inferred, it is suggested to describe an additional register stage after this function.  If there is no registered adder/accumulator following the multiply function, two pipeline stages are suggested to allow both the MREG and PREG registers to be used.  If the DSP48 was instantiated in the design, it is suggested to set both the MREG and PREG attributes to 1 when performing multiply functions.
WARNING: [DRC DPOP-2] MREG Output pipelining: DSP i_ariane/i_cva6/ex_stage_i/i_mult/i_multiplier/mult_result_d__6 multiplier stage i_ariane/i_cva6/ex_stage_i/i_mult/i_multiplier/mult_result_d__6/P[47:0] is not pipelined (MREG=0). Pipelining the multiplier function will improve performance and will save significant power so it is suggested whenever possible to fully pipeline this function.  If this multiplier was inferred, it is suggested to describe an additional register stage after this function.  If there is no registered adder/accumulator following the multiply function, two pipeline stages are suggested to allow both the MREG and PREG registers to be used.  If the DSP48 was instantiated in the design, it is suggested to set both the MREG and PREG attributes to 1 when performing multiply functions.
WARNING: [DRC DPOP-2] MREG Output pipelining: DSP i_ariane/i_cva6/ex_stage_i/i_mult/i_multiplier/mult_result_d__8 multiplier stage i_ariane/i_cva6/ex_stage_i/i_mult/i_multiplier/mult_result_d__8/P[47:0] is not pipelined (MREG=0). Pipelining the multiplier function will improve performance and will save significant power so it is suggested whenever possible to fully pipeline this function.  If this multiplier was inferred, it is suggested to describe an additional register stage after this function.  If there is no registered adder/accumulator following the multiply function, two pipeline stages are suggested to allow both the MREG and PREG registers to be used.  If the DSP48 was instantiated in the design, it is suggested to set both the MREG and PREG attributes to 1 when performing multiply functions.
WARNING: [DRC DPOR-1] Asynchronous load check: DSP i_ariane/i_cva6/ex_stage_i/i_mult/i_multiplier/mult_result_d output is connected to registers with an asynchronous reset (i_ariane/i_cva6/ex_stage_i/i_mult/i_multiplier/mult_result_q_reg[0]). This is preventing the possibility of merging these registers in to the DSP Block since the DSP block registers only possess synchronous reset capability.  It is suggested to recode or change these registers to remove the reset or use a synchronous reset to get the best optimization for performance, power and area.
WARNING: [DRC DPOR-1] Asynchronous load check: DSP i_ariane/i_cva6/ex_stage_i/i_mult/i_multiplier/mult_result_d output is connected to registers with an asynchronous reset (i_ariane/i_cva6/ex_stage_i/i_mult/i_multiplier/mult_result_q_reg[10]). This is preventing the possibility of merging these registers in to the DSP Block since the DSP block registers only possess synchronous reset capability.  It is suggested to recode or change these registers to remove the reset or use a synchronous reset to get the best optimization for performance, power and area.
WARNING: [DRC DPOR-1] Asynchronous load check: DSP i_ariane/i_cva6/ex_stage_i/i_mult/i_multiplier/mult_result_d output is connected to registers with an asynchronous reset (i_ariane/i_cva6/ex_stage_i/i_mult/i_multiplier/mult_result_q_reg[11]). This is preventing the possibility of merging these registers in to the DSP Block since the DSP block registers only possess synchronous reset capability.  It is suggested to recode or change these registers to remove the reset or use a synchronous reset to get the best optimization for performance, power and area.
WARNING: [DRC DPOR-1] Asynchronous load check: DSP i_ariane/i_cva6/ex_stage_i/i_mult/i_multiplier/mult_result_d output is connected to registers with an asynchronous reset (i_ariane/i_cva6/ex_stage_i/i_mult/i_multiplier/mult_result_q_reg[12]). This is preventing the possibility of merging these registers in to the DSP Block since the DSP block registers only possess synchronous reset capability.  It is suggested to recode or change these registers to remove the reset or use a synchronous reset to get the best optimization for performance, power and area.
WARNING: [DRC DPOR-1] Asynchronous load check: DSP i_ariane/i_cva6/ex_stage_i/i_mult/i_multiplier/mult_result_d output is connected to registers with an asynchronous reset (i_ariane/i_cva6/ex_stage_i/i_mult/i_multiplier/mult_result_q_reg[13]). This is preventing the possibility of merging these registers in to the DSP Block since the DSP block registers only possess synchronous reset capability.  It is suggested to recode or change these registers to remove the reset or use a synchronous reset to get the best optimization for performance, power and area.
WARNING: [DRC DPOR-1] Asynchronous load check: DSP i_ariane/i_cva6/ex_stage_i/i_mult/i_multiplier/mult_result_d output is connected to registers with an asynchronous reset (i_ariane/i_cva6/ex_stage_i/i_mult/i_multiplier/mult_result_q_reg[14]). This is preventing the possibility of merging these registers in to the DSP Block since the DSP block registers only possess synchronous reset capability.  It is suggested to recode or change these registers to remove the reset or use a synchronous reset to get the best optimization for performance, power and area.
WARNING: [DRC DPOR-1] Asynchronous load check: DSP i_ariane/i_cva6/ex_stage_i/i_mult/i_multiplier/mult_result_d output is connected to registers with an asynchronous reset (i_ariane/i_cva6/ex_stage_i/i_mult/i_multiplier/mult_result_q_reg[15]). This is preventing the possibility of merging these registers in to the DSP Block since the DSP block registers only possess synchronous reset capability.  It is suggested to recode or change these registers to remove the reset or use a synchronous reset to get the best optimization for performance, power and area.
WARNING: [DRC DPOR-1] Asynchronous load check: DSP i_ariane/i_cva6/ex_stage_i/i_mult/i_multiplier/mult_result_d output is connected to registers with an asynchronous reset (i_ariane/i_cva6/ex_stage_i/i_mult/i_multiplier/mult_result_q_reg[16]). This is preventing the possibility of merging these registers in to the DSP Block since the DSP block registers only possess synchronous reset capability.  It is suggested to recode or change these registers to remove the reset or use a synchronous reset to get the best optimization for performance, power and area.
WARNING: [DRC DPOR-1] Asynchronous load check: DSP i_ariane/i_cva6/ex_stage_i/i_mult/i_multiplier/mult_result_d output is connected to registers with an asynchronous reset (i_ariane/i_cva6/ex_stage_i/i_mult/i_multiplier/mult_result_q_reg[1]). This is preventing the possibility of merging these registers in to the DSP Block since the DSP block registers only possess synchronous reset capability.  It is suggested to recode or change these registers to remove the reset or use a synchronous reset to get the best optimization for performance, power and area.
WARNING: [DRC DPOR-1] Asynchronous load check: DSP i_ariane/i_cva6/ex_stage_i/i_mult/i_multiplier/mult_result_d output is connected to registers with an asynchronous reset (i_ariane/i_cva6/ex_stage_i/i_mult/i_multiplier/mult_result_q_reg[2]). This is preventing the possibility of merging these registers in to the DSP Block since the DSP block registers only possess synchronous reset capability.  It is suggested to recode or change these registers to remove the reset or use a synchronous reset to get the best optimization for performance, power and area.
WARNING: [DRC DPOR-1] Asynchronous load check: DSP i_ariane/i_cva6/ex_stage_i/i_mult/i_multiplier/mult_result_d output is connected to registers with an asynchronous reset (i_ariane/i_cva6/ex_stage_i/i_mult/i_multiplier/mult_result_q_reg[3]). This is preventing the possibility of merging these registers in to the DSP Block since the DSP block registers only possess synchronous reset capability.  It is suggested to recode or change these registers to remove the reset or use a synchronous reset to get the best optimization for performance, power and area.
WARNING: [DRC DPOR-1] Asynchronous load check: DSP i_ariane/i_cva6/ex_stage_i/i_mult/i_multiplier/mult_result_d output is connected to registers with an asynchronous reset (i_ariane/i_cva6/ex_stage_i/i_mult/i_multiplier/mult_result_q_reg[4]). This is preventing the possibility of merging these registers in to the DSP Block since the DSP block registers only possess synchronous reset capability.  It is suggested to recode or change these registers to remove the reset or use a synchronous reset to get the best optimization for performance, power and area.
WARNING: [DRC DPOR-1] Asynchronous load check: DSP i_ariane/i_cva6/ex_stage_i/i_mult/i_multiplier/mult_result_d output is connected to registers with an asynchronous reset (i_ariane/i_cva6/ex_stage_i/i_mult/i_multiplier/mult_result_q_reg[5]). This is preventing the possibility of merging these registers in to the DSP Block since the DSP block registers only possess synchronous reset capability.  It is suggested to recode or change these registers to remove the reset or use a synchronous reset to get the best optimization for performance, power and area.
WARNING: [DRC DPOR-1] Asynchronous load check: DSP i_ariane/i_cva6/ex_stage_i/i_mult/i_multiplier/mult_result_d output is connected to registers with an asynchronous reset (i_ariane/i_cva6/ex_stage_i/i_mult/i_multiplier/mult_result_q_reg[6]). This is preventing the possibility of merging these registers in to the DSP Block since the DSP block registers only possess synchronous reset capability.  It is suggested to recode or change these registers to remove the reset or use a synchronous reset to get the best optimization for performance, power and area.
WARNING: [DRC DPOR-1] Asynchronous load check: DSP i_ariane/i_cva6/ex_stage_i/i_mult/i_multiplier/mult_result_d output is connected to registers with an asynchronous reset (i_ariane/i_cva6/ex_stage_i/i_mult/i_multiplier/mult_result_q_reg[7]). This is preventing the possibility of merging these registers in to the DSP Block since the DSP block registers only possess synchronous reset capability.  It is suggested to recode or change these registers to remove the reset or use a synchronous reset to get the best optimization for performance, power and area.
WARNING: [DRC DPOR-1] Asynchronous load check: DSP i_ariane/i_cva6/ex_stage_i/i_mult/i_multiplier/mult_result_d output is connected to registers with an asynchronous reset (i_ariane/i_cva6/ex_stage_i/i_mult/i_multiplier/mult_result_q_reg[8]). This is preventing the possibility of merging these registers in to the DSP Block since the DSP block registers only possess synchronous reset capability.  It is suggested to recode or change these registers to remove the reset or use a synchronous reset to get the best optimization for performance, power and area.
WARNING: [DRC DPOR-1] Asynchronous load check: DSP i_ariane/i_cva6/ex_stage_i/i_mult/i_multiplier/mult_result_d output is connected to registers with an asynchronous reset (i_ariane/i_cva6/ex_stage_i/i_mult/i_multiplier/mult_result_q_reg[9]). This is preventing the possibility of merging these registers in to the DSP Block since the DSP block registers only possess synchronous reset capability.  It is suggested to recode or change these registers to remove the reset or use a synchronous reset to get the best optimization for performance, power and area.
WARNING: [DRC DPOR-1] Asynchronous load check: DSP i_ariane/i_cva6/ex_stage_i/i_mult/i_multiplier/mult_result_d__1 output is connected to registers with an asynchronous reset (i_ariane/i_cva6/ex_stage_i/i_mult/i_multiplier/mult_result_q_reg[0]__0). This is preventing the possibility of merging these registers in to the DSP Block since the DSP block registers only possess synchronous reset capability.  It is suggested to recode or change these registers to remove the reset or use a synchronous reset to get the best optimization for performance, power and area.
WARNING: [DRC DPOR-1] Asynchronous load check: DSP i_ariane/i_cva6/ex_stage_i/i_mult/i_multiplier/mult_result_d__1 output is connected to registers with an asynchronous reset (i_ariane/i_cva6/ex_stage_i/i_mult/i_multiplier/mult_result_q_reg[10]__0). This is preventing the possibility of merging these registers in to the DSP Block since the DSP block registers only possess synchronous reset capability.  It is suggested to recode or change these registers to remove the reset or use a synchronous reset to get the best optimization for performance, power and area.
WARNING: [DRC DPOR-1] Asynchronous load check: DSP i_ariane/i_cva6/ex_stage_i/i_mult/i_multiplier/mult_result_d__1 output is connected to registers with an asynchronous reset (i_ariane/i_cva6/ex_stage_i/i_mult/i_multiplier/mult_result_q_reg[11]__0). This is preventing the possibility of merging these registers in to the DSP Block since the DSP block registers only possess synchronous reset capability.  It is suggested to recode or change these registers to remove the reset or use a synchronous reset to get the best optimization for performance, power and area.
WARNING: [DRC DPOR-1] Asynchronous load check: DSP i_ariane/i_cva6/ex_stage_i/i_mult/i_multiplier/mult_result_d__1 output is connected to registers with an asynchronous reset (i_ariane/i_cva6/ex_stage_i/i_mult/i_multiplier/mult_result_q_reg[12]__0). This is preventing the possibility of merging these registers in to the DSP Block since the DSP block registers only possess synchronous reset capability.  It is suggested to recode or change these registers to remove the reset or use a synchronous reset to get the best optimization for performance, power and area.
WARNING: [DRC DPOR-1] Asynchronous load check: DSP i_ariane/i_cva6/ex_stage_i/i_mult/i_multiplier/mult_result_d__1 output is connected to registers with an asynchronous reset (i_ariane/i_cva6/ex_stage_i/i_mult/i_multiplier/mult_result_q_reg[13]__0). This is preventing the possibility of merging these registers in to the DSP Block since the DSP block registers only possess synchronous reset capability.  It is suggested to recode or change these registers to remove the reset or use a synchronous reset to get the best optimization for performance, power and area.
WARNING: [DRC DPOR-1] Asynchronous load check: DSP i_ariane/i_cva6/ex_stage_i/i_mult/i_multiplier/mult_result_d__1 output is connected to registers with an asynchronous reset (i_ariane/i_cva6/ex_stage_i/i_mult/i_multiplier/mult_result_q_reg[14]__0). This is preventing the possibility of merging these registers in to the DSP Block since the DSP block registers only possess synchronous reset capability.  It is suggested to recode or change these registers to remove the reset or use a synchronous reset to get the best optimization for performance, power and area.
WARNING: [DRC DPOR-1] Asynchronous load check: DSP i_ariane/i_cva6/ex_stage_i/i_mult/i_multiplier/mult_result_d__1 output is connected to registers with an asynchronous reset (i_ariane/i_cva6/ex_stage_i/i_mult/i_multiplier/mult_result_q_reg[15]__0). This is preventing the possibility of merging these registers in to the DSP Block since the DSP block registers only possess synchronous reset capability.  It is suggested to recode or change these registers to remove the reset or use a synchronous reset to get the best optimization for performance, power and area.
WARNING: [DRC DPOR-1] Asynchronous load check: DSP i_ariane/i_cva6/ex_stage_i/i_mult/i_multiplier/mult_result_d__1 output is connected to registers with an asynchronous reset (i_ariane/i_cva6/ex_stage_i/i_mult/i_multiplier/mult_result_q_reg[16]__0). This is preventing the possibility of merging these registers in to the DSP Block since the DSP block registers only possess synchronous reset capability.  It is suggested to recode or change these registers to remove the reset or use a synchronous reset to get the best optimization for performance, power and area.
WARNING: [DRC DPOR-1] Asynchronous load check: DSP i_ariane/i_cva6/ex_stage_i/i_mult/i_multiplier/mult_result_d__1 output is connected to registers with an asynchronous reset (i_ariane/i_cva6/ex_stage_i/i_mult/i_multiplier/mult_result_q_reg[1]__0). This is preventing the possibility of merging these registers in to the DSP Block since the DSP block registers only possess synchronous reset capability.  It is suggested to recode or change these registers to remove the reset or use a synchronous reset to get the best optimization for performance, power and area.
WARNING: [DRC DPOR-1] Asynchronous load check: DSP i_ariane/i_cva6/ex_stage_i/i_mult/i_multiplier/mult_result_d__1 output is connected to registers with an asynchronous reset (i_ariane/i_cva6/ex_stage_i/i_mult/i_multiplier/mult_result_q_reg[2]__0). This is preventing the possibility of merging these registers in to the DSP Block since the DSP block registers only possess synchronous reset capability.  It is suggested to recode or change these registers to remove the reset or use a synchronous reset to get the best optimization for performance, power and area.
WARNING: [DRC DPOR-1] Asynchronous load check: DSP i_ariane/i_cva6/ex_stage_i/i_mult/i_multiplier/mult_result_d__1 output is connected to registers with an asynchronous reset (i_ariane/i_cva6/ex_stage_i/i_mult/i_multiplier/mult_result_q_reg[3]__0). This is preventing the possibility of merging these registers in to the DSP Block since the DSP block registers only possess synchronous reset capability.  It is suggested to recode or change these registers to remove the reset or use a synchronous reset to get the best optimization for performance, power and area.
WARNING: [DRC DPOR-1] Asynchronous load check: DSP i_ariane/i_cva6/ex_stage_i/i_mult/i_multiplier/mult_result_d__1 output is connected to registers with an asynchronous reset (i_ariane/i_cva6/ex_stage_i/i_mult/i_multiplier/mult_result_q_reg[4]__0). This is preventing the possibility of merging these registers in to the DSP Block since the DSP block registers only possess synchronous reset capability.  It is suggested to recode or change these registers to remove the reset or use a synchronous reset to get the best optimization for performance, power and area.
WARNING: [DRC DPOR-1] Asynchronous load check: DSP i_ariane/i_cva6/ex_stage_i/i_mult/i_multiplier/mult_result_d__1 output is connected to registers with an asynchronous reset (i_ariane/i_cva6/ex_stage_i/i_mult/i_multiplier/mult_result_q_reg[5]__0). This is preventing the possibility of merging these registers in to the DSP Block since the DSP block registers only possess synchronous reset capability.  It is suggested to recode or change these registers to remove the reset or use a synchronous reset to get the best optimization for performance, power and area.
WARNING: [DRC DPOR-1] Asynchronous load check: DSP i_ariane/i_cva6/ex_stage_i/i_mult/i_multiplier/mult_result_d__1 output is connected to registers with an asynchronous reset (i_ariane/i_cva6/ex_stage_i/i_mult/i_multiplier/mult_result_q_reg[6]__0). This is preventing the possibility of merging these registers in to the DSP Block since the DSP block registers only possess synchronous reset capability.  It is suggested to recode or change these registers to remove the reset or use a synchronous reset to get the best optimization for performance, power and area.
WARNING: [DRC DPOR-1] Asynchronous load check: DSP i_ariane/i_cva6/ex_stage_i/i_mult/i_multiplier/mult_result_d__1 output is connected to registers with an asynchronous reset (i_ariane/i_cva6/ex_stage_i/i_mult/i_multiplier/mult_result_q_reg[7]__0). This is preventing the possibility of merging these registers in to the DSP Block since the DSP block registers only possess synchronous reset capability.  It is suggested to recode or change these registers to remove the reset or use a synchronous reset to get the best optimization for performance, power and area.
WARNING: [DRC DPOR-1] Asynchronous load check: DSP i_ariane/i_cva6/ex_stage_i/i_mult/i_multiplier/mult_result_d__1 output is connected to registers with an asynchronous reset (i_ariane/i_cva6/ex_stage_i/i_mult/i_multiplier/mult_result_q_reg[8]__0). This is preventing the possibility of merging these registers in to the DSP Block since the DSP block registers only possess synchronous reset capability.  It is suggested to recode or change these registers to remove the reset or use a synchronous reset to get the best optimization for performance, power and area.
WARNING: [DRC DPOR-1] Asynchronous load check: DSP i_ariane/i_cva6/ex_stage_i/i_mult/i_multiplier/mult_result_d__1 output is connected to registers with an asynchronous reset (i_ariane/i_cva6/ex_stage_i/i_mult/i_multiplier/mult_result_q_reg[9]__0). This is preventing the possibility of merging these registers in to the DSP Block since the DSP block registers only possess synchronous reset capability.  It is suggested to recode or change these registers to remove the reset or use a synchronous reset to get the best optimization for performance, power and area.
WARNING: [DRC DPOR-1] Asynchronous load check: DSP i_ariane/i_cva6/ex_stage_i/i_mult/i_multiplier/mult_result_d__11 output is connected to registers with an asynchronous reset (i_ariane/i_cva6/ex_stage_i/i_mult/i_multiplier/mult_result_q_reg[0]__6). This is preventing the possibility of merging these registers in to the DSP Block since the DSP block registers only possess synchronous reset capability.  It is suggested to recode or change these registers to remove the reset or use a synchronous reset to get the best optimization for performance, power and area.
WARNING: [DRC DPOR-1] Asynchronous load check: DSP i_ariane/i_cva6/ex_stage_i/i_mult/i_multiplier/mult_result_d__11 output is connected to registers with an asynchronous reset (i_ariane/i_cva6/ex_stage_i/i_mult/i_multiplier/mult_result_q_reg[10]__6). This is preventing the possibility of merging these registers in to the DSP Block since the DSP block registers only possess synchronous reset capability.  It is suggested to recode or change these registers to remove the reset or use a synchronous reset to get the best optimization for performance, power and area.
WARNING: [DRC DPOR-1] Asynchronous load check: DSP i_ariane/i_cva6/ex_stage_i/i_mult/i_multiplier/mult_result_d__11 output is connected to registers with an asynchronous reset (i_ariane/i_cva6/ex_stage_i/i_mult/i_multiplier/mult_result_q_reg[11]__6). This is preventing the possibility of merging these registers in to the DSP Block since the DSP block registers only possess synchronous reset capability.  It is suggested to recode or change these registers to remove the reset or use a synchronous reset to get the best optimization for performance, power and area.
WARNING: [DRC DPOR-1] Asynchronous load check: DSP i_ariane/i_cva6/ex_stage_i/i_mult/i_multiplier/mult_result_d__11 output is connected to registers with an asynchronous reset (i_ariane/i_cva6/ex_stage_i/i_mult/i_multiplier/mult_result_q_reg[12]__6). This is preventing the possibility of merging these registers in to the DSP Block since the DSP block registers only possess synchronous reset capability.  It is suggested to recode or change these registers to remove the reset or use a synchronous reset to get the best optimization for performance, power and area.
WARNING: [DRC DPOR-1] Asynchronous load check: DSP i_ariane/i_cva6/ex_stage_i/i_mult/i_multiplier/mult_result_d__11 output is connected to registers with an asynchronous reset (i_ariane/i_cva6/ex_stage_i/i_mult/i_multiplier/mult_result_q_reg[13]__6). This is preventing the possibility of merging these registers in to the DSP Block since the DSP block registers only possess synchronous reset capability.  It is suggested to recode or change these registers to remove the reset or use a synchronous reset to get the best optimization for performance, power and area.
WARNING: [DRC DPOR-1] Asynchronous load check: DSP i_ariane/i_cva6/ex_stage_i/i_mult/i_multiplier/mult_result_d__11 output is connected to registers with an asynchronous reset (i_ariane/i_cva6/ex_stage_i/i_mult/i_multiplier/mult_result_q_reg[14]__6). This is preventing the possibility of merging these registers in to the DSP Block since the DSP block registers only possess synchronous reset capability.  It is suggested to recode or change these registers to remove the reset or use a synchronous reset to get the best optimization for performance, power and area.
WARNING: [DRC DPOR-1] Asynchronous load check: DSP i_ariane/i_cva6/ex_stage_i/i_mult/i_multiplier/mult_result_d__11 output is connected to registers with an asynchronous reset (i_ariane/i_cva6/ex_stage_i/i_mult/i_multiplier/mult_result_q_reg[15]__6). This is preventing the possibility of merging these registers in to the DSP Block since the DSP block registers only possess synchronous reset capability.  It is suggested to recode or change these registers to remove the reset or use a synchronous reset to get the best optimization for performance, power and area.
WARNING: [DRC DPOR-1] Asynchronous load check: DSP i_ariane/i_cva6/ex_stage_i/i_mult/i_multiplier/mult_result_d__11 output is connected to registers with an asynchronous reset (i_ariane/i_cva6/ex_stage_i/i_mult/i_multiplier/mult_result_q_reg[16]__6). This is preventing the possibility of merging these registers in to the DSP Block since the DSP block registers only possess synchronous reset capability.  It is suggested to recode or change these registers to remove the reset or use a synchronous reset to get the best optimization for performance, power and area.
WARNING: [DRC DPOR-1] Asynchronous load check: DSP i_ariane/i_cva6/ex_stage_i/i_mult/i_multiplier/mult_result_d__11 output is connected to registers with an asynchronous reset (i_ariane/i_cva6/ex_stage_i/i_mult/i_multiplier/mult_result_q_reg[1]__6). This is preventing the possibility of merging these registers in to the DSP Block since the DSP block registers only possess synchronous reset capability.  It is suggested to recode or change these registers to remove the reset or use a synchronous reset to get the best optimization for performance, power and area.
WARNING: [DRC DPOR-1] Asynchronous load check: DSP i_ariane/i_cva6/ex_stage_i/i_mult/i_multiplier/mult_result_d__11 output is connected to registers with an asynchronous reset (i_ariane/i_cva6/ex_stage_i/i_mult/i_multiplier/mult_result_q_reg[2]__6). This is preventing the possibility of merging these registers in to the DSP Block since the DSP block registers only possess synchronous reset capability.  It is suggested to recode or change these registers to remove the reset or use a synchronous reset to get the best optimization for performance, power and area.
WARNING: [DRC DPOR-1] Asynchronous load check: DSP i_ariane/i_cva6/ex_stage_i/i_mult/i_multiplier/mult_result_d__11 output is connected to registers with an asynchronous reset (i_ariane/i_cva6/ex_stage_i/i_mult/i_multiplier/mult_result_q_reg[3]__6). This is preventing the possibility of merging these registers in to the DSP Block since the DSP block registers only possess synchronous reset capability.  It is suggested to recode or change these registers to remove the reset or use a synchronous reset to get the best optimization for performance, power and area.
WARNING: [DRC DPOR-1] Asynchronous load check: DSP i_ariane/i_cva6/ex_stage_i/i_mult/i_multiplier/mult_result_d__11 output is connected to registers with an asynchronous reset (i_ariane/i_cva6/ex_stage_i/i_mult/i_multiplier/mult_result_q_reg[4]__6). This is preventing the possibility of merging these registers in to the DSP Block since the DSP block registers only possess synchronous reset capability.  It is suggested to recode or change these registers to remove the reset or use a synchronous reset to get the best optimization for performance, power and area.
WARNING: [DRC DPOR-1] Asynchronous load check: DSP i_ariane/i_cva6/ex_stage_i/i_mult/i_multiplier/mult_result_d__11 output is connected to registers with an asynchronous reset (i_ariane/i_cva6/ex_stage_i/i_mult/i_multiplier/mult_result_q_reg[5]__6). This is preventing the possibility of merging these registers in to the DSP Block since the DSP block registers only possess synchronous reset capability.  It is suggested to recode or change these registers to remove the reset or use a synchronous reset to get the best optimization for performance, power and area.
WARNING: [DRC DPOR-1] Asynchronous load check: DSP i_ariane/i_cva6/ex_stage_i/i_mult/i_multiplier/mult_result_d__11 output is connected to registers with an asynchronous reset (i_ariane/i_cva6/ex_stage_i/i_mult/i_multiplier/mult_result_q_reg[6]__6). This is preventing the possibility of merging these registers in to the DSP Block since the DSP block registers only possess synchronous reset capability.  It is suggested to recode or change these registers to remove the reset or use a synchronous reset to get the best optimization for performance, power and area.
WARNING: [DRC DPOR-1] Asynchronous load check: DSP i_ariane/i_cva6/ex_stage_i/i_mult/i_multiplier/mult_result_d__11 output is connected to registers with an asynchronous reset (i_ariane/i_cva6/ex_stage_i/i_mult/i_multiplier/mult_result_q_reg[7]__6). This is preventing the possibility of merging these registers in to the DSP Block since the DSP block registers only possess synchronous reset capability.  It is suggested to recode or change these registers to remove the reset or use a synchronous reset to get the best optimization for performance, power and area.
WARNING: [DRC DPOR-1] Asynchronous load check: DSP i_ariane/i_cva6/ex_stage_i/i_mult/i_multiplier/mult_result_d__11 output is connected to registers with an asynchronous reset (i_ariane/i_cva6/ex_stage_i/i_mult/i_multiplier/mult_result_q_reg[8]__6). This is preventing the possibility of merging these registers in to the DSP Block since the DSP block registers only possess synchronous reset capability.  It is suggested to recode or change these registers to remove the reset or use a synchronous reset to get the best optimization for performance, power and area.
WARNING: [DRC DPOR-1] Asynchronous load check: DSP i_ariane/i_cva6/ex_stage_i/i_mult/i_multiplier/mult_result_d__11 output is connected to registers with an asynchronous reset (i_ariane/i_cva6/ex_stage_i/i_mult/i_multiplier/mult_result_q_reg[9]__6). This is preventing the possibility of merging these registers in to the DSP Block since the DSP block registers only possess synchronous reset capability.  It is suggested to recode or change these registers to remove the reset or use a synchronous reset to get the best optimization for performance, power and area.
WARNING: [DRC DPOR-1] Asynchronous load check: DSP i_ariane/i_cva6/ex_stage_i/i_mult/i_multiplier/mult_result_d__13 output is connected to registers with an asynchronous reset (i_ariane/i_cva6/ex_stage_i/i_mult/i_multiplier/mult_result_q_reg[0]__7). This is preventing the possibility of merging these registers in to the DSP Block since the DSP block registers only possess synchronous reset capability.  It is suggested to recode or change these registers to remove the reset or use a synchronous reset to get the best optimization for performance, power and area.
WARNING: [DRC DPOR-1] Asynchronous load check: DSP i_ariane/i_cva6/ex_stage_i/i_mult/i_multiplier/mult_result_d__13 output is connected to registers with an asynchronous reset (i_ariane/i_cva6/ex_stage_i/i_mult/i_multiplier/mult_result_q_reg[10]__7). This is preventing the possibility of merging these registers in to the DSP Block since the DSP block registers only possess synchronous reset capability.  It is suggested to recode or change these registers to remove the reset or use a synchronous reset to get the best optimization for performance, power and area.
WARNING: [DRC DPOR-1] Asynchronous load check: DSP i_ariane/i_cva6/ex_stage_i/i_mult/i_multiplier/mult_result_d__13 output is connected to registers with an asynchronous reset (i_ariane/i_cva6/ex_stage_i/i_mult/i_multiplier/mult_result_q_reg[11]__7). This is preventing the possibility of merging these registers in to the DSP Block since the DSP block registers only possess synchronous reset capability.  It is suggested to recode or change these registers to remove the reset or use a synchronous reset to get the best optimization for performance, power and area.
WARNING: [DRC DPOR-1] Asynchronous load check: DSP i_ariane/i_cva6/ex_stage_i/i_mult/i_multiplier/mult_result_d__13 output is connected to registers with an asynchronous reset (i_ariane/i_cva6/ex_stage_i/i_mult/i_multiplier/mult_result_q_reg[12]__7). This is preventing the possibility of merging these registers in to the DSP Block since the DSP block registers only possess synchronous reset capability.  It is suggested to recode or change these registers to remove the reset or use a synchronous reset to get the best optimization for performance, power and area.
WARNING: [DRC DPOR-1] Asynchronous load check: DSP i_ariane/i_cva6/ex_stage_i/i_mult/i_multiplier/mult_result_d__13 output is connected to registers with an asynchronous reset (i_ariane/i_cva6/ex_stage_i/i_mult/i_multiplier/mult_result_q_reg[13]__7). This is preventing the possibility of merging these registers in to the DSP Block since the DSP block registers only possess synchronous reset capability.  It is suggested to recode or change these registers to remove the reset or use a synchronous reset to get the best optimization for performance, power and area.
WARNING: [DRC DPOR-1] Asynchronous load check: DSP i_ariane/i_cva6/ex_stage_i/i_mult/i_multiplier/mult_result_d__13 output is connected to registers with an asynchronous reset (i_ariane/i_cva6/ex_stage_i/i_mult/i_multiplier/mult_result_q_reg[14]__7). This is preventing the possibility of merging these registers in to the DSP Block since the DSP block registers only possess synchronous reset capability.  It is suggested to recode or change these registers to remove the reset or use a synchronous reset to get the best optimization for performance, power and area.
WARNING: [DRC DPOR-1] Asynchronous load check: DSP i_ariane/i_cva6/ex_stage_i/i_mult/i_multiplier/mult_result_d__13 output is connected to registers with an asynchronous reset (i_ariane/i_cva6/ex_stage_i/i_mult/i_multiplier/mult_result_q_reg[15]__7). This is preventing the possibility of merging these registers in to the DSP Block since the DSP block registers only possess synchronous reset capability.  It is suggested to recode or change these registers to remove the reset or use a synchronous reset to get the best optimization for performance, power and area.
WARNING: [DRC DPOR-1] Asynchronous load check: DSP i_ariane/i_cva6/ex_stage_i/i_mult/i_multiplier/mult_result_d__13 output is connected to registers with an asynchronous reset (i_ariane/i_cva6/ex_stage_i/i_mult/i_multiplier/mult_result_q_reg[16]__7). This is preventing the possibility of merging these registers in to the DSP Block since the DSP block registers only possess synchronous reset capability.  It is suggested to recode or change these registers to remove the reset or use a synchronous reset to get the best optimization for performance, power and area.
WARNING: [DRC DPOR-1] Asynchronous load check: DSP i_ariane/i_cva6/ex_stage_i/i_mult/i_multiplier/mult_result_d__13 output is connected to registers with an asynchronous reset (i_ariane/i_cva6/ex_stage_i/i_mult/i_multiplier/mult_result_q_reg[1]__7). This is preventing the possibility of merging these registers in to the DSP Block since the DSP block registers only possess synchronous reset capability.  It is suggested to recode or change these registers to remove the reset or use a synchronous reset to get the best optimization for performance, power and area.
WARNING: [DRC DPOR-1] Asynchronous load check: DSP i_ariane/i_cva6/ex_stage_i/i_mult/i_multiplier/mult_result_d__13 output is connected to registers with an asynchronous reset (i_ariane/i_cva6/ex_stage_i/i_mult/i_multiplier/mult_result_q_reg[2]__7). This is preventing the possibility of merging these registers in to the DSP Block since the DSP block registers only possess synchronous reset capability.  It is suggested to recode or change these registers to remove the reset or use a synchronous reset to get the best optimization for performance, power and area.
WARNING: [DRC DPOR-1] Asynchronous load check: DSP i_ariane/i_cva6/ex_stage_i/i_mult/i_multiplier/mult_result_d__13 output is connected to registers with an asynchronous reset (i_ariane/i_cva6/ex_stage_i/i_mult/i_multiplier/mult_result_q_reg[3]__7). This is preventing the possibility of merging these registers in to the DSP Block since the DSP block registers only possess synchronous reset capability.  It is suggested to recode or change these registers to remove the reset or use a synchronous reset to get the best optimization for performance, power and area.
WARNING: [DRC DPOR-1] Asynchronous load check: DSP i_ariane/i_cva6/ex_stage_i/i_mult/i_multiplier/mult_result_d__13 output is connected to registers with an asynchronous reset (i_ariane/i_cva6/ex_stage_i/i_mult/i_multiplier/mult_result_q_reg[4]__7). This is preventing the possibility of merging these registers in to the DSP Block since the DSP block registers only possess synchronous reset capability.  It is suggested to recode or change these registers to remove the reset or use a synchronous reset to get the best optimization for performance, power and area.
WARNING: [DRC DPOR-1] Asynchronous load check: DSP i_ariane/i_cva6/ex_stage_i/i_mult/i_multiplier/mult_result_d__13 output is connected to registers with an asynchronous reset (i_ariane/i_cva6/ex_stage_i/i_mult/i_multiplier/mult_result_q_reg[5]__7). This is preventing the possibility of merging these registers in to the DSP Block since the DSP block registers only possess synchronous reset capability.  It is suggested to recode or change these registers to remove the reset or use a synchronous reset to get the best optimization for performance, power and area.
WARNING: [DRC DPOR-1] Asynchronous load check: DSP i_ariane/i_cva6/ex_stage_i/i_mult/i_multiplier/mult_result_d__13 output is connected to registers with an asynchronous reset (i_ariane/i_cva6/ex_stage_i/i_mult/i_multiplier/mult_result_q_reg[6]__7). This is preventing the possibility of merging these registers in to the DSP Block since the DSP block registers only possess synchronous reset capability.  It is suggested to recode or change these registers to remove the reset or use a synchronous reset to get the best optimization for performance, power and area.
WARNING: [DRC DPOR-1] Asynchronous load check: DSP i_ariane/i_cva6/ex_stage_i/i_mult/i_multiplier/mult_result_d__13 output is connected to registers with an asynchronous reset (i_ariane/i_cva6/ex_stage_i/i_mult/i_multiplier/mult_result_q_reg[7]__7). This is preventing the possibility of merging these registers in to the DSP Block since the DSP block registers only possess synchronous reset capability.  It is suggested to recode or change these registers to remove the reset or use a synchronous reset to get the best optimization for performance, power and area.
WARNING: [DRC DPOR-1] Asynchronous load check: DSP i_ariane/i_cva6/ex_stage_i/i_mult/i_multiplier/mult_result_d__13 output is connected to registers with an asynchronous reset (i_ariane/i_cva6/ex_stage_i/i_mult/i_multiplier/mult_result_q_reg[8]__7). This is preventing the possibility of merging these registers in to the DSP Block since the DSP block registers only possess synchronous reset capability.  It is suggested to recode or change these registers to remove the reset or use a synchronous reset to get the best optimization for performance, power and area.
WARNING: [DRC DPOR-1] Asynchronous load check: DSP i_ariane/i_cva6/ex_stage_i/i_mult/i_multiplier/mult_result_d__13 output is connected to registers with an asynchronous reset (i_ariane/i_cva6/ex_stage_i/i_mult/i_multiplier/mult_result_q_reg[9]__7). This is preventing the possibility of merging these registers in to the DSP Block since the DSP block registers only possess synchronous reset capability.  It is suggested to recode or change these registers to remove the reset or use a synchronous reset to get the best optimization for performance, power and area.
WARNING: [DRC DPOR-1] Asynchronous load check: DSP i_ariane/i_cva6/ex_stage_i/i_mult/i_multiplier/mult_result_d__4 output is connected to registers with an asynchronous reset (i_ariane/i_cva6/ex_stage_i/i_mult/i_multiplier/mult_result_q_reg[0]__2). This is preventing the possibility of merging these registers in to the DSP Block since the DSP block registers only possess synchronous reset capability.  It is suggested to recode or change these registers to remove the reset or use a synchronous reset to get the best optimization for performance, power and area.
WARNING: [DRC DPOR-1] Asynchronous load check: DSP i_ariane/i_cva6/ex_stage_i/i_mult/i_multiplier/mult_result_d__4 output is connected to registers with an asynchronous reset (i_ariane/i_cva6/ex_stage_i/i_mult/i_multiplier/mult_result_q_reg[10]__2). This is preventing the possibility of merging these registers in to the DSP Block since the DSP block registers only possess synchronous reset capability.  It is suggested to recode or change these registers to remove the reset or use a synchronous reset to get the best optimization for performance, power and area.
WARNING: [DRC DPOR-1] Asynchronous load check: DSP i_ariane/i_cva6/ex_stage_i/i_mult/i_multiplier/mult_result_d__4 output is connected to registers with an asynchronous reset (i_ariane/i_cva6/ex_stage_i/i_mult/i_multiplier/mult_result_q_reg[11]__2). This is preventing the possibility of merging these registers in to the DSP Block since the DSP block registers only possess synchronous reset capability.  It is suggested to recode or change these registers to remove the reset or use a synchronous reset to get the best optimization for performance, power and area.
WARNING: [DRC DPOR-1] Asynchronous load check: DSP i_ariane/i_cva6/ex_stage_i/i_mult/i_multiplier/mult_result_d__4 output is connected to registers with an asynchronous reset (i_ariane/i_cva6/ex_stage_i/i_mult/i_multiplier/mult_result_q_reg[12]__2). This is preventing the possibility of merging these registers in to the DSP Block since the DSP block registers only possess synchronous reset capability.  It is suggested to recode or change these registers to remove the reset or use a synchronous reset to get the best optimization for performance, power and area.
WARNING: [DRC DPOR-1] Asynchronous load check: DSP i_ariane/i_cva6/ex_stage_i/i_mult/i_multiplier/mult_result_d__4 output is connected to registers with an asynchronous reset (i_ariane/i_cva6/ex_stage_i/i_mult/i_multiplier/mult_result_q_reg[13]__2). This is preventing the possibility of merging these registers in to the DSP Block since the DSP block registers only possess synchronous reset capability.  It is suggested to recode or change these registers to remove the reset or use a synchronous reset to get the best optimization for performance, power and area.
WARNING: [DRC DPOR-1] Asynchronous load check: DSP i_ariane/i_cva6/ex_stage_i/i_mult/i_multiplier/mult_result_d__4 output is connected to registers with an asynchronous reset (i_ariane/i_cva6/ex_stage_i/i_mult/i_multiplier/mult_result_q_reg[14]__2). This is preventing the possibility of merging these registers in to the DSP Block since the DSP block registers only possess synchronous reset capability.  It is suggested to recode or change these registers to remove the reset or use a synchronous reset to get the best optimization for performance, power and area.
WARNING: [DRC DPOR-1] Asynchronous load check: DSP i_ariane/i_cva6/ex_stage_i/i_mult/i_multiplier/mult_result_d__4 output is connected to registers with an asynchronous reset (i_ariane/i_cva6/ex_stage_i/i_mult/i_multiplier/mult_result_q_reg[15]__2). This is preventing the possibility of merging these registers in to the DSP Block since the DSP block registers only possess synchronous reset capability.  It is suggested to recode or change these registers to remove the reset or use a synchronous reset to get the best optimization for performance, power and area.
WARNING: [DRC DPOR-1] Asynchronous load check: DSP i_ariane/i_cva6/ex_stage_i/i_mult/i_multiplier/mult_result_d__4 output is connected to registers with an asynchronous reset (i_ariane/i_cva6/ex_stage_i/i_mult/i_multiplier/mult_result_q_reg[16]__2). This is preventing the possibility of merging these registers in to the DSP Block since the DSP block registers only possess synchronous reset capability.  It is suggested to recode or change these registers to remove the reset or use a synchronous reset to get the best optimization for performance, power and area.
WARNING: [DRC DPOR-1] Asynchronous load check: DSP i_ariane/i_cva6/ex_stage_i/i_mult/i_multiplier/mult_result_d__4 output is connected to registers with an asynchronous reset (i_ariane/i_cva6/ex_stage_i/i_mult/i_multiplier/mult_result_q_reg[1]__2). This is preventing the possibility of merging these registers in to the DSP Block since the DSP block registers only possess synchronous reset capability.  It is suggested to recode or change these registers to remove the reset or use a synchronous reset to get the best optimization for performance, power and area.
WARNING: [DRC DPOR-1] Asynchronous load check: DSP i_ariane/i_cva6/ex_stage_i/i_mult/i_multiplier/mult_result_d__4 output is connected to registers with an asynchronous reset (i_ariane/i_cva6/ex_stage_i/i_mult/i_multiplier/mult_result_q_reg[2]__2). This is preventing the possibility of merging these registers in to the DSP Block since the DSP block registers only possess synchronous reset capability.  It is suggested to recode or change these registers to remove the reset or use a synchronous reset to get the best optimization for performance, power and area.
WARNING: [DRC DPOR-1] Asynchronous load check: DSP i_ariane/i_cva6/ex_stage_i/i_mult/i_multiplier/mult_result_d__4 output is connected to registers with an asynchronous reset (i_ariane/i_cva6/ex_stage_i/i_mult/i_multiplier/mult_result_q_reg[3]__2). This is preventing the possibility of merging these registers in to the DSP Block since the DSP block registers only possess synchronous reset capability.  It is suggested to recode or change these registers to remove the reset or use a synchronous reset to get the best optimization for performance, power and area.
WARNING: [DRC DPOR-1] Asynchronous load check: DSP i_ariane/i_cva6/ex_stage_i/i_mult/i_multiplier/mult_result_d__4 output is connected to registers with an asynchronous reset (i_ariane/i_cva6/ex_stage_i/i_mult/i_multiplier/mult_result_q_reg[4]__2). This is preventing the possibility of merging these registers in to the DSP Block since the DSP block registers only possess synchronous reset capability.  It is suggested to recode or change these registers to remove the reset or use a synchronous reset to get the best optimization for performance, power and area.
WARNING: [DRC DPOR-1] Asynchronous load check: DSP i_ariane/i_cva6/ex_stage_i/i_mult/i_multiplier/mult_result_d__4 output is connected to registers with an asynchronous reset (i_ariane/i_cva6/ex_stage_i/i_mult/i_multiplier/mult_result_q_reg[5]__2). This is preventing the possibility of merging these registers in to the DSP Block since the DSP block registers only possess synchronous reset capability.  It is suggested to recode or change these registers to remove the reset or use a synchronous reset to get the best optimization for performance, power and area.
WARNING: [DRC DPOR-1] Asynchronous load check: DSP i_ariane/i_cva6/ex_stage_i/i_mult/i_multiplier/mult_result_d__4 output is connected to registers with an asynchronous reset (i_ariane/i_cva6/ex_stage_i/i_mult/i_multiplier/mult_result_q_reg[6]__2). This is preventing the possibility of merging these registers in to the DSP Block since the DSP block registers only possess synchronous reset capability.  It is suggested to recode or change these registers to remove the reset or use a synchronous reset to get the best optimization for performance, power and area.
WARNING: [DRC DPOR-1] Asynchronous load check: DSP i_ariane/i_cva6/ex_stage_i/i_mult/i_multiplier/mult_result_d__4 output is connected to registers with an asynchronous reset (i_ariane/i_cva6/ex_stage_i/i_mult/i_multiplier/mult_result_q_reg[7]__2). This is preventing the possibility of merging these registers in to the DSP Block since the DSP block registers only possess synchronous reset capability.  It is suggested to recode or change these registers to remove the reset or use a synchronous reset to get the best optimization for performance, power and area.
WARNING: [DRC DPOR-1] Asynchronous load check: DSP i_ariane/i_cva6/ex_stage_i/i_mult/i_multiplier/mult_result_d__4 output is connected to registers with an asynchronous reset (i_ariane/i_cva6/ex_stage_i/i_mult/i_multiplier/mult_result_q_reg[8]__2). This is preventing the possibility of merging these registers in to the DSP Block since the DSP block registers only possess synchronous reset capability.  It is suggested to recode or change these registers to remove the reset or use a synchronous reset to get the best optimization for performance, power and area.
WARNING: [DRC DPOR-1] Asynchronous load check: DSP i_ariane/i_cva6/ex_stage_i/i_mult/i_multiplier/mult_result_d__4 output is connected to registers with an asynchronous reset (i_ariane/i_cva6/ex_stage_i/i_mult/i_multiplier/mult_result_q_reg[9]__2). This is preventing the possibility of merging these registers in to the DSP Block since the DSP block registers only possess synchronous reset capability.  It is suggested to recode or change these registers to remove the reset or use a synchronous reset to get the best optimization for performance, power and area.
WARNING: [DRC DPOR-1] Asynchronous load check: DSP i_ariane/i_cva6/ex_stage_i/i_mult/i_multiplier/mult_result_d__8 output is connected to registers with an asynchronous reset (i_ariane/i_cva6/ex_stage_i/i_mult/i_multiplier/mult_result_q_reg[0]__4). This is preventing the possibility of merging these registers in to the DSP Block since the DSP block registers only possess synchronous reset capability.  It is suggested to recode or change these registers to remove the reset or use a synchronous reset to get the best optimization for performance, power and area.
WARNING: [DRC DPOR-1] Asynchronous load check: DSP i_ariane/i_cva6/ex_stage_i/i_mult/i_multiplier/mult_result_d__8 output is connected to registers with an asynchronous reset (i_ariane/i_cva6/ex_stage_i/i_mult/i_multiplier/mult_result_q_reg[10]__4). This is preventing the possibility of merging these registers in to the DSP Block since the DSP block registers only possess synchronous reset capability.  It is suggested to recode or change these registers to remove the reset or use a synchronous reset to get the best optimization for performance, power and area.
WARNING: [DRC DPOR-1] Asynchronous load check: DSP i_ariane/i_cva6/ex_stage_i/i_mult/i_multiplier/mult_result_d__8 output is connected to registers with an asynchronous reset (i_ariane/i_cva6/ex_stage_i/i_mult/i_multiplier/mult_result_q_reg[11]__4). This is preventing the possibility of merging these registers in to the DSP Block since the DSP block registers only possess synchronous reset capability.  It is suggested to recode or change these registers to remove the reset or use a synchronous reset to get the best optimization for performance, power and area.
WARNING: [DRC DPOR-1] Asynchronous load check: DSP i_ariane/i_cva6/ex_stage_i/i_mult/i_multiplier/mult_result_d__8 output is connected to registers with an asynchronous reset (i_ariane/i_cva6/ex_stage_i/i_mult/i_multiplier/mult_result_q_reg[12]__4). This is preventing the possibility of merging these registers in to the DSP Block since the DSP block registers only possess synchronous reset capability.  It is suggested to recode or change these registers to remove the reset or use a synchronous reset to get the best optimization for performance, power and area.
WARNING: [DRC DPOR-1] Asynchronous load check: DSP i_ariane/i_cva6/ex_stage_i/i_mult/i_multiplier/mult_result_d__8 output is connected to registers with an asynchronous reset (i_ariane/i_cva6/ex_stage_i/i_mult/i_multiplier/mult_result_q_reg[13]__4). This is preventing the possibility of merging these registers in to the DSP Block since the DSP block registers only possess synchronous reset capability.  It is suggested to recode or change these registers to remove the reset or use a synchronous reset to get the best optimization for performance, power and area.
WARNING: [DRC DPOR-1] Asynchronous load check: DSP i_ariane/i_cva6/ex_stage_i/i_mult/i_multiplier/mult_result_d__8 output is connected to registers with an asynchronous reset (i_ariane/i_cva6/ex_stage_i/i_mult/i_multiplier/mult_result_q_reg[14]__4). This is preventing the possibility of merging these registers in to the DSP Block since the DSP block registers only possess synchronous reset capability.  It is suggested to recode or change these registers to remove the reset or use a synchronous reset to get the best optimization for performance, power and area.
WARNING: [DRC DPOR-1] Asynchronous load check: DSP i_ariane/i_cva6/ex_stage_i/i_mult/i_multiplier/mult_result_d__8 output is connected to registers with an asynchronous reset (i_ariane/i_cva6/ex_stage_i/i_mult/i_multiplier/mult_result_q_reg[15]__4). This is preventing the possibility of merging these registers in to the DSP Block since the DSP block registers only possess synchronous reset capability.  It is suggested to recode or change these registers to remove the reset or use a synchronous reset to get the best optimization for performance, power and area.
WARNING: [DRC DPOR-1] Asynchronous load check: DSP i_ariane/i_cva6/ex_stage_i/i_mult/i_multiplier/mult_result_d__8 output is connected to registers with an asynchronous reset (i_ariane/i_cva6/ex_stage_i/i_mult/i_multiplier/mult_result_q_reg[16]__4). This is preventing the possibility of merging these registers in to the DSP Block since the DSP block registers only possess synchronous reset capability.  It is suggested to recode or change these registers to remove the reset or use a synchronous reset to get the best optimization for performance, power and area.
WARNING: [DRC DPOR-1] Asynchronous load check: DSP i_ariane/i_cva6/ex_stage_i/i_mult/i_multiplier/mult_result_d__8 output is connected to registers with an asynchronous reset (i_ariane/i_cva6/ex_stage_i/i_mult/i_multiplier/mult_result_q_reg[1]__4). This is preventing the possibility of merging these registers in to the DSP Block since the DSP block registers only possess synchronous reset capability.  It is suggested to recode or change these registers to remove the reset or use a synchronous reset to get the best optimization for performance, power and area.
WARNING: [DRC DPOR-1] Asynchronous load check: DSP i_ariane/i_cva6/ex_stage_i/i_mult/i_multiplier/mult_result_d__8 output is connected to registers with an asynchronous reset (i_ariane/i_cva6/ex_stage_i/i_mult/i_multiplier/mult_result_q_reg[2]__4). This is preventing the possibility of merging these registers in to the DSP Block since the DSP block registers only possess synchronous reset capability.  It is suggested to recode or change these registers to remove the reset or use a synchronous reset to get the best optimization for performance, power and area.
WARNING: [DRC DPOR-1] Asynchronous load check: DSP i_ariane/i_cva6/ex_stage_i/i_mult/i_multiplier/mult_result_d__8 output is connected to registers with an asynchronous reset (i_ariane/i_cva6/ex_stage_i/i_mult/i_multiplier/mult_result_q_reg[3]__4). This is preventing the possibility of merging these registers in to the DSP Block since the DSP block registers only possess synchronous reset capability.  It is suggested to recode or change these registers to remove the reset or use a synchronous reset to get the best optimization for performance, power and area.
WARNING: [DRC DPOR-1] Asynchronous load check: DSP i_ariane/i_cva6/ex_stage_i/i_mult/i_multiplier/mult_result_d__8 output is connected to registers with an asynchronous reset (i_ariane/i_cva6/ex_stage_i/i_mult/i_multiplier/mult_result_q_reg[4]__4). This is preventing the possibility of merging these registers in to the DSP Block since the DSP block registers only possess synchronous reset capability.  It is suggested to recode or change these registers to remove the reset or use a synchronous reset to get the best optimization for performance, power and area.
WARNING: [DRC DPOR-1] Asynchronous load check: DSP i_ariane/i_cva6/ex_stage_i/i_mult/i_multiplier/mult_result_d__8 output is connected to registers with an asynchronous reset (i_ariane/i_cva6/ex_stage_i/i_mult/i_multiplier/mult_result_q_reg[5]__4). This is preventing the possibility of merging these registers in to the DSP Block since the DSP block registers only possess synchronous reset capability.  It is suggested to recode or change these registers to remove the reset or use a synchronous reset to get the best optimization for performance, power and area.
WARNING: [DRC DPOR-1] Asynchronous load check: DSP i_ariane/i_cva6/ex_stage_i/i_mult/i_multiplier/mult_result_d__8 output is connected to registers with an asynchronous reset (i_ariane/i_cva6/ex_stage_i/i_mult/i_multiplier/mult_result_q_reg[6]__4). This is preventing the possibility of merging these registers in to the DSP Block since the DSP block registers only possess synchronous reset capability.  It is suggested to recode or change these registers to remove the reset or use a synchronous reset to get the best optimization for performance, power and area.
WARNING: [DRC DPOR-1] Asynchronous load check: DSP i_ariane/i_cva6/ex_stage_i/i_mult/i_multiplier/mult_result_d__8 output is connected to registers with an asynchronous reset (i_ariane/i_cva6/ex_stage_i/i_mult/i_multiplier/mult_result_q_reg[7]__4). This is preventing the possibility of merging these registers in to the DSP Block since the DSP block registers only possess synchronous reset capability.  It is suggested to recode or change these registers to remove the reset or use a synchronous reset to get the best optimization for performance, power and area.
INFO: [Common 17-14] Message 'DRC DPOR-1' appears 100 times and further instances of the messages will be disabled. Use the Tcl command set_msg_config to change the current settings.
WARNING: [DRC IOSR-1] IOB set reset sharing: IO btnc_i connects to flops which have these i_ariane_peripherals/gen_dma.gen_accel2.i_boundary_cfg_accel2/gen_registered.s\\.b_valid_i_1_n_0, and i_ariane_peripherals/gen_dma.i_boundary_cfg_accel1/gen_registered.s\\.b_valid_i_1_n_0 set/reset signals.  For optimal IOB flop packing there should be only one set/reset signal coming into the IOB.
WARNING: [DRC IOSR-1] IOB set reset sharing: IO btnd_i connects to flops which have these i_ariane_peripherals/gen_dma.gen_accel2.i_boundary_cfg_accel2/gen_registered.s\\.b_valid_i_1_n_0, and i_ariane_peripherals/gen_dma.i_boundary_cfg_accel1/gen_registered.s\\.b_valid_i_1_n_0 set/reset signals.  For optimal IOB flop packing there should be only one set/reset signal coming into the IOB.
WARNING: [DRC IOSR-1] IOB set reset sharing: IO btnl_i connects to flops which have these i_ariane_peripherals/gen_dma.gen_accel2.i_boundary_cfg_accel2/gen_registered.s\\.b_valid_i_1_n_0, and i_ariane_peripherals/gen_dma.i_boundary_cfg_accel1/gen_registered.s\\.b_valid_i_1_n_0 set/reset signals.  For optimal IOB flop packing there should be only one set/reset signal coming into the IOB.
WARNING: [DRC IOSR-1] IOB set reset sharing: IO btnr_i connects to flops which have these i_ariane_peripherals/gen_dma.gen_accel2.i_boundary_cfg_accel2/gen_registered.s\\.b_valid_i_1_n_0, and i_ariane_peripherals/gen_dma.i_boundary_cfg_accel1/gen_registered.s\\.b_valid_i_1_n_0 set/reset signals.  For optimal IOB flop packing there should be only one set/reset signal coming into the IOB.
WARNING: [DRC IOSR-1] IOB set reset sharing: IO btnu_i connects to flops which have these i_ariane_peripherals/gen_dma.gen_accel2.i_boundary_cfg_accel2/gen_registered.s\\.b_valid_i_1_n_0, and i_ariane_peripherals/gen_dma.i_boundary_cfg_accel1/gen_registered.s\\.b_valid_i_1_n_0 set/reset signals.  For optimal IOB flop packing there should be only one set/reset signal coming into the IOB.
WARNING: [DRC PDCN-1569] LUT equation term check: Used physical LUT pin 'A1' of cell i_ariane_peripherals/gen_gpio.i_xlnx_axi_dwidth_converter_gpio/inst/gen_downsizer.gen_simple_downsizer.axi_downsizer_inst/USE_READ.read_addr_inst/cmd_queue/inst/fifo_gen_inst/inst_fifo_gen/gconvfifo.rf/grf.rf/gntv_or_sync_fifo.gl0.rd/gr1.gr1_int.rfwft/gpregsm1.user_valid_i_1 (pin i_ariane_peripherals/gen_gpio.i_xlnx_axi_dwidth_converter_gpio/inst/gen_downsizer.gen_simple_downsizer.axi_downsizer_inst/USE_READ.read_addr_inst/cmd_queue/inst/fifo_gen_inst/inst_fifo_gen/gconvfifo.rf/grf.rf/gntv_or_sync_fifo.gl0.rd/gr1.gr1_int.rfwft/gpregsm1.user_valid_i_1/I1) is not included in the LUT equation: 'O6=(A5)+((~A5)*(~A2)*A3)'. If this cell is a user instantiated LUT in the design, please remove connectivity to the pin or change the equation and/or INIT string of the LUT to prevent this issue. If the cell is inferred or IP created LUT, please regenerate the IP and/or resynthesize the design to attempt to correct the issue.
WARNING: [DRC PDCN-1569] LUT equation term check: Used physical LUT pin 'A1' of cell i_ariane_peripherals/gen_gpio.i_xlnx_axi_dwidth_converter_gpio/inst/gen_downsizer.gen_simple_downsizer.axi_downsizer_inst/USE_WRITE.write_addr_inst/cmd_queue/inst/fifo_gen_inst/inst_fifo_gen/gconvfifo.rf/grf.rf/gntv_or_sync_fifo.gl0.rd/gr1.gr1_int.rfwft/gpregsm1.user_valid_i_1 (pin i_ariane_peripherals/gen_gpio.i_xlnx_axi_dwidth_converter_gpio/inst/gen_downsizer.gen_simple_downsizer.axi_downsizer_inst/USE_WRITE.write_addr_inst/cmd_queue/inst/fifo_gen_inst/inst_fifo_gen/gconvfifo.rf/grf.rf/gntv_or_sync_fifo.gl0.rd/gr1.gr1_int.rfwft/gpregsm1.user_valid_i_1/I1) is not included in the LUT equation: 'O6=(A5)+((~A5)*(~A2)*A3)'. If this cell is a user instantiated LUT in the design, please remove connectivity to the pin or change the equation and/or INIT string of the LUT to prevent this issue. If the cell is inferred or IP created LUT, please regenerate the IP and/or resynthesize the design to attempt to correct the issue.
WARNING: [DRC PDCN-1569] LUT equation term check: Used physical LUT pin 'A2' of cell i_ariane_peripherals/gen_spi.i_xlnx_axi_dwidth_converter_spi/inst/gen_downsizer.gen_simple_downsizer.axi_downsizer_inst/USE_WRITE.write_addr_inst/cmd_queue/inst/fifo_gen_inst/inst_fifo_gen/gconvfifo.rf/grf.rf/gntv_or_sync_fifo.gl0.rd/gr1.gr1_int.rfwft/gpregsm1.user_valid_i_1 (pin i_ariane_peripherals/gen_spi.i_xlnx_axi_dwidth_converter_spi/inst/gen_downsizer.gen_simple_downsizer.axi_downsizer_inst/USE_WRITE.write_addr_inst/cmd_queue/inst/fifo_gen_inst/inst_fifo_gen/gconvfifo.rf/grf.rf/gntv_or_sync_fifo.gl0.rd/gr1.gr1_int.rfwft/gpregsm1.user_valid_i_1/I1) is not included in the LUT equation: 'O6=(A4)+((~A4)*(~A6)*A1)'. If this cell is a user instantiated LUT in the design, please remove connectivity to the pin or change the equation and/or INIT string of the LUT to prevent this issue. If the cell is inferred or IP created LUT, please regenerate the IP and/or resynthesize the design to attempt to correct the issue.
WARNING: [DRC PDCN-1569] LUT equation term check: Used physical LUT pin 'A3' of cell i_ariane_peripherals/gen_gpio.i_xlnx_axi_dwidth_converter_gpio/inst/gen_downsizer.gen_simple_downsizer.axi_downsizer_inst/USE_WRITE.write_addr_inst/USE_B_CHANNEL.cmd_b_queue/inst/fifo_gen_inst/inst_fifo_gen/gconvfifo.rf/grf.rf/gntv_or_sync_fifo.gl0.rd/gr1.gr1_int.rfwft/gpregsm1.user_valid_i_1 (pin i_ariane_peripherals/gen_gpio.i_xlnx_axi_dwidth_converter_gpio/inst/gen_downsizer.gen_simple_downsizer.axi_downsizer_inst/USE_WRITE.write_addr_inst/USE_B_CHANNEL.cmd_b_queue/inst/fifo_gen_inst/inst_fifo_gen/gconvfifo.rf/grf.rf/gntv_or_sync_fifo.gl0.rd/gr1.gr1_int.rfwft/gpregsm1.user_valid_i_1/I1) is not included in the LUT equation: 'O6=(A1)+((~A1)*(~A5)*A2)'. If this cell is a user instantiated LUT in the design, please remove connectivity to the pin or change the equation and/or INIT string of the LUT to prevent this issue. If the cell is inferred or IP created LUT, please regenerate the IP and/or resynthesize the design to attempt to correct the issue.
WARNING: [DRC PDCN-1569] LUT equation term check: Used physical LUT pin 'A4' of cell i_ariane_peripherals/gen_spi.i_xlnx_axi_dwidth_converter_spi/inst/gen_downsizer.gen_simple_downsizer.axi_downsizer_inst/USE_WRITE.write_addr_inst/USE_B_CHANNEL.cmd_b_queue/inst/fifo_gen_inst/inst_fifo_gen/gconvfifo.rf/grf.rf/gntv_or_sync_fifo.gl0.rd/gr1.gr1_int.rfwft/gpregsm1.user_valid_i_1 (pin i_ariane_peripherals/gen_spi.i_xlnx_axi_dwidth_converter_spi/inst/gen_downsizer.gen_simple_downsizer.axi_downsizer_inst/USE_WRITE.write_addr_inst/USE_B_CHANNEL.cmd_b_queue/inst/fifo_gen_inst/inst_fifo_gen/gconvfifo.rf/grf.rf/gntv_or_sync_fifo.gl0.rd/gr1.gr1_int.rfwft/gpregsm1.user_valid_i_1/I1) is not included in the LUT equation: 'O6=(A6)+((~A6)*(~A5)*A2)'. If this cell is a user instantiated LUT in the design, please remove connectivity to the pin or change the equation and/or INIT string of the LUT to prevent this issue. If the cell is inferred or IP created LUT, please regenerate the IP and/or resynthesize the design to attempt to correct the issue.
WARNING: [DRC PDCN-1569] LUT equation term check: Used physical LUT pin 'A5' of cell i_ariane_peripherals/gen_spi.i_xlnx_axi_dwidth_converter_spi/inst/gen_downsizer.gen_simple_downsizer.axi_downsizer_inst/USE_READ.read_addr_inst/cmd_queue/inst/fifo_gen_inst/inst_fifo_gen/gconvfifo.rf/grf.rf/gntv_or_sync_fifo.gl0.rd/gr1.gr1_int.rfwft/gpregsm1.user_valid_i_1 (pin i_ariane_peripherals/gen_spi.i_xlnx_axi_dwidth_converter_spi/inst/gen_downsizer.gen_simple_downsizer.axi_downsizer_inst/USE_READ.read_addr_inst/cmd_queue/inst/fifo_gen_inst/inst_fifo_gen/gconvfifo.rf/grf.rf/gntv_or_sync_fifo.gl0.rd/gr1.gr1_int.rfwft/gpregsm1.user_valid_i_1/I1) is not included in the LUT equation: 'O6=(A6)+((~A6)*(~A2)*A3)'. If this cell is a user instantiated LUT in the design, please remove connectivity to the pin or change the equation and/or INIT string of the LUT to prevent this issue. If the cell is inferred or IP created LUT, please regenerate the IP and/or resynthesize the design to attempt to correct the issue.
WARNING: [DRC REQP-1709] Clock output buffering: PLLE2_ADV connectivity violation. The signal i_ddr/u_xlnx_mig_7_ddr3_mig/u_ddr3_infrastructure/pll_clk3_out on the i_ddr/u_xlnx_mig_7_ddr3_mig/u_ddr3_infrastructure/plle2_i/CLKOUT3 pin of i_ddr/u_xlnx_mig_7_ddr3_mig/u_ddr3_infrastructure/plle2_i does not drive the same kind of BUFFER load as the other CLKOUT pins. Routing from the different buffer types will not be phase aligned.
WARNING: [DRC REQP-1839] RAMB36 async control check: The RAMB36E1 i_ariane_peripherals/gen_ethernet.eth_rgmii/RAMB16_inst_rx/genblk1[0].RAMB16_S9_S36_inst has an input control pin i_ariane_peripherals/gen_ethernet.eth_rgmii/RAMB16_inst_rx/genblk1[0].RAMB16_S9_S36_inst/ADDRBWRADDR[13] (net: i_ariane_peripherals/gen_ethernet.eth_rgmii/RAMB16_inst_rx/addrb[8]) which is driven by a register (i_ariane_peripherals/gen_ethernet.i_axi2rom/ax_req_q_reg[addr][10]) that has an active asychronous set or reset. This may cause corruption of the memory contents and/or read values when the set/reset is asserted and is not analyzed by the default static timing analysis. It is suggested to eliminate the use of a set/reset to registers driving this RAMB pin or else use a synchronous reset in which the assertion of the reset is timed by default.
WARNING: [DRC REQP-1839] RAMB36 async control check: The RAMB36E1 i_ariane_peripherals/gen_ethernet.eth_rgmii/RAMB16_inst_rx/genblk1[0].RAMB16_S9_S36_inst has an input control pin i_ariane_peripherals/gen_ethernet.eth_rgmii/RAMB16_inst_rx/genblk1[0].RAMB16_S9_S36_inst/ADDRBWRADDR[13] (net: i_ariane_peripherals/gen_ethernet.eth_rgmii/RAMB16_inst_rx/addrb[8]) which is driven by a register (i_ariane_peripherals/gen_ethernet.i_axi2rom/ax_req_q_reg[addr][11]) that has an active asychronous set or reset. This may cause corruption of the memory contents and/or read values when the set/reset is asserted and is not analyzed by the default static timing analysis. It is suggested to eliminate the use of a set/reset to registers driving this RAMB pin or else use a synchronous reset in which the assertion of the reset is timed by default.
WARNING: [DRC REQP-1839] RAMB36 async control check: The RAMB36E1 i_ariane_peripherals/gen_ethernet.eth_rgmii/RAMB16_inst_rx/genblk1[0].RAMB16_S9_S36_inst has an input control pin i_ariane_peripherals/gen_ethernet.eth_rgmii/RAMB16_inst_rx/genblk1[0].RAMB16_S9_S36_inst/ADDRBWRADDR[13] (net: i_ariane_peripherals/gen_ethernet.eth_rgmii/RAMB16_inst_rx/addrb[8]) which is driven by a register (i_ariane_peripherals/gen_ethernet.i_axi2rom/ax_req_q_reg[addr][12]) that has an active asychronous set or reset. This may cause corruption of the memory contents and/or read values when the set/reset is asserted and is not analyzed by the default static timing analysis. It is suggested to eliminate the use of a set/reset to registers driving this RAMB pin or else use a synchronous reset in which the assertion of the reset is timed by default.
WARNING: [DRC REQP-1839] RAMB36 async control check: The RAMB36E1 i_ariane_peripherals/gen_ethernet.eth_rgmii/RAMB16_inst_rx/genblk1[0].RAMB16_S9_S36_inst has an input control pin i_ariane_peripherals/gen_ethernet.eth_rgmii/RAMB16_inst_rx/genblk1[0].RAMB16_S9_S36_inst/ADDRBWRADDR[13] (net: i_ariane_peripherals/gen_ethernet.eth_rgmii/RAMB16_inst_rx/addrb[8]) which is driven by a register (i_ariane_peripherals/gen_ethernet.i_axi2rom/ax_req_q_reg[addr][13]) that has an active asychronous set or reset. This may cause corruption of the memory contents and/or read values when the set/reset is asserted and is not analyzed by the default static timing analysis. It is suggested to eliminate the use of a set/reset to registers driving this RAMB pin or else use a synchronous reset in which the assertion of the reset is timed by default.
WARNING: [DRC REQP-1839] RAMB36 async control check: The RAMB36E1 i_ariane_peripherals/gen_ethernet.eth_rgmii/RAMB16_inst_rx/genblk1[0].RAMB16_S9_S36_inst has an input control pin i_ariane_peripherals/gen_ethernet.eth_rgmii/RAMB16_inst_rx/genblk1[0].RAMB16_S9_S36_inst/ADDRBWRADDR[13] (net: i_ariane_peripherals/gen_ethernet.eth_rgmii/RAMB16_inst_rx/addrb[8]) which is driven by a register (i_ariane_peripherals/gen_ethernet.i_axi2rom/ax_req_q_reg[addr][3]) that has an active asychronous set or reset. This may cause corruption of the memory contents and/or read values when the set/reset is asserted and is not analyzed by the default static timing analysis. It is suggested to eliminate the use of a set/reset to registers driving this RAMB pin or else use a synchronous reset in which the assertion of the reset is timed by default.
WARNING: [DRC REQP-1839] RAMB36 async control check: The RAMB36E1 i_ariane_peripherals/gen_ethernet.eth_rgmii/RAMB16_inst_rx/genblk1[0].RAMB16_S9_S36_inst has an input control pin i_ariane_peripherals/gen_ethernet.eth_rgmii/RAMB16_inst_rx/genblk1[0].RAMB16_S9_S36_inst/ADDRBWRADDR[13] (net: i_ariane_peripherals/gen_ethernet.eth_rgmii/RAMB16_inst_rx/addrb[8]) which is driven by a register (i_ariane_peripherals/gen_ethernet.i_axi2rom/ax_req_q_reg[addr][4]) that has an active asychronous set or reset. This may cause corruption of the memory contents and/or read values when the set/reset is asserted and is not analyzed by the default static timing analysis. It is suggested to eliminate the use of a set/reset to registers driving this RAMB pin or else use a synchronous reset in which the assertion of the reset is timed by default.
WARNING: [DRC REQP-1839] RAMB36 async control check: The RAMB36E1 i_ariane_peripherals/gen_ethernet.eth_rgmii/RAMB16_inst_rx/genblk1[0].RAMB16_S9_S36_inst has an input control pin i_ariane_peripherals/gen_ethernet.eth_rgmii/RAMB16_inst_rx/genblk1[0].RAMB16_S9_S36_inst/ADDRBWRADDR[13] (net: i_ariane_peripherals/gen_ethernet.eth_rgmii/RAMB16_inst_rx/addrb[8]) which is driven by a register (i_ariane_peripherals/gen_ethernet.i_axi2rom/ax_req_q_reg[addr][5]) that has an active asychronous set or reset. This may cause corruption of the memory contents and/or read values when the set/reset is asserted and is not analyzed by the default static timing analysis. It is suggested to eliminate the use of a set/reset to registers driving this RAMB pin or else use a synchronous reset in which the assertion of the reset is timed by default.
WARNING: [DRC REQP-1839] RAMB36 async control check: The RAMB36E1 i_ariane_peripherals/gen_ethernet.eth_rgmii/RAMB16_inst_rx/genblk1[0].RAMB16_S9_S36_inst has an input control pin i_ariane_peripherals/gen_ethernet.eth_rgmii/RAMB16_inst_rx/genblk1[0].RAMB16_S9_S36_inst/ADDRBWRADDR[13] (net: i_ariane_peripherals/gen_ethernet.eth_rgmii/RAMB16_inst_rx/addrb[8]) which is driven by a register (i_ariane_peripherals/gen_ethernet.i_axi2rom/ax_req_q_reg[addr][6]) that has an active asychronous set or reset. This may cause corruption of the memory contents and/or read values when the set/reset is asserted and is not analyzed by the default static timing analysis. It is suggested to eliminate the use of a set/reset to registers driving this RAMB pin or else use a synchronous reset in which the assertion of the reset is timed by default.
WARNING: [DRC REQP-1839] RAMB36 async control check: The RAMB36E1 i_ariane_peripherals/gen_ethernet.eth_rgmii/RAMB16_inst_rx/genblk1[0].RAMB16_S9_S36_inst has an input control pin i_ariane_peripherals/gen_ethernet.eth_rgmii/RAMB16_inst_rx/genblk1[0].RAMB16_S9_S36_inst/ADDRBWRADDR[13] (net: i_ariane_peripherals/gen_ethernet.eth_rgmii/RAMB16_inst_rx/addrb[8]) which is driven by a register (i_ariane_peripherals/gen_ethernet.i_axi2rom/ax_req_q_reg[addr][7]) that has an active asychronous set or reset. This may cause corruption of the memory contents and/or read values when the set/reset is asserted and is not analyzed by the default static timing analysis. It is suggested to eliminate the use of a set/reset to registers driving this RAMB pin or else use a synchronous reset in which the assertion of the reset is timed by default.
WARNING: [DRC REQP-1839] RAMB36 async control check: The RAMB36E1 i_ariane_peripherals/gen_ethernet.eth_rgmii/RAMB16_inst_rx/genblk1[0].RAMB16_S9_S36_inst has an input control pin i_ariane_peripherals/gen_ethernet.eth_rgmii/RAMB16_inst_rx/genblk1[0].RAMB16_S9_S36_inst/ADDRBWRADDR[13] (net: i_ariane_peripherals/gen_ethernet.eth_rgmii/RAMB16_inst_rx/addrb[8]) which is driven by a register (i_ariane_peripherals/gen_ethernet.i_axi2rom/ax_req_q_reg[addr][8]) that has an active asychronous set or reset. This may cause corruption of the memory contents and/or read values when the set/reset is asserted and is not analyzed by the default static timing analysis. It is suggested to eliminate the use of a set/reset to registers driving this RAMB pin or else use a synchronous reset in which the assertion of the reset is timed by default.
WARNING: [DRC REQP-1839] RAMB36 async control check: The RAMB36E1 i_ariane_peripherals/gen_ethernet.eth_rgmii/RAMB16_inst_rx/genblk1[0].RAMB16_S9_S36_inst has an input control pin i_ariane_peripherals/gen_ethernet.eth_rgmii/RAMB16_inst_rx/genblk1[0].RAMB16_S9_S36_inst/ADDRBWRADDR[13] (net: i_ariane_peripherals/gen_ethernet.eth_rgmii/RAMB16_inst_rx/addrb[8]) which is driven by a register (i_ariane_peripherals/gen_ethernet.i_axi2rom/ax_req_q_reg[addr][9]) that has an active asychronous set or reset. This may cause corruption of the memory contents and/or read values when the set/reset is asserted and is not analyzed by the default static timing analysis. It is suggested to eliminate the use of a set/reset to registers driving this RAMB pin or else use a synchronous reset in which the assertion of the reset is timed by default.
WARNING: [DRC REQP-1839] RAMB36 async control check: The RAMB36E1 i_ariane_peripherals/gen_ethernet.eth_rgmii/RAMB16_inst_rx/genblk1[0].RAMB16_S9_S36_inst has an input control pin i_ariane_peripherals/gen_ethernet.eth_rgmii/RAMB16_inst_rx/genblk1[0].RAMB16_S9_S36_inst/ADDRBWRADDR[13] (net: i_ariane_peripherals/gen_ethernet.eth_rgmii/RAMB16_inst_rx/addrb[8]) which is driven by a register (i_ariane_peripherals/gen_ethernet.i_axi2rom/cnt_q_reg[0]) that has an active asychronous set or reset. This may cause corruption of the memory contents and/or read values when the set/reset is asserted and is not analyzed by the default static timing analysis. It is suggested to eliminate the use of a set/reset to registers driving this RAMB pin or else use a synchronous reset in which the assertion of the reset is timed by default.
WARNING: [DRC REQP-1839] RAMB36 async control check: The RAMB36E1 i_ariane_peripherals/gen_ethernet.eth_rgmii/RAMB16_inst_rx/genblk1[0].RAMB16_S9_S36_inst has an input control pin i_ariane_peripherals/gen_ethernet.eth_rgmii/RAMB16_inst_rx/genblk1[0].RAMB16_S9_S36_inst/ADDRBWRADDR[13] (net: i_ariane_peripherals/gen_ethernet.eth_rgmii/RAMB16_inst_rx/addrb[8]) which is driven by a register (i_ariane_peripherals/gen_ethernet.i_axi2rom/cnt_q_reg[1]) that has an active asychronous set or reset. This may cause corruption of the memory contents and/or read values when the set/reset is asserted and is not analyzed by the default static timing analysis. It is suggested to eliminate the use of a set/reset to registers driving this RAMB pin or else use a synchronous reset in which the assertion of the reset is timed by default.
WARNING: [DRC REQP-1839] RAMB36 async control check: The RAMB36E1 i_ariane_peripherals/gen_ethernet.eth_rgmii/RAMB16_inst_rx/genblk1[0].RAMB16_S9_S36_inst has an input control pin i_ariane_peripherals/gen_ethernet.eth_rgmii/RAMB16_inst_rx/genblk1[0].RAMB16_S9_S36_inst/ADDRBWRADDR[13] (net: i_ariane_peripherals/gen_ethernet.eth_rgmii/RAMB16_inst_rx/addrb[8]) which is driven by a register (i_ariane_peripherals/gen_ethernet.i_axi2rom/cnt_q_reg[2]) that has an active asychronous set or reset. This may cause corruption of the memory contents and/or read values when the set/reset is asserted and is not analyzed by the default static timing analysis. It is suggested to eliminate the use of a set/reset to registers driving this RAMB pin or else use a synchronous reset in which the assertion of the reset is timed by default.
WARNING: [DRC REQP-1839] RAMB36 async control check: The RAMB36E1 i_ariane_peripherals/gen_ethernet.eth_rgmii/RAMB16_inst_rx/genblk1[0].RAMB16_S9_S36_inst has an input control pin i_ariane_peripherals/gen_ethernet.eth_rgmii/RAMB16_inst_rx/genblk1[0].RAMB16_S9_S36_inst/ADDRBWRADDR[13] (net: i_ariane_peripherals/gen_ethernet.eth_rgmii/RAMB16_inst_rx/addrb[8]) which is driven by a register (i_ariane_peripherals/gen_ethernet.i_axi2rom/cnt_q_reg[3]) that has an active asychronous set or reset. This may cause corruption of the memory contents and/or read values when the set/reset is asserted and is not analyzed by the default static timing analysis. It is suggested to eliminate the use of a set/reset to registers driving this RAMB pin or else use a synchronous reset in which the assertion of the reset is timed by default.
WARNING: [DRC REQP-1839] RAMB36 async control check: The RAMB36E1 i_ariane_peripherals/gen_ethernet.eth_rgmii/RAMB16_inst_rx/genblk1[0].RAMB16_S9_S36_inst has an input control pin i_ariane_peripherals/gen_ethernet.eth_rgmii/RAMB16_inst_rx/genblk1[0].RAMB16_S9_S36_inst/ADDRBWRADDR[13] (net: i_ariane_peripherals/gen_ethernet.eth_rgmii/RAMB16_inst_rx/addrb[8]) which is driven by a register (i_ariane_peripherals/gen_ethernet.i_axi2rom/cnt_q_reg[4]) that has an active asychronous set or reset. This may cause corruption of the memory contents and/or read values when the set/reset is asserted and is not analyzed by the default static timing analysis. It is suggested to eliminate the use of a set/reset to registers driving this RAMB pin or else use a synchronous reset in which the assertion of the reset is timed by default.
WARNING: [DRC REQP-1839] RAMB36 async control check: The RAMB36E1 i_ariane_peripherals/gen_ethernet.eth_rgmii/RAMB16_inst_rx/genblk1[0].RAMB16_S9_S36_inst has an input control pin i_ariane_peripherals/gen_ethernet.eth_rgmii/RAMB16_inst_rx/genblk1[0].RAMB16_S9_S36_inst/ADDRBWRADDR[13] (net: i_ariane_peripherals/gen_ethernet.eth_rgmii/RAMB16_inst_rx/addrb[8]) which is driven by a register (i_ariane_peripherals/gen_ethernet.i_axi2rom/cnt_q_reg[5]) that has an active asychronous set or reset. This may cause corruption of the memory contents and/or read values when the set/reset is asserted and is not analyzed by the default static timing analysis. It is suggested to eliminate the use of a set/reset to registers driving this RAMB pin or else use a synchronous reset in which the assertion of the reset is timed by default.
WARNING: [DRC REQP-1839] RAMB36 async control check: The RAMB36E1 i_ariane_peripherals/gen_ethernet.eth_rgmii/RAMB16_inst_rx/genblk1[0].RAMB16_S9_S36_inst has an input control pin i_ariane_peripherals/gen_ethernet.eth_rgmii/RAMB16_inst_rx/genblk1[0].RAMB16_S9_S36_inst/ADDRBWRADDR[13] (net: i_ariane_peripherals/gen_ethernet.eth_rgmii/RAMB16_inst_rx/addrb[8]) which is driven by a register (i_ariane_peripherals/gen_ethernet.i_axi2rom/cnt_q_reg[6]) that has an active asychronous set or reset. This may cause corruption of the memory contents and/or read values when the set/reset is asserted and is not analyzed by the default static timing analysis. It is suggested to eliminate the use of a set/reset to registers driving this RAMB pin or else use a synchronous reset in which the assertion of the reset is timed by default.
WARNING: [DRC REQP-1839] RAMB36 async control check: The RAMB36E1 i_ariane_peripherals/gen_ethernet.eth_rgmii/RAMB16_inst_rx/genblk1[0].RAMB16_S9_S36_inst has an input control pin i_ariane_peripherals/gen_ethernet.eth_rgmii/RAMB16_inst_rx/genblk1[0].RAMB16_S9_S36_inst/ADDRBWRADDR[13] (net: i_ariane_peripherals/gen_ethernet.eth_rgmii/RAMB16_inst_rx/addrb[8]) which is driven by a register (i_ariane_peripherals/gen_ethernet.i_axi2rom/cnt_q_reg[7]) that has an active asychronous set or reset. This may cause corruption of the memory contents and/or read values when the set/reset is asserted and is not analyzed by the default static timing analysis. It is suggested to eliminate the use of a set/reset to registers driving this RAMB pin or else use a synchronous reset in which the assertion of the reset is timed by default.
WARNING: [DRC REQP-1839] RAMB36 async control check: The RAMB36E1 i_ariane_peripherals/gen_ethernet.eth_rgmii/RAMB16_inst_rx/genblk1[0].RAMB16_S9_S36_inst has an input control pin i_ariane_peripherals/gen_ethernet.eth_rgmii/RAMB16_inst_rx/genblk1[0].RAMB16_S9_S36_inst/ADDRBWRADDR[13] (net: i_ariane_peripherals/gen_ethernet.eth_rgmii/RAMB16_inst_rx/addrb[8]) which is driven by a register (i_ariane_peripherals/gen_ethernet.i_axi2rom/req_addr_q_reg[11]) that has an active asychronous set or reset. This may cause corruption of the memory contents and/or read values when the set/reset is asserted and is not analyzed by the default static timing analysis. It is suggested to eliminate the use of a set/reset to registers driving this RAMB pin or else use a synchronous reset in which the assertion of the reset is timed by default.
WARNING: [DRC REQP-1840] RAMB18 async control check: The RAMB18E1 i_ariane_peripherals/gen_spi.i_xlnx_axi_quad_spi/U0/NO_DUAL_QUAD_MODE.QSPI_NORMAL/QSPI_ENHANCED_MD_GEN.QSPI_CORE_INTERFACE_I/FIFO_EXISTS.RX_FIFO_II/gnuram_async_fifo.xpm_fifo_base_inst/gen_sdpram.xpm_memory_base_inst/gen_wr_a.gen_word_narrow.mem_reg has an input control pin i_ariane_peripherals/gen_spi.i_xlnx_axi_quad_spi/U0/NO_DUAL_QUAD_MODE.QSPI_NORMAL/QSPI_ENHANCED_MD_GEN.QSPI_CORE_INTERFACE_I/FIFO_EXISTS.RX_FIFO_II/gnuram_async_fifo.xpm_fifo_base_inst/gen_sdpram.xpm_memory_base_inst/gen_wr_a.gen_word_narrow.mem_reg/ENBWREN (net: i_ariane_peripherals/gen_spi.i_xlnx_axi_quad_spi/U0/NO_DUAL_QUAD_MODE.QSPI_NORMAL/QSPI_ENHANCED_MD_GEN.QSPI_CORE_INTERFACE_I/FIFO_EXISTS.RX_FIFO_II/gnuram_async_fifo.xpm_fifo_base_inst/gen_sdpram.xpm_memory_base_inst/enb) which is driven by a register (i_ariane_peripherals/gen_spi.i_xlnx_axi_dwidth_converter_spi/inst/gen_downsizer.gen_simple_downsizer.axi_downsizer_inst/USE_READ.read_addr_inst/cmd_queue/inst/fifo_gen_inst/inst_fifo_gen/gconvfifo.rf/grf.rf/gntv_or_sync_fifo.gl0.rd/gr1.gr1_int.rfwft/empty_fwft_i_reg) that has an active asychronous set or reset. This may cause corruption of the memory contents and/or read values when the set/reset is asserted and is not analyzed by the default static timing analysis. It is suggested to eliminate the use of a set/reset to registers driving this RAMB pin or else use a synchronous reset in which the assertion of the reset is timed by default.
WARNING: [DRC REQP-1840] RAMB18 async control check: The RAMB18E1 i_ariane_peripherals/gen_spi.i_xlnx_axi_quad_spi/U0/NO_DUAL_QUAD_MODE.QSPI_NORMAL/QSPI_ENHANCED_MD_GEN.QSPI_CORE_INTERFACE_I/FIFO_EXISTS.RX_FIFO_II/gnuram_async_fifo.xpm_fifo_base_inst/gen_sdpram.xpm_memory_base_inst/gen_wr_a.gen_word_narrow.mem_reg has an input control pin i_ariane_peripherals/gen_spi.i_xlnx_axi_quad_spi/U0/NO_DUAL_QUAD_MODE.QSPI_NORMAL/QSPI_ENHANCED_MD_GEN.QSPI_CORE_INTERFACE_I/FIFO_EXISTS.RX_FIFO_II/gnuram_async_fifo.xpm_fifo_base_inst/gen_sdpram.xpm_memory_base_inst/gen_wr_a.gen_word_narrow.mem_reg/ENBWREN (net: i_ariane_peripherals/gen_spi.i_xlnx_axi_quad_spi/U0/NO_DUAL_QUAD_MODE.QSPI_NORMAL/QSPI_ENHANCED_MD_GEN.QSPI_CORE_INTERFACE_I/FIFO_EXISTS.RX_FIFO_II/gnuram_async_fifo.xpm_fifo_base_inst/gen_sdpram.xpm_memory_base_inst/enb) which is driven by a register (i_axi_xbar/i_xbar/gen_mst_port_mux[8].i_axi_mux/gen_mux.i_r_spill_reg/spill_register_flushable_i/gen_spill_reg.a_full_q_reg) that has an active asychronous set or reset. This may cause corruption of the memory contents and/or read values when the set/reset is asserted and is not analyzed by the default static timing analysis. It is suggested to eliminate the use of a set/reset to registers driving this RAMB pin or else use a synchronous reset in which the assertion of the reset is timed by default.
WARNING: [DRC REQP-1840] RAMB18 async control check: The RAMB18E1 i_ariane_peripherals/gen_spi.i_xlnx_axi_quad_spi/U0/NO_DUAL_QUAD_MODE.QSPI_NORMAL/QSPI_ENHANCED_MD_GEN.QSPI_CORE_INTERFACE_I/FIFO_EXISTS.RX_FIFO_II/gnuram_async_fifo.xpm_fifo_base_inst/gen_sdpram.xpm_memory_base_inst/gen_wr_a.gen_word_narrow.mem_reg has an input control pin i_ariane_peripherals/gen_spi.i_xlnx_axi_quad_spi/U0/NO_DUAL_QUAD_MODE.QSPI_NORMAL/QSPI_ENHANCED_MD_GEN.QSPI_CORE_INTERFACE_I/FIFO_EXISTS.RX_FIFO_II/gnuram_async_fifo.xpm_fifo_base_inst/gen_sdpram.xpm_memory_base_inst/gen_wr_a.gen_word_narrow.mem_reg/ENBWREN (net: i_ariane_peripherals/gen_spi.i_xlnx_axi_quad_spi/U0/NO_DUAL_QUAD_MODE.QSPI_NORMAL/QSPI_ENHANCED_MD_GEN.QSPI_CORE_INTERFACE_I/FIFO_EXISTS.RX_FIFO_II/gnuram_async_fifo.xpm_fifo_base_inst/gen_sdpram.xpm_memory_base_inst/enb) which is driven by a register (i_axi_xbar/i_xbar/gen_mst_port_mux[8].i_axi_mux/gen_mux.i_r_spill_reg/spill_register_flushable_i/gen_spill_reg.b_full_q_reg) that has an active asychronous set or reset. This may cause corruption of the memory contents and/or read values when the set/reset is asserted and is not analyzed by the default static timing analysis. It is suggested to eliminate the use of a set/reset to registers driving this RAMB pin or else use a synchronous reset in which the assertion of the reset is timed by default.
WARNING: [DRC REQP-1840] RAMB18 async control check: The RAMB18E1 i_ariane_peripherals/gen_spi.i_xlnx_axi_quad_spi/U0/NO_DUAL_QUAD_MODE.QSPI_NORMAL/QSPI_ENHANCED_MD_GEN.QSPI_CORE_INTERFACE_I/FIFO_EXISTS.TX_FIFO_II/xpm_fifo_instance.xpm_fifo_async_inst/gnuram_async_fifo.xpm_fifo_base_inst/gen_sdpram.xpm_memory_base_inst/gen_wr_a.gen_word_narrow.mem_reg has an input control pin i_ariane_peripherals/gen_spi.i_xlnx_axi_quad_spi/U0/NO_DUAL_QUAD_MODE.QSPI_NORMAL/QSPI_ENHANCED_MD_GEN.QSPI_CORE_INTERFACE_I/FIFO_EXISTS.TX_FIFO_II/xpm_fifo_instance.xpm_fifo_async_inst/gnuram_async_fifo.xpm_fifo_base_inst/gen_sdpram.xpm_memory_base_inst/gen_wr_a.gen_word_narrow.mem_reg/ENARDEN (net: i_ariane_peripherals/gen_spi.i_xlnx_axi_quad_spi/U0/NO_DUAL_QUAD_MODE.QSPI_NORMAL/QSPI_ENHANCED_MD_GEN.QSPI_CORE_INTERFACE_I/FIFO_EXISTS.TX_FIFO_II/xpm_fifo_instance.xpm_fifo_async_inst/gnuram_async_fifo.xpm_fifo_base_inst/gen_sdpram.xpm_memory_base_inst/ena) which is driven by a register (i_ariane_peripherals/gen_spi.i_xlnx_axi_dwidth_converter_spi/inst/gen_downsizer.gen_simple_downsizer.axi_downsizer_inst/USE_WRITE.write_addr_inst/cmd_queue/inst/fifo_gen_inst/inst_fifo_gen/gconvfifo.rf/grf.rf/gntv_or_sync_fifo.gl0.rd/gr1.gr1_int.rfwft/empty_fwft_i_reg) that has an active asychronous set or reset. This may cause corruption of the memory contents and/or read values when the set/reset is asserted and is not analyzed by the default static timing analysis. It is suggested to eliminate the use of a set/reset to registers driving this RAMB pin or else use a synchronous reset in which the assertion of the reset is timed by default.
WARNING: [DRC REQP-1840] RAMB18 async control check: The RAMB18E1 i_ariane_peripherals/gen_spi.i_xlnx_axi_quad_spi/U0/NO_DUAL_QUAD_MODE.QSPI_NORMAL/QSPI_ENHANCED_MD_GEN.QSPI_CORE_INTERFACE_I/FIFO_EXISTS.TX_FIFO_II/xpm_fifo_instance.xpm_fifo_async_inst/gnuram_async_fifo.xpm_fifo_base_inst/gen_sdpram.xpm_memory_base_inst/gen_wr_a.gen_word_narrow.mem_reg has an input control pin i_ariane_peripherals/gen_spi.i_xlnx_axi_quad_spi/U0/NO_DUAL_QUAD_MODE.QSPI_NORMAL/QSPI_ENHANCED_MD_GEN.QSPI_CORE_INTERFACE_I/FIFO_EXISTS.TX_FIFO_II/xpm_fifo_instance.xpm_fifo_async_inst/gnuram_async_fifo.xpm_fifo_base_inst/gen_sdpram.xpm_memory_base_inst/gen_wr_a.gen_word_narrow.mem_reg/ENARDEN (net: i_ariane_peripherals/gen_spi.i_xlnx_axi_quad_spi/U0/NO_DUAL_QUAD_MODE.QSPI_NORMAL/QSPI_ENHANCED_MD_GEN.QSPI_CORE_INTERFACE_I/FIFO_EXISTS.TX_FIFO_II/xpm_fifo_instance.xpm_fifo_async_inst/gnuram_async_fifo.xpm_fifo_base_inst/gen_sdpram.xpm_memory_base_inst/ena) which is driven by a register (i_axi_xbar/i_xbar/gen_mst_port_mux[8].i_axi_mux/gen_mux.i_w_spill_reg/spill_register_flushable_i/gen_spill_reg.a_full_q_reg) that has an active asychronous set or reset. This may cause corruption of the memory contents and/or read values when the set/reset is asserted and is not analyzed by the default static timing analysis. It is suggested to eliminate the use of a set/reset to registers driving this RAMB pin or else use a synchronous reset in which the assertion of the reset is timed by default.
WARNING: [DRC REQP-1840] RAMB18 async control check: The RAMB18E1 i_ariane_peripherals/gen_spi.i_xlnx_axi_quad_spi/U0/NO_DUAL_QUAD_MODE.QSPI_NORMAL/QSPI_ENHANCED_MD_GEN.QSPI_CORE_INTERFACE_I/FIFO_EXISTS.TX_FIFO_II/xpm_fifo_instance.xpm_fifo_async_inst/gnuram_async_fifo.xpm_fifo_base_inst/gen_sdpram.xpm_memory_base_inst/gen_wr_a.gen_word_narrow.mem_reg has an input control pin i_ariane_peripherals/gen_spi.i_xlnx_axi_quad_spi/U0/NO_DUAL_QUAD_MODE.QSPI_NORMAL/QSPI_ENHANCED_MD_GEN.QSPI_CORE_INTERFACE_I/FIFO_EXISTS.TX_FIFO_II/xpm_fifo_instance.xpm_fifo_async_inst/gnuram_async_fifo.xpm_fifo_base_inst/gen_sdpram.xpm_memory_base_inst/gen_wr_a.gen_word_narrow.mem_reg/ENARDEN (net: i_ariane_peripherals/gen_spi.i_xlnx_axi_quad_spi/U0/NO_DUAL_QUAD_MODE.QSPI_NORMAL/QSPI_ENHANCED_MD_GEN.QSPI_CORE_INTERFACE_I/FIFO_EXISTS.TX_FIFO_II/xpm_fifo_instance.xpm_fifo_async_inst/gnuram_async_fifo.xpm_fifo_base_inst/gen_sdpram.xpm_memory_base_inst/ena) which is driven by a register (i_axi_xbar/i_xbar/gen_mst_port_mux[8].i_axi_mux/gen_mux.i_w_spill_reg/spill_register_flushable_i/gen_spill_reg.b_full_q_reg) that has an active asychronous set or reset. This may cause corruption of the memory contents and/or read values when the set/reset is asserted and is not analyzed by the default static timing analysis. It is suggested to eliminate the use of a set/reset to registers driving this RAMB pin or else use a synchronous reset in which the assertion of the reset is timed by default.
WARNING: [DRC REQP-1840] RAMB18 async control check: The RAMB18E1 i_ariane_peripherals/gen_spi.i_xlnx_axi_quad_spi/U0/NO_DUAL_QUAD_MODE.QSPI_NORMAL/QSPI_ENHANCED_MD_GEN.QSPI_CORE_INTERFACE_I/FIFO_EXISTS.TX_FIFO_II/xpm_fifo_instance.xpm_fifo_async_inst/gnuram_async_fifo.xpm_fifo_base_inst/gen_sdpram.xpm_memory_base_inst/gen_wr_a.gen_word_narrow.mem_reg has an input control pin i_ariane_peripherals/gen_spi.i_xlnx_axi_quad_spi/U0/NO_DUAL_QUAD_MODE.QSPI_NORMAL/QSPI_ENHANCED_MD_GEN.QSPI_CORE_INTERFACE_I/FIFO_EXISTS.TX_FIFO_II/xpm_fifo_instance.xpm_fifo_async_inst/gnuram_async_fifo.xpm_fifo_base_inst/gen_sdpram.xpm_memory_base_inst/gen_wr_a.gen_word_narrow.mem_reg/WEA[0] (net: i_ariane_peripherals/gen_spi.i_xlnx_axi_quad_spi/U0/NO_DUAL_QUAD_MODE.QSPI_NORMAL/QSPI_ENHANCED_MD_GEN.QSPI_CORE_INTERFACE_I/FIFO_EXISTS.TX_FIFO_II/xpm_fifo_instance.xpm_fifo_async_inst/gnuram_async_fifo.xpm_fifo_base_inst/gen_sdpram.xpm_memory_base_inst/ena) which is driven by a register (i_ariane_peripherals/gen_spi.i_xlnx_axi_dwidth_converter_spi/inst/gen_downsizer.gen_simple_downsizer.axi_downsizer_inst/USE_WRITE.write_addr_inst/cmd_queue/inst/fifo_gen_inst/inst_fifo_gen/gconvfifo.rf/grf.rf/gntv_or_sync_fifo.gl0.rd/gr1.gr1_int.rfwft/empty_fwft_i_reg) that has an active asychronous set or reset. This may cause corruption of the memory contents and/or read values when the set/reset is asserted and is not analyzed by the default static timing analysis. It is suggested to eliminate the use of a set/reset to registers driving this RAMB pin or else use a synchronous reset in which the assertion of the reset is timed by default.
WARNING: [DRC REQP-1840] RAMB18 async control check: The RAMB18E1 i_ariane_peripherals/gen_spi.i_xlnx_axi_quad_spi/U0/NO_DUAL_QUAD_MODE.QSPI_NORMAL/QSPI_ENHANCED_MD_GEN.QSPI_CORE_INTERFACE_I/FIFO_EXISTS.TX_FIFO_II/xpm_fifo_instance.xpm_fifo_async_inst/gnuram_async_fifo.xpm_fifo_base_inst/gen_sdpram.xpm_memory_base_inst/gen_wr_a.gen_word_narrow.mem_reg has an input control pin i_ariane_peripherals/gen_spi.i_xlnx_axi_quad_spi/U0/NO_DUAL_QUAD_MODE.QSPI_NORMAL/QSPI_ENHANCED_MD_GEN.QSPI_CORE_INTERFACE_I/FIFO_EXISTS.TX_FIFO_II/xpm_fifo_instance.xpm_fifo_async_inst/gnuram_async_fifo.xpm_fifo_base_inst/gen_sdpram.xpm_memory_base_inst/gen_wr_a.gen_word_narrow.mem_reg/WEA[0] (net: i_ariane_peripherals/gen_spi.i_xlnx_axi_quad_spi/U0/NO_DUAL_QUAD_MODE.QSPI_NORMAL/QSPI_ENHANCED_MD_GEN.QSPI_CORE_INTERFACE_I/FIFO_EXISTS.TX_FIFO_II/xpm_fifo_instance.xpm_fifo_async_inst/gnuram_async_fifo.xpm_fifo_base_inst/gen_sdpram.xpm_memory_base_inst/ena) which is driven by a register (i_axi_xbar/i_xbar/gen_mst_port_mux[8].i_axi_mux/gen_mux.i_w_spill_reg/spill_register_flushable_i/gen_spill_reg.a_full_q_reg) that has an active asychronous set or reset. This may cause corruption of the memory contents and/or read values when the set/reset is asserted and is not analyzed by the default static timing analysis. It is suggested to eliminate the use of a set/reset to registers driving this RAMB pin or else use a synchronous reset in which the assertion of the reset is timed by default.
WARNING: [DRC REQP-1840] RAMB18 async control check: The RAMB18E1 i_ariane_peripherals/gen_spi.i_xlnx_axi_quad_spi/U0/NO_DUAL_QUAD_MODE.QSPI_NORMAL/QSPI_ENHANCED_MD_GEN.QSPI_CORE_INTERFACE_I/FIFO_EXISTS.TX_FIFO_II/xpm_fifo_instance.xpm_fifo_async_inst/gnuram_async_fifo.xpm_fifo_base_inst/gen_sdpram.xpm_memory_base_inst/gen_wr_a.gen_word_narrow.mem_reg has an input control pin i_ariane_peripherals/gen_spi.i_xlnx_axi_quad_spi/U0/NO_DUAL_QUAD_MODE.QSPI_NORMAL/QSPI_ENHANCED_MD_GEN.QSPI_CORE_INTERFACE_I/FIFO_EXISTS.TX_FIFO_II/xpm_fifo_instance.xpm_fifo_async_inst/gnuram_async_fifo.xpm_fifo_base_inst/gen_sdpram.xpm_memory_base_inst/gen_wr_a.gen_word_narrow.mem_reg/WEA[0] (net: i_ariane_peripherals/gen_spi.i_xlnx_axi_quad_spi/U0/NO_DUAL_QUAD_MODE.QSPI_NORMAL/QSPI_ENHANCED_MD_GEN.QSPI_CORE_INTERFACE_I/FIFO_EXISTS.TX_FIFO_II/xpm_fifo_instance.xpm_fifo_async_inst/gnuram_async_fifo.xpm_fifo_base_inst/gen_sdpram.xpm_memory_base_inst/ena) which is driven by a register (i_axi_xbar/i_xbar/gen_mst_port_mux[8].i_axi_mux/gen_mux.i_w_spill_reg/spill_register_flushable_i/gen_spill_reg.b_full_q_reg) that has an active asychronous set or reset. This may cause corruption of the memory contents and/or read values when the set/reset is asserted and is not analyzed by the default static timing analysis. It is suggested to eliminate the use of a set/reset to registers driving this RAMB pin or else use a synchronous reset in which the assertion of the reset is timed by default.
WARNING: [DRC REQP-1840] RAMB18 async control check: The RAMB18E1 i_ariane_peripherals/gen_spi.i_xlnx_axi_quad_spi/U0/NO_DUAL_QUAD_MODE.QSPI_NORMAL/QSPI_ENHANCED_MD_GEN.QSPI_CORE_INTERFACE_I/FIFO_EXISTS.TX_FIFO_II/xpm_fifo_instance.xpm_fifo_async_inst/gnuram_async_fifo.xpm_fifo_base_inst/gen_sdpram.xpm_memory_base_inst/gen_wr_a.gen_word_narrow.mem_reg has an input control pin i_ariane_peripherals/gen_spi.i_xlnx_axi_quad_spi/U0/NO_DUAL_QUAD_MODE.QSPI_NORMAL/QSPI_ENHANCED_MD_GEN.QSPI_CORE_INTERFACE_I/FIFO_EXISTS.TX_FIFO_II/xpm_fifo_instance.xpm_fifo_async_inst/gnuram_async_fifo.xpm_fifo_base_inst/gen_sdpram.xpm_memory_base_inst/gen_wr_a.gen_word_narrow.mem_reg/WEA[1] (net: i_ariane_peripherals/gen_spi.i_xlnx_axi_quad_spi/U0/NO_DUAL_QUAD_MODE.QSPI_NORMAL/QSPI_ENHANCED_MD_GEN.QSPI_CORE_INTERFACE_I/FIFO_EXISTS.TX_FIFO_II/xpm_fifo_instance.xpm_fifo_async_inst/gnuram_async_fifo.xpm_fifo_base_inst/gen_sdpram.xpm_memory_base_inst/ena) which is driven by a register (i_ariane_peripherals/gen_spi.i_xlnx_axi_dwidth_converter_spi/inst/gen_downsizer.gen_simple_downsizer.axi_downsizer_inst/USE_WRITE.write_addr_inst/cmd_queue/inst/fifo_gen_inst/inst_fifo_gen/gconvfifo.rf/grf.rf/gntv_or_sync_fifo.gl0.rd/gr1.gr1_int.rfwft/empty_fwft_i_reg) that has an active asychronous set or reset. This may cause corruption of the memory contents and/or read values when the set/reset is asserted and is not analyzed by the default static timing analysis. It is suggested to eliminate the use of a set/reset to registers driving this RAMB pin or else use a synchronous reset in which the assertion of the reset is timed by default.
WARNING: [DRC REQP-1840] RAMB18 async control check: The RAMB18E1 i_ariane_peripherals/gen_spi.i_xlnx_axi_quad_spi/U0/NO_DUAL_QUAD_MODE.QSPI_NORMAL/QSPI_ENHANCED_MD_GEN.QSPI_CORE_INTERFACE_I/FIFO_EXISTS.TX_FIFO_II/xpm_fifo_instance.xpm_fifo_async_inst/gnuram_async_fifo.xpm_fifo_base_inst/gen_sdpram.xpm_memory_base_inst/gen_wr_a.gen_word_narrow.mem_reg has an input control pin i_ariane_peripherals/gen_spi.i_xlnx_axi_quad_spi/U0/NO_DUAL_QUAD_MODE.QSPI_NORMAL/QSPI_ENHANCED_MD_GEN.QSPI_CORE_INTERFACE_I/FIFO_EXISTS.TX_FIFO_II/xpm_fifo_instance.xpm_fifo_async_inst/gnuram_async_fifo.xpm_fifo_base_inst/gen_sdpram.xpm_memory_base_inst/gen_wr_a.gen_word_narrow.mem_reg/WEA[1] (net: i_ariane_peripherals/gen_spi.i_xlnx_axi_quad_spi/U0/NO_DUAL_QUAD_MODE.QSPI_NORMAL/QSPI_ENHANCED_MD_GEN.QSPI_CORE_INTERFACE_I/FIFO_EXISTS.TX_FIFO_II/xpm_fifo_instance.xpm_fifo_async_inst/gnuram_async_fifo.xpm_fifo_base_inst/gen_sdpram.xpm_memory_base_inst/ena) which is driven by a register (i_axi_xbar/i_xbar/gen_mst_port_mux[8].i_axi_mux/gen_mux.i_w_spill_reg/spill_register_flushable_i/gen_spill_reg.a_full_q_reg) that has an active asychronous set or reset. This may cause corruption of the memory contents and/or read values when the set/reset is asserted and is not analyzed by the default static timing analysis. It is suggested to eliminate the use of a set/reset to registers driving this RAMB pin or else use a synchronous reset in which the assertion of the reset is timed by default.
WARNING: [DRC REQP-1840] RAMB18 async control check: The RAMB18E1 i_ariane_peripherals/gen_spi.i_xlnx_axi_quad_spi/U0/NO_DUAL_QUAD_MODE.QSPI_NORMAL/QSPI_ENHANCED_MD_GEN.QSPI_CORE_INTERFACE_I/FIFO_EXISTS.TX_FIFO_II/xpm_fifo_instance.xpm_fifo_async_inst/gnuram_async_fifo.xpm_fifo_base_inst/gen_sdpram.xpm_memory_base_inst/gen_wr_a.gen_word_narrow.mem_reg has an input control pin i_ariane_peripherals/gen_spi.i_xlnx_axi_quad_spi/U0/NO_DUAL_QUAD_MODE.QSPI_NORMAL/QSPI_ENHANCED_MD_GEN.QSPI_CORE_INTERFACE_I/FIFO_EXISTS.TX_FIFO_II/xpm_fifo_instance.xpm_fifo_async_inst/gnuram_async_fifo.xpm_fifo_base_inst/gen_sdpram.xpm_memory_base_inst/gen_wr_a.gen_word_narrow.mem_reg/WEA[1] (net: i_ariane_peripherals/gen_spi.i_xlnx_axi_quad_spi/U0/NO_DUAL_QUAD_MODE.QSPI_NORMAL/QSPI_ENHANCED_MD_GEN.QSPI_CORE_INTERFACE_I/FIFO_EXISTS.TX_FIFO_II/xpm_fifo_instance.xpm_fifo_async_inst/gnuram_async_fifo.xpm_fifo_base_inst/gen_sdpram.xpm_memory_base_inst/ena) which is driven by a register (i_axi_xbar/i_xbar/gen_mst_port_mux[8].i_axi_mux/gen_mux.i_w_spill_reg/spill_register_flushable_i/gen_spill_reg.b_full_q_reg) that has an active asychronous set or reset. This may cause corruption of the memory contents and/or read values when the set/reset is asserted and is not analyzed by the default static timing analysis. It is suggested to eliminate the use of a set/reset to registers driving this RAMB pin or else use a synchronous reset in which the assertion of the reset is timed by default.
WARNING: [DRC RTSTAT-10] No routable loads: 133 net(s) have no routable loads. The problem bus(es) and/or net(s) are i_xlnx_axi_clock_converter_ddr/inst/gen_clock_conv.gen_async_conv.asyncfifo_axi/inst_fifo_gen/gaxi_full_lite.gread_ch.grach2.axi_rach/grf.rf/gntv_or_sync_fifo.gl0.rd/gr1.gr1_int.rfwft/aempty_fwft_i, i_ariane_peripherals/gen_gpio.i_xlnx_axi_dwidth_converter_gpio/inst/gen_downsizer.gen_simple_downsizer.axi_downsizer_inst/USE_READ.read_addr_inst/cmd_queue/inst/fifo_gen_inst/inst_fifo_gen/gconvfifo.rf/grf.rf/gntv_or_sync_fifo.gl0.rd/gr1.gr1_int.rfwft/aempty_fwft_i, i_xlnx_axi_clock_converter_ddr/inst/gen_clock_conv.gen_async_conv.asyncfifo_axi/inst_fifo_gen/gaxi_full_lite.gread_ch.grdch2.axi_rdch/grf.rf/gntv_or_sync_fifo.gl0.rd/gr1.gr1_int.rfwft/aempty_fwft_i, i_ariane_peripherals/gen_gpio.i_xlnx_axi_dwidth_converter_gpio/inst/gen_downsizer.gen_simple_downsizer.axi_downsizer_inst/USE_WRITE.write_addr_inst/cmd_queue/inst/fifo_gen_inst/inst_fifo_gen/gconvfifo.rf/grf.rf/gntv_or_sync_fifo.gl0.rd/gr1.gr1_int.rfwft/aempty_fwft_i, i_xlnx_axi_clock_converter_ddr/inst/gen_clock_conv.gen_async_conv.asyncfifo_axi/inst_fifo_gen/gaxi_full_lite.gwrite_ch.gwach2.axi_wach/grf.rf/gntv_or_sync_fifo.gl0.rd/gr1.gr1_int.rfwft/aempty_fwft_i, i_ariane_peripherals/gen_spi.i_xlnx_axi_dwidth_converter_spi/inst/gen_downsizer.gen_simple_downsizer.axi_downsizer_inst/USE_WRITE.write_addr_inst/cmd_queue/inst/fifo_gen_inst/inst_fifo_gen/gconvfifo.rf/grf.rf/gntv_or_sync_fifo.gl0.rd/gr1.gr1_int.rfwft/aempty_fwft_i, i_xlnx_axi_clock_converter_ddr/inst/gen_clock_conv.gen_async_conv.asyncfifo_axi/inst_fifo_gen/gaxi_full_lite.gwrite_ch.gwdch2.axi_wdch/grf.rf/gntv_or_sync_fifo.gl0.rd/gr1.gr1_int.rfwft/aempty_fwft_i, i_xlnx_axi_clock_converter_ddr/inst/gen_clock_conv.gen_async_conv.asyncfifo_axi/inst_fifo_gen/gaxi_full_lite.gwrite_ch.gwrch2.axi_wrch/grf.rf/gntv_or_sync_fifo.gl0.rd/gr1.gr1_int.rfwft/aempty_fwft_i, i_ariane_peripherals/gen_spi.i_xlnx_axi_dwidth_converter_spi/inst/gen_downsizer.gen_simple_downsizer.axi_downsizer_inst/USE_WRITE.write_addr_inst/USE_B_CHANNEL.cmd_b_queue/inst/fifo_gen_inst/inst_fifo_gen/gconvfifo.rf/grf.rf/gntv_or_sync_fifo.gl0.rd/gr1.gr1_int.rfwft/aempty_fwft_i, i_ariane_peripherals/gen_spi.i_xlnx_axi_dwidth_converter_spi/inst/gen_downsizer.gen_simple_downsizer.axi_downsizer_inst/USE_READ.read_addr_inst/cmd_queue/inst/fifo_gen_inst/inst_fifo_gen/gconvfifo.rf/grf.rf/gntv_or_sync_fifo.gl0.rd/gr1.gr1_int.rfwft/aempty_fwft_i, i_ariane_peripherals/gen_gpio.i_xlnx_axi_dwidth_converter_gpio/inst/gen_downsizer.gen_simple_downsizer.axi_downsizer_inst/USE_WRITE.write_addr_inst/USE_B_CHANNEL.cmd_b_queue/inst/fifo_gen_inst/inst_fifo_gen/gconvfifo.rf/grf.rf/gntv_or_sync_fifo.gl0.rd/gr1.gr1_int.rfwft/aempty_fwft_i, i_dmi_jtag/i_dmi_cdc/i_cdc_resp/i_dst/data_dst_q[resp][1:0], i_ariane_peripherals/gen_dma.gen_accel2.i_accel2/dfx_sink_ff, i_ariane_peripherals/gen_dma.i_accel1/dfx_sink_ff, i_ariane_peripherals/gen_dma.i_accel1/dma_ar_len_ff[7:0]... and (the first 15 of 74 listed).
INFO: [DRC REQP-165] writefirst: Synchronous clocking is detected for BRAM (i_ariane_peripherals/gen_hwicap.i_hwicap/U0/ICAP_NOT_SHARED.HWICAP_CTRL_I/IPIC_IF_I/RD_FIFO.RDDATA_FIFO_I/xpm_fifo_instance.xpm_fifo_async_inst/gnuram_async_fifo.xpm_fifo_base_inst/gen_sdpram.xpm_memory_base_inst/gen_wr_a.gen_word_narrow.mem_reg) in SDP mode with WRITE_FIRST write-mode. This is the preferred mode for best power characteristics, however it may exhibit address collisions if the same address appears on both read and write ports resulting in unknown or corrupted read data. It is suggested to confirm via simulation that an address collision never occurs and if so it is suggested to try and avoid this situation. If address collisions cannot be avoided, the write-mode may be set to READ_FIRST which guarantees that the read data is the prior contents of the memory at the cost of additional power in the design. See the FPGA Memory Resources User Guide for additional information.
INFO: [DRC REQP-165] writefirst: Synchronous clocking is detected for BRAM (i_ariane_peripherals/gen_hwicap.i_hwicap/U0/ICAP_NOT_SHARED.HWICAP_CTRL_I/IPIC_IF_I/WRFIFO.WRDATA_FIFO_I/xpm_fifo_instance.xpm_fifo_async_inst/gnuram_async_fifo.xpm_fifo_base_inst/gen_sdpram.xpm_memory_base_inst/gen_wr_a.gen_word_narrow.mem_reg) in SDP mode with WRITE_FIRST write-mode. This is the preferred mode for best power characteristics, however it may exhibit address collisions if the same address appears on both read and write ports resulting in unknown or corrupted read data. It is suggested to confirm via simulation that an address collision never occurs and if so it is suggested to try and avoid this situation. If address collisions cannot be avoided, the write-mode may be set to READ_FIRST which guarantees that the read data is the prior contents of the memory at the cost of additional power in the design. See the FPGA Memory Resources User Guide for additional information.
INFO: [Vivado 12-3199] DRC finished with 1 Errors, 233 Warnings, 2 Advisories
INFO: [Vivado 12-3200] Please refer to the DRC report (report_drc) for more information.
ERROR: [Vivado 12-1345] Error(s) found during DRC. Bitgen not run.
INFO: [Common 17-83] Releasing license: Implementation
12 Infos, 232 Warnings, 0 Critical Warnings and 2 Errors encountered.
write_bitstream failed
write_bitstream: Time (s): cpu = 00:00:20 ; elapsed = 00:00:12 . Memory (MB): peak = 5097.281 ; gain = 3.012 ; free physical = 7911 ; free virtual = 15586
ERROR: [Common 17-39] 'write_bitstream' failed due to earlier errors.

    while executing
"write_bitstream -force $work_dpr/full_${rm_name}.bit"
    (file "/home/jc/tmp/riscv-iommu-demo/dpr/scripts/run_partial.tcl" line 147)
INFO: [Common 17-206] Exiting Vivado at Fri Apr 10 00:17:39 2026...
make: *** [Makefile:81 : dpr-partial] Erreur 1
make : on quitte le répertoire « /home/jc/tmp/riscv-iommu-demo/dpr »
